customer_id,active_loans,aum,avg_rate,max_dpd,policy_active,annual_premium,cross_sell_eligible,priority_score
C101275,5,9019735.0,11.574,158,True,29374.0,0,91.31
C100756,4,8434784.0,12.5225,141,False,0.0,1,88.68
C101750,6,6126640.0,14.173333333333334,155,False,0.0,1,77.04
C101473,4,5885624.0,14.9,122,False,0.0,1,76.15
C103225,4,6062047.0,13.035,169,False,0.0,1,76.0
C103442,3,5839129.0,10.943333333333333,156,True,32015.0,0,73.52
C101198,2,5354446.0,13.435,177,False,0.0,1,72.37
C103691,3,6813472.0,13.653333333333334,92,True,26715.0,0,72.32
C103338,3,5212644.0,14.280000000000001,142,True,41682.0,0,72.1
C104702,2,4893409.0,16.07,158,False,0.0,1,71.42
C104928,3,5149935.0,11.046666666666667,146,False,0.0,1,69.81
C102347,2,4916785.0,12.185,129,False,0.0,1,69.22
C100856,3,4737557.0,13.75,180,False,0.0,1,69.18
C104041,3,5067621.0,10.686666666666667,152,False,0.0,1,69.15
C102613,4,5431814.0,11.195,112,False,0.0,1,69.11
C104304,2,5106941.0,9.420000000000002,125,False,0.0,1,68.6
C102688,4,4739511.0,12.5175,157,False,0.0,1,68.45
C103915,2,5052590.0,9.655,159,True,25475.0,0,68.45
C102383,3,4558216.0,14.143333333333333,164,False,0.0,1,68.43
C103190,4,4822949.0,12.61,118,False,0.0,1,68.38
C101556,3,9135505.0,13.666666666666666,34,False,0.0,1,68.12
C104554,4,4559199.0,13.36,167,False,0.0,1,67.97
C104237,2,4914947.0,9.705,119,False,0.0,1,67.43
C103158,3,4543286.0,12.306666666666667,155,False,0.0,1,67.25
C102420,4,8068638.0,11.82,54,False,0.0,1,67.0
C101997,3,4204465.0,14.823333333333332,176,True,42560.0,0,66.91
C104205,1,4580448.0,11.35,124,False,0.0,1,66.88
C103773,4,4650001.0,10.615,172,False,0.0,1,66.82
C103997,4,4110277.0,13.24,168,False,0.0,1,65.44
C103717,4,3923911.0,13.9175,135,False,0.0,1,64.83
C102700,5,4525449.0,14.790000000000001,106,True,13991.0,0,64.56
C104593,5,3703099.0,15.354,164,True,34000.0,0,64.48
C100663,5,3631103.0,15.780000000000001,157,True,15530.0,0,64.34
C101385,2,4140274.0,10.96,138,True,31329.0,0,64.24
C100448,5,4039045.0,11.82,180,True,23633.0,0,64.2
C101182,4,3759257.0,14.265,174,False,0.0,1,64.13
C102044,4,4931449.0,15.22,96,False,0.0,1,64.12
C103823,3,3962167.0,12.323333333333332,171,False,0.0,1,64.08
C102416,3,4945767.0,13.53,99,False,0.0,1,64.06
C103699,5,7760683.0,13.39,46,False,0.0,1,63.93
C102955,2,4312994.0,8.665,141,False,0.0,1,63.8
C104949,4,4074830.0,10.6125,169,False,0.0,1,63.67
C104670,2,3737019.0,13.620000000000001,124,False,0.0,1,63.63
C102196,5,3700712.0,13.084,144,True,15553.0,0,63.1
C101338,3,3620555.0,13.506666666666666,176,False,0.0,1,62.92
C102590,3,3452835.0,14.846666666666666,173,False,0.0,1,62.81
C102496,3,3769165.0,11.953333333333333,153,False,0.0,1,62.8
C104899,3,3722170.0,12.18,150,False,0.0,1,62.68
C104397,2,3639615.0,12.504999999999999,137,False,0.0,1,62.42
C100552,2,5639785.0,9.64,88,True,39674.0,0,62.32
C103204,3,3499404.0,13.343333333333334,165,True,28290.0,0,62.16
C102331,4,4762950.0,11.95,99,False,0.0,1,62.11
C101546,1,3998345.0,8.61,134,True,4892.0,0,62.05
C101042,2,3459741.0,13.09,138,False,0.0,1,61.79
C100159,4,3385183.0,13.685,173,False,0.0,1,61.74
C101418,3,7417326.0,10.496666666666668,50,True,20328.0,0,61.48
C104373,2,6139814.0,10.120000000000001,74,False,0.0,1,61.26
C103630,3,3196118.0,14.43,175,False,0.0,1,61.15
C101208,3,3455076.0,12.516666666666666,119,False,0.0,1,61.13
C104694,5,3433946.0,12.08,179,True,7063.0,0,61.04
C104287,5,5718991.0,10.048,80,False,0.0,1,60.66
C101784,2,2985924.0,15.344999999999999,166,True,7212.0,0,60.55
C104203,2,3881081.0,10.4,113,False,0.0,1,60.44
C101499,2,2806841.0,16.78,178,True,37810.0,0,60.43
C102360,2,3609922.0,8.885,174,False,0.0,1,60.09
C103361,4,3299504.0,11.7225,169,False,0.0,1,60.09
C102800,4,3399583.0,10.75,121,True,15667.0,0,60.06
C100736,1,3564100.0,9.12,161,True,35358.0,0,59.98
C100346,2,2854738.0,15.54,151,False,0.0,1,59.95
C100064,5,6938851.0,14.23,46,False,0.0,1,59.93
C101003,2,3330336.0,10.795,134,False,0.0,1,59.7
C100304,2,3055546.0,13.295,153,True,22980.0,0,59.7
C104008,3,3246596.0,11.483333333333334,173,False,0.0,1,59.66
C102153,5,4225966.0,11.654,100,False,0.0,1,59.29
C103869,4,3114213.0,11.8525,130,False,0.0,1,59.16
C100451,4,3019942.0,12.3125,165,False,0.0,1,58.92
C101624,4,2741837.0,14.8225,174,False,0.0,1,58.9
C101836,3,2569082.0,16.31,121,True,24869.0,0,58.85
C101313,3,3960631.0,12.363333333333335,102,False,0.0,1,58.85
C102837,3,3468933.0,10.910000000000002,114,True,26711.0,0,58.78
C103290,2,2603097.0,15.725,126,False,0.0,1,58.68
C104401,2,2624910.0,15.25,156,True,26178.0,0,58.52
C100156,3,2642669.0,14.896666666666667,177,True,10048.0,0,58.4
C102121,2,2804285.0,14.315,118,True,14734.0,0,58.35
C102364,3,2594416.0,14.963333333333333,131,True,43917.0,0,58.18
C102210,3,2858163.0,12.563333333333333,126,False,0.0,1,58.18
C101096,3,2798792.0,12.936666666666667,180,False,0.0,1,58.08
C103171,4,2978471.0,11.21,138,False,0.0,1,58.03
C101511,2,4674944.0,9.170000000000002,92,False,0.0,1,57.92
C103526,1,3170089.0,8.88,179,True,36325.0,0,57.68
C103976,2,2802909.0,11.8,126,False,0.0,1,57.42
C103844,4,2256759.0,16.71,176,False,0.0,1,57.38
C101220,4,2761274.0,12.057500000000001,176,False,0.0,1,57.35
C103340,3,2791721.0,11.75,152,False,0.0,1,57.33
C100598,1,2563396.0,14.06,119,False,0.0,1,57.17
C102279,3,2467616.0,14.283333333333331,131,False,0.0,1,57.08
C101362,5,4959995.0,13.695999999999998,74,False,0.0,1,56.95
C102863,1,2814500.0,10.9,166,False,0.0,1,56.94
C103059,8,8453047.0,12.21875,11,False,0.0,1,56.8
C103119,4,2536182.0,12.93,152,False,0.0,1,56.64
C100150,4,2508849.0,12.825,140,False,0.0,1,56.43
C100259,3,8666561.0,9.123333333333333,12,True,17902.0,0,56.41
C101044,2,2613570.0,11.809999999999999,126,False,0.0,1,56.39
C104150,3,3219115.0,12.42,107,False,0.0,1,56.28
C104783,3,2389959.0,13.616666666666667,146,False,0.0,1,56.25
C103876,2,2806352.0,9.81,178,True,31584.0,0,56.25
C100031,3,5027777.0,14.326666666666666,69,False,0.0,1,56.24
C102689,2,2920629.0,8.690000000000001,168,False,0.0,1,56.2
C102287,5,2581741.0,11.764,164,True,39817.0,0,56.19
C102721,4,2492599.0,12.9125,119,False,0.0,1,56.1
C102915,2,2523046.0,12.620000000000001,119,False,0.0,1,56.09
C101607,2,2723846.0,11.27,118,False,0.0,1,56.09
C101674,3,5422120.0,10.886666666666665,68,False,0.0,1,56.04
C102277,2,2709882.0,10.015,169,False,0.0,1,55.84
C102192,6,2034657.0,16.038333333333334,140,False,0.0,1,55.76
C100564,2,2522303.0,10.905000000000001,126,False,0.0,1,55.35
C100953,4,2097641.0,14.745000000000001,178,False,0.0,1,55.33
C101751,3,1955520.0,15.92,148,False,0.0,1,55.25
C102138,5,2399237.0,11.51,146,False,0.0,1,55.04
C101663,3,2416508.0,11.333333333333334,157,False,0.0,1,55.03
C101923,4,2622377.0,9.405,146,True,38872.0,0,55.0
C104341,2,2501461.0,10.465,158,True,16649.0,0,54.97
C104839,6,1997125.0,15.071666666666665,156,True,7736.0,0,54.97
C102193,2,6075068.0,9.75,54,False,0.0,1,54.85
C101927,3,1890525.0,15.706666666666669,173,False,0.0,1,54.77
C102935,3,2259931.0,12.293333333333331,164,True,42775.0,0,54.74
C102546,2,2084328.0,13.795,168,False,0.0,1,54.68
C101610,6,1831022.0,16.080000000000002,136,False,0.0,1,54.67
C101474,4,1971584.0,14.6275,133,False,0.0,1,54.57
C104736,1,2126780.0,13.22,138,False,0.0,1,54.57
C101766,4,3251130.0,12.6025,100,False,0.0,1,54.52
C104806,2,2118455.0,13.2,163,False,0.0,1,54.51
C103828,3,3996942.0,12.46,86,False,0.0,1,54.44
C104957,2,1874324.0,15.24,158,True,32482.0,0,54.4
C102724,2,3309317.0,12.24,99,False,0.0,1,54.33
C103875,2,1917750.0,14.669999999999998,178,False,0.0,1,54.3
C101793,5,1818734.0,15.478,162,False,0.0,1,54.24
C102319,5,8201174.0,11.2,9,False,0.0,1,54.23
C104533,5,1753360.0,16.048000000000002,176,False,0.0,1,54.23
C103821,3,1714850.0,16.393333333333334,130,True,29814.0,0,54.22
C100532,2,2231033.0,11.67,148,False,0.0,1,54.21
C103901,3,4158284.0,10.56,86,False,0.0,1,54.18
C103886,4,2126790.0,12.3425,168,False,0.0,1,54.05
C102349,5,5964951.0,11.762,49,True,31440.0,0,54.0
C104019,1,2369455.0,9.87,146,True,22319.0,0,53.89
C100938,2,5518375.0,11.155,58,True,40463.0,0,53.81
C101209,3,1479220.0,17.853333333333335,130,False,0.0,1,53.81
C104021,3,4184687.0,13.07,79,False,0.0,1,53.79
C102397,3,2199403.0,11.146666666666667,137,False,0.0,1,53.73
C101541,3,1897538.0,13.883333333333333,144,False,0.0,1,53.72
C100038,5,1578342.0,16.754,149,False,0.0,1,53.69
C103306,3,2061907.0,12.160000000000002,150,True,19530.0,0,53.58
C101507,3,1970017.0,12.903333333333334,137,False,0.0,1,53.52
C102290,1,2368717.0,9.13,169,True,22000.0,0,53.44
C102989,2,1721932.0,14.870000000000001,131,True,18077.0,0,53.35
C103308,6,2243599.0,12.898333333333333,114,True,4131.0,0,53.27
C104605,2,1903772.0,13.07,137,False,0.0,1,53.26
C103360,5,1901163.0,12.95,179,False,0.0,1,53.18
C104896,3,2899775.0,13.026666666666666,101,False,0.0,1,53.15
C101464,4,2007394.0,11.905000000000001,180,True,35574.0,0,53.13
C103243,2,1748254.0,14.26,158,True,44008.0,0,53.12
C100008,5,1712913.0,14.556000000000001,154,False,0.0,1,53.11
C101466,2,2498384.0,11.204999999999998,112,False,0.0,1,53.06
C102644,3,1594337.0,15.21,178,False,0.0,1,52.85
C102814,4,3009195.0,13.934999999999999,96,False,0.0,1,52.83
C103332,4,1806423.0,13.167499999999999,137,False,0.0,1,52.79
C101110,3,1785167.0,13.366666666666667,140,False,0.0,1,52.79
C101551,2,1821321.0,13.02,142,False,0.0,1,52.78
C101380,2,2148895.0,10.024999999999999,155,False,0.0,1,52.78
C101454,2,1697690.0,14.1,141,False,0.0,1,52.75
C104183,3,1373982.0,17.02,135,False,0.0,1,52.73
C100687,3,4016795.0,12.793333333333335,79,True,9497.0,0,52.7
C102569,2,1777937.0,13.22,170,False,0.0,1,52.66
C102485,2,1749277.0,13.36,141,True,36852.0,0,52.59
C101057,4,1601866.0,14.5625,174,False,0.0,1,52.5
C102772,1,786174.0,22.0,154,False,0.0,1,52.5
C104754,4,1941214.0,11.459999999999999,129,True,40634.0,0,52.5
C104715,2,1235173.0,17.73,166,False,0.0,1,52.4
C100199,5,7445194.0,12.604,14,False,0.0,1,52.39
C104393,4,1378472.0,16.3825,176,True,37340.0,0,52.37
C103426,3,1913235.0,14.88,113,False,0.0,1,52.36
C104236,3,4768097.0,15.99,57,False,0.0,1,52.32
C103238,4,7457997.0,12.33,14,True,10376.0,0,52.3
C102302,3,2229928.0,13.76,109,True,24966.0,0,52.25
C101127,2,1195144.0,17.795,129,False,0.0,1,52.22
C103343,3,2611756.0,12.12,105,False,0.0,1,52.19
C103241,2,1648397.0,13.57,163,True,26338.0,0,52.16
C101501,2,1933837.0,11.84,118,False,0.0,1,52.1
C100443,7,3301412.0,13.922857142857142,88,True,30080.0,0,52.09
C102477,3,1760031.0,12.346666666666666,143,True,5316.0,0,52.04
C102109,4,6013353.0,13.705,37,False,0.0,1,51.93
C101552,3,1931749.0,12.043333333333331,117,False,0.0,1,51.92
C103422,4,1179522.0,17.4175,166,False,0.0,1,51.91
C103069,4,1499326.0,14.4225,142,False,0.0,1,51.86
C102036,2,1446706.0,14.82,126,False,0.0,1,51.81
C102366,3,1804154.0,11.553333333333333,142,True,40928.0,0,51.81
C101629,2,2008142.0,9.6,129,False,0.0,1,51.75
C100332,4,1642771.0,12.89,167,False,0.0,1,51.73
C103084,1,754236.0,20.96,138,True,23605.0,0,51.7
C104841,3,1816543.0,11.19,180,True,42443.0,0,51.66
C103800,3,1855552.0,10.756666666666668,172,False,0.0,1,51.61
C103464,2,1625933.0,12.61,141,True,44924.0,0,51.46
C100048,4,1330893.0,15.205,154,False,0.0,1,51.41
C103522,4,1584702.0,12.8,176,True,8816.0,0,51.35
C100904,3,1513202.0,13.073333333333332,178,False,0.0,1,51.13
C101172,4,1437746.0,13.692499999999999,149,False,0.0,1,51.08
C103262,3,1338249.0,14.59666666666667,148,False,0.0,1,51.08
C100074,2,1013999.0,17.48,176,False,0.0,1,51.04
C102834,3,7134875.0,12.69,15,False,0.0,1,51.04
C104378,3,7496281.0,10.829999999999998,12,False,0.0,1,51.03
C100145,5,1488304.0,13.136000000000001,177,True,9397.0,0,51.03
C104449,1,513570.0,22.0,126,False,0.0,1,51.01
C104626,2,1841537.0,9.83,145,False,0.0,1,50.98
C100772,2,1695362.0,11.055,153,False,0.0,1,50.91
C100297,2,3257359.0,12.31,88,False,0.0,1,50.88
C103175,3,1501948.0,12.766666666666666,146,False,0.0,1,50.88
C101643,2,1194465.0,15.515,179,True,35569.0,0,50.85
C102775,4,7479664.0,11.635,10,False,0.0,1,50.83
C104257,2,1241074.0,15.07,168,False,0.0,1,50.83
C103769,2,1281785.0,14.600000000000001,139,True,10984.0,0,50.78
C100869,3,3339019.0,11.87,87,False,0.0,1,50.77
C102295,5,6868183.0,15.14,14,True,13395.0,0,50.76
C100763,2,1502058.0,12.375,146,True,36536.0,0,50.65
C104890,4,4723350.0,12.5075,59,False,0.0,1,50.56
C102354,2,1533715.0,11.855,173,True,18834.0,0,50.51
C103913,4,1095823.0,15.785,147,True,15056.0,0,50.47
C102509,2,1321844.0,13.695,168,False,0.0,1,50.45
C101792,4,7428100.0,10.845,11,False,0.0,1,50.37
C100072,1,1184301.0,14.73,175,False,0.0,1,50.32
C103962,2,5131628.0,15.13,45,False,0.0,1,50.29
C100592,2,1118235.0,15.260000000000002,133,False,0.0,1,50.28
C104790,3,1503222.0,11.74,177,True,33101.0,0,50.27
C102103,3,1607696.0,11.743333333333334,118,True,5224.0,0,50.26
C103895,2,1043996.0,15.89,163,False,0.0,1,50.25
C102191,2,1043811.0,15.739999999999998,141,True,30028.0,0,50.16
C102692,3,4969301.0,15.39,47,False,0.0,1,50.14
C101671,2,1541906.0,11.105,148,False,0.0,1,50.1
C101255,4,1246809.0,13.790000000000001,155,False,0.0,1,50.1
C103425,2,1449511.0,11.89,170,False,0.0,1,50.07
C103924,1,2050847.0,10.29,112,False,0.0,1,50.07
C104827,3,1407936.0,12.263333333333334,177,False,0.0,1,50.06
C104177,2,593671.0,19.630000000000003,140,False,0.0,1,50.03
C100138,1,420776.0,21.21,127,False,0.0,1,50.03
C102514,3,1427899.0,14.316666666666668,115,False,0.0,1,49.95
C102602,2,1500050.0,11.2,136,False,0.0,1,49.93
C103292,2,1004179.0,15.725000000000001,168,True,10556.0,0,49.93
C101300,4,1658789.0,11.7025,116,False,0.0,1,49.93
C101689,2,859614.0,16.990000000000002,170,True,32456.0,0,49.9
C104735,4,1127590.0,14.46,130,False,0.0,1,49.85
C100935,3,837733.0,17.003333333333334,129,True,23113.0,0,49.79
C102605,2,5017543.0,12.405000000000001,51,False,0.0,1,49.78
C101529,5,2367988.0,15.629999999999999,94,True,33270.0,0,49.76
C101022,3,2826830.0,12.903333333333334,91,True,19040.0,0,49.76
C104275,3,1109567.0,14.469999999999999,157,False,0.0,1,49.75
C104546,1,964355.0,15.71,125,False,0.0,1,49.7
C100885,1,765568.0,17.99,119,True,6094.0,0,49.69
C102758,2,1227656.0,13.29,168,False,0.0,1,49.69
C101931,3,1343949.0,12.18,161,False,0.0,1,49.66
C103202,3,1218949.0,13.306666666666667,170,True,4730.0,0,49.66
C102980,4,1394640.0,11.682500000000001,129,True,9555.0,0,49.64
C103070,3,1329302.0,12.236666666666666,172,False,0.0,1,49.62
C104380,2,1446394.0,11.120000000000001,159,False,0.0,1,49.59
C101383,4,1528154.0,12.2975,116,False,0.0,1,49.58
C100630,3,954899.0,15.469999999999999,160,False,0.0,1,49.51
C103103,2,4556328.0,15.155000000000001,53,True,6522.0,0,49.49
C101299,3,1642741.0,11.556666666666667,115,True,11867.0,0,49.47
C100403,4,1019037.0,14.7975,173,False,0.0,1,49.46
C102513,3,1136991.0,13.479999999999999,174,False,0.0,1,49.31
C103363,2,1453420.0,10.6,147,True,4194.0,0,49.31
C101949,1,316279.0,21.93,118,False,0.0,1,49.31
C100343,3,1235633.0,12.536666666666667,142,False,0.0,1,49.28
C101007,3,1139857.0,13.39,169,False,0.0,1,49.27
C101131,4,1112643.0,13.6275,178,False,0.0,1,49.27
C100379,3,3452550.0,12.123333333333335,79,False,0.0,1,49.21
C100783,2,1073235.0,13.895,135,False,0.0,1,49.21
C101371,4,2495734.0,12.57,96,True,40957.0,0,49.2
C102907,1,1337535.0,11.44,177,False,0.0,1,49.18
C102102,1,1330143.0,11.48,148,False,0.0,1,49.17
C102973,1,2694620.0,10.71,96,True,41931.0,0,49.17
C104165,2,1339497.0,11.325,159,True,15587.0,0,49.13
C102265,2,846691.0,15.67,120,False,0.0,1,49.04
C104719,2,1562820.0,9.11,169,True,32772.0,0,49.02
C101859,2,729319.0,16.655,157,False,0.0,1,48.98
C103054,2,841625.0,15.614999999999998,153,False,0.0,1,48.98
C101920,2,1068980.0,13.530000000000001,178,False,0.0,1,48.97
C100970,1,307152.0,21.92,117,True,23261.0,0,48.96
C101265,1,614692.0,17.56,148,False,0.0,1,48.9
C100228,1,1280108.0,11.33,129,False,0.0,1,48.8
C104765,1,439914.0,18.89,120,False,0.0,1,48.74
C100775,1,1157134.0,12.31,124,False,0.0,1,48.72
C101483,2,318674.0,19.9,140,False,0.0,1,48.68
C102001,2,1188615.0,11.96,150,False,0.0,1,48.68
C101070,1,1310800.0,10.81,126,True,6281.0,0,48.66
C102589,2,701848.0,16.345,131,False,0.0,1,48.65
C102407,3,720903.0,16.16333333333333,140,True,10925.0,0,48.64
C101962,1,222568.0,20.69,156,False,0.0,1,48.63
C101644,2,1974186.0,13.89,101,False,0.0,1,48.6
C100307,2,2015611.0,13.99,100,False,0.0,1,48.59
C100447,4,1248735.0,11.2025,174,True,34244.0,0,48.56
C100560,1,62007.0,21.87,153,False,0.0,1,48.46
C101162,1,569005.0,17.19,180,True,43898.0,0,48.43
C100264,3,1561805.0,12.503333333333332,111,False,0.0,1,48.42
C100265,4,1020271.0,13.04,122,True,20364.0,0,48.41
C101818,1,4084507.0,11.3,66,False,0.0,1,48.39
C104135,5,4337173.0,14.828,54,False,0.0,1,48.38
C104712,1,618290.0,16.6,135,False,0.0,1,48.34
C104699,3,840850.0,14.51,142,False,0.0,1,48.31
C103890,2,958773.0,13.31,145,True,21856.0,0,48.23
C101320,4,6933409.0,12.2725,10,False,0.0,1,48.23
C100005,1,77285.0,21.31,152,False,0.0,1,48.21
C101196,3,6776009.0,12.21,13,True,23440.0,0,48.2
C100056,2,1157411.0,11.445,135,False,0.0,1,48.2
C100093,1,1180380.0,11.19,139,False,0.0,1,48.17
C104917,1,180565.0,20.29,149,False,0.0,1,48.16
C104436,1,32771.0,21.64,148,False,0.0,1,48.16
C100152,2,588267.0,16.560000000000002,174,False,0.0,1,48.16
C103430,2,246782.0,19.564999999999998,133,True,42835.0,0,48.09
C101829,3,1443806.0,12.976666666666667,111,True,32447.0,0,48.06
C102998,3,813023.0,14.35,126,True,10637.0,0,48.06
C103969,2,306125.0,18.955,126,False,0.0,1,48.05
C100419,1,231100.0,19.61,138,False,0.0,1,48.03
C100640,2,806250.0,14.25,135,False,0.0,1,47.96
C103619,2,925460.0,13.120000000000001,179,False,0.0,1,47.94
C100140,4,759734.0,14.5175,174,True,27015.0,0,47.87
C101393,3,948097.0,12.79,154,False,0.0,1,47.86
C100303,3,1007673.0,12.219999999999999,144,False,0.0,1,47.85
C100491,5,1833140.0,12.464,104,False,0.0,1,47.84
C102782,2,947119.0,12.765,144,False,0.0,1,47.84
C100169,1,387860.0,17.82,175,False,0.0,1,47.81
C104354,3,2139965.0,13.016666666666666,97,True,20708.0,0,47.81
C104198,1,1344335.0,9.0,126,False,0.0,1,47.76
C101077,4,1767580.0,15.775,98,False,0.0,1,47.72
C100415,3,5420129.0,11.113333333333335,39,False,0.0,1,47.71
C103672,3,602195.0,15.553333333333335,180,False,0.0,1,47.63
C102648,3,852709.0,13.270000000000001,159,True,21093.0,0,47.63
C103462,4,4428106.0,11.2775,57,False,0.0,1,47.63
C100500,2,5327699.0,8.855,45,False,0.0,1,47.6
C100260,1,1326441.0,8.89,147,False,0.0,1,47.59
C104266,2,898002.0,12.8,166,True,22572.0,0,47.59
C102790,2,1109907.0,10.850000000000001,135,False,0.0,1,47.58
C104909,3,454926.0,16.783333333333335,167,False,0.0,1,47.56
C103189,2,3651924.0,10.945,72,True,30495.0,0,47.55
C101263,2,553365.0,15.84,139,True,44366.0,0,47.53
C101322,2,5405615.0,12.895,35,False,0.0,1,47.53
C101328,1,740581.0,14.06,144,False,0.0,1,47.49
C101060,4,4018829.0,14.2725,58,False,0.0,1,47.48
C101775,2,436630.0,16.75,156,False,0.0,1,47.44
C101379,4,6522223.0,12.7,14,False,0.0,1,47.4
C101965,2,766280.0,13.68,162,False,0.0,1,47.4
C103382,2,298094.0,17.77,147,True,19070.0,0,47.29
C101707,3,4127240.0,12.44,59,False,0.0,1,47.26
C100684,2,905141.0,12.135000000000002,179,False,0.0,1,47.23
C103387,2,4131745.0,12.309999999999999,59,True,40853.0,0,47.21
C100120,3,945835.0,11.703333333333333,135,True,11439.0,0,47.2
C104661,3,1052059.0,15.096666666666666,111,True,4439.0,0,47.19
C101407,1,393675.0,21.59,110,False,0.0,1,47.19
C103711,1,768524.0,13.27,165,False,0.0,1,47.17
C104224,3,804143.0,12.906666666666666,176,False,0.0,1,47.15
C100257,2,510950.0,15.524999999999999,177,False,0.0,1,47.11
C104356,3,719702.0,13.623333333333335,126,False,0.0,1,47.11
C102611,3,852444.0,12.39,139,False,0.0,1,47.1
C101093,2,4288164.0,11.129999999999999,58,True,10523.0,0,47.06
C102522,2,2834959.0,11.67,84,False,0.0,1,47.02
C104151,2,867513.0,12.07,148,False,0.0,1,46.99
C101138,2,625813.0,14.235,163,False,0.0,1,46.97
C100627,1,450124.0,15.8,127,True,26799.0,0,46.94
C104260,2,406528.0,16.185,140,False,0.0,1,46.94
C104402,1,566901.0,14.72,147,False,0.0,1,46.93
C100211,1,136902.0,18.63,151,False,0.0,1,46.93
C100739,3,4641921.0,12.523333333333333,48,False,0.0,1,46.92
C101491,2,768381.0,12.845,161,False,0.0,1,46.91
C102374,3,608944.0,14.300000000000002,141,False,0.0,1,46.91
C100722,2,790686.0,12.58,175,False,0.0,1,46.88
C104490,1,2660322.0,8.62,93,False,0.0,1,46.86
C100893,2,432368.0,15.719999999999999,171,False,0.0,1,46.8
C102612,1,798746.0,12.37,148,False,0.0,1,46.79
C104273,2,421835.0,15.73,131,False,0.0,1,46.75
C101221,1,35106.0,20.24,118,False,0.0,1,46.75
C103787,2,145422.0,18.22,177,True,11073.0,0,46.73
C104744,1,229385.0,17.43,120,False,0.0,1,46.71
C100782,2,1453239.0,14.52,103,False,0.0,1,46.71
C100201,1,584554.0,14.16,146,False,0.0,1,46.7
C102356,2,3506841.0,10.344999999999999,73,True,25022.0,0,46.69
C102321,4,3742113.0,14.9175,59,False,0.0,1,46.64
C102563,3,762900.0,12.430000000000001,176,True,39628.0,0,46.63
C104905,1,560726.0,14.26,128,False,0.0,1,46.62
C101672,2,1018815.0,10.059999999999999,162,False,0.0,1,46.61
C102240,2,301020.0,16.58,135,True,21242.0,0,46.6
C102628,1,342973.0,16.18,154,False,0.0,1,46.59
C104568,1,168852.0,17.72,154,False,0.0,1,46.56
C103914,2,132772.0,18.045,148,False,0.0,1,46.55
C101912,2,689020.0,12.92,175,False,0.0,1,46.52
C104542,1,513431.0,14.48,123,True,41862.0,0,46.5
C102054,2,949403.0,13.879999999999999,113,True,21243.0,0,46.48
C100316,2,641950.0,15.68,115,True,38778.0,0,46.46
C101813,1,365557.0,15.74,172,False,0.0,1,46.44
C100673,2,554460.0,14.004999999999999,164,False,0.0,1,46.44
C101524,1,1087706.0,10.56,117,False,0.0,1,46.41
C104764,2,418887.0,15.125,125,False,0.0,1,46.37
C101298,3,1124103.0,15.456666666666669,106,True,14425.0,0,46.34
C102770,3,4354789.0,12.673333333333332,51,False,0.0,1,46.31
C102471,1,102317.0,18.87,118,False,0.0,1,46.3
C103299,2,3123443.0,13.61,72,False,0.0,1,46.26
C102203,1,904300.0,10.51,148,False,0.0,1,46.26
C101662,3,649818.0,12.823333333333332,142,False,0.0,1,46.25
C101395,1,757960.0,14.7,114,False,0.0,1,46.22
C103616,4,4726368.0,10.55,48,False,0.0,1,46.2
C103370,2,212844.0,18.16,117,False,0.0,1,46.19
C100244,2,779789.0,11.515,162,False,0.0,1,46.18
C104784,2,484333.0,14.18,153,True,18520.0,0,46.16
C103283,1,40068.0,18.24,149,False,0.0,1,46.16
C104985,2,3145187.0,10.79,77,True,16123.0,0,46.15
C103871,2,321886.0,15.535,153,False,0.0,1,46.08
C102281,2,4501125.0,11.86,49,False,0.0,1,46.04
C101318,2,443765.0,18.245,112,False,0.0,1,46.04
C102175,3,511420.0,13.719999999999999,147,False,0.0,1,46.03
C102370,2,4725199.0,11.705,45,False,0.0,1,46.01
C100033,2,359741.0,15.045,174,False,0.0,1,46.0
C102997,1,282202.0,15.71,169,False,0.0,1,45.97
C100962,1,65558.0,17.69,123,True,6667.0,0,45.97
C103302,2,482365.0,17.64,112,False,0.0,1,45.89
C104174,5,6338438.0,12.34,13,True,25860.0,0,45.89
C103792,2,919851.0,12.649999999999999,114,True,12944.0,0,45.87
C103719,2,782692.0,10.96,134,False,0.0,1,45.86
C102088,1,262327.0,15.69,160,False,0.0,1,45.85
C104022,1,168125.0,16.54,180,False,0.0,1,45.84
C102970,2,630048.0,12.315000000000001,125,False,0.0,1,45.84
C100096,1,197104.0,16.27,128,False,0.0,1,45.84
C102940,1,5636047.0,8.86,33,False,0.0,1,45.79
C103758,2,519047.0,13.225000000000001,162,False,0.0,1,45.78
C100410,1,2622698.0,8.6,90,True,21407.0,0,45.76
C101374,3,1020344.0,15.843333333333334,105,False,0.0,1,45.72
C103858,2,249602.0,15.555,133,False,0.0,1,45.7
C102396,2,453787.0,13.68,157,False,0.0,1,45.69
C102957,2,1710512.0,11.9,100,True,4465.0,0,45.67
C104015,4,3089212.0,10.4,77,True,33109.0,0,45.61
C102501,1,46077.0,21.64,111,False,0.0,1,45.61
C102691,1,1183972.0,12.21,109,False,0.0,1,45.6
C104671,2,273766.0,15.115000000000002,143,False,0.0,1,45.57
C104184,2,527571.0,12.795,128,False,0.0,1,45.56
C100240,3,541122.0,12.643333333333333,172,False,0.0,1,45.55
C102047,2,575520.0,12.28,147,False,0.0,1,45.52
C103490,2,596282.0,12.085,170,False,0.0,1,45.51
C104553,2,198147.0,15.704999999999998,156,True,35628.0,0,45.51
C103129,2,450966.0,13.385,123,False,0.0,1,45.5
C100278,1,93744.0,16.63,178,False,0.0,1,45.49
C100198,1,307549.0,14.6,173,False,0.0,1,45.44
C102641,5,6246638.0,13.806000000000001,10,True,12894.0,0,45.39
C104717,1,1692266.0,12.09,99,False,0.0,1,45.39
C103923,1,650163.0,11.34,136,False,0.0,1,45.36
C100657,2,3576404.0,11.855,64,False,0.0,1,45.35
C102557,2,542130.0,12.295,142,True,16556.0,0,45.34
C101693,2,434067.0,13.254999999999999,169,False,0.0,1,45.33
C101189,4,6466906.0,13.585,6,False,0.0,1,45.3
C104543,2,332820.0,14.055,121,True,41025.0,0,45.25
C102379,5,6044942.0,12.984,15,True,9224.0,0,45.25
C102866,1,189220.0,15.36,174,False,0.0,1,45.25
C103104,3,359945.0,13.773333333333333,160,False,0.0,1,45.23
C102226,3,668960.0,14.356666666666667,113,False,0.0,1,45.23
C104530,1,2176472.0,13.18,87,False,0.0,1,45.2
C103089,2,5421853.0,10.77,31,False,0.0,1,45.18
C101329,1,584726.0,11.62,142,False,0.0,1,45.17
C103967,2,1499256.0,11.02,104,False,0.0,1,45.15
C103662,3,780771.0,12.22,115,False,0.0,1,45.15
C101810,1,65680.0,17.77,117,True,32857.0,0,45.15
C103082,2,450955.0,12.754999999999999,152,False,0.0,1,45.12
C103039,1,238947.0,14.65,162,False,0.0,1,45.1
C100066,2,294970.0,14.595,119,False,0.0,1,45.08
C101890,2,380508.0,17.7,111,False,0.0,1,45.08
C102003,2,635045.0,10.995000000000001,167,False,0.0,1,45.07
C100712,1,947563.0,10.08,116,False,0.0,1,45.07
C104110,1,121589.0,15.61,156,True,4360.0,0,45.03
C100543,2,2838559.0,13.155,74,False,0.0,1,45.01
C100018,1,2131386.0,12.27,89,False,0.0,1,44.99
C102057,2,1108204.0,14.325,104,False,0.0,1,44.99
C100644,2,235676.0,14.445,128,False,0.0,1,44.96
C104118,1,175339.0,15.0,137,True,42856.0,0,44.96
C104319,4,5692291.0,9.325,28,True,28509.0,0,44.92
C101203,1,259222.0,14.16,144,False,0.0,1,44.91
C101848,1,183410.0,14.77,127,False,0.0,1,44.87
C100579,2,513038.0,11.775,128,False,0.0,1,44.87
C101872,1,314193.0,13.57,140,False,0.0,1,44.86
C104299,1,74023.0,15.62,165,True,37227.0,0,44.78
C102645,2,3391855.0,14.454999999999998,60,False,0.0,1,44.74
C101847,2,564920.0,14.455000000000002,113,True,6175.0,0,44.72
C104589,2,255628.0,13.86,175,True,40469.0,0,44.72
C104789,2,412202.0,12.425,168,False,0.0,1,44.71
C100752,2,424667.0,12.29,127,False,0.0,1,44.7
C103417,1,353933.0,12.77,175,False,0.0,1,44.6
C100471,2,506892.0,11.27,155,False,0.0,1,44.54
C103346,2,1482661.0,11.594999999999999,101,True,32079.0,0,44.53
C104645,3,6326107.0,10.176666666666668,13,True,8114.0,0,44.52
C100197,2,469389.0,11.515,179,True,22393.0,0,44.48
C104925,2,410833.0,11.915,180,False,0.0,1,44.4
C102783,1,682553.0,9.44,154,False,0.0,1,44.4
C103703,2,612797.0,20.28,99,True,22796.0,0,44.4
C102974,3,5872475.0,13.026666666666666,15,False,0.0,1,44.33
C103539,2,1069790.0,12.56,106,False,0.0,1,44.31
C103794,3,5024041.0,15.853333333333333,25,False,0.0,1,44.3
C103372,2,309375.0,12.66,137,True,30226.0,0,44.29
C103286,1,128749.0,14.14,166,False,0.0,1,44.19
C100230,2,2961019.0,10.665,74,False,0.0,1,44.19
C103965,1,228210.0,13.19,143,True,10081.0,0,44.16
C102818,1,262600.0,12.87,174,False,0.0,1,44.16
C103352,1,148244.0,13.85,167,False,0.0,1,44.12
C104729,1,1488279.0,10.38,102,False,0.0,1,44.12
C101947,2,225081.0,13.04,175,False,0.0,1,44.06
C101564,1,182595.0,13.43,160,True,12097.0,0,44.06
C102133,2,2161996.0,9.395,91,True,34317.0,0,44.01
C100465,2,4236826.0,10.26,50,False,0.0,1,43.93
C101735,2,1949191.0,12.175,89,False,0.0,1,43.93
C101694,1,278891.0,12.27,148,False,0.0,1,43.89
C103303,3,988427.0,12.573333333333332,106,False,0.0,1,43.87
C102283,2,512673.0,13.44,113,False,0.0,1,43.83
C102977,1,720311.0,8.11,141,True,21810.0,0,43.81
C104968,2,4020895.0,16.77,40,False,0.0,1,43.74
C102763,3,3467225.0,14.479999999999999,55,False,0.0,1,43.71
C102534,2,434849.0,10.555,175,False,0.0,1,43.71
C104379,1,137567.0,13.25,128,False,0.0,1,43.7
C101456,1,527509.0,16.45,106,False,0.0,1,43.67
C101144,1,96685.0,13.51,127,False,0.0,1,43.64
C102116,3,5975627.0,11.893333333333333,13,False,0.0,1,43.63
C103226,3,3912588.0,13.643333333333333,48,False,0.0,1,43.6
C101958,2,664219.0,16.455000000000002,103,False,0.0,1,43.55
C103503,1,356607.0,10.98,139,False,0.0,1,43.54
C104312,2,212567.0,12.245000000000001,180,False,0.0,1,43.51
C104534,2,201098.0,12.350000000000001,158,True,27807.0,0,43.51
C100576,2,1952795.0,11.885,88,False,0.0,1,43.49
C100872,1,120427.0,12.96,176,False,0.0,1,43.44
C103191,6,3658449.0,14.676666666666668,50,False,0.0,1,43.41
C103157,3,4745534.0,11.06,37,False,0.0,1,43.4
C104431,1,505976.0,9.3,157,False,0.0,1,43.35
C103920,3,5983293.0,9.860000000000001,16,False,0.0,1,43.33
C101271,2,5186567.0,11.274999999999999,28,False,0.0,1,43.32
C103644,1,190966.0,12.1,168,False,0.0,1,43.31
C102381,2,165336.0,12.265,172,True,16486.0,0,43.26
C103595,1,67958.0,13.13,128,False,0.0,1,43.25
C103872,1,301780.0,10.94,134,False,0.0,1,43.22
C103176,1,297947.0,10.92,125,True,41105.0,0,43.18
C102086,1,242212.0,11.4,175,False,0.0,1,43.17
C101129,1,27935.0,13.27,138,False,0.0,1,43.11
C104676,4,3912426.0,12.32,49,False,0.0,1,43.1
C104505,3,3809249.0,11.286666666666667,53,False,0.0,1,43.08
C102187,4,3324786.0,14.6775,55,False,0.0,1,43.05
C101310,1,355259.0,10.13,139,False,0.0,1,43.02
C104058,1,462525.0,9.08,145,False,0.0,1,42.98
C101713,3,1216675.0,13.37,97,False,0.0,1,42.97
C102629,1,41298.0,12.8,133,False,0.0,1,42.91
C103495,1,105106.0,12.2,148,False,0.0,1,42.9
C102570,2,220794.0,11.135,138,True,8910.0,0,42.89
C104926,2,1985010.0,13.474999999999998,82,False,0.0,1,42.87
C100061,1,331233.0,17.82,104,False,0.0,1,42.84
C101266,3,4566916.0,11.223333333333334,38,False,0.0,1,42.81
C101390,2,530296.0,17.42,101,False,0.0,1,42.81
C104657,1,275123.0,10.45,133,False,0.0,1,42.78
C102271,1,120515.0,11.87,126,False,0.0,1,42.78
C103482,3,3407105.0,12.323333333333332,57,False,0.0,1,42.67
C104831,1,242561.0,10.55,168,False,0.0,1,42.66
C101091,3,5826114.0,10.653333333333334,15,True,4620.0,0,42.65
C103770,2,176515.0,11.02,173,False,0.0,1,42.58
C103685,1,3571879.0,9.67,59,True,41294.0,0,42.56
C100398,1,266270.0,10.17,144,False,0.0,1,42.56
C102430,1,153166.0,11.09,164,False,0.0,1,42.49
C102532,1,123200.0,11.36,120,True,15282.0,0,42.49
C100515,2,213275.0,15.785,109,False,0.0,1,42.43
C102443,1,124733.0,11.23,167,False,0.0,1,42.42
C103811,1,59217.0,11.82,175,False,0.0,1,42.42
C101430,1,69490.0,11.72,144,False,0.0,1,42.41
C103961,1,34875.0,20.3,103,False,0.0,1,42.41
C104943,3,5539972.0,12.846666666666666,15,False,0.0,1,42.4
C102741,5,5267130.0,15.809999999999999,14,False,0.0,1,42.4
C103216,2,849323.0,8.86,111,True,5815.0,0,42.34
C100483,1,96921.0,11.31,163,True,38373.0,0,42.32
C102311,1,4844376.0,8.81,36,False,0.0,1,42.3
C103533,1,277444.0,20.78,97,False,0.0,1,42.28
C101769,2,308763.0,10.295,118,False,0.0,1,42.28
C101537,1,68250.0,11.44,176,True,30142.0,0,42.24
C101343,1,100796.0,11.15,176,False,0.0,1,42.24
C104208,2,239440.0,9.870000000000001,150,False,0.0,1,42.23
C100716,4,5686395.0,11.217500000000001,15,True,32644.0,0,42.23
C102742,1,30168.0,11.69,172,False,0.0,1,42.18
C103947,1,135027.0,10.69,124,False,0.0,1,42.15
C102847,2,5790361.0,12.545,10,False,0.0,1,42.14
C101715,2,4078420.0,16.48,34,False,0.0,1,42.13
C104804,4,2891201.0,16.125,57,False,0.0,1,42.12
C101803,3,5907019.0,13.396666666666667,6,False,0.0,1,42.12
C101863,3,5533054.0,14.366666666666667,11,True,41744.0,0,42.11
C104018,1,709153.0,11.56,107,False,0.0,1,42.03
C103285,2,1023855.0,10.120000000000001,104,False,0.0,1,42.01
C101510,1,779000.0,11.35,106,False,0.0,1,41.99
C101260,3,3234374.0,12.776666666666666,57,False,0.0,1,41.99
C103985,2,2293385.0,11.61,77,False,0.0,1,41.98
C101626,1,1346438.0,14.42,89,False,0.0,1,41.98
C104040,2,147753.0,10.265,138,True,7633.0,0,41.97
C104157,1,570228.0,19.45,93,True,7400.0,0,41.92
C102173,1,35360.0,11.04,145,False,0.0,1,41.82
C104376,3,3391389.0,12.506666666666666,54,False,0.0,1,41.82
C102706,4,5324211.0,14.7425,13,False,0.0,1,41.78
C100547,5,5590874.0,12.778,12,False,0.0,1,41.77
C103088,1,82340.0,10.53,134,True,15825.0,0,41.77
C103525,2,151907.0,11.809999999999999,116,False,0.0,1,41.75
C103852,1,3683289.0,10.71,52,True,24440.0,0,41.75
C103996,1,149491.0,18.11,103,False,0.0,1,41.73
C102882,2,1539693.0,10.719999999999999,92,True,40144.0,0,41.69
C103389,2,1288666.0,14.45,89,False,0.0,1,41.68
C104971,2,1477705.0,16.51,81,False,0.0,1,41.62
C102568,2,5440889.0,13.34,13,False,0.0,1,41.57
C104071,2,875055.0,12.17,101,True,23273.0,0,41.55
C103350,4,923645.0,12.6325,99,False,0.0,1,41.51
C101998,1,220617.0,12.62,112,False,0.0,1,41.45
C101746,3,289018.0,16.099999999999998,103,False,0.0,1,41.28
C103488,1,179044.0,8.76,134,False,0.0,1,41.24
C101782,3,2883063.0,13.270000000000001,60,False,0.0,1,41.24
C101783,2,1431489.0,17.09,79,False,0.0,1,41.13
C101679,3,1967428.0,10.723333333333334,82,False,0.0,1,41.12
C103305,1,216541.0,12.44,111,False,0.0,1,41.02
C103441,2,4076160.0,12.555,38,False,0.0,1,40.93
C104548,2,5188879.0,14.059999999999999,14,False,0.0,1,40.92
C100039,1,789251.0,11.4,102,True,36178.0,0,40.91
C100270,1,141838.0,14.29,108,False,0.0,1,40.85
C101562,4,3521696.0,12.6325,48,False,0.0,1,40.85
C104850,1,190190.0,14.73,106,False,0.0,1,40.8
C101970,1,623252.0,10.29,107,False,0.0,1,40.79
C101147,4,5246638.0,14.29,12,False,0.0,1,40.79
C100070,3,3448506.0,13.973333333333334,46,True,25349.0,0,40.67
C100347,5,5196708.0,14.045999999999998,13,False,0.0,1,40.66
C104793,1,4098782.0,8.99,44,False,0.0,1,40.66
C103688,2,371896.0,9.92,112,False,0.0,1,40.65
C104217,2,1607857.0,12.64,83,False,0.0,1,40.59
C102114,2,1029108.0,12.89,93,False,0.0,1,40.49
C102380,6,5236543.0,13.685,12,False,0.0,1,40.37
C103017,3,5198878.0,12.549999999999999,15,False,0.0,1,40.36
C102303,4,5261610.0,12.4475,14,True,7229.0,0,40.35
C102867,3,5487506.0,10.82,13,False,0.0,1,40.32
C102626,3,2548758.0,15.58,58,False,0.0,1,40.21
C101567,3,4300279.0,14.103333333333333,28,False,0.0,1,40.16
C102470,3,1126597.0,14.799999999999999,86,False,0.0,1,40.13
C100706,3,3287131.0,13.003333333333336,49,True,10133.0,0,40.08
C103149,3,4158605.0,10.396666666666667,38,False,0.0,1,40.08
C101502,4,2980276.0,11.89,57,False,0.0,1,40.07
C101961,2,2866090.0,13.239999999999998,56,False,0.0,1,39.96
C103037,2,3459314.0,10.165,51,True,37866.0,0,39.91
C103386,2,1660940.0,11.93,81,False,0.0,1,39.87
C100062,1,1267780.0,11.39,89,False,0.0,1,39.73
C100877,1,1216408.0,14.6,83,False,0.0,1,39.63
C103424,2,627648.0,13.149999999999999,97,True,32953.0,0,39.62
C102017,2,840161.0,15.1,89,True,14316.0,0,39.62
C103941,2,5298117.0,13.274999999999999,9,True,21303.0,0,39.59
C100337,4,2835605.0,12.395,57,False,0.0,1,39.58
C102441,3,4222251.0,11.836666666666666,32,False,0.0,1,39.54
C100761,2,728236.0,14.93,91,False,0.0,1,39.49
C100019,1,314350.0,14.81,99,True,21778.0,0,39.48
C100740,2,758653.0,15.115,90,False,0.0,1,39.47
C103413,2,3491514.0,10.010000000000002,49,False,0.0,1,39.41
C103761,1,477000.0,17.08,91,True,15304.0,0,39.4
C104829,1,4586106.0,10.94,26,False,0.0,1,39.25
C104705,3,2898749.0,11.253333333333332,57,True,20672.0,0,39.24
C104680,2,4236822.0,10.605,33,False,0.0,1,39.18
C103939,1,192800.0,14.9,100,True,30072.0,0,39.16
C102949,3,4514849.0,17.216666666666665,14,False,0.0,1,39.12
C101249,2,5057770.0,12.254999999999999,14,True,10999.0,0,39.12
C102803,1,111600.0,12.05,107,False,0.0,1,39.05
C101886,2,3083173.0,10.135,55,False,0.0,1,39.0
C103746,5,3326692.0,14.690000000000001,41,True,25778.0,0,38.98
C100955,1,3939135.0,11.05,37,True,37986.0,0,38.98
C102059,4,3395908.0,11.6075,46,False,0.0,1,38.97
C104450,1,2941665.0,11.3,55,False,0.0,1,38.92
C103684,2,1621474.0,10.665,81,False,0.0,1,38.9
C102129,3,4948067.0,13.266666666666666,13,False,0.0,1,38.83
C103510,3,5027302.0,12.516666666666666,13,True,25923.0,0,38.82
C103670,3,5070946.0,12.573333333333332,12,False,0.0,1,38.8
C101887,3,4972765.0,12.469999999999999,14,True,15062.0,0,38.78
C101779,4,4291026.0,11.36,29,False,0.0,1,38.76
C102639,3,4010782.0,11.463333333333333,34,False,0.0,1,38.75
C104142,3,2810160.0,12.663333333333334,54,True,44642.0,0,38.73
C104774,2,2384886.0,11.665,64,True,39372.0,0,38.72
C101902,2,298817.0,17.0,92,False,0.0,1,38.67
C100331,4,4979963.0,12.6375,13,True,27224.0,0,38.63
C104148,2,4635172.0,11.885,21,False,0.0,1,38.62
C101012,2,2657045.0,15.94,49,True,22410.0,0,38.4
C100480,1,351804.0,10.7,103,True,8593.0,0,38.39
C102906,1,1825259.0,8.4,80,True,8899.0,0,38.36
C101771,2,688414.0,14.31,89,False,0.0,1,38.31
C103878,1,5350566.0,8.54,13,False,0.0,1,38.2
C104823,2,4954505.0,13.575,10,True,5083.0,0,38.18
C104122,2,4305511.0,12.57,24,False,0.0,1,38.11
C101597,3,2462690.0,13.326666666666668,57,False,0.0,1,38.1
C100726,1,225077.0,19.1,87,False,0.0,1,38.07
C103156,3,588008.0,13.826666666666668,91,True,26484.0,0,38.06
C104219,3,2290265.0,15.303333333333333,56,True,5455.0,0,38.05
C100359,1,995565.0,16.39,78,False,0.0,1,38.03
C104616,1,462242.0,12.34,96,False,0.0,1,37.93
C101942,3,3572253.0,13.616666666666667,35,True,23891.0,0,37.93
C104109,3,2982340.0,16.01,41,True,16583.0,0,37.89
C102111,2,804256.0,13.015,88,True,21775.0,0,37.88
C104516,2,1661957.0,14.885000000000002,68,True,21900.0,0,37.86
C101864,3,720841.0,14.703333333333333,86,False,0.0,1,37.85
C102894,3,778661.0,15.623333333333333,83,True,17789.0,0,37.84
C100396,1,1702748.0,8.12,81,True,39402.0,0,37.82
C104096,5,4941231.0,13.074000000000002,10,True,26117.0,0,37.81
C103847,1,502656.0,11.33,96,False,0.0,1,37.55
C101814,3,3505810.0,10.656666666666666,41,False,0.0,1,37.54
C101351,3,4978000.0,12.256666666666666,10,False,0.0,1,37.52
C102562,2,294243.0,12.21,98,True,7390.0,0,37.52
C102829,4,2557628.0,14.842500000000001,50,True,28379.0,0,37.49
C101895,2,565896.0,13.08,91,False,0.0,1,37.49
C103214,2,5266807.0,11.955,5,False,0.0,1,37.46
C101304,3,1171032.0,12.36,81,False,0.0,1,37.45
C103705,2,2165293.0,15.879999999999999,55,False,0.0,1,37.42
C100636,2,1104640.0,12.405,82,False,0.0,1,37.41
C104953,3,3221945.0,11.993333333333332,43,True,19580.0,0,37.37
C103853,2,281619.0,14.495000000000001,93,False,0.0,1,37.36
C104362,2,1359177.0,11.435,79,False,0.0,1,37.34
C100210,4,2622675.0,14.97,48,False,0.0,1,37.34
C103515,1,271976.0,12.06,98,False,0.0,1,37.31
C101117,3,2818658.0,14.023333333333333,46,True,25654.0,0,37.26
C104430,4,4698305.0,13.385,12,True,24959.0,0,37.25
C102284,2,5069304.0,10.44,11,True,27294.0,0,37.22
C102411,2,780315.0,16.94,78,True,18568.0,0,37.18
C102417,2,4922961.0,13.635,7,False,0.0,1,37.17
C101262,2,4796063.0,12.299999999999999,12,True,43831.0,0,37.13
C104395,3,3614157.0,12.376666666666667,34,False,0.0,1,37.12
C103953,2,3141923.0,10.235,47,True,29294.0,0,37.05
C102241,2,4589595.0,12.575,15,False,0.0,1,37.04
C101243,2,2179545.0,13.635,58,False,0.0,1,37.03
C100219,1,2746329.0,10.4,54,True,12291.0,0,37.02
C103040,4,4859688.0,11.8825,11,False,0.0,1,36.94
C100795,2,1031287.0,9.835,87,False,0.0,1,36.92
C104981,3,2253066.0,13.073333333333332,57,False,0.0,1,36.8
C102668,4,3466934.0,11.6675,37,False,0.0,1,36.77
C104438,4,4663025.0,12.7925,12,True,43091.0,0,36.7
C101721,2,2861160.0,10.254999999999999,51,False,0.0,1,36.69
C104222,3,4476680.0,13.0,15,False,0.0,1,36.68
C101330,2,2399815.0,9.59,61,False,0.0,1,36.68
C100366,5,4503619.0,11.184000000000001,18,False,0.0,1,36.61
C101517,4,3036714.0,13.85,40,True,29836.0,0,36.6
C101781,3,972526.0,17.099999999999998,72,False,0.0,1,36.58
C101823,1,481929.0,12.33,91,True,36485.0,0,36.58
C101888,4,2380649.0,13.7575,52,True,44075.0,0,36.45
C101011,2,3166351.0,11.895,41,False,0.0,1,36.43
C100865,2,2457987.0,10.99,56,False,0.0,1,36.38
C104566,3,4507413.0,12.700000000000001,14,False,0.0,1,36.37
C100537,3,1763477.0,15.733333333333333,59,False,0.0,1,36.3
C100950,5,3442643.0,11.982,35,True,16087.0,0,36.24
C103230,1,241062.0,12.49,94,False,0.0,1,36.23
C104133,3,2049406.0,13.5,58,True,16354.0,0,36.23
C101788,1,4108283.0,9.76,27,False,0.0,1,36.22
C102009,2,5105936.0,8.915,10,False,0.0,1,36.21
C102007,3,4285098.0,13.883333333333333,15,False,0.0,1,36.16
C101467,2,1213719.0,12.745000000000001,75,False,0.0,1,36.16
C102926,3,2737996.0,11.436666666666667,49,False,0.0,1,36.14
C104280,1,193903.0,14.69,90,False,0.0,1,36.13
C101909,1,517664.0,18.45,76,False,0.0,1,36.07
C103553,3,4786336.0,11.596666666666666,10,False,0.0,1,36.07
C101050,3,1399759.0,14.276666666666666,68,True,40940.0,0,36.06
C102345,1,3347821.0,9.51,41,True,30808.0,0,35.99
C102635,2,975276.0,13.65,77,False,0.0,1,35.99
C100117,4,2099718.0,14.8675,53,False,0.0,1,35.87
C103765,2,5286567.0,9.59,4,False,0.0,1,35.85
C100994,3,4741647.0,12.033333333333333,9,False,0.0,1,35.8
C103501,1,2140437.0,11.46,59,True,6940.0,0,35.8
C100656,3,2524195.0,11.33,52,False,0.0,1,35.78
C101468,1,5273000.0,8.72,5,True,16814.0,0,35.55
C101894,4,4541669.0,11.940000000000001,12,False,0.0,1,35.52
C100439,2,1322794.0,10.18,76,False,0.0,1,35.51
C100899,2,640565.0,13.175,82,False,0.0,1,35.33
C101339,3,1254603.0,11.450000000000001,74,True,38298.0,0,35.32
C101593,3,1990135.0,13.963333333333333,55,False,0.0,1,35.31
C101212,1,1895506.0,10.43,64,False,0.0,1,35.3
C103444,3,4406450.0,13.770000000000001,10,False,0.0,1,35.3
C104726,1,635687.0,13.16,82,False,0.0,1,35.29
C103463,4,3289421.0,14.72,29,True,4238.0,0,35.29
C104025,3,2083554.0,14.493333333333332,52,False,0.0,1,35.27
C101725,2,1744601.0,16.1,55,True,36361.0,0,35.25
C104194,3,3037407.0,10.6,42,False,0.0,1,35.23
C104654,1,57705.0,11.39,96,False,0.0,1,35.15
C104086,4,1427919.0,16.3675,60,True,27248.0,0,35.14
C103512,3,3861078.0,11.15,25,True,23203.0,0,35.11
C101600,3,2518115.0,13.653333333333334,45,False,0.0,1,35.1
C102051,2,1828944.0,16.055,53,False,0.0,1,35.1
C102979,1,377218.0,17.59,77,False,0.0,1,35.08
C102730,2,558395.0,16.875,75,False,0.0,1,35.06
C101882,5,4206508.0,15.628,9,True,22158.0,0,35.02
C101149,1,2791887.0,9.07,49,False,0.0,1,35.01
C102777,5,2059286.0,12.806000000000001,55,False,0.0,1,35.0
C104716,2,4145128.0,14.19,13,False,0.0,1,34.99
C103497,4,3860350.0,9.95,27,False,0.0,1,34.97
C102675,3,802852.0,14.983333333333334,74,False,0.0,1,34.97
C102578,2,1769579.0,13.879999999999999,58,True,18134.0,0,34.93
C101128,3,2464438.0,14.276666666666666,44,False,0.0,1,34.89
C100153,1,1941532.0,13.18,56,False,0.0,1,34.87
C104720,3,1701609.0,14.873333333333335,57,False,0.0,1,34.86
C101272,1,4594000.0,11.31,10,False,0.0,1,34.85
C104999,2,670664.0,14.055,78,False,0.0,1,34.85
C103862,4,1768370.0,17.645,50,False,0.0,1,34.85
C102324,1,156527.0,19.18,77,False,0.0,1,34.82
C100085,3,3278531.0,13.03,31,False,0.0,1,34.8
C101043,1,2634492.0,8.19,53,False,0.0,1,34.79
C103172,2,2322625.0,12.335,50,False,0.0,1,34.7
C100796,1,391677.0,15.32,80,True,26115.0,0,34.67
C102494,1,400430.0,12.27,86,False,0.0,1,34.64
C100034,2,2951829.0,9.899999999999999,43,True,37382.0,0,34.64
C103367,2,1958223.0,13.6,54,False,0.0,1,34.63
C102618,2,4675516.0,12.585,5,False,0.0,1,34.6
C103887,5,4168027.0,12.758,14,True,30790.0,0,34.55
C101264,3,2079539.0,14.31,50,True,7128.0,0,34.55
C103188,5,4052398.0,13.308000000000002,15,False,0.0,1,34.54
C102376,3,3354529.0,15.263333333333334,24,False,0.0,1,34.52
C102739,1,2004171.0,11.99,56,True,39894.0,0,34.5
C102472,4,4596680.0,11.657499999999999,8,True,24275.0,0,34.49
C104462,1,616981.0,10.44,85,False,0.0,1,34.43
C100816,3,1759866.0,14.073333333333332,56,True,37144.0,0,34.41
C103057,2,2677101.0,11.915,43,True,34013.0,0,34.34
C100205,1,434465.0,19.23,70,False,0.0,1,34.33
C100715,2,2120577.0,13.065000000000001,51,False,0.0,1,34.32
C101419,2,4221183.0,14.8,8,True,22666.0,0,34.32
C100566,1,942438.0,16.47,66,False,0.0,1,34.29
C101641,1,4743058.0,10.27,7,True,26364.0,0,34.16
C100045,3,662752.0,13.933333333333335,76,True,5377.0,0,34.15
C101648,1,277113.0,15.93,79,False,0.0,1,34.12
C100978,3,4127783.0,12.896666666666667,13,True,12184.0,0,34.12
C102591,2,1480166.0,16.119999999999997,56,True,44282.0,0,34.11
C100299,1,2106101.0,10.38,56,True,35784.0,0,34.09
C102075,2,2141432.0,13.89,48,True,43864.0,0,34.05
C101953,2,2143146.0,18.73,38,True,4010.0,0,34.05
C104454,2,2067214.0,9.635,58,False,0.0,1,34.01
C100047,1,126990.0,13.19,87,False,0.0,1,33.98
C100652,3,516926.0,15.913333333333334,74,False,0.0,1,33.96
C102990,5,1920430.0,13.294,53,False,0.0,1,33.95
C100060,2,2636617.0,13.565000000000001,39,False,0.0,1,33.94
C102433,1,131166.0,17.44,78,False,0.0,1,33.93
C102676,2,820765.0,15.99,68,False,0.0,1,33.92
C101029,3,1598358.0,14.196666666666667,57,False,0.0,1,33.89
C102654,3,3445729.0,12.896666666666667,25,True,22150.0,0,33.89
C104066,4,4421273.0,10.7525,11,False,0.0,1,33.86
C102391,4,2265108.0,16.2875,40,False,0.0,1,33.84
C101238,2,2046301.0,13.805,49,False,0.0,1,33.77
C103795,4,2474979.0,12.2875,44,False,0.0,1,33.75
C103411,4,4076365.0,11.2675,16,False,0.0,1,33.74
C103264,2,3468232.0,11.475000000000001,27,True,11737.0,0,33.74
C103002,2,4506455.0,14.625,1,False,0.0,1,33.73
C102118,6,3369431.0,11.35,29,False,0.0,1,33.71
C102971,1,98322.0,12.95,87,False,0.0,1,33.68
C103060,4,4314159.0,11.905000000000001,10,False,0.0,1,33.67
C101207,1,4859772.0,9.28,5,False,0.0,1,33.62
C103687,4,2598245.0,12.4025,41,False,0.0,1,33.62
C102221,3,2071378.0,13.273333333333333,49,False,0.0,1,33.59
C103584,3,4370100.0,13.19,6,False,0.0,1,33.58
C100810,3,1841894.0,14.863333333333335,50,True,31803.0,0,33.58
C103005,2,1625303.0,12.934999999999999,58,False,0.0,1,33.57
C100225,1,4306285.0,9.37,15,True,5071.0,0,33.57
C100490,2,4005661.0,9.195,21,False,0.0,1,33.57
C102547,3,2024763.0,12.696666666666667,51,False,0.0,1,33.57
C101486,1,178056.0,17.38,76,False,0.0,1,33.57
C103757,1,78702.0,16.3,80,True,25930.0,0,33.54
C104574,2,607787.0,14.335,74,True,9513.0,0,33.51
C101838,1,213471.0,13.56,83,False,0.0,1,33.51
C104084,3,3859654.0,13.35,15,False,0.0,1,33.51
C101083,3,4556657.0,11.343333333333334,6,False,0.0,1,33.5
C104578,1,4609279.0,11.28,5,False,0.0,1,33.45
C104753,3,1886326.0,13.733333333333334,51,False,0.0,1,33.44
C104448,4,3943073.0,12.925,14,False,0.0,1,33.42
C100748,3,1087592.0,11.746666666666668,70,False,0.0,1,33.42
C101303,4,4342415.0,11.692499999999999,9,True,27049.0,0,33.41
C102030,4,2160053.0,14.55,44,False,0.0,1,33.39
C100203,3,1595711.0,12.826666666666666,58,False,0.0,1,33.35
C104290,3,3613611.0,15.333333333333334,15,False,0.0,1,33.35
C101660,2,4427223.0,13.735,3,True,31296.0,0,33.35
C102983,3,2066162.0,14.363333333333332,46,False,0.0,1,33.34
C101111,4,2259969.0,11.1125,49,True,33016.0,0,33.33
C101651,4,3464035.0,11.3025,26,False,0.0,1,33.32
C103294,1,78040.0,20.78,70,True,13205.0,0,33.31
C104230,3,3820630.0,15.293333333333335,11,True,17430.0,0,33.3
C102464,5,1930502.0,14.069999999999999,49,False,0.0,1,33.3
C101097,3,3956765.0,15.97,7,False,0.0,1,33.28
C100973,5,3976171.0,13.691999999999998,11,False,0.0,1,33.19
C100929,1,2667605.0,10.57,42,False,0.0,1,33.19
C101534,2,1777653.0,13.344999999999999,53,False,0.0,1,33.19
C101179,3,526756.0,13.519999999999998,76,False,0.0,1,33.16
C102280,1,1053972.0,13.02,67,True,41584.0,0,33.12
C104003,1,210929.0,10.94,87,False,0.0,1,33.09
C103121,4,2650563.0,12.962499999999999,37,False,0.0,1,33.08
C103077,1,4745583.0,9.29,5,False,0.0,1,33.01
C101465,5,3714346.0,13.830000000000002,15,True,38377.0,0,33.0
C101540,3,4280967.0,10.549999999999999,11,False,0.0,1,32.97
C104452,3,2189138.0,10.096666666666666,51,False,0.0,1,32.91
C103234,2,1989618.0,9.95,55,False,0.0,1,32.9
C100234,5,1866248.0,12.516,52,False,0.0,1,32.89
C103395,4,1692328.0,13.995,52,False,0.0,1,32.83
C104491,3,822131.0,11.716666666666667,73,True,36536.0,0,32.82
C101519,5,3727512.0,13.372,15,False,0.0,1,32.8
C100750,2,1610236.0,12.690000000000001,56,False,0.0,1,32.76
C104404,2,4647624.0,11.219999999999999,2,False,0.0,1,32.75
C100963,1,4880086.0,8.12,4,False,0.0,1,32.75
C101046,3,4149614.0,9.903333333333334,14,True,8053.0,0,32.74
C101508,3,4125241.0,9.63,15,False,0.0,1,32.73
C103008,3,3785311.0,10.27,20,True,35053.0,0,32.71
C102005,3,4417401.0,10.780000000000001,7,False,0.0,1,32.69
C101337,1,719690.0,20.7,56,False,0.0,1,32.69
C102679,1,256225.0,9.73,87,False,0.0,1,32.62
C100354,1,402180.0,13.25,77,False,0.0,1,32.61
C103351,2,4511370.0,9.760000000000002,7,False,0.0,1,32.59
C103575,3,1020174.0,16.313333333333333,59,True,36832.0,0,32.58
C101442,2,1155540.0,16.544999999999998,56,False,0.0,1,32.58
C101092,6,3911990.0,14.659999999999998,8,False,0.0,1,32.54
C104391,1,737261.0,12.89,71,False,0.0,1,32.48
C102807,2,3482784.0,15.99,13,False,0.0,1,32.45
C102956,3,1853692.0,9.896666666666667,56,False,0.0,1,32.42
C102415,3,1818411.0,9.633333333333333,57,False,0.0,1,32.36
C100610,3,3934808.0,13.643333333333333,9,False,0.0,1,32.35
C103730,2,541708.0,14.885,70,False,0.0,1,32.31
C101853,2,1542757.0,15.809999999999999,49,False,0.0,1,32.22
C102610,4,3544790.0,12.6025,18,True,34947.0,0,32.21
C101984,1,2471142.0,10.22,43,False,0.0,1,32.2
C102413,1,4210364.0,10.38,10,False,0.0,1,32.19
C102408,2,4661886.0,10.155000000000001,2,False,0.0,1,32.19
C101503,1,398075.0,10.14,82,False,0.0,1,32.18
C103310,3,890872.0,16.813333333333333,59,False,0.0,1,32.17
C102660,2,1352072.0,13.085,58,False,0.0,1,32.17
C100582,2,4007535.0,14.129999999999999,6,False,0.0,1,32.16
C102927,1,2490529.0,10.41,42,False,0.0,1,32.13
C100616,1,237826.0,21.71,61,False,0.0,1,32.12
C101068,2,3738291.0,14.485,10,False,0.0,1,32.07
C104996,2,4046106.0,13.545,6,True,26933.0,0,32.02
C104141,1,511616.0,21.86,55,False,0.0,1,31.96
C101860,3,2216658.0,11.663333333333332,44,False,0.0,1,31.96
C100133,1,3987445.0,9.58,15,False,0.0,1,31.95
C104569,3,817637.0,17.063333333333333,59,False,0.0,1,31.92
C100310,4,1363250.0,14.035,55,False,0.0,1,31.92
C100609,3,2958567.0,11.133333333333333,31,False,0.0,1,31.91
C103907,1,4358893.0,9.52,8,False,0.0,1,31.9
C102738,2,910739.0,20.075,51,True,26923.0,0,31.9
C104893,1,1005733.0,16.27,57,False,0.0,1,31.89
C103178,1,4462339.0,10.0,5,True,14997.0,0,31.88
C100355,5,3798307.0,12.16,13,False,0.0,1,31.88
C100635,3,2054383.0,13.01,44,True,15302.0,0,31.88
C101152,3,1891266.0,14.966666666666669,43,False,0.0,1,31.87
C101107,2,1482883.0,14.280000000000001,52,True,15136.0,0,31.85
C102200,1,210500.0,11.29,82,False,0.0,1,31.84
C100178,3,3746597.0,14.450000000000001,9,True,33424.0,0,31.8
C103079,4,2310907.0,12.395000000000001,40,False,0.0,1,31.75
C104353,3,1802070.0,12.663333333333334,49,False,0.0,1,31.75
C102285,1,3218120.0,8.48,31,False,0.0,1,31.74
C104519,3,2157574.0,13.26,41,False,0.0,1,31.72
C101167,3,1247550.0,14.743333333333334,55,False,0.0,1,31.72
C102304,4,2785078.0,14.3125,27,True,20279.0,0,31.71
C103960,1,612469.0,21.02,54,False,0.0,1,31.71
C101210,3,585572.0,15.83,65,True,29054.0,0,31.66
C104887,3,2757233.0,11.503333333333332,33,True,36210.0,0,31.62
C103392,5,3867467.0,10.068000000000001,15,False,0.0,1,31.58
C104619,3,1935735.0,15.533333333333331,40,False,0.0,1,31.58
C101165,4,3772439.0,11.3975,14,False,0.0,1,31.57
C104484,1,1997338.0,11.0,48,False,0.0,1,31.53
C104988,1,1585401.0,11.34,55,True,44588.0,0,31.52
C100776,1,329505.0,13.56,74,True,38076.0,0,31.52
C104318,2,2026011.0,11.120000000000001,47,False,0.0,1,31.47
C103218,1,396498.0,15.29,69,False,0.0,1,31.47
C102463,2,1934549.0,12.44,46,False,0.0,1,31.47
C100625,3,3925555.0,9.333333333333334,15,False,0.0,1,31.46
C104351,3,3430549.0,13.853333333333333,15,False,0.0,1,31.46
C101608,4,3317965.0,15.342500000000001,14,True,12791.0,0,31.45
C103384,3,1290492.0,12.666666666666666,57,False,0.0,1,31.29
C104389,2,2220840.0,15.349999999999998,34,False,0.0,1,31.28
C101630,2,4364555.0,9.895,5,True,4277.0,0,31.28
C100319,3,3467094.0,14.123333333333335,13,False,0.0,1,31.24
C100915,3,1834617.0,15.396666666666667,41,True,7601.0,0,31.24
C101170,4,779348.0,16.195,59,False,0.0,1,31.19
C103096,2,3731683.0,12.085,12,False,0.0,1,31.18
C103142,2,1219246.0,17.509999999999998,48,True,39765.0,0,31.18
C100717,1,2662049.0,12.6,31,False,0.0,1,31.17
C104963,1,3794720.0,10.05,15,False,0.0,1,31.17
C100822,1,142274.0,15.62,72,False,0.0,1,31.15
C101416,1,3971041.0,8.89,14,False,0.0,1,31.15
C104644,1,576246.0,12.15,71,True,34679.0,0,31.15
C102031,1,330426.0,9.02,82,False,0.0,1,31.14
C102991,1,955176.0,14.34,59,True,24059.0,0,31.04
C101598,1,3953088.0,8.37,15,True,16104.0,0,31.03
C101452,3,3843829.0,10.763333333333334,12,False,0.0,1,31.0
C103814,2,4073071.0,11.1,7,True,32362.0,0,30.99
C102082,3,3420883.0,14.023333333333333,13,False,0.0,1,30.93
C104868,2,592942.0,10.635,73,False,0.0,1,30.92
C101959,2,530094.0,12.165,71,False,0.0,1,30.91
C104987,3,2036778.0,12.993333333333334,41,False,0.0,1,30.9
C103024,4,1843533.0,13.1675,44,True,37237.0,0,30.82
C104342,2,3724575.0,13.01,9,True,29005.0,0,30.82
C104246,3,3391871.0,13.61,14,False,0.0,1,30.81
C103749,3,1454611.0,16.7,44,False,0.0,1,30.81
C103613,2,1582302.0,9.155000000000001,57,True,19921.0,0,30.78
C103930,1,200420.0,17.85,65,True,44911.0,0,30.77
C100409,5,1369306.0,10.504000000000001,58,True,31509.0,0,30.71
C100649,1,2336308.0,9.9,41,False,0.0,1,30.69
C104853,2,294950.0,14.385,70,False,0.0,1,30.66
C104857,1,632020.0,15.66,61,False,0.0,1,30.65
C102516,2,4249282.0,10.29,4,False,0.0,1,30.6
C104966,3,1339815.0,12.899999999999999,53,False,0.0,1,30.53
C102386,2,3599719.0,13.59,9,False,0.0,1,30.48
C100111,2,543900.0,17.634999999999998,58,True,38597.0,0,30.47
C102460,2,739576.0,15.745000000000001,58,False,0.0,1,30.41
C104327,1,978675.0,14.53,56,False,0.0,1,30.41
C101381,4,3633082.0,11.71,12,True,12335.0,0,30.41
C104779,2,1310547.0,11.45,56,False,0.0,1,30.38
C104535,1,4213841.0,10.73,3,True,12137.0,0,30.38
C101344,3,2126211.0,14.229999999999999,35,False,0.0,1,30.38
C104961,3,3583052.0,11.123333333333333,14,True,14644.0,0,30.37
C104795,1,179782.0,21.23,57,False,0.0,1,30.35
C101928,2,1573582.0,10.94,52,False,0.0,1,30.34
C103440,3,2743150.0,11.42,29,False,0.0,1,30.32
C103934,2,3887364.0,13.565,3,False,0.0,1,30.29
C103594,3,2251602.0,11.946666666666667,37,False,0.0,1,30.28
C103937,3,3863876.0,12.793333333333331,5,True,27159.0,0,30.28
C103562,3,1632022.0,13.183333333333332,46,False,0.0,1,30.26
C101649,3,3400669.0,16.003333333333334,7,False,0.0,1,30.26
C102431,3,1458628.0,13.276666666666666,49,True,11766.0,0,30.24
C101342,4,3168381.0,15.1225,13,False,0.0,1,30.21
C104520,2,3500207.0,11.600000000000001,14,False,0.0,1,30.2
C101201,2,2619563.0,14.774999999999999,24,True,35885.0,0,30.2
C104822,5,2299584.0,13.292000000000002,33,False,0.0,1,30.19
C104743,5,3521313.0,11.876000000000001,13,True,6790.0,0,30.19
C104739,4,3603655.0,11.5975,12,False,0.0,1,30.18
C103475,4,794246.0,15.8125,56,True,44583.0,0,30.17
C104637,1,2336892.0,8.53,42,False,0.0,1,30.16
C102013,3,3380217.0,12.123333333333335,15,False,0.0,1,30.15
C104630,3,3689067.0,12.186666666666667,9,False,0.0,1,30.13
C102752,3,1065642.0,13.733333333333334,55,True,39579.0,0,30.11
C100218,1,2871400.0,9.88,29,False,0.0,1,30.1
C100548,1,295338.0,9.03,79,True,21334.0,0,30.08
C104835,2,3195950.0,15.635,11,False,0.0,1,30.08
C104085,1,1727191.0,12.49,45,True,10740.0,0,30.07
C101967,2,1153265.0,15.27,50,False,0.0,1,30.06
C102098,4,806049.0,15.0425,57,True,13110.0,0,30.06
C100051,3,3130013.0,14.663333333333334,14,False,0.0,1,30.01
C100568,2,2147998.0,11.8,38,True,4676.0,0,29.92
C103521,2,1403194.0,17.04,41,False,0.0,1,29.86
C104969,1,3954550.0,8.82,10,False,0.0,1,29.85
C100832,3,3383139.0,11.603333333333333,15,False,0.0,1,29.85
C100803,3,3588824.0,13.076666666666668,8,False,0.0,1,29.82
C103280,1,3823195.0,10.88,8,True,23762.0,0,29.79
C102228,4,3111048.0,13.955,15,False,0.0,1,29.78
C102537,1,448944.0,9.57,74,False,0.0,1,29.78
C100016,3,3462455.0,11.219999999999999,14,False,0.0,1,29.77
C100175,4,3283708.0,14.795,10,False,0.0,1,29.77
C100365,1,3820050.0,10.86,8,False,0.0,1,29.76
C101314,3,1543591.0,12.573333333333332,47,True,13592.0,0,29.7
C101832,4,1303521.0,14.745,47,False,0.0,1,29.69
C104724,2,3331948.0,13.675,11,False,0.0,1,29.65
C101619,1,2251850.0,8.92,41,True,5061.0,0,29.64
C101883,1,1017379.0,14.82,52,False,0.0,1,29.63
C101605,2,1086802.0,12.725,55,False,0.0,1,29.62
C104371,1,591689.0,17.2,55,False,0.0,1,29.6
C104140,4,3267599.0,13.6875,12,True,9070.0,0,29.6
C102515,3,2002524.0,12.496666666666668,38,False,0.0,1,29.54
C100639,1,2567398.0,9.74,33,False,0.0,1,29.52
C100850,2,1287262.0,12.65,51,False,0.0,1,29.51
C104197,2,3812142.0,11.48,6,False,0.0,1,29.5
C101487,2,3811585.0,10.995000000000001,7,False,0.0,1,29.5
C100049,1,989000.0,14.37,53,True,32782.0,0,29.49
C101922,1,4004510.0,10.16,5,False,0.0,1,29.47
C101284,1,371156.0,17.01,59,False,0.0,1,29.45
C103221,1,169471.0,21.75,53,False,0.0,1,29.44
C102933,3,3248731.0,12.543333333333331,14,True,21449.0,0,29.39
C101710,3,1826291.0,11.803333333333333,42,False,0.0,1,29.33
C101074,3,3494857.0,13.6,7,False,0.0,1,29.33
C104579,5,2757738.0,14.006,20,False,0.0,1,29.33
C103517,2,1300168.0,12.69,50,False,0.0,1,29.31
C102720,2,535677.0,15.774999999999999,58,False,0.0,1,29.31
C104272,2,3536368.0,12.195,9,False,0.0,1,29.3
C104798,1,629018.0,12.92,62,False,0.0,1,29.28
C103917,1,1619390.0,11.66,46,False,0.0,1,29.28
C104286,1,59393.0,20.06,58,False,0.0,1,29.28
C100528,4,3356212.0,10.8775,15,False,0.0,1,29.27
C102365,2,1091475.0,14.02,51,False,0.0,1,29.26
C103405,4,3392185.0,11.945,12,False,0.0,1,29.23
C104538,1,1895934.0,10.96,42,False,0.0,1,29.2
C104488,2,1759971.0,9.73,47,False,0.0,1,29.18
C101051,1,3652389.0,10.45,10,True,42271.0,0,29.18
C101458,3,3158806.0,12.51,15,True,30797.0,0,29.17
C101574,1,715405.0,17.29,51,False,0.0,1,29.16
C104897,6,3158069.0,12.975,14,False,0.0,1,29.15
C100116,3,2220240.0,10.316666666666666,37,False,0.0,1,29.13
C103855,3,3219345.0,11.883333333333333,15,False,0.0,1,29.12
C100518,2,937038.0,14.705,52,True,27720.0,0,29.12
C101233,1,19447.0,19.66,59,True,31719.0,0,29.11
C101411,2,223042.0,13.425,68,False,0.0,1,29.11
C100485,1,104698.0,12.55,72,False,0.0,1,29.1
C100134,3,1571716.0,13.24,43,False,0.0,1,29.09
C102406,4,978266.0,16.6725,47,False,0.0,1,29.07
C103248,2,2811065.0,16.45,13,False,0.0,1,29.05
C100903,1,4016566.0,10.8,2,False,0.0,1,29.05
C101062,1,687725.0,10.48,65,False,0.0,1,29.01
C102776,1,265710.0,17.71,58,False,0.0,1,29.0
C103259,1,3354455.0,10.42,15,True,13272.0,0,28.99
C104621,3,944252.0,15.403333333333334,50,False,0.0,1,28.99
C104065,3,3188452.0,12.353333333333333,14,False,0.0,1,28.95
C100222,3,1356577.0,14.006666666666666,45,False,0.0,1,28.95
C104611,2,3055662.0,14.530000000000001,12,False,0.0,1,28.94
C100569,2,822712.0,17.83,47,False,0.0,1,28.91
C103396,2,2523305.0,17.84,15,False,0.0,1,28.89
C102582,2,981008.0,10.940000000000001,58,False,0.0,1,28.85
C102621,2,1007764.0,15.965,47,False,0.0,1,28.8
C103808,4,3215702.0,13.775,10,False,0.0,1,28.78
C102010,4,2931635.0,13.9175,15,True,10456.0,0,28.77
C101944,3,2263678.0,10.263333333333334,35,False,0.0,1,28.76
C100361,1,485176.0,20.58,47,False,0.0,1,28.71
C103706,2,3308700.0,10.864999999999998,14,False,0.0,1,28.71
C101422,1,3935045.0,9.02,6,True,27608.0,0,28.7
C100805,3,1403565.0,9.743333333333332,52,True,38011.0,0,28.69
C102305,2,696371.0,14.219999999999999,56,False,0.0,1,28.68
C101911,3,615155.0,15.446666666666667,55,False,0.0,1,28.68
C102592,3,600701.0,16.536666666666665,53,False,0.0,1,28.67
C101406,2,1094674.0,18.815,39,True,32823.0,0,28.66
C103629,2,3416318.0,12.715,8,True,32003.0,0,28.66
C103935,2,2986844.0,9.815000000000001,22,False,0.0,1,28.65
C102921,1,3672493.0,9.86,9,True,20782.0,0,28.64
C100186,1,231850.0,21.65,49,True,33200.0,0,28.55
C100317,4,1387177.0,17.425,36,False,0.0,1,28.55
C104415,1,156460.0,12.12,70,False,0.0,1,28.54
C102653,3,2967162.0,13.203333333333333,15,False,0.0,1,28.54
C102213,1,628537.0,14.11,57,True,34022.0,0,28.53
C103301,3,1058258.0,14.523333333333333,48,False,0.0,1,28.51
C102886,2,819985.0,16.685,48,True,23605.0,0,28.5
C102128,2,495136.0,16.189999999999998,55,True,29627.0,0,28.47
C101274,1,3601510.0,9.22,11,False,0.0,1,28.45
C103893,1,1976869.0,11.39,37,False,0.0,1,28.45
C101327,4,815401.0,16.605,48,False,0.0,1,28.43
C100590,1,83529.0,17.43,60,False,0.0,1,28.42
C100161,2,2761428.0,11.45,22,False,0.0,1,28.4
C103742,2,1125758.0,11.235,53,True,26343.0,0,28.36
C102773,3,3774957.0,9.923333333333334,6,False,0.0,1,28.36
C103709,2,482239.0,15.085,57,True,40245.0,0,28.32
C100170,3,1155273.0,14.266666666666666,46,False,0.0,1,28.3
C102368,2,2517458.0,19.33,10,True,30250.0,0,28.29
C101124,2,616759.0,16.155,52,True,34508.0,0,28.24
C104772,2,3248439.0,10.105,15,False,0.0,1,28.22
C104459,3,2725379.0,12.42,20,False,0.0,1,28.2
C102021,2,1926467.0,16.765,26,False,0.0,1,28.19
C102425,2,267272.0,13.440000000000001,64,True,36732.0,0,28.19
C101340,2,3609464.0,10.145,8,False,0.0,1,28.18
C102218,1,522362.0,19.84,46,False,0.0,1,28.18
C101432,1,516670.0,21.83,42,False,0.0,1,28.18
C104919,2,3396814.0,10.125,12,False,0.0,1,28.17
C101021,3,1600969.0,12.413333333333334,41,True,31170.0,0,28.17
C100723,2,1017102.0,12.364999999999998,52,True,14636.0,0,28.15
C104674,2,2901373.0,13.105,15,False,0.0,1,28.12
C100707,2,2263312.0,17.96,17,False,0.0,1,28.12
C100121,5,1677613.0,14.475999999999999,35,True,9864.0,0,28.08
C101259,1,5703.0,19.98,55,False,0.0,1,28.06
C104123,3,2682748.0,15.976666666666667,13,False,0.0,1,28.06
C103205,1,194083.0,14.34,63,False,0.0,1,28.04
C103529,2,3196938.0,10.27,15,False,0.0,1,28.03
C103068,1,1257286.0,14.31,43,False,0.0,1,28.01
C104188,2,3425183.0,10.56,10,False,0.0,1,28.0
C102801,3,1327985.0,15.600000000000001,39,False,0.0,1,28.0
C102646,4,832916.0,14.7525,50,True,22731.0,0,27.99
C102070,1,957337.0,8.23,61,False,0.0,1,27.97
C101971,1,3281789.0,9.39,15,False,0.0,1,27.97
C102910,2,1916249.0,16.475,26,True,42441.0,0,27.96
C100352,1,3514786.0,9.15,11,False,0.0,1,27.94
C102437,1,1305285.0,9.39,52,True,17178.0,0,27.94
C102713,1,843651.0,12.6,54,False,0.0,1,27.93
C103789,2,3136613.0,13.995,8,True,29019.0,0,27.9
C102502,3,2536568.0,12.156666666666666,23,True,12611.0,0,27.89
C102930,3,3357921.0,9.503333333333332,13,False,0.0,1,27.87
C103756,1,1122893.0,12.37,49,True,37559.0,0,27.86
C101141,2,2980986.0,12.395,14,False,0.0,1,27.84
C100220,3,2746026.0,13.94,15,False,0.0,1,27.77
C103843,2,3310536.0,10.23,12,True,7376.0,0,27.76
C103523,2,29270.0,17.265,59,True,7146.0,0,27.73
C103648,2,663950.0,12.885,56,True,24977.0,0,27.7
C100937,4,3186994.0,13.1925,8,True,12158.0,0,27.69
C100690,2,3125780.0,14.719999999999999,6,False,0.0,1,27.69
C100469,1,1157799.0,8.82,55,False,0.0,1,27.67
C101760,1,436881.0,21.21,43,False,0.0,1,27.66
C103256,3,824258.0,12.333333333333334,54,False,0.0,1,27.66
C102076,4,1631195.0,16.619999999999997,30,False,0.0,1,27.65
C102176,3,718586.0,13.716666666666667,53,False,0.0,1,27.62
C104883,2,544998.0,12.34,59,False,0.0,1,27.6
C103561,2,1156432.0,13.05,46,True,24141.0,0,27.58
C102633,4,2739434.0,14.6525,13,True,38441.0,0,27.58
C103434,2,435102.0,14.295,57,False,0.0,1,27.58
C101866,1,89822.0,17.42,57,False,0.0,1,27.57
C101346,2,3772713.0,11.05,1,True,24671.0,0,27.57
C101376,3,3304981.0,11.36,9,False,0.0,1,27.53
C100951,3,1224954.0,12.796666666666667,45,False,0.0,1,27.51
C103900,3,2740830.0,13.563333333333333,15,False,0.0,1,27.51
C101762,4,2518517.0,15.572500000000002,15,True,15625.0,0,27.5
C104403,3,2863678.0,13.87,12,True,32624.0,0,27.5
C103638,2,1317000.0,13.870000000000001,41,False,0.0,1,27.49
C102878,2,2881161.0,12.7,14,False,0.0,1,27.47
C104606,2,2773420.0,14.145,13,False,0.0,1,27.46
C104225,2,2886440.0,12.15,15,False,0.0,1,27.46
C102839,3,2928534.0,12.24,14,False,0.0,1,27.46
C103568,2,287744.0,15.879999999999999,56,False,0.0,1,27.44
C100433,2,987013.0,10.434999999999999,54,False,0.0,1,27.41
C103885,1,2834075.0,12.94,14,False,0.0,1,27.36
C103677,4,1385188.0,12.955,41,False,0.0,1,27.31
C101514,1,328301.0,16.71,53,False,0.0,1,27.28
C102511,3,2996006.0,11.81,13,False,0.0,1,27.28
C100942,3,2770110.0,13.86,13,False,0.0,1,27.27
C101164,2,1479782.0,11.985,41,False,0.0,1,27.25
C102267,3,1017816.0,11.79,50,False,0.0,1,27.23
C100184,1,300919.0,14.91,57,False,0.0,1,27.22
C100753,1,2110364.0,14.92,23,True,42318.0,0,27.21
C100948,1,484192.0,18.57,46,False,0.0,1,27.21
C102251,3,2627998.0,15.513333333333335,12,True,11667.0,0,27.19
C102274,1,1741902.0,9.0,42,False,0.0,1,27.18
C103058,2,1895183.0,12.879999999999999,31,False,0.0,1,27.14
C104445,2,695006.0,14.105,51,True,34296.0,0,27.14
C103162,2,2935133.0,13.594999999999999,10,True,11007.0,0,27.14
C104390,3,1127945.0,12.563333333333333,46,True,26914.0,0,27.13
C101429,4,1481395.0,14.6725,35,True,27734.0,0,27.12
C100427,2,2201112.0,10.524999999999999,30,False,0.0,1,27.11
C104322,2,1073188.0,10.115,52,False,0.0,1,27.11
C104473,3,556321.0,11.38,59,False,0.0,1,27.08
C104200,3,2850140.0,13.753333333333332,11,False,0.0,1,27.06
C100902,2,2908801.0,14.665,8,False,0.0,1,27.05
C100769,1,530919.0,13.98,54,False,0.0,1,27.04
C103538,1,268189.0,15.87,55,False,0.0,1,27.03
C101258,2,3060561.0,10.805,13,False,0.0,1,27.03
C101690,4,791682.0,13.5125,50,True,28200.0,0,27.02
C103185,3,2874796.0,12.49,13,False,0.0,1,27.02
C100454,2,2635067.0,14.645,13,False,0.0,1,27.0
C102094,1,3553015.0,11.04,3,False,0.0,1,26.95
C100939,4,2124589.0,13.365,25,True,6925.0,0,26.94
C101681,2,667432.0,16.4,46,True,23377.0,0,26.91
C103150,1,3019700.0,11.46,12,True,11161.0,0,26.9
C103113,3,2562667.0,14.593333333333334,14,True,42541.0,0,26.87
C100853,1,314225.0,17.13,51,False,0.0,1,26.87
C102504,2,1956545.0,15.265,24,True,27288.0,0,26.87
C101938,1,186801.0,19.72,48,True,39215.0,0,26.85
C101581,1,870141.0,9.09,57,False,0.0,1,26.84
C104441,4,3022693.0,13.245,8,False,0.0,1,26.82
C101727,5,2717038.0,14.051999999999998,12,False,0.0,1,26.8
C104081,2,2129974.0,18.405,14,False,0.0,1,26.78
C100406,3,2734038.0,13.356666666666667,13,False,0.0,1,26.77
C101008,4,2523000.0,14.6625,14,False,0.0,1,26.69
C104714,2,2579823.0,14.125,14,False,0.0,1,26.68
C104073,3,2630397.0,14.093333333333334,13,True,20567.0,0,26.64
C100931,2,881696.0,14.0,46,False,0.0,1,26.64
C100081,4,2117711.0,16.795,17,False,0.0,1,26.63
C104560,2,3451269.0,11.915,2,True,15353.0,0,26.62
C103682,3,832140.0,13.899999999999999,47,False,0.0,1,26.6
C104728,2,1597286.0,11.775,37,False,0.0,1,26.6
C103563,1,147496.0,17.21,53,True,40069.0,0,26.59
C101417,2,694239.0,14.134999999999998,49,False,0.0,1,26.57
C103126,1,3282525.0,8.95,11,False,0.0,1,26.54
C100026,4,2462211.0,14.465,15,True,8623.0,0,26.53
C104811,2,438220.0,14.445,53,False,0.0,1,26.52
C100269,2,590534.0,15.965,47,False,0.0,1,26.52
C103840,1,1193491.0,16.29,35,True,30018.0,0,26.51
C103116,3,2732901.0,12.450000000000001,14,True,15924.0,0,26.51
C102670,2,728230.0,11.754999999999999,53,False,0.0,1,26.5
C101975,3,739749.0,13.540000000000001,49,True,22962.0,0,26.46
C102727,1,209566.0,20.28,45,False,0.0,1,26.44
C102038,3,2912766.0,10.69,14,True,40445.0,0,26.44
C100155,5,2595326.0,14.038,13,False,0.0,1,26.42
C103423,1,24230.0,16.56,56,False,0.0,1,26.4
C103536,4,2633576.0,12.665,15,False,0.0,1,26.39
C101634,2,195092.0,19.34,47,False,0.0,1,26.38
C100873,1,3870954.0,8.64,0,True,33920.0,0,26.37
C102749,2,2602821.0,9.515,22,True,27028.0,0,26.37
C102223,2,3178076.0,9.605,11,True,17521.0,0,26.37
C104240,2,334582.0,16.57,50,False,0.0,1,26.36
C100103,3,2654850.0,15.303333333333333,9,False,0.0,1,26.34
C104163,4,2805711.0,11.4725,14,False,0.0,1,26.32
C100226,2,3232725.0,9.515,10,False,0.0,1,26.32
C103334,4,2906248.0,12.465,10,True,17411.0,0,26.3
C102981,1,1319943.0,10.39,44,False,0.0,1,26.29
C103635,2,2629161.0,13.515,13,False,0.0,1,26.29
C104028,3,1969291.0,11.726666666666667,29,False,0.0,1,26.27
C102124,2,380943.0,14.55,53,False,0.0,1,26.27
C100293,3,403047.0,16.286666666666665,49,False,0.0,1,26.27
C100983,3,2675982.0,12.043333333333335,15,True,32930.0,0,26.25
C100173,1,513981.0,15.24,49,False,0.0,1,26.25
C103904,2,3633499.0,9.620000000000001,2,False,0.0,1,26.24
C101168,2,153480.0,18.505000000000003,49,False,0.0,1,26.23
C102734,3,612619.0,12.843333333333334,52,True,44618.0,0,26.23
C102804,1,445839.0,10.95,59,False,0.0,1,26.22
C100735,4,2832957.0,13.4825,9,False,0.0,1,26.22
C101453,1,463340.0,14.17,52,False,0.0,1,26.2
C101981,3,1582035.0,14.166666666666666,31,True,10100.0,0,26.2
C104522,2,2712377.0,15.485,7,True,22314.0,0,26.18
C100274,2,638242.0,13.99,49,True,4346.0,0,26.18
C104366,1,72880.0,16.24,55,False,0.0,1,26.18
C103459,3,3126443.0,10.733333333333334,9,False,0.0,1,26.18
C100512,4,2411049.0,14.317499999999999,15,False,0.0,1,26.16
C100189,4,2437556.0,14.0325,15,False,0.0,1,26.14
C102719,1,3167120.0,8.82,12,False,0.0,1,26.13
C100510,2,400660.0,11.190000000000001,59,False,0.0,1,26.12
C100801,2,2969495.0,10.559999999999999,12,True,25594.0,0,26.09
C103120,3,2260051.0,12.656666666666666,21,True,37887.0,0,26.09
C102667,2,2795640.0,12.14,12,False,0.0,1,26.08
C104846,3,2833297.0,11.763333333333334,12,True,8295.0,0,26.07
C103870,1,635586.0,11.87,53,False,0.0,1,26.06
C103165,2,495273.0,15.08,49,False,0.0,1,26.05
C102201,1,153203.0,14.8,56,False,0.0,1,26.05
C102333,2,380479.0,17.09,47,False,0.0,1,26.04
C104422,2,1603016.0,10.305,38,False,0.0,1,26.04
C104223,3,3031158.0,12.313333333333333,7,True,9594.0,0,26.02
C104023,2,511467.0,9.98,59,False,0.0,1,26.0
C102614,2,2539229.0,12.87,15,False,0.0,1,25.99
C101796,4,2675438.0,12.59,13,True,6171.0,0,25.99
C104451,1,359130.0,12.8,56,False,0.0,1,25.98
C103097,1,840432.0,12.26,48,False,0.0,1,25.96
C101917,1,2994150.0,10.59,11,True,10411.0,0,25.95
C100758,2,1172554.0,14.575,37,True,16498.0,0,25.95
C100391,2,484463.0,11.594999999999999,56,False,0.0,1,25.94
C103353,3,595977.0,14.466666666666667,48,False,0.0,1,25.94
C100746,3,2168750.0,17.113333333333333,13,True,36062.0,0,25.93
C100137,2,2396444.0,16.965,9,False,0.0,1,25.92
C104573,2,1484886.0,12.155000000000001,36,False,0.0,1,25.92
C100376,3,2550574.0,16.03,8,False,0.0,1,25.91
C100597,1,2943490.0,10.0,13,False,0.0,1,25.9
C104515,1,1094338.0,14.69,38,False,0.0,1,25.89
C100562,2,2379595.0,11.21,21,False,0.0,1,25.87
C102796,2,1136897.0,13.759999999999998,39,False,0.0,1,25.85
C104768,3,2288365.0,14.843333333333332,15,False,0.0,1,25.81
C102669,3,1296661.0,10.756666666666666,42,False,0.0,1,25.8
C102401,4,2369343.0,15.4825,12,False,0.0,1,25.76
C103569,1,3121937.0,10.56,8,False,0.0,1,25.76
C104202,2,1983597.0,17.535,15,False,0.0,1,25.75
C103406,5,2744411.0,11.052000000000001,14,False,0.0,1,25.74
C102526,4,2488341.0,13.364999999999998,14,True,26039.0,0,25.72
C100151,1,44793.0,19.1,48,True,32582.0,0,25.71
C104758,1,56969.0,18.98,48,False,0.0,1,25.7
C100992,1,63718.0,19.38,47,False,0.0,1,25.69
C102252,4,2986681.0,12.1525,7,True,17340.0,0,25.68
C104763,2,2995141.0,9.645,12,False,0.0,1,25.68
C101319,4,2973667.0,13.6625,4,False,0.0,1,25.64
C102761,2,316283.0,12.11,57,False,0.0,1,25.62
C100057,1,98352.0,20.42,44,False,0.0,1,25.62
C103385,1,88488.0,16.1,53,True,32214.0,0,25.6
C102039,3,2095791.0,16.236666666666665,15,True,26122.0,0,25.59
C100535,2,272719.0,15.34,51,False,0.0,1,25.57
C101216,4,2655644.0,13.5325,10,False,0.0,1,25.57
C100499,4,1327507.0,14.947500000000002,32,False,0.0,1,25.57
C102797,2,2407083.0,16.275,9,False,0.0,1,25.56
C102707,2,2200986.0,19.115000000000002,7,False,0.0,1,25.56
C100434,3,2097842.0,16.169999999999998,15,False,0.0,1,25.56
C103835,2,939227.0,14.594999999999999,40,False,0.0,1,25.56
C103380,1,169264.0,20.61,42,True,39251.0,0,25.54
C102958,1,157821.0,12.45,59,False,0.0,1,25.54
C100852,2,2644252.0,13.075,11,False,0.0,1,25.53
C101232,2,869506.0,12.695,45,True,22241.0,0,25.5
C101470,2,560996.0,13.555,49,True,15623.0,0,25.5
C101101,2,1747975.0,11.475000000000001,31,False,0.0,1,25.49
C103733,3,2691534.0,10.64,15,False,0.0,1,25.49
C101325,1,301792.0,12.97,55,False,0.0,1,25.48
C103968,2,700524.0,11.74,50,False,0.0,1,25.46
C104192,1,90767.0,13.84,57,False,0.0,1,25.43
C102231,2,3188454.0,8.925,9,False,0.0,1,25.43
C103631,2,2286549.0,14.215,15,False,0.0,1,25.42
C101722,1,371500.0,11.73,56,False,0.0,1,25.4
C101523,2,2606145.0,15.06,7,False,0.0,1,25.34
C102703,3,480810.0,19.849999999999998,37,False,0.0,1,25.33
C100164,2,634770.0,11.135,52,False,0.0,1,25.32
C102170,2,2497082.0,13.075,13,True,20194.0,0,25.3
C104061,2,2410426.0,14.84,11,False,0.0,1,25.3
C100878,1,2133824.0,15.38,15,False,0.0,1,25.28
C103739,2,266938.0,11.995000000000001,57,True,33477.0,0,25.28
C103859,1,2936535.0,9.98,11,False,0.0,1,25.27
C104877,3,703297.0,13.790000000000001,45,False,0.0,1,25.25
C102535,2,759723.0,12.295,47,True,35211.0,0,25.24
C100516,1,76311.0,10.74,63,True,20464.0,0,25.24
C100123,3,2242839.0,15.270000000000001,13,False,0.0,1,25.23
C101211,1,311405.0,12.96,54,False,0.0,1,25.23
C103614,3,2197589.0,14.69,15,False,0.0,1,25.22
C103946,1,8191.0,15.14,55,True,13712.0,0,25.17
C104759,1,574663.0,17.73,39,False,0.0,1,25.16
C104614,1,468517.0,12.86,51,True,28441.0,0,25.16
C101730,2,401315.0,14.9,48,False,0.0,1,25.14
C102239,1,261111.0,21.03,38,False,0.0,1,25.13
C100921,3,513268.0,14.35,47,False,0.0,1,25.13
C100100,1,3029469.0,9.33,10,True,20090.0,0,25.1
C101154,4,749306.0,14.557500000000001,42,False,0.0,1,25.09
C103109,5,1328880.0,12.186,36,False,0.0,1,25.08
C104769,1,118658.0,19.81,43,True,38300.0,0,25.08
C104453,2,2714222.0,12.17,10,False,0.0,1,25.07
C101498,1,3279724.0,8.45,7,True,32336.0,0,25.06
C101576,1,3237074.0,9.81,5,True,41873.0,0,25.06
C104734,2,2586837.0,10.855,15,False,0.0,1,25.05
C102350,2,484650.0,16.385,43,False,0.0,1,25.03
C100325,3,2293089.0,13.983333333333334,14,False,0.0,1,25.02
C104136,2,2102867.0,17.175,11,False,0.0,1,25.02
C102891,1,104477.0,12.5,58,False,0.0,1,24.99
C100595,2,461585.0,12.61,51,False,0.0,1,24.97
C103420,2,2586603.0,11.2,14,False,0.0,1,24.96
C102181,1,141859.0,17.95,46,True,10971.0,0,24.96
C104132,3,2066924.0,12.530000000000001,21,True,28786.0,0,24.96
C102149,1,287755.0,15.64,48,True,40320.0,0,24.96
C104610,3,2976285.0,14.456666666666669,0,False,0.0,1,24.96
C102092,1,3425168.0,8.39,4,False,0.0,1,24.95
C100003,4,2136136.0,14.809999999999999,15,True,32510.0,0,24.95
C101729,2,2830240.0,10.885,10,False,0.0,1,24.94
C103881,2,496161.0,16.134999999999998,43,False,0.0,1,24.94
C103957,2,3185016.0,11.02,3,False,0.0,1,24.92
C103091,1,442347.0,14.65,47,False,0.0,1,24.92
C102680,1,1482666.0,17.79,21,False,0.0,1,24.91
C103633,2,2227983.0,13.875,15,False,0.0,1,24.89
C101215,1,3082140.0,11.41,4,False,0.0,1,24.88
C103632,3,1004169.0,13.306666666666667,39,True,34056.0,0,24.85
C101670,2,164985.0,13.16,55,False,0.0,1,24.84
C103626,2,1773306.0,11.105,29,False,0.0,1,24.83
C104078,2,231941.0,11.525,57,True,19852.0,0,24.81
C104160,1,700340.0,8.2,55,False,0.0,1,24.79
C103723,2,3202834.0,11.59,1,False,0.0,1,24.78
C102673,2,2194557.0,15.364999999999998,12,True,32461.0,0,24.73
C103073,1,31192.0,12.7,58,False,0.0,1,24.71
C100540,4,2076082.0,14.4725,16,False,0.0,1,24.71
C101035,3,2509984.0,15.863333333333335,5,False,0.0,1,24.71
C101780,2,523767.0,16.465,41,False,0.0,1,24.7
C101697,1,117081.0,12.37,57,False,0.0,1,24.69
C102555,2,2129719.0,18.29,7,True,6873.0,0,24.67
C102892,1,3198792.0,10.45,3,False,0.0,1,24.65
C102249,2,1900998.0,13.02,22,False,0.0,1,24.63
C101573,2,393858.0,18.98,38,True,11716.0,0,24.63
C104989,3,2899989.0,12.65,4,False,0.0,1,24.63
C101914,2,582799.0,14.83,43,False,0.0,1,24.63
C102732,1,215565.0,10.35,59,True,6163.0,0,24.6
C102461,3,1832674.0,15.053333333333333,19,False,0.0,1,24.6
C103184,3,2774887.0,11.76,8,False,0.0,1,24.58
C104539,2,605825.0,17.945,36,False,0.0,1,24.58
C102976,2,572325.0,13.855,45,False,0.0,1,24.57
C102811,2,305276.0,15.27,47,False,0.0,1,24.54
C103065,2,2114674.0,11.39,21,False,0.0,1,24.53
C101478,1,2208273.0,17.3,7,True,44322.0,0,24.51
C103232,2,2825486.0,8.7,13,False,0.0,1,24.48
C101408,1,64327.0,12.95,56,False,0.0,1,24.46
C101443,5,2146775.0,13.898,15,False,0.0,1,24.46
C101558,2,402763.0,12.765,50,False,0.0,1,24.45
C103244,1,192654.0,16.12,47,True,9088.0,0,24.43
C104956,3,2057983.0,15.593333333333334,13,False,0.0,1,24.41
C103799,2,263196.0,12.995000000000001,52,True,42578.0,0,24.4
C104709,1,39042.0,21.83,38,False,0.0,1,24.4
C104036,2,530083.0,12.969999999999999,47,True,39532.0,0,24.39
C102735,1,32576.0,16.53,49,False,0.0,1,24.39
C100685,1,1638502.0,13.53,25,True,32002.0,0,24.38
C102521,4,2758371.0,12.535,6,True,20857.0,0,24.37
C104770,2,1949661.0,15.030000000000001,16,True,4057.0,0,24.36
C102452,5,2460709.0,13.782,9,True,25763.0,0,24.36
C103658,1,93200.0,12.02,57,False,0.0,1,24.35
C103585,1,497911.0,11.24,51,False,0.0,1,24.34
C104455,1,3186887.0,10.99,1,False,0.0,1,24.33
C104164,2,2436938.0,12.495000000000001,12,False,0.0,1,24.33
C104570,1,1616546.0,15.6,21,True,20565.0,0,24.33
C101802,1,89901.0,18.3,44,False,0.0,1,24.31
C100461,2,2136978.0,14.17,14,False,0.0,1,24.28
C103061,1,319596.0,15.18,46,False,0.0,1,24.27
C100987,1,557447.0,10.56,51,False,0.0,1,24.26
C103354,4,1814131.0,16.6,15,False,0.0,1,24.26
C104092,1,45000.0,19.09,43,False,0.0,1,24.24
C100926,2,657085.0,17.365000000000002,35,False,0.0,1,24.22
C101664,2,586491.0,11.2,49,False,0.0,1,24.22
C101033,2,312346.0,12.219999999999999,52,True,9603.0,0,24.21
C102824,3,2543485.0,13.256666666666666,8,False,0.0,1,24.21
C102382,1,724685.0,11.84,45,False,0.0,1,24.2
C104863,2,121803.0,14.434999999999999,51,False,0.0,1,24.2
C101206,3,2057108.0,15.729999999999999,12,False,0.0,1,24.2
C104162,2,1396524.0,9.594999999999999,37,False,0.0,1,24.19
C104803,2,1154246.0,9.83,41,False,0.0,1,24.17
C103641,1,2684684.0,8.97,14,False,0.0,1,24.16
C101789,2,1325365.0,16.995,23,True,30196.0,0,24.16
C103298,3,2151446.0,15.770000000000001,10,False,0.0,1,24.15
C104913,2,1671769.0,17.685000000000002,15,False,0.0,1,24.14
C102063,2,2170360.0,13.135,15,True,29899.0,0,24.13
C104364,2,518363.0,16.42,39,True,22176.0,0,24.06
C104146,3,2140349.0,14.196666666666667,13,False,0.0,1,24.02
C102751,3,2154886.0,14.550000000000002,12,False,0.0,1,24.02
C100255,1,235235.0,9.18,59,False,0.0,1,24.0
C100830,1,1493903.0,11.25,31,False,0.0,1,23.97
C103293,1,452089.0,12.98,47,False,0.0,1,23.97
C104818,5,1939440.0,14.930000000000001,15,True,33801.0,0,23.95
C103725,2,1592516.0,18.085,15,False,0.0,1,23.94
C100030,2,2717518.0,9.76,11,False,0.0,1,23.94
C101365,1,2157327.0,17.28,6,True,16170.0,0,23.93
C101254,1,13586.0,13.98,53,False,0.0,1,23.92
C104672,1,2683392.0,9.55,12,True,22638.0,0,23.92
C101934,3,2112438.0,18.16333333333333,5,False,0.0,1,23.92
C103867,2,1025380.0,14.440000000000001,33,False,0.0,1,23.9
C102505,2,579055.0,12.17,46,True,21839.0,0,23.89
C104701,1,42441.0,16.09,48,False,0.0,1,23.89
C101870,2,784784.0,12.69,41,False,0.0,1,23.87
C100288,2,474115.0,12.115,48,False,0.0,1,23.86
C102585,3,1717301.0,16.813333333333333,15,False,0.0,1,23.86
C102392,3,1804523.0,13.076666666666666,21,True,4275.0,0,23.85
C100262,2,330393.0,10.49,54,True,23751.0,0,23.85
C101786,1,182243.0,11.82,54,False,0.0,1,23.84
C103577,2,416854.0,11.125,51,False,0.0,1,23.83
C101457,1,51580.0,13.48,53,False,0.0,1,23.83
C101861,3,2320736.0,10.729999999999999,16,False,0.0,1,23.81
C103640,3,2171855.0,15.01,10,False,0.0,1,23.81
C103702,2,2427733.0,12.135,11,False,0.0,1,23.78
C103868,3,982641.0,14.606666666666667,33,True,9071.0,0,23.77
C102791,2,595029.0,9.36,51,False,0.0,1,23.75
C100479,2,860500.0,11.79,41,False,0.0,1,23.74
C103513,1,210160.0,12.85,51,False,0.0,1,23.74
C103011,2,2866877.0,11.465,4,True,33168.0,0,23.74
C102197,1,395163.0,13.05,47,False,0.0,1,23.7
C102230,2,1062594.0,11.815,37,False,0.0,1,23.7
C102779,2,255573.0,17.73,40,False,0.0,1,23.7
C100131,1,3058474.0,11.08,1,False,0.0,1,23.68
C103762,4,1943563.0,14.4425,15,True,14098.0,0,23.68
C100413,4,1122703.0,11.7175,36,False,0.0,1,23.68
C104948,2,397027.0,13.465,46,True,31821.0,0,23.67
C103401,1,53923.0,21.45,36,False,0.0,1,23.67
C100275,1,143657.0,13.81,50,False,0.0,1,23.66
C100858,4,2376354.0,10.4575,15,True,12457.0,0,23.66
C104792,2,879362.0,13.36,37,False,0.0,1,23.62
C102498,2,1419905.0,13.77,26,False,0.0,1,23.62
C100482,1,143440.0,10.34,57,False,0.0,1,23.61
C103180,3,2221759.0,15.183333333333335,8,False,0.0,1,23.6
C100988,1,302998.0,12.27,50,False,0.0,1,23.6
C104851,1,171674.0,9.57,58,False,0.0,1,23.6
C103546,4,2614257.0,12.57,6,False,0.0,1,23.6
C102705,2,2417825.0,11.915,11,False,0.0,1,23.59
C102034,3,2489995.0,15.143333333333336,3,True,31089.0,0,23.59
C100238,1,1221508.0,10.66,36,False,0.0,1,23.58
C103071,1,853087.0,10.13,44,False,0.0,1,23.58
C103797,2,2362846.0,11.41,13,True,15888.0,0,23.57
C102649,1,2468042.0,9.97,14,False,0.0,1,23.57
C102029,1,263514.0,15.97,43,False,0.0,1,23.57
C103187,1,239641.0,12.26,51,False,0.0,1,23.54
C103532,3,2270472.0,13.656666666666666,10,False,0.0,1,23.54
C102530,3,2443877.0,10.113333333333333,14,False,0.0,1,23.53
C104487,1,2415988.0,9.39,16,True,33089.0,0,23.52
C100135,3,2609535.0,10.013333333333334,11,True,23832.0,0,23.5
C100506,1,2700919.0,12.06,5,False,0.0,1,23.48
C100768,2,1273509.0,14.34,27,False,0.0,1,23.45
C102488,2,2816006.0,10.45,6,False,0.0,1,23.43
C104965,2,2110217.0,15.42,9,False,0.0,1,23.43
C104751,3,2272959.0,14.413333333333334,8,False,0.0,1,23.42
C104592,3,2329995.0,12.906666666666666,10,False,0.0,1,23.41
C102765,2,782380.0,9.52,46,False,0.0,1,23.41
C100884,1,3100924.0,9.74,2,False,0.0,1,23.4
C103655,4,2193639.0,13.1575,12,False,0.0,1,23.4
C103222,1,2886801.0,10.2,5,False,0.0,1,23.38
C103461,2,2083330.0,16.560000000000002,7,False,0.0,1,23.38
C101657,1,1685304.0,17.76,12,False,0.0,1,23.38
C100289,3,2342391.0,11.280000000000001,13,False,0.0,1,23.38
C103454,1,60278.0,19.44,39,False,0.0,1,23.37
C103479,1,1963149.0,16.61,9,False,0.0,1,23.34
C101428,3,2821041.0,11.21,4,True,35507.0,0,23.33
C102548,4,1786269.0,15.2925,15,False,0.0,1,23.33
C101800,3,1215570.0,15.133333333333333,26,False,0.0,1,23.32
C102160,3,1822027.0,14.959999999999999,15,False,0.0,1,23.32
C103954,1,2410024.0,14.45,5,False,0.0,1,23.32
C100065,1,2382254.0,10.29,14,False,0.0,1,23.3
C102262,4,1237213.0,15.3825,25,False,0.0,1,23.29
C103313,1,189847.0,19.02,37,False,0.0,1,23.24
C101378,2,1643783.0,16.425,15,False,0.0,1,23.23
C103611,1,2782606.0,9.45,8,False,0.0,1,23.23
C102497,1,460726.0,18.46,33,False,0.0,1,23.22
C104871,1,891833.0,12.54,37,False,0.0,1,23.2
C101963,4,1678636.0,16.07,15,False,0.0,1,23.2
C100525,1,129153.0,14.12,48,False,0.0,1,23.18
C103889,2,2542686.0,11.545,8,False,0.0,1,23.18
C102992,2,113837.0,11.325,54,False,0.0,1,23.17
C102429,4,1926095.0,13.73,15,False,0.0,1,23.15
C101069,1,2983207.0,9.89,3,False,0.0,1,23.14
C100399,2,1564349.0,16.98,15,False,0.0,1,23.12
C103704,2,2423592.0,10.58,12,False,0.0,1,23.11
C103874,3,2385722.0,10.89,12,False,0.0,1,23.09
C100686,2,1892257.0,14.344999999999999,14,False,0.0,1,23.05
C100871,4,2356072.0,11.585,11,True,27271.0,0,23.05
C100757,2,2773402.0,12.149999999999999,2,False,0.0,1,23.05
C100731,2,1010491.0,10.705,38,False,0.0,1,23.04
C101956,2,1590565.0,16.6,15,False,0.0,1,23.04
C101506,4,2060576.0,13.774999999999999,12,False,0.0,1,23.04
C100696,2,2350022.0,11.094999999999999,12,False,0.0,1,23.02
C104472,2,2503520.0,9.19,13,False,0.0,1,23.01
C104973,1,1131097.0,10.51,36,False,0.0,1,23.0
C100621,4,1994438.0,13.3025,14,False,0.0,1,22.98
C103737,3,2312483.0,10.88,13,False,0.0,1,22.98
C103898,1,2739226.0,10.36,6,False,0.0,1,22.96
C101612,1,886546.0,8.79,44,False,0.0,1,22.96
C101656,3,631425.0,17.91333333333333,30,False,0.0,1,22.95
C100653,3,1681820.0,15.616666666666667,15,True,22824.0,0,22.95
C100550,1,1833008.0,14.17,15,False,0.0,1,22.91
C101652,1,1830288.0,14.19,15,True,22992.0,0,22.91
C100132,1,2302067.0,14.27,6,True,28186.0,0,22.91
C103446,2,1101297.0,13.545,30,False,0.0,1,22.9
C102073,3,1794280.0,14.986666666666666,14,False,0.0,1,22.9
C101761,2,1306970.0,11.16,31,True,20712.0,0,22.89
C101790,1,2950142.0,10.24,2,False,0.0,1,22.87
C100648,2,2290064.0,11.855,11,True,23038.0,0,22.86
C101370,1,537001.0,11.79,44,False,0.0,1,22.85
C103527,2,1834937.0,15.49,12,False,0.0,1,22.84
C100104,2,832892.0,17.345,27,False,0.0,1,22.84
C102080,3,2163776.0,13.443333333333333,10,False,0.0,1,22.83
C104345,1,258492.0,11.84,49,False,0.0,1,22.81
C104747,1,507473.0,20.74,26,True,15048.0,0,22.8
C103772,1,2968841.0,9.95,2,False,0.0,1,22.8
C101871,1,120712.0,16.48,42,True,16675.0,0,22.8
C100179,1,234863.0,12.04,49,False,0.0,1,22.8
C101533,1,734579.0,17.21,29,False,0.0,1,22.8
C100784,2,1560037.0,17.91,12,False,0.0,1,22.78
C101740,2,895559.0,12.77,35,False,0.0,1,22.77
C103388,2,452991.0,15.815000000000001,37,False,0.0,1,22.76
C103182,2,832832.0,19.11,23,True,23443.0,0,22.73
C100729,2,1536369.0,18.985,10,False,0.0,1,22.72
C100364,2,151965.0,19.935000000000002,34,False,0.0,1,22.71
C103437,2,1958092.0,13.16,14,False,0.0,1,22.7
C104412,1,210453.0,14.5,44,False,0.0,1,22.69
C101824,3,2027292.0,15.916666666666666,7,False,0.0,1,22.69
C100614,3,1976356.0,15.413333333333334,9,False,0.0,1,22.69
C102693,3,2023443.0,14.486666666666666,10,True,22166.0,0,22.68
C102725,2,394154.0,10.375,49,False,0.0,1,22.67
C102950,1,179581.0,10.87,52,False,0.0,1,22.67
C100420,4,1580698.0,18.0075,11,False,0.0,1,22.66
C101791,4,2572783.0,13.3125,2,False,0.0,1,22.65
C102825,2,331297.0,14.315,42,True,31297.0,0,22.65
C102434,3,1719978.0,16.18,12,False,0.0,1,22.62
C102687,2,2515332.0,13.305,3,True,25484.0,0,22.62
C101490,1,3018564.0,10.13,0,True,34647.0,0,22.6
C101974,3,1819303.0,14.743333333333332,13,False,0.0,1,22.59
C103560,1,1000766.0,14.91,28,False,0.0,1,22.59
C104900,4,2098008.0,11.2025,15,False,0.0,1,22.58
C103545,2,2958526.0,10.15,1,True,12107.0,0,22.57
C101892,2,2019044.0,9.945,19,False,0.0,1,22.56
C101105,2,2257099.0,14.1,6,False,0.0,1,22.56
C100012,2,166915.0,13.18,47,True,38308.0,0,22.53
C102826,1,164594.0,12.72,48,False,0.0,1,22.53
C101086,1,2504937.0,8.35,13,False,0.0,1,22.51
C104632,1,1507950.0,9.17,30,True,18437.0,0,22.51
C103681,1,2027325.0,16.58,5,False,0.0,1,22.5
C102966,2,1502463.0,15.995,16,False,0.0,1,22.49
C102640,1,316452.0,14.17,42,False,0.0,1,22.48
C100879,1,1202011.0,11.9,30,False,0.0,1,22.47
C102367,1,191809.0,9.43,54,False,0.0,1,22.46
C100771,1,189757.0,8.95,55,False,0.0,1,22.45
C105000,1,41303.0,18.04,39,False,0.0,1,22.43
C104713,1,992337.0,14.21,29,True,33785.0,0,22.42
C102362,3,1516877.0,17.153333333333332,13,True,26765.0,0,22.39
C104249,2,625750.0,13.625,37,False,0.0,1,22.39
C101964,1,129440.0,13.77,46,False,0.0,1,22.39
C104742,1,1768590.0,17.76,7,False,0.0,1,22.38
C101900,2,2306990.0,9.91,13,False,0.0,1,22.36
C103400,1,1377300.0,9.62,31,True,44267.0,0,22.35
C102943,2,2562892.0,9.985,8,False,0.0,1,22.35
C101054,2,1780883.0,17.105,8,False,0.0,1,22.34
C101688,3,1982822.0,15.243333333333332,8,False,0.0,1,22.33
C102600,1,327425.0,9.42,51,False,0.0,1,22.32
C100078,4,2024170.0,12.4125,13,False,0.0,1,22.32
C102490,3,122333.0,17.613333333333333,38,True,16315.0,0,22.32
C104463,2,2254528.0,13.71,6,False,0.0,1,22.32
C100779,3,2101213.0,12.666666666666666,11,False,0.0,1,22.31
C102868,4,1799329.0,14.91,12,True,41866.0,0,22.29
C100565,1,2497000.0,10.49,8,True,26089.0,0,22.29
C102627,2,1721534.0,14.629999999999999,14,False,0.0,1,22.28
C101969,2,2251843.0,12.22,9,True,32685.0,0,22.28
C102875,2,2563204.0,11.785,4,False,0.0,1,22.27
C101424,2,670727.0,16.36,30,False,0.0,1,22.24
C104368,2,2214889.0,12.445,9,True,12081.0,0,22.21
C100802,1,90649.0,12.85,48,False,0.0,1,22.21
C102113,1,1998786.0,11.95,14,False,0.0,1,22.19
C101420,2,1900143.0,12.35,15,True,31949.0,0,22.18
C102683,2,2058113.0,11.364999999999998,14,False,0.0,1,22.17
C100345,1,1436834.0,11.19,26,True,19176.0,0,22.16
C103010,1,114079.0,9.62,54,False,0.0,1,22.15
C103049,4,2099567.0,12.415,11,False,0.0,1,22.15
C104466,1,393242.0,12.42,43,False,0.0,1,22.15
C103131,2,2505028.0,11.155000000000001,6,False,0.0,1,22.15
C103785,2,707012.0,13.455,35,True,28483.0,0,22.15
C104207,2,440413.0,10.5,46,False,0.0,1,22.13
C101095,2,2265306.0,13.275,6,True,33786.0,0,22.11
C102040,3,1329625.0,17.426666666666666,15,True,23464.0,0,22.11
C103107,2,291943.0,12.21,45,False,0.0,1,22.05
C101842,1,596111.0,16.23,31,False,0.0,1,22.04
C104939,1,2621720.0,10.87,4,False,0.0,1,22.04
C102601,3,1944815.0,12.183333333333332,14,False,0.0,1,22.04
C102395,2,1918194.0,11.95,15,True,16887.0,0,22.04
C102805,2,263085.0,14.870000000000001,40,False,0.0,1,22.03
C104186,1,610795.0,13.14,37,False,0.0,1,22.02
C101240,1,318047.0,19.16,30,False,0.0,1,21.99
C104042,3,1969165.0,12.373333333333335,13,False,0.0,1,21.99
C100489,4,1822204.0,15.1725,10,False,0.0,1,21.99
C101352,1,2921265.0,9.01,2,True,28580.0,0,21.98
C101267,1,1480812.0,17.76,11,False,0.0,1,21.97
C103966,4,2123038.0,10.925,13,True,7905.0,0,21.97
C104933,1,1661099.0,15.13,13,False,0.0,1,21.96
C102071,2,1931596.0,14.120000000000001,10,False,0.0,1,21.96
C103933,2,263086.0,15.735,38,False,0.0,1,21.96
C103251,3,1531728.0,16.77333333333333,12,False,0.0,1,21.95
C101334,3,2049340.0,13.5,9,True,20790.0,0,21.94
C101072,2,2377263.0,10.99,8,False,0.0,1,21.94
C101601,3,2055284.0,11.993333333333332,12,False,0.0,1,21.94
C100976,4,1995757.0,13.4375,10,True,9186.0,0,21.9
C100727,2,359784.0,19.605,28,False,0.0,1,21.9
C102948,1,65428.0,11.09,51,False,0.0,1,21.89
C102972,2,1759866.0,16.5,8,False,0.0,1,21.87
C101527,2,2152071.0,13.42,7,False,0.0,1,21.87
C100629,3,1950454.0,12.803333333333335,12,False,0.0,1,21.86
C100327,2,1883438.0,15.85,7,False,0.0,1,21.86
C100042,3,1508851.0,15.36,15,False,0.0,1,21.85
C101305,1,115986.0,11.52,49,False,0.0,1,21.84
C101191,5,1608647.0,14.413999999999998,15,False,0.0,1,21.83
C100823,3,1669752.0,13.856666666666667,15,False,0.0,1,21.83
C102962,1,2340106.0,8.2,14,False,0.0,1,21.81
C101038,3,1468107.0,15.663333333333334,15,True,17724.0,0,21.81
C101089,2,1248645.0,13.755,23,False,0.0,1,21.8
C100309,1,580632.0,10.62,42,True,33276.0,0,21.8
C103975,2,2158909.0,10.785,12,True,11524.0,0,21.79
C103806,3,1623897.0,14.626666666666667,14,False,0.0,1,21.75
C102528,1,76359.0,13.68,45,False,0.0,1,21.75
C101613,2,1887881.0,11.725,15,True,28667.0,0,21.74
C100069,2,1488275.0,15.86,14,False,0.0,1,21.74
C100760,1,2033235.0,11.82,12,False,0.0,1,21.72
C100778,2,2028696.0,14.254999999999999,7,True,4986.0,0,21.7
C103373,4,1894616.0,12.5625,13,True,39488.0,0,21.7
C104628,1,2172671.0,9.5,14,False,0.0,1,21.67
C102760,1,2180732.0,8.93,15,True,11024.0,0,21.67
C101040,4,1763799.0,13.7075,13,False,0.0,1,21.67
C100854,1,557207.0,12.04,39,False,0.0,1,21.65
C100804,3,1371511.0,17.253333333333334,13,False,0.0,1,21.65
C100701,1,283485.0,21.8,24,False,0.0,1,21.63
C101544,1,444097.0,11.58,42,False,0.0,1,21.63
C101808,2,1766731.0,15.565,9,False,0.0,1,21.63
C101202,3,1735239.0,13.863333333333335,13,True,38071.0,0,21.61
C103478,1,25787.0,9.52,54,True,11916.0,0,21.6
C101115,3,1429906.0,16.13,14,False,0.0,1,21.59
C102317,3,527985.0,13.606666666666667,36,False,0.0,1,21.55
C101569,4,1865046.0,12.0825,14,False,0.0,1,21.54
C102377,1,140467.0,15.18,40,True,4989.0,0,21.54
C100790,2,199569.0,17.025,35,False,0.0,1,21.52
C103944,3,1080885.0,10.926666666666668,31,True,13962.0,0,21.51
C101668,2,344335.0,15.215,36,False,0.0,1,21.51
C104049,1,1825202.0,14.82,9,False,0.0,1,21.51
C101966,1,2572265.0,8.96,7,False,0.0,1,21.5
C103177,3,1489015.0,14.88,15,False,0.0,1,21.45
C100276,4,1699934.0,14.372499999999999,12,False,0.0,1,21.43
C102171,3,1509424.0,14.64333333333333,15,False,0.0,1,21.42
C103599,2,1233456.0,11.3,27,False,0.0,1,21.41
C104587,2,1898085.0,13.505,10,False,0.0,1,21.41
C100798,1,2693657.0,9.14,4,False,0.0,1,21.39
C100497,2,1957153.0,10.995000000000001,14,False,0.0,1,21.39
C100462,1,1251816.0,10.14,29,False,0.0,1,21.39
C100268,1,149769.0,9.5,51,False,0.0,1,21.39
C100431,2,1618220.0,18.89,4,False,0.0,1,21.36
C102698,1,1033219.0,9.65,34,True,21938.0,0,21.36
C104432,2,929580.0,13.49,28,True,5865.0,0,21.35
C101106,2,2023973.0,11.754999999999999,11,False,0.0,1,21.34
C100825,4,1762372.0,12.205,15,False,0.0,1,21.34
C101205,4,1665941.0,13.535,14,False,0.0,1,21.32
C101377,2,635435.0,10.274999999999999,40,True,17272.0,0,21.31
C102946,2,1217684.0,12.725000000000001,24,True,29278.0,0,21.3
C101979,2,135547.0,18.200000000000003,33,False,0.0,1,21.29
C101778,2,2231694.0,9.77,11,False,0.0,1,21.28
C103565,3,1592803.0,15.573333333333332,11,True,8867.0,0,21.27
C101743,3,1857742.0,11.203333333333333,15,False,0.0,1,21.26
C104536,2,1851954.0,11.195,15,False,0.0,1,21.23
C104166,2,664735.0,17.64,24,True,43095.0,0,21.22
C101884,2,2099909.0,12.305,8,False,0.0,1,21.21
C102529,3,1684188.0,11.236666666666666,18,True,38277.0,0,21.21
C103728,4,1403322.0,15.2475,15,True,25638.0,0,21.2
C104381,3,1687099.0,13.096666666666666,14,True,22516.0,0,21.18
C100428,1,2395244.0,10.52,6,False,0.0,1,21.17
C102219,2,1380316.0,17.345,11,False,0.0,1,21.17
C103877,1,171663.0,14.76,39,False,0.0,1,21.17
C102229,2,2508002.0,11.91,1,False,0.0,1,21.16
C102696,4,1887374.0,11.2525,14,False,0.0,1,21.16
C100055,4,1725397.0,12.717500000000001,14,False,0.0,1,21.16
C100578,1,210581.0,13.4,41,False,0.0,1,21.15
C101588,4,1701373.0,13.415,13,True,6672.0,0,21.15
C102928,2,1376408.0,16.36,13,False,0.0,1,21.14
C100577,2,1555010.0,16.185000000000002,10,False,0.0,1,21.14
C104584,5,1956489.0,12.018,11,False,0.0,1,21.13
C100418,2,292370.0,15.02,36,False,0.0,1,21.11
C100979,3,1400937.0,16.576666666666664,12,True,24398.0,0,21.11
C102533,2,1291934.0,15.61,16,False,0.0,1,21.1
C100855,2,1937209.0,12.155000000000001,11,False,0.0,1,21.1
C101386,2,1645336.0,15.290000000000001,10,False,0.0,1,21.1
C101857,1,2400876.0,10.35,6,True,16070.0,0,21.1
C103476,1,346362.0,11.03,43,True,32599.0,0,21.06
C104908,3,1355486.0,16.419999999999998,13,False,0.0,1,21.06
C102664,3,1551069.0,13.626666666666667,15,False,0.0,1,21.04
C102232,3,1832474.0,15.42,6,True,6755.0,0,21.03
C101361,3,893145.0,14.729999999999999,25,False,0.0,1,21.02
C100990,5,1578434.0,15.738,10,True,4668.0,0,21.0
C104417,1,1273031.0,17.52,12,False,0.0,1,20.98
C104253,3,1431354.0,12.163333333333334,20,True,16895.0,0,20.97
C101855,2,1901609.0,10.29,15,True,17466.0,0,20.96
C104180,3,1116960.0,12.089999999999998,26,False,0.0,1,20.95
C103566,2,1917527.0,13.530000000000001,8,False,0.0,1,20.95
C104335,3,1928247.0,12.936666666666667,9,False,0.0,1,20.94
C101421,3,1604547.0,13.453333333333333,14,False,0.0,1,20.94
C100933,2,1353734.0,14.77,16,False,0.0,1,20.94
C100674,3,2015579.0,12.61,8,False,0.0,1,20.93
C101496,2,1725827.0,14.24,10,True,5299.0,0,20.91
C103664,2,1939854.0,9.85,15,True,40772.0,0,20.9
C103751,1,628699.0,21.81,15,False,0.0,1,20.9
C100941,1,103026.0,21.73,25,False,0.0,1,20.89
C104439,5,1773413.0,14.724,8,True,28826.0,0,20.87
C104429,3,1610501.0,13.780000000000001,13,True,29099.0,0,20.87
C100861,1,517537.0,10.6,40,False,0.0,1,20.86
C101915,2,1031855.0,10.774999999999999,30,False,0.0,1,20.86
C104220,2,744301.0,15.344999999999999,26,False,0.0,1,20.86
C103324,2,1735132.0,13.595,11,False,0.0,1,20.86
C103511,3,1167304.0,16.796666666666667,15,False,0.0,1,20.84
C100633,1,250013.0,13.01,40,False,0.0,1,20.84
C101190,1,2032787.0,10.82,11,True,12749.0,0,20.83
C102799,1,1906810.0,10.48,14,True,17137.0,0,20.81
C103390,2,990989.0,12.985,26,False,0.0,1,20.8
C101560,2,1490660.0,13.780000000000001,15,False,0.0,1,20.8
C101755,3,1362034.0,14.926666666666668,15,False,0.0,1,20.79
C104888,1,2065239.0,15.33,1,False,0.0,1,20.79
C102682,1,1545010.0,13.72,14,True,43137.0,0,20.77
C102884,3,962943.0,18.53,15,True,42510.0,0,20.76
C100529,4,1410199.0,14.915000000000001,14,False,0.0,1,20.75
C100281,3,788608.0,12.306666666666667,31,False,0.0,1,20.74
C103798,1,882513.0,10.47,33,True,32499.0,0,20.74
C103114,2,566003.0,15.3,29,False,0.0,1,20.74
C101845,2,665949.0,14.865,28,False,0.0,1,20.73
C100981,3,1198220.0,17.78,12,True,29398.0,0,20.73
C102119,1,324959.0,16.02,32,True,7563.0,0,20.72
C103624,2,2112309.0,13.809999999999999,3,False,0.0,1,20.72
C103754,1,791521.0,21.42,12,True,44645.0,0,20.68
C103667,1,231519.0,14.84,36,False,0.0,1,20.67
C101375,2,1303501.0,16.725,12,False,0.0,1,20.67
C102795,2,2146231.0,11.46,7,False,0.0,1,20.66
C103468,1,643451.0,21.28,15,True,28562.0,0,20.66
C100906,1,95511.0,11.68,45,False,0.0,1,20.66
C103080,2,1811555.0,11.594999999999999,13,False,0.0,1,20.66
C101171,4,850578.0,12.5625,29,True,25116.0,0,20.65
C104382,2,566707.0,8.835,42,False,0.0,1,20.65
C101873,3,1447334.0,15.36,12,False,0.0,1,20.64
C101976,3,934675.0,15.666666666666666,21,False,0.0,1,20.64
C100870,3,1312014.0,16.59,12,True,13491.0,0,20.63
C104020,1,522086.0,10.16,40,True,24246.0,0,20.62
C101752,2,1628629.0,12.2,15,True,22840.0,0,20.61
C103500,2,1787335.0,11.2,14,False,0.0,1,20.59
C104328,2,1058628.0,9.085,32,True,9359.0,0,20.58
C102286,4,1638194.0,13.025,13,False,0.0,1,20.57
C103573,3,1415634.0,14.563333333333334,14,False,0.0,1,20.57
C100642,1,648483.0,21.57,14,False,0.0,1,20.57
C101312,3,1391460.0,15.253333333333332,13,False,0.0,1,20.56
C100693,3,1784847.0,12.15,12,False,0.0,1,20.56
C101200,1,13752.0,21.43,26,True,20356.0,0,20.52
C102481,3,308585.0,13.38,37,True,12249.0,0,20.51
C101435,3,707964.0,12.17,32,False,0.0,1,20.51
C102754,1,1684612.0,10.06,18,True,25042.0,0,20.51
C102510,4,1321244.0,16.2775,12,False,0.0,1,20.5
C102964,2,1369844.0,17.245,9,True,18002.0,0,20.47
C102788,1,2064752.0,8.48,14,True,24169.0,0,20.47
C103023,2,1160942.0,16.23,15,False,0.0,1,20.47
C102145,2,1677268.0,13.45,11,True,23633.0,0,20.46
C104521,5,1227184.0,16.078,14,False,0.0,1,20.45
C100280,4,1849877.0,11.8575,11,True,36338.0,0,20.45
C101876,1,222784.0,8.7,48,False,0.0,1,20.44
C104704,3,1581841.0,14.766666666666667,10,False,0.0,1,20.43
C100980,1,1960703.0,13.23,6,True,24283.0,0,20.42
C104489,1,1109238.0,15.65,17,False,0.0,1,20.42
C102105,2,1829531.0,11.49,12,False,0.0,1,20.41
C101460,2,79863.0,12.870000000000001,42,True,7741.0,0,20.41
C104634,2,1677427.0,11.395,15,False,0.0,1,20.39
C103235,2,1664392.0,12.475000000000001,13,False,0.0,1,20.39
C102598,1,1901740.0,15.14,3,False,0.0,1,20.37
C101925,4,1259832.0,15.635,14,True,8437.0,0,20.36
C101568,2,820205.0,19.145,15,True,32108.0,0,20.35
C102903,2,1446737.0,13.91,14,True,24212.0,0,20.35
C100171,2,1493102.0,12.98,15,True,10629.0,0,20.33
C104998,3,1529970.0,13.12,14,False,0.0,1,20.33
C100668,1,279051.0,21.08,21,False,0.0,1,20.3
C103735,2,534434.0,12.855,33,True,19693.0,0,20.26
C104370,2,1011357.0,17.225,15,False,0.0,1,20.25
C102747,2,1557131.0,17.595,4,False,0.0,1,20.25
C102475,2,2014970.0,9.54,12,False,0.0,1,20.25
C102445,2,432444.0,20.060000000000002,20,False,0.0,1,20.24
C101145,1,1365385.0,13.99,15,False,0.0,1,20.24
C104496,2,1859302.0,11.41,11,False,0.0,1,20.23
C100743,3,1413429.0,13.526666666666666,15,True,20497.0,0,20.23
C104873,1,145032.0,21.7,22,False,0.0,1,20.23
C100821,2,1544042.0,15.245000000000001,9,True,32650.0,0,20.22
C103297,1,2763669.0,8.46,0,False,0.0,1,20.2
C104156,2,631192.0,13.32,30,False,0.0,1,20.2
C104708,3,1049140.0,15.796666666666667,17,False,0.0,1,20.18
C104014,1,693790.0,14.17,27,False,0.0,1,20.17
C103818,3,1401420.0,14.506666666666668,13,True,14901.0,0,20.17
C100323,4,1265278.0,15.7325,13,False,0.0,1,20.16
C103206,1,22292.0,19.29,29,True,7212.0,0,20.15
C101278,2,264860.0,18.03,27,False,0.0,1,20.14
C101957,1,810501.0,10.6,32,False,0.0,1,20.13
C103938,2,1653514.0,11.655,14,False,0.0,1,20.13
C104305,2,284405.0,12.49,38,True,44372.0,0,20.13
C100594,3,1800452.0,14.196666666666667,6,False,0.0,1,20.12
C101037,2,1661010.0,13.04,11,False,0.0,1,20.12
C104103,1,582430.0,18.49,20,False,0.0,1,20.12
C102999,2,280289.0,20.270000000000003,22,False,0.0,1,20.11
C101148,2,357227.0,16.63,28,True,31766.0,0,20.1
C104940,2,1951117.0,9.875,12,False,0.0,1,20.1
C104435,1,1409829.0,12.83,16,False,0.0,1,20.08
C100250,3,1715890.0,11.493333333333332,13,False,0.0,1,20.08
C103110,2,428026.0,10.07,40,False,0.0,1,20.05
C101515,2,960923.0,19.285,11,False,0.0,1,20.04
C100792,2,1554055.0,13.375,12,False,0.0,1,20.03
C102056,1,211379.0,21.24,21,True,25536.0,0,20.03
C103926,2,1498593.0,9.965,20,False,0.0,1,20.01
C102821,3,1568705.0,12.723333333333334,13,True,10463.0,0,20.01
C104147,2,1381691.0,17.814999999999998,6,True,37101.0,0,20.0
C101500,3,1085221.0,16.143333333333334,15,False,0.0,1,20.0
C103812,2,524517.0,11.504999999999999,35,False,0.0,1,19.98
C103896,3,623467.0,15.950000000000001,24,False,0.0,1,19.98
C102216,2,366155.0,17.805,25,False,0.0,1,19.98
C100664,1,83962.0,15.5,35,True,4258.0,0,19.97
C102740,2,616530.0,19.380000000000003,17,False,0.0,1,19.96
C104517,3,1986397.0,12.176666666666668,6,True,20367.0,0,19.93
C100032,3,1701575.0,15.246666666666668,5,False,0.0,1,19.92
C102214,2,1084198.0,16.015,15,False,0.0,1,19.92
C100725,1,233654.0,19.89,23,False,0.0,1,19.92
C103004,3,1538031.0,14.299999999999999,10,True,27569.0,0,19.91
C104139,2,1621780.0,11.075,15,False,0.0,1,19.9
C103837,3,207348.0,14.229999999999999,35,False,0.0,1,19.88
C101897,1,235775.0,20.78,21,False,0.0,1,19.88
C104158,1,183728.0,14.44,35,True,20842.0,0,19.88
C102112,1,1564924.0,16.38,5,True,17265.0,0,19.85
C104580,2,1124038.0,16.51,13,True,9820.0,0,19.85
C100961,3,711649.0,13.933333333333332,26,False,0.0,1,19.84
C102342,2,948778.0,17.61,14,True,11254.0,0,19.84
C104849,3,1377695.0,16.596666666666668,8,False,0.0,1,19.83
C103567,1,256216.0,9.8,43,False,0.0,1,19.82
C100896,4,1499771.0,11.059999999999999,17,False,0.0,1,19.8
C104809,1,113568.0,17.35,30,False,0.0,1,19.78
C102541,3,1206678.0,14.656666666666666,15,False,0.0,1,19.77
C101098,2,1279534.0,15.93,11,True,27842.0,0,19.77
C101112,2,1819821.0,10.985,11,True,36539.0,0,19.76
C100786,2,687415.0,13.54,27,False,0.0,1,19.76
C100851,2,1535095.0,12.605,13,False,0.0,1,19.76
C100989,3,981257.0,16.683333333333334,15,False,0.0,1,19.76
C101181,1,73271.0,16.21,33,True,32023.0,0,19.75
C103174,3,1072664.0,16.80333333333333,13,False,0.0,1,19.74
C101563,1,722942.0,10.75,32,True,23445.0,0,19.74
C102694,4,1154454.0,15.540000000000001,14,False,0.0,1,19.73
C100028,1,739316.0,9.13,35,True,18588.0,0,19.73
C103955,3,617384.0,15.093333333333334,25,False,0.0,1,19.73
C103309,4,1381537.0,12.9575,15,False,0.0,1,19.71
C104470,1,692152.0,19.72,14,False,0.0,1,19.7
C104881,1,2072768.0,9.06,10,False,0.0,1,19.7
C101256,1,603518.0,11.26,33,False,0.0,1,19.68
C101041,2,188340.0,11.115,41,True,25955.0,0,19.66
C100800,2,649778.0,14.19,26,True,37119.0,0,19.65
C103408,2,1035345.0,13.100000000000001,21,True,42716.0,0,19.65
C104480,2,1132936.0,15.11,15,False,0.0,1,19.64
C104833,3,1706739.0,13.246666666666668,8,False,0.0,1,19.62
C104625,2,1249006.0,14.995000000000001,13,False,0.0,1,19.62
C100637,1,1824652.0,14.58,3,False,0.0,1,19.61
C102695,3,1744730.0,12.386666666666668,9,False,0.0,1,19.61
C104541,1,2293562.0,10.29,3,True,31085.0,0,19.6
C102179,1,641335.0,12.24,30,False,0.0,1,19.6
C102815,1,76793.0,9.12,47,True,35759.0,0,19.6
C102493,1,160000.0,20.46,22,False,0.0,1,19.57
C104860,3,1615476.0,12.540000000000001,11,False,0.0,1,19.57
C102357,1,1691746.0,13.79,7,False,0.0,1,19.57
C102042,2,364760.0,15.195,29,False,0.0,1,19.57
C100523,1,2286977.0,10.27,3,False,0.0,1,19.55
C100010,1,2355874.0,8.16,6,False,0.0,1,19.54
C100806,2,1538609.0,15.094999999999999,7,False,0.0,1,19.52
C101001,2,1696597.0,10.735,13,False,0.0,1,19.52
C104047,4,1280013.0,15.504999999999999,11,False,0.0,1,19.52
C100820,2,1878949.0,11.46,8,False,0.0,1,19.49
C100437,2,1471614.0,13.209999999999999,12,False,0.0,1,19.48
C101742,2,474070.0,15.51,26,False,0.0,1,19.48
C100367,1,670804.0,8.28,37,False,0.0,1,19.43
C104409,2,2165480.0,10.670000000000002,4,True,5906.0,0,19.42
C104284,4,1242515.0,14.235,14,False,0.0,1,19.42
C103364,3,1331791.0,15.839999999999998,9,True,27682.0,0,19.42
C102619,2,1481535.0,12.04,14,False,0.0,1,19.42
C104814,1,132000.0,16.07,31,False,0.0,1,19.41
C104992,1,44252.0,9.54,46,False,0.0,1,19.38
C103210,1,1473639.0,13.93,10,False,0.0,1,19.34
C102453,2,1300351.0,14.545,12,True,20748.0,0,19.34
C100509,1,2087661.0,10.74,5,True,16821.0,0,19.33
C103927,1,520868.0,12.86,30,False,0.0,1,19.32
C104434,3,1560878.0,13.569999999999999,9,False,0.0,1,19.31
C103628,1,1308574.0,13.89,13,False,0.0,1,19.29
C103592,2,2018385.0,11.305,5,True,43381.0,0,19.29
C101482,3,849336.0,15.153333333333334,19,False,0.0,1,19.28
C101620,2,1488080.0,12.23,13,False,0.0,1,19.27
C102174,1,2006784.0,8.44,11,False,0.0,1,19.26
C100587,1,1627190.0,10.44,14,False,0.0,1,19.25
C104916,2,1082307.0,16.345,12,False,0.0,1,19.23
C100747,3,1370091.0,14.126666666666665,11,False,0.0,1,19.18
C104977,3,575138.0,20.400000000000002,13,False,0.0,1,19.18
C103605,1,143834.0,14.59,33,True,14982.0,0,19.17
C101748,2,1422255.0,13.145,12,False,0.0,1,19.17
C103879,3,1041381.0,15.633333333333333,14,False,0.0,1,19.16
C101088,2,871797.0,13.29,22,True,17897.0,0,19.16
C100591,2,1333363.0,14.395,11,True,27738.0,0,19.14
C101628,5,1239534.0,13.288,15,False,0.0,1,19.13
C104660,2,1928134.0,10.370000000000001,8,False,0.0,1,19.11
C102813,2,1957846.0,12.524999999999999,3,False,0.0,1,19.11
C102994,1,1376923.0,17.33,4,False,0.0,1,19.1
C103610,1,888586.0,16.92,14,False,0.0,1,19.1
C104602,3,766067.0,17.543333333333333,15,False,0.0,1,19.09
C100023,1,1580714.0,11.53,12,True,10209.0,0,19.07
C103032,3,1373001.0,13.39,12,False,0.0,1,19.05
C103905,3,1364396.0,13.46,12,True,8367.0,0,19.04
C104601,1,179700.0,16.95,27,False,0.0,1,19.03
C104070,2,1182303.0,17.035,8,True,23897.0,0,19.03
C102032,2,168062.0,13.145,35,True,22523.0,0,19.02
C104502,3,1421013.0,12.409999999999998,13,False,0.0,1,19.02
C101230,3,1899541.0,12.416666666666666,4,False,0.0,1,19.01
C101279,3,655720.0,19.39,13,True,11705.0,0,19.01
C104894,3,971390.0,16.003333333333334,14,False,0.0,1,19.0
C101831,1,2079260.0,8.3,9,True,6353.0,0,18.99
C100557,3,1320256.0,13.773333333333333,12,True,9186.0,0,18.99
C101049,2,1578891.0,10.915,13,True,5938.0,0,18.98
C100037,2,880055.0,14.81,18,False,0.0,1,18.95
C100691,1,1582314.0,9.84,15,False,0.0,1,18.94
C104854,4,1200851.0,12.8325,16,False,0.0,1,18.94
C101225,2,1328912.0,13.11,13,False,0.0,1,18.93
C103284,1,262721.0,16.02,27,False,0.0,1,18.92
C101606,2,1251623.0,12.8,15,False,0.0,1,18.91
C100626,2,943635.0,15.61,15,False,0.0,1,18.91
C103267,2,1208669.0,13.195,15,False,0.0,1,18.91
C102282,2,1395874.0,14.38,9,False,0.0,1,18.89
C101545,4,1228361.0,13.9375,13,True,14916.0,0,18.88
C102917,1,167578.0,19.22,22,False,0.0,1,18.87
C101739,1,348726.0,12.72,32,False,0.0,1,18.87
C103491,1,564601.0,11.14,31,False,0.0,1,18.82
C104311,1,507561.0,20.91,12,False,0.0,1,18.82
C104252,2,1164191.0,13.92,14,False,0.0,1,18.81
C101753,1,978937.0,17.04,11,True,17406.0,0,18.79
C102988,3,1222113.0,13.839999999999998,13,False,0.0,1,18.78
C100827,4,710308.0,17.505,15,True,21204.0,0,18.77
C100422,1,121512.0,9.24,43,True,42796.0,0,18.75
C104600,3,652552.0,14.606666666666667,22,False,0.0,1,18.75
C103046,1,1702086.0,9.89,12,False,0.0,1,18.75
C104111,1,810097.0,18.97,10,False,0.0,1,18.73
C100544,1,780036.0,15.81,17,False,0.0,1,18.71
C100957,1,320989.0,12.22,33,False,0.0,1,18.71
C104653,3,910873.0,15.57,15,False,0.0,1,18.7
C104039,2,1191098.0,16.42,8,False,0.0,1,18.7
C100400,2,1761577.0,13.155000000000001,4,False,0.0,1,18.7
C103316,2,793546.0,17.105,14,True,19700.0,0,18.69
C104444,2,1387343.0,15.54,6,False,0.0,1,18.67
C100811,4,1691590.0,11.31,9,True,40495.0,0,18.67
C100580,2,608777.0,18.255,15,True,26172.0,0,18.66
C104012,4,1005687.0,15.61,13,False,0.0,1,18.66
C104189,5,1603762.0,12.056000000000001,9,False,0.0,1,18.64
C100555,1,1253391.0,12.34,15,True,20301.0,0,18.64
C101837,1,1667005.0,11.94,8,False,0.0,1,18.62
C103951,3,1033522.0,15.266666666666667,13,True,11830.0,0,18.61
C102607,1,44011.0,17.96,26,False,0.0,1,18.6
C100402,2,1192805.0,13.32,14,True,10900.0,0,18.6
C103074,2,1301155.0,12.785,13,False,0.0,1,18.58
C103379,3,1196985.0,13.246666666666664,14,False,0.0,1,18.58
C103650,1,294802.0,15.13,27,False,0.0,1,18.57
C103768,1,1230851.0,8.54,23,False,0.0,1,18.57
C103435,1,496288.0,21.55,10,False,0.0,1,18.56
C102822,3,1300045.0,14.693333333333333,9,False,0.0,1,18.56
C102809,1,967410.0,14.82,15,True,32148.0,0,18.56
C104691,3,1730635.0,10.75,9,False,0.0,1,18.55
C104231,1,1755311.0,11.97,6,True,37775.0,0,18.54
C104880,1,537901.0,11.4,30,True,44145.0,0,18.53
C102701,3,959350.0,15.81,13,True,26798.0,0,18.53
C104121,3,834479.0,15.956666666666669,15,False,0.0,1,18.52
C101409,3,1064221.0,16.296666666666667,10,False,0.0,1,18.52
C103018,1,1149412.0,14.54,12,False,0.0,1,18.51
C103564,1,17746.0,19.51,23,True,32461.0,0,18.51
C103714,2,1497009.0,10.395,14,False,0.0,1,18.51
C102084,3,733937.0,15.406666666666666,18,False,0.0,1,18.51
C101691,1,1285178.0,15.22,8,False,0.0,1,18.5
C100710,2,134795.0,15.465,29,False,0.0,1,18.48
C100041,1,1672411.0,8.73,14,False,0.0,1,18.47
C100681,1,1650379.0,11.34,9,True,12859.0,0,18.46
C103155,1,1105386.0,13.39,15,False,0.0,1,18.46
C100666,3,986904.0,14.450000000000001,15,True,12915.0,0,18.45
C101754,2,326028.0,14.14,28,False,0.0,1,18.44
C102573,1,46960.0,17.14,27,False,0.0,1,18.42
C104958,3,1441958.0,12.67,10,False,0.0,1,18.41
C103831,3,756969.0,16.966666666666665,14,False,0.0,1,18.41
C103528,1,494386.0,20.32,12,False,0.0,1,18.4
C104787,1,1559871.0,11.09,11,True,32739.0,0,18.4
C102097,1,520363.0,20.56,11,True,27758.0,0,18.39
C100298,4,1107488.0,16.12,9,False,0.0,1,18.36
C101005,3,1467787.0,10.396666666666667,14,True,8016.0,0,18.35
C104159,2,516890.0,13.71,25,False,0.0,1,18.35
C104179,5,1196913.0,13.3,13,False,0.0,1,18.32
C102722,2,1094336.0,13.254999999999999,15,False,0.0,1,18.32
C101364,4,1174786.0,14.475,11,False,0.0,1,18.32
C103993,2,1315361.0,11.219999999999999,15,False,0.0,1,18.31
C103489,2,1275414.0,12.08,14,True,23005.0,0,18.31
C102177,1,2396531.0,8.65,0,False,0.0,1,18.31
C101434,1,57291.0,21.22,18,False,0.0,1,18.3
C101333,1,2323806.0,9.3,0,True,13344.0,0,18.3
C101513,2,1023307.0,15.34,12,False,0.0,1,18.3
C102704,2,1118495.0,13.485,14,False,0.0,1,18.3
C103233,1,2195600.0,9.01,3,False,0.0,1,18.3
C104576,2,1176703.0,13.43,13,False,0.0,1,18.29
C100001,4,697236.0,16.7925,15,False,0.0,1,18.27
C101332,2,1038736.0,9.780000000000001,23,False,0.0,1,18.26
C104048,2,703604.0,14.285,20,False,0.0,1,18.26
C104308,2,843605.0,16.885,12,False,0.0,1,18.25
C102307,2,1555725.0,10.875,11,False,0.0,1,18.25
C100126,1,1888113.0,12.69,1,False,0.0,1,18.24
C100157,1,1640668.0,10.55,10,False,0.0,1,18.23
C100139,1,1538180.0,15.86,1,True,21728.0,0,18.23
C104865,3,985568.0,17.493333333333332,8,True,41078.0,0,18.22
C101646,2,1109667.0,17.29,6,False,0.0,1,18.2
C104326,2,537369.0,18.125,15,False,0.0,1,18.19
C102665,2,1508500.0,11.190000000000001,11,False,0.0,1,18.18
C100618,3,1281245.0,11.786666666666667,14,True,41357.0,0,18.17
C103467,2,850637.0,15.7,14,False,0.0,1,18.16
C102712,2,1159800.0,13.32,13,True,16541.0,0,18.13
C103148,3,1643750.0,12.786666666666667,5,False,0.0,1,18.13
C102603,1,454942.0,14.87,23,True,26679.0,0,18.12
C100969,2,386635.0,19.375,15,False,0.0,1,18.12
C103663,3,653325.0,17.44,14,False,0.0,1,18.12
C103671,2,874042.0,15.899999999999999,13,False,0.0,1,18.12
C100797,2,1138051.0,14.94,10,False,0.0,1,18.11
C102313,2,701165.0,16.490000000000002,15,False,0.0,1,18.11
C104506,1,703266.0,19.88,8,False,0.0,1,18.11
C104076,1,1238580.0,11.57,15,False,0.0,1,18.1
C101625,2,1211113.0,12.77,13,False,0.0,1,18.08
C102549,3,483630.0,16.966666666666665,18,False,0.0,1,18.08
C101324,2,1319393.0,11.280000000000001,14,True,11020.0,0,18.07
C103845,2,1792824.0,9.864999999999998,8,False,0.0,1,18.06
C104068,2,839324.0,16.61,12,False,0.0,1,18.06
C102115,1,1675434.0,8.96,12,False,0.0,1,18.05
C101367,2,900491.0,16.03,12,False,0.0,1,18.05
C104662,2,114256.0,16.395,26,False,0.0,1,18.05
C100930,1,413151.0,20.48,12,False,0.0,1,18.05
C103615,1,258308.0,10.23,36,False,0.0,1,18.05
C104892,1,370863.0,21.83,10,False,0.0,1,18.04
C103607,4,1317730.0,12.69,11,False,0.0,1,18.03
C103578,4,1333731.0,12.0575,12,True,33455.0,0,18.03
C100843,2,652106.0,14.850000000000001,19,True,41646.0,0,18.02
C102020,1,784616.0,17.05,12,False,0.0,1,18.02
C103173,2,924088.0,15.76,12,True,14348.0,0,18.01
C104105,4,1164200.0,13.07,13,True,10852.0,0,18.01
C100088,2,419698.0,19.85,13,True,11235.0,0,18.0
C102844,2,1319359.0,11.64,13,True,42543.0,0,18.0
C102575,1,286987.0,19.12,17,False,0.0,1,18.0
C101794,2,1176204.0,11.0,17,False,0.0,1,18.0
C100661,2,903484.0,18.355,7,False,0.0,1,18.0
C100954,2,1400360.0,14.27,6,True,6402.0,0,17.98
C102300,4,908211.0,15.370000000000001,13,False,0.0,1,17.98
C104808,3,1047503.0,13.103333333333333,15,True,37747.0,0,17.97
C101549,1,78040.0,21.95,15,False,0.0,1,17.97
C102473,2,1065350.0,13.415,14,False,0.0,1,17.96
C102580,2,448178.0,12.7,27,True,33927.0,0,17.95
C103820,2,793430.0,16.845,12,False,0.0,1,17.95
C104330,2,647596.0,11.35,26,False,0.0,1,17.94
C100682,2,600838.0,19.049999999999997,11,False,0.0,1,17.93
C100493,2,1279934.0,12.865,11,False,0.0,1,17.93
C102520,2,404415.0,12.105,29,False,0.0,1,17.93
C103612,3,848131.0,14.86,15,False,0.0,1,17.93
C101341,2,1167630.0,13.379999999999999,12,False,0.0,1,17.92
C100291,2,783843.0,15.899999999999999,14,True,34375.0,0,17.91
C103486,1,1467200.0,12.58,8,False,0.0,1,17.91
C104552,2,1153108.0,12.515,14,True,25902.0,0,17.9
C101188,3,1853958.0,9.513333333333334,7,False,0.0,1,17.9
C102604,2,622163.0,14.42,20,False,0.0,1,17.89
C102028,3,1080288.0,13.626666666666665,13,False,0.0,1,17.88
C100581,1,1380797.0,14.27,6,False,0.0,1,17.87
C102865,2,904255.0,16.17,11,False,0.0,1,17.86
C104512,2,416303.0,14.765,23,True,28901.0,0,17.85
C103159,2,1598059.0,12.75,5,False,0.0,1,17.85
C102951,3,1173076.0,11.743333333333334,15,False,0.0,1,17.84
C100384,1,107491.0,21.91,14,False,0.0,1,17.82
C104980,1,1076769.0,15.02,10,True,40690.0,0,17.82
C102428,2,676139.0,16.225,15,True,26047.0,0,17.81
C103122,2,992698.0,14.8,12,False,0.0,1,17.81
C104212,2,1363915.0,15.285,4,True,18650.0,0,17.8
C102525,2,641078.0,16.535,15,False,0.0,1,17.8
C103936,2,1362621.0,15.745,3,False,0.0,1,17.78
C100363,2,1316531.0,14.715,6,False,0.0,1,17.78
C100574,1,1166030.0,14.14,10,False,0.0,1,17.78
C101770,2,1616374.0,10.515,9,False,0.0,1,17.78
C104571,2,892637.0,14.145,15,False,0.0,1,17.75
C100043,2,876655.0,14.294999999999998,15,False,0.0,1,17.75
C102968,1,1145447.0,16.2,6,False,0.0,1,17.74
C100394,1,876319.0,14.73,14,True,14419.0,0,17.72
C100654,2,685905.0,19.395000000000003,8,False,0.0,1,17.72
C100209,3,707675.0,15.776666666666666,15,False,0.0,1,17.71
C103196,3,1575879.0,14.166666666666666,2,True,41905.0,0,17.71
C102107,2,1047902.0,13.635000000000002,13,False,0.0,1,17.71
C100387,3,1185249.0,11.396666666666667,15,True,42783.0,0,17.7
C100059,1,1423722.0,9.7,14,False,0.0,1,17.7
C104525,1,426946.0,20.24,11,True,9826.0,0,17.69
C103675,1,692529.0,11.49,24,False,0.0,1,17.68
C103123,2,104591.0,14.395,29,False,0.0,1,17.67
C102188,1,1651725.0,11.47,6,False,0.0,1,17.67
C103990,2,1262082.0,12.55,11,False,0.0,1,17.65
C104191,2,1634320.0,9.64,10,False,0.0,1,17.65
C101539,2,514158.0,17.415,15,True,25305.0,0,17.64
C101572,1,1031883.0,14.64,11,True,30441.0,0,17.64
C102055,1,221830.0,16.68,22,False,0.0,1,17.64
C101686,1,771882.0,16.03,13,False,0.0,1,17.63
C100052,1,370972.0,21.13,10,True,21250.0,0,17.63
C101822,3,1248983.0,9.733333333333333,17,False,0.0,1,17.63
C100105,2,571951.0,11.045,27,False,0.0,1,17.63
C100541,4,1461831.0,10.6875,11,False,0.0,1,17.62
C101536,2,1229987.0,12.805,11,False,0.0,1,17.62
C103958,1,662317.0,9.71,28,False,0.0,1,17.62
C102178,2,1409360.0,10.655000000000001,12,False,0.0,1,17.61
C104374,2,1415431.0,12.54,8,False,0.0,1,17.6
C101323,1,186660.0,16.94,22,False,0.0,1,17.6
C101738,2,1286622.0,14.675,6,False,0.0,1,17.6
C100200,2,1287061.0,11.745,12,False,0.0,1,17.59
C100848,3,1441315.0,13.729999999999999,5,False,0.0,1,17.58
C101830,2,314422.0,19.145000000000003,15,False,0.0,1,17.58
C104057,3,1014277.0,13.25,14,False,0.0,1,17.58
C100556,4,625628.0,16.28,15,False,0.0,1,17.57
C103014,1,1209795.0,12.4,12,True,21856.0,0,17.56
C104761,3,488652.0,12.653333333333334,25,False,0.0,1,17.56
C100334,2,183668.0,20.78,14,False,0.0,1,17.56
C101978,2,573762.0,16.72,15,False,0.0,1,17.55
C102609,2,834355.0,15.325,13,False,0.0,1,17.55
C101719,2,1115678.0,13.73,11,False,0.0,1,17.55
C100839,2,1136650.0,12.565,13,False,0.0,1,17.55
C100600,2,1685740.0,9.48,9,False,0.0,1,17.54
C103554,3,1033876.0,14.453333333333333,11,True,25452.0,0,17.54
C103047,1,28080.0,12.92,33,False,0.0,1,17.53
C101916,1,328148.0,9.7,34,False,0.0,1,17.53
C104869,1,37744.0,16.68,25,False,0.0,1,17.51
C101064,1,1220803.0,10.75,15,True,29563.0,0,17.51
C101995,1,59151.0,21.33,15,True,9724.0,0,17.5
C102932,1,1419061.0,11.83,9,False,0.0,1,17.49
C102854,3,1026136.0,14.909999999999998,10,True,23378.0,0,17.48
C100351,2,1054991.0,15.59,8,False,0.0,1,17.46
C100196,3,1024141.0,12.956666666666665,14,True,15147.0,0,17.46
C103555,1,263434.0,19.39,15,False,0.0,1,17.45
C103167,1,1401724.0,14.34,4,False,0.0,1,17.44
C103764,2,853029.0,17.86,7,False,0.0,1,17.43
C103776,3,765209.0,16.23,12,False,0.0,1,17.43
C104924,3,1411782.0,12.283333333333333,8,True,37055.0,0,17.43
C103899,1,1617235.0,12.84,3,True,23470.0,0,17.43
C102260,1,576981.0,16.5,15,False,0.0,1,17.43
C101052,2,669723.0,15.62,15,False,0.0,1,17.41
C102085,1,39802.0,21.85,14,True,11062.0,0,17.41
C101143,2,509183.0,19.985,9,False,0.0,1,17.4
C101358,1,1411671.0,9.78,13,True,28952.0,0,17.39
C100732,1,604190.0,20.55,6,False,0.0,1,17.39
C102588,1,544615.0,17.68,13,True,17682.0,0,17.38
C101798,3,852047.0,15.829999999999998,11,False,0.0,1,17.37
C102937,2,1094293.0,11.675,15,False,0.0,1,17.37
C102093,1,1456351.0,13.23,5,False,0.0,1,17.37
C103620,4,726425.0,15.0225,15,False,0.0,1,17.36
C103713,1,1453792.0,15.18,1,True,21340.0,0,17.36
C103582,2,894828.0,15.43,11,False,0.0,1,17.36
C101061,2,1032668.0,12.2,15,False,0.0,1,17.35
C104866,2,1468936.0,8.705,14,False,0.0,1,17.35
C104046,2,725869.0,16.450000000000003,12,False,0.0,1,17.34
C101706,2,439334.0,15.635,19,False,0.0,1,17.33
C104686,2,407923.0,12.52,26,True,31827.0,0,17.33
C103404,2,1045188.0,14.010000000000002,11,False,0.0,1,17.33
C102292,1,257589.0,19.71,14,False,0.0,1,17.32
C102478,2,1714997.0,11.285,4,False,0.0,1,17.32
C101268,3,706836.0,15.613333333333335,14,True,12341.0,0,17.32
C104509,2,315770.0,19.16,14,False,0.0,1,17.31
C103839,2,1087915.0,15.525000000000002,7,True,8246.0,0,17.31
C104757,1,529000.0,18.18,12,False,0.0,1,17.3
C104673,2,751419.0,14.695,15,True,8018.0,0,17.3
C104315,2,1055724.0,12.89,13,False,0.0,1,17.3
C101698,2,606844.0,15.995000000000001,15,True,34098.0,0,17.29
C102880,1,38476.0,17.28,23,True,25069.0,0,17.29
C100194,3,888405.0,11.46,19,True,13304.0,0,17.28
C101426,2,997018.0,14.845,10,False,0.0,1,17.28
C100386,2,1046161.0,12.925,13,True,18671.0,0,17.27
C104604,4,1114457.0,12.77,12,True,26570.0,0,17.26
C102965,2,399259.0,16.35,18,False,0.0,1,17.25
C101896,2,1059599.0,12.26,14,True,36411.0,0,17.24
C101282,1,432702.0,20.9,8,True,14411.0,0,17.24
C103782,2,698802.0,17.490000000000002,10,False,0.0,1,17.24
C100208,2,427721.0,11.71,27,True,10907.0,0,17.24
C100425,2,1100791.0,14.785,8,False,0.0,1,17.23
C102636,2,506453.0,11.94,25,False,0.0,1,17.23
C103133,1,285076.0,19.29,14,True,14120.0,0,17.22
C100127,1,1566766.0,10.01,9,False,0.0,1,17.21
C101315,1,321462.0,19.42,13,False,0.0,1,17.2
C101055,1,615881.0,14.79,17,True,22469.0,0,17.2
C103647,1,1247629.0,12.89,9,False,0.0,1,17.19
C102828,1,843734.0,14.61,13,True,26322.0,0,17.18
C101669,2,855389.0,13.545,15,False,0.0,1,17.18
C102060,2,628692.0,17.549999999999997,11,True,32375.0,0,17.18
C104990,1,698675.0,21.28,2,False,0.0,1,17.18
C100788,2,331855.0,20.244999999999997,11,False,0.0,1,17.17
C104631,2,818669.0,13.834999999999999,15,False,0.0,1,17.16
C102323,1,164044.0,19.8,15,True,19207.0,0,17.15
C104271,2,1293911.0,10.465,13,False,0.0,1,17.15
C101720,2,543414.0,19.25,9,True,5043.0,0,17.15
C101283,1,628044.0,19.94,6,False,0.0,1,17.15
C100498,1,775385.0,18.58,6,False,0.0,1,17.14
C103200,3,1117623.0,13.51,10,False,0.0,1,17.14
C101614,2,1304867.0,9.364999999999998,15,True,22955.0,0,17.14
C102447,1,655870.0,15.3,15,False,0.0,1,17.14
C103586,1,276243.0,21.68,9,True,23044.0,0,17.14
C103608,2,1647701.0,9.15,9,True,36636.0,0,17.13
C102793,2,1123113.0,11.504999999999999,14,False,0.0,1,17.13
C104907,1,211025.0,10.56,33,False,0.0,1,17.12
C103078,1,204762.0,19.36,15,False,0.0,1,17.11
C104456,3,1255163.0,13.15,8,True,9728.0,0,17.09
C104234,1,1173697.0,14.86,6,False,0.0,1,17.09
C104082,1,1462236.0,11.22,8,False,0.0,1,17.07
C103774,2,923311.0,13.71,13,False,0.0,1,17.07
C103694,2,1167379.0,11.969999999999999,12,True,14656.0,0,17.07
C103971,1,400732.0,11.66,27,False,0.0,1,17.06
C102078,1,299414.0,20.82,10,True,19317.0,0,17.05
C102924,2,651419.0,15.175,15,False,0.0,1,17.05
C100632,1,1277296.0,13.85,6,False,0.0,1,17.05
C101985,1,32906.0,21.78,13,False,0.0,1,17.04
C100711,1,1387087.0,11.37,9,False,0.0,1,17.04
C101436,1,492370.0,20.01,8,False,0.0,1,17.03
C103407,2,1964853.0,8.985,3,False,0.0,1,17.02
C101236,2,923438.0,12.645,15,False,0.0,1,17.02
C101116,2,1124690.0,14.215,8,False,0.0,1,17.02
C101692,1,1476216.0,14.41,1,False,0.0,1,17.02
C102479,2,1080735.0,12.165,13,False,0.0,1,17.01
C103335,2,184273.0,12.58,29,True,38573.0,0,17.01
C102806,3,221267.0,16.106666666666666,21,False,0.0,1,17.0
C104879,3,891873.0,13.883333333333333,13,False,0.0,1,17.0
C101908,2,1220833.0,10.385,14,True,18725.0,0,17.0
C101010,2,594326.0,17.055,12,True,24282.0,0,16.99
C104045,1,1059713.0,12.32,13,False,0.0,1,16.98
C101950,1,444615.0,12.56,24,False,0.0,1,16.97
C103813,1,210270.0,19.06,15,True,7627.0,0,16.96
C102918,1,1062452.0,10.78,16,False,0.0,1,16.95
C104398,2,1493907.0,11.22,7,True,25663.0,0,16.95
C101745,2,656204.0,15.925,13,True,42865.0,0,16.94
C100350,2,1468397.0,10.469999999999999,9,False,0.0,1,16.94
C101994,1,518816.0,16.66,14,False,0.0,1,16.92
C102889,1,448893.0,19.23,10,False,0.0,1,16.91
C103506,1,216466.0,20.37,12,False,0.0,1,16.91
C103959,1,27871.0,21.13,14,False,0.0,1,16.91
C104002,2,498663.0,19.735,8,True,12120.0,0,16.9
C100251,1,56546.0,15.01,26,False,0.0,1,16.9
C100107,1,1057886.0,13.17,11,False,0.0,1,16.9
C100109,2,679623.0,16.62,11,False,0.0,1,16.9
C102985,3,958424.0,14.566666666666668,10,False,0.0,1,16.9
C102559,1,170019.0,20.76,12,True,38750.0,0,16.89
C104107,2,916705.0,12.95,14,False,0.0,1,16.87
C102312,1,788430.0,13.63,15,True,43154.0,0,16.87
C100087,1,609889.0,13.31,19,True,7723.0,0,16.87
C100874,2,951037.0,14.07,11,False,0.0,1,16.86
C104597,2,1108053.0,11.66,13,True,30011.0,0,16.85
C100416,1,132554.0,17.64,19,False,0.0,1,16.85
C101067,1,1801092.0,10.67,2,True,35873.0,0,16.84
C100539,2,826151.0,16.16,9,False,0.0,1,16.84
C103466,1,1177333.0,17.32,0,False,0.0,1,16.84
C100554,1,686871.0,21.8,0,True,21329.0,0,16.84
C101717,5,769184.0,13.738,15,False,0.0,1,16.83
C104483,1,237478.0,13.72,25,False,0.0,1,16.82
C100195,1,457750.0,16.53,15,False,0.0,1,16.8
C102235,1,161978.0,20.19,13,False,0.0,1,16.79
C102123,1,1351474.0,11.74,8,False,0.0,1,16.77
C104821,1,454046.0,12.63,23,False,0.0,1,16.77
C102371,3,944290.0,13.003333333333332,13,False,0.0,1,16.76
C103948,2,560555.0,17.46,11,False,0.0,1,16.75
C103950,1,1525044.0,11.57,5,False,0.0,1,16.75
C104204,1,882852.0,13.55,13,False,0.0,1,16.75
C100593,2,489830.0,19.54,8,False,0.0,1,16.74
C103217,1,1346552.0,11.73,8,False,0.0,1,16.74
C100898,1,1318399.0,13.45,5,True,41233.0,0,16.74
C101744,4,728857.0,13.965,15,False,0.0,1,16.74
C103583,1,144958.0,21.7,10,True,36739.0,0,16.73
C104238,2,425998.0,16.71,15,True,17353.0,0,16.73
C101023,1,295260.0,17.88,15,True,7971.0,0,16.72
C102142,2,1470968.0,11.54,6,False,0.0,1,16.72
C103327,2,1098510.0,15.91,4,True,44954.0,0,16.72
C101438,2,516616.0,15.844999999999999,15,True,21470.0,0,16.71
C100836,1,45369.0,20.63,14,False,0.0,1,16.71
C101561,2,617935.0,15.884999999999998,13,False,0.0,1,16.7
C103219,2,1033627.0,15.975000000000001,5,False,0.0,1,16.7
C103344,2,207024.0,14.265,24,False,0.0,1,16.69
C104482,1,1272352.0,14.27,4,False,0.0,1,16.69
C100141,1,93115.0,19.65,15,False,0.0,1,16.67
C100646,3,1124397.0,14.126666666666665,7,False,0.0,1,16.67
C101841,2,327703.0,18.465,13,False,0.0,1,16.66
C102136,2,773293.0,11.940000000000001,18,False,0.0,1,16.65
C102923,1,451851.0,21.19,5,True,43750.0,0,16.65
C102934,1,1139720.0,13.94,7,True,19461.0,0,16.64
C103908,2,899403.0,17.105,5,True,8046.0,0,16.64
C104651,1,357029.0,18.62,12,True,32130.0,0,16.63
C102224,1,803524.0,16.02,9,False,0.0,1,16.63
C104385,3,844233.0,14.18,12,False,0.0,1,16.63
C104666,1,528079.0,12.68,21,True,35771.0,0,16.62
C103645,1,440549.0,17.84,12,False,0.0,1,16.62
C102853,1,710894.0,14.39,14,False,0.0,1,16.61
C104655,4,695701.0,15.002500000000001,13,True,20615.0,0,16.6
C102753,2,292569.0,18.175,14,True,19609.0,0,16.59
C103636,1,830721.0,17.64,5,False,0.0,1,16.59
C102025,2,685101.0,16.060000000000002,11,False,0.0,1,16.59
C100692,2,678772.0,16.1,11,True,18316.0,0,16.58
C100356,2,696189.0,13.995000000000001,15,False,0.0,1,16.58
C100814,2,704579.0,14.864999999999998,13,False,0.0,1,16.57
C101246,1,535422.0,21.74,2,True,6113.0,0,16.56
C102929,1,550378.0,20.63,4,True,33831.0,0,16.56
C102960,1,1159713.0,10.2,14,False,0.0,1,16.55
C102545,1,570824.0,19.94,5,True,9974.0,0,16.55
C100536,1,140969.0,19.94,13,False,0.0,1,16.53
C104425,1,744860.0,15.4,11,True,8046.0,0,16.53
C104088,3,799522.0,13.93,13,False,0.0,1,16.53
C103033,1,1162302.0,13.53,7,False,0.0,1,16.52
C103377,2,575874.0,12.05,21,False,0.0,1,16.51
C102352,1,442466.0,16.19,15,True,30339.0,0,16.51
C104479,1,683869.0,10.56,22,False,0.0,1,16.5
C104847,2,909157.0,14.829999999999998,9,False,0.0,1,16.5
C104598,1,515175.0,15.99,14,False,0.0,1,16.5
C103000,2,238273.0,18.505000000000003,14,False,0.0,1,16.49
C100144,2,1033109.0,12.71,11,False,0.0,1,16.49
C102896,2,411995.0,14.495000000000001,19,False,0.0,1,16.49
C100174,2,649013.0,19.134999999999998,5,True,42034.0,0,16.49
C104248,2,587425.0,17.25,10,False,0.0,1,16.48
C100460,1,35723.0,11.59,32,True,37502.0,0,16.48
C100172,2,930543.0,12.65,13,True,41051.0,0,16.47
C100700,2,638155.0,16.25,11,False,0.0,1,16.45
C102931,1,509955.0,15.47,15,False,0.0,1,16.45
C101204,2,1119140.0,10.870000000000001,13,False,0.0,1,16.44
C102733,3,1006812.0,15.296666666666667,6,False,0.0,1,16.44
C102890,3,983713.0,16.97,3,False,0.0,1,16.44
C100360,2,964307.0,12.75,12,False,0.0,1,16.43
C102046,2,1131785.0,9.76,15,False,0.0,1,16.43
C100964,2,578542.0,13.829999999999998,17,False,0.0,1,16.42
C100838,1,427686.0,18.12,11,False,0.0,1,16.42
C103399,1,60519.0,21.46,11,True,32380.0,0,16.42
C103559,3,661146.0,14.046666666666667,15,False,0.0,1,16.42
C101582,1,63613.0,19.5,15,False,0.0,1,16.42
C104641,2,540938.0,16.585,12,True,43688.0,0,16.41
C101655,2,1252444.0,11.55,9,True,26882.0,0,16.41
C103160,1,1524218.0,10.53,6,False,0.0,1,16.41
C101108,2,989105.0,12.465,12,False,0.0,1,16.39
C100371,3,1410220.0,11.026666666666666,7,False,0.0,1,16.38
C101309,2,394690.0,17.85,12,False,0.0,1,16.37
C100438,2,398912.0,16.84,14,False,0.0,1,16.37
C100665,1,115499.0,19.42,14,False,0.0,1,16.37
C102222,2,744016.0,14.665,12,False,0.0,1,16.37
C101585,3,1353385.0,11.533333333333333,7,False,0.0,1,16.37
C101804,2,924779.0,16.415,5,False,0.0,1,16.37
C104979,2,694017.0,16.080000000000002,10,False,0.0,1,16.36
C103209,1,168277.0,19.39,13,True,5674.0,0,16.35
C100091,2,426273.0,18.985,9,True,8981.0,0,16.35
C103535,1,1287077.0,13.55,4,False,0.0,1,16.34
C103093,2,739034.0,17.035,7,False,0.0,1,16.31
C100986,2,492603.0,17.835,10,True,14791.0,0,16.31
C103906,2,475710.0,16.509999999999998,13,False,0.0,1,16.3
C104722,2,1118725.0,11.615,11,False,0.0,1,16.3
C104187,1,39732.0,21.44,11,False,0.0,1,16.29
C101065,1,202627.0,14.12,23,False,0.0,1,16.29
C102144,2,1055489.0,15.575,4,False,0.0,1,16.29
C102215,3,699023.0,15.426666666666668,11,True,37563.0,0,16.29
C100883,1,78881.0,20.58,12,False,0.0,1,16.28
C102041,1,767583.0,13.81,13,False,0.0,1,16.28
C102015,2,166666.0,21.72,8,False,0.0,1,16.28
C104418,3,989422.0,14.713333333333333,7,False,0.0,1,16.28
C100267,2,591127.0,16.369999999999997,11,True,31238.0,0,16.27
C104469,2,882228.0,16.130000000000003,6,True,31045.0,0,16.26
C101525,3,688060.0,14.01,14,False,0.0,1,16.26
C102064,2,691419.0,16.415,9,False,0.0,1,16.26
C104797,1,135550.0,19.53,13,False,0.0,1,16.25
C102996,2,1065734.0,12.02,11,False,0.0,1,16.25
C103329,1,574866.0,20.36,3,False,0.0,1,16.24
C100679,1,1903115.0,8.74,2,False,0.0,1,16.24
C100558,1,492036.0,11.38,23,True,6183.0,0,16.23
C100165,1,905529.0,12.47,13,False,0.0,1,16.23
C103147,2,671187.0,13.625,15,False,0.0,1,16.22
C104250,2,197587.0,9.184999999999999,33,False,0.0,1,16.22
C103199,3,498854.0,15.176666666666668,15,True,23968.0,0,16.21
C104074,3,924692.0,12.736666666666666,12,True,26232.0,0,16.2
C101807,3,394224.0,18.54,10,False,0.0,1,16.2
C100217,2,349785.0,10.68,27,False,0.0,1,16.2
C101868,3,888649.0,14.020000000000001,10,False,0.0,1,16.19
C101583,1,228887.0,21.5,7,False,0.0,1,16.19
C100020,1,709688.0,13.22,15,False,0.0,1,16.19
C102634,1,687190.0,17.3,7,True,43148.0,0,16.18
C101636,1,774171.0,9.68,21,False,0.0,1,16.17
C100966,3,944902.0,12.01,13,False,0.0,1,16.17
C100377,1,595979.0,20.05,3,False,0.0,1,16.17
C103134,2,1325126.0,9.52,11,False,0.0,1,16.17
C101589,1,470468.0,19.75,6,False,0.0,1,16.17
C101396,1,304092.0,12.5,24,False,0.0,1,16.16
C101175,2,620933.0,15.91,11,True,36181.0,0,16.15
C100667,2,916777.0,11.755,14,False,0.0,1,16.15
C103237,1,92583.0,18.29,16,False,0.0,1,16.15
C102625,2,789958.0,12.89,14,False,0.0,1,16.14
C103076,2,879675.0,12.559999999999999,13,False,0.0,1,16.14
C104052,1,165595.0,21.01,9,False,0.0,1,16.14
C100749,2,128759.0,19.87,12,False,0.0,1,16.13
C100676,4,795719.0,13.3125,13,False,0.0,1,16.13
C104059,3,1126316.0,11.723333333333334,10,False,0.0,1,16.12
C100436,2,540178.0,15.129999999999999,14,False,0.0,1,16.12
C101382,1,192581.0,20.24,10,True,35519.0,0,16.11
C104675,2,1362707.0,12.47,4,True,26577.0,0,16.11
C102234,4,1125025.0,14.6275,4,False,0.0,1,16.1
C102012,1,1237032.0,10.67,10,False,0.0,1,16.09
C103439,1,766251.0,13.5,13,True,24560.0,0,16.09
C103412,1,560379.0,20.72,2,False,0.0,1,16.08
C100807,2,613224.0,16.79,9,False,0.0,1,16.06
C101480,1,1321726.0,13.72,2,False,0.0,1,16.05
C100488,1,73975.0,16.35,20,False,0.0,1,16.05
C101913,2,1225098.0,11.685,8,False,0.0,1,16.05
C103228,3,881467.0,14.816666666666668,8,False,0.0,1,16.05
C101531,1,99310.0,19.51,13,True,20872.0,0,16.04
C100320,1,49498.0,19.97,13,False,0.0,1,16.04
C101245,1,726817.0,15.25,10,True,43324.0,0,16.04
C104149,1,659468.0,13.9,14,True,37033.0,0,16.03
C104288,1,1106010.0,12.74,8,True,35092.0,0,16.03
C102885,1,1148122.0,8.93,15,False,0.0,1,16.02
C101414,2,335604.0,16.325,15,True,37996.0,0,16.01
C102336,1,1272650.0,12.16,6,False,0.0,1,16.01
C104737,1,82003.0,21.06,10,True,17369.0,0,16.0
C102586,4,1171316.0,13.555,5,False,0.0,1,16.0
C103880,2,577472.0,17.49,8,False,0.0,1,15.99
C104906,2,911940.0,13.940000000000001,9,False,0.0,1,15.98
C104852,2,1025569.0,11.934999999999999,11,True,12755.0,0,15.98
C104607,2,728954.0,13.67,13,False,0.0,1,15.98
C101079,2,1450709.0,12.41,2,False,0.0,1,15.97
C104460,1,195205.0,19.96,10,False,0.0,1,15.96
C103213,2,453091.0,15.16,15,False,0.0,1,15.95
C102483,2,272861.0,17.77,13,False,0.0,1,15.95
C104501,2,583125.0,16.895,9,True,16053.0,0,15.95
C101716,2,126157.0,20.57,10,True,30322.0,0,15.95
C101768,1,409607.0,20.89,4,False,0.0,1,15.94
C100960,3,762005.0,16.216666666666665,7,True,29723.0,0,15.94
C100718,3,957805.0,11.0,14,False,0.0,1,15.93
C103410,1,1022634.0,12.85,9,True,29001.0,0,15.93
C103534,2,1092695.0,13.66,6,False,0.0,1,15.93
C104387,1,1874527.0,8.46,2,False,0.0,1,15.92
C103673,2,354023.0,13.559999999999999,20,False,0.0,1,15.91
C101879,1,1363967.0,10.68,7,False,0.0,1,15.91
C100570,3,302685.0,16.94,14,False,0.0,1,15.9
C100583,3,596793.0,14.253333333333332,14,True,19624.0,0,15.9
C103738,2,822636.0,13.17,12,True,38485.0,0,15.9
C101599,3,872474.0,14.646666666666667,8,False,0.0,1,15.9
C100271,1,128669.0,19.48,12,False,0.0,1,15.89
C102908,2,379099.0,15.245000000000001,16,False,0.0,1,15.89
C103102,2,1341051.0,10.36,8,False,0.0,1,15.89
C102458,1,170382.0,21.04,8,False,0.0,1,15.89
C100017,2,1055797.0,14.41,5,True,19815.0,0,15.88
C103357,1,96603.0,19.76,12,False,0.0,1,15.88
C102876,1,51662.0,18.7,15,True,15694.0,0,15.88
C101954,2,826641.0,13.565,11,False,0.0,1,15.87
C102393,1,1314492.0,8.63,12,False,0.0,1,15.87
C102542,1,1390859.0,11.32,5,True,11361.0,0,15.86
C103036,1,190760.0,21.29,7,False,0.0,1,15.86
C100809,1,146284.0,19.72,11,False,0.0,1,15.84
C100122,2,899944.0,13.325,10,False,0.0,1,15.84
C100892,2,695433.0,12.739999999999998,15,False,0.0,1,15.83
C100224,2,397937.0,15.945,14,True,42650.0,0,15.83
C101905,1,198448.0,17.76,14,True,12700.0,0,15.83
C102888,2,829247.0,12.49,13,False,0.0,1,15.82
C102873,1,730312.0,14.36,11,True,20318.0,0,15.82
C103100,1,204944.0,18.67,12,False,0.0,1,15.82
C100588,3,568368.0,15.813333333333333,11,False,0.0,1,15.81
C102647,2,1202689.0,11.97,7,False,0.0,1,15.81
C101455,2,1084828.0,11.094999999999999,11,True,11554.0,0,15.8
C103223,1,249520.0,17.26,14,False,0.0,1,15.8
C102250,2,553050.0,16.415,10,False,0.0,1,15.79
C102198,1,380644.0,19.43,7,False,0.0,1,15.78
C101415,1,203783.0,18.61,12,False,0.0,1,15.78
C100818,4,400479.0,15.844999999999999,14,True,16199.0,0,15.78
C104485,1,402505.0,18.74,8,False,0.0,1,15.78
C102143,2,861244.0,14.06,9,False,0.0,1,15.77
C103271,1,105401.0,19.98,11,True,42535.0,0,15.77
C103300,3,384425.0,17.416666666666668,11,True,31625.0,0,15.76
C100007,1,11717.0,19.84,13,True,36302.0,0,15.76
C101516,2,265986.0,17.035,14,False,0.0,1,15.76
C104426,1,634644.0,17.05,7,False,0.0,1,15.75
C100999,1,642000.0,17.47,6,False,0.0,1,15.75
C103801,2,1114328.0,13.155000000000001,6,False,0.0,1,15.74
C102189,1,1032016.0,9.53,15,False,0.0,1,15.74
C103021,2,1033066.0,11.46,11,True,29800.0,0,15.74
C102095,2,648717.0,12.52,16,False,0.0,1,15.73
C102737,2,707620.0,17.32,5,False,0.0,1,15.72
C103763,2,601924.0,16.335,9,True,29602.0,0,15.72
C100507,2,1125899.0,10.585,11,False,0.0,1,15.72
C104289,1,1445413.0,8.63,9,False,0.0,1,15.71
C100607,1,677644.0,13.68,13,False,0.0,1,15.71
C101223,1,63833.0,10.98,30,False,0.0,1,15.69
C102685,2,835225.0,14.155000000000001,9,False,0.0,1,15.69
C102781,1,398983.0,15.22,15,False,0.0,1,15.69
C100021,2,382780.0,13.905000000000001,18,False,0.0,1,15.69
C103041,3,395021.0,15.256666666666668,15,True,29509.0,0,15.69
C101571,1,856020.0,10.08,17,True,11552.0,0,15.69
C103085,3,695819.0,14.463333333333333,11,False,0.0,1,15.69
C102297,1,622213.0,12.2,17,True,35222.0,0,15.68
C103067,2,307550.0,16.02,15,False,0.0,1,15.67
C102581,1,567229.0,20.45,1,False,0.0,1,15.67
C102335,2,832729.0,13.149999999999999,11,False,0.0,1,15.66
C100106,1,810042.0,11.91,14,False,0.0,1,15.66
C104931,1,1068529.0,9.53,14,True,9047.0,0,15.65
C103949,2,355086.0,17.505000000000003,11,False,0.0,1,15.65
C100975,1,11036.0,21.12,10,True,44330.0,0,15.65
C104567,2,713782.0,12.275,15,False,0.0,1,15.65
C104113,1,24557.0,10.28,32,False,0.0,1,15.64
C100233,1,551420.0,15.69,11,False,0.0,1,15.64
C104514,1,291580.0,18.06,11,True,25487.0,0,15.64
C101158,2,751838.0,13.865,11,False,0.0,1,15.64
C101850,2,892699.0,11.1,14,False,0.0,1,15.63
C104565,2,688675.0,15.885000000000002,8,False,0.0,1,15.63
C102909,2,735692.0,13.5,12,False,0.0,1,15.63
C100702,1,1111744.0,12.97,6,False,0.0,1,15.62
C101907,2,819312.0,14.675,8,False,0.0,1,15.62
C100167,2,658891.0,14.66,11,True,8284.0,0,15.61
C102412,2,763632.0,15.17,8,False,0.0,1,15.61
C102330,1,175765.0,19.03,11,False,0.0,1,15.59
C102808,2,681109.0,18.314999999999998,3,False,0.0,1,15.59
C104882,1,1392568.0,12.3,2,True,41436.0,0,15.59
C103492,2,663697.0,17.955000000000002,4,False,0.0,1,15.57
C103980,1,849158.0,13.34,10,False,0.0,1,15.57
C101592,2,300850.0,17.855,11,True,13697.0,0,15.57
C104524,2,679636.0,13.41,13,True,9963.0,0,15.56
C104031,4,641932.0,14.7175,11,True,26479.0,0,15.55
C101666,2,982439.0,11.11,12,False,0.0,1,15.54
C104603,2,596262.0,15.1,11,False,0.0,1,15.53
C102137,2,606831.0,14.52,12,True,7558.0,0,15.53
C100158,2,882491.0,14.91,6,False,0.0,1,15.53
C101680,2,663210.0,12.530000000000001,15,False,0.0,1,15.52
C103659,2,558093.0,14.45,13,True,27175.0,0,15.52
C103240,2,318154.0,16.16,14,False,0.0,1,15.52
C100166,2,1092925.0,11.035,10,False,0.0,1,15.52
C103849,1,715607.0,13.51,12,False,0.0,1,15.52
C104190,2,720280.0,14.425,10,True,44332.0,0,15.51
C102474,2,957122.0,10.795000000000002,13,False,0.0,1,15.51
C102506,1,123784.0,21.81,6,False,0.0,1,15.51
C101703,1,360978.0,17.19,11,True,31769.0,0,15.5
C100724,2,754539.0,15.55,7,False,0.0,1,15.5
C103456,2,393503.0,17.365,10,True,33547.0,0,15.49
C103796,1,620992.0,17.24,6,False,0.0,1,15.49
C101321,1,645057.0,15.07,10,False,0.0,1,15.49
C102898,1,453060.0,18.27,7,True,25820.0,0,15.48
C100459,1,115116.0,21.34,7,False,0.0,1,15.48
C100315,2,67203.0,17.9,15,True,42829.0,0,15.48
C101570,1,1518086.0,10.47,3,False,0.0,1,15.47
C101611,1,577505.0,14.19,13,False,0.0,1,15.47
C101724,1,495183.0,14.95,13,True,28778.0,0,15.47
C102451,2,719190.0,15.33,8,True,7485.0,0,15.47
C104920,3,682588.0,15.186666666666667,9,False,0.0,1,15.47
C100917,1,95666.0,18.09,14,False,0.0,1,15.46
C100124,2,168164.0,19.369999999999997,10,False,0.0,1,15.46
C103945,2,624529.0,13.245000000000001,14,True,10875.0,0,15.45
C102100,1,1086736.0,9.03,14,False,0.0,1,15.45
C103274,1,130434.0,12.39,25,False,0.0,1,15.44
C100694,3,754918.0,15.926666666666668,6,False,0.0,1,15.44
C104756,2,698589.0,12.07,15,False,0.0,1,15.44
C102166,1,104633.0,17.96,14,True,5129.0,0,15.43
C103063,1,20335.0,19.7,12,False,0.0,1,15.43
C104791,2,216456.0,17.43,13,False,0.0,1,15.43
C104005,3,1101705.0,10.776666666666666,10,False,0.0,1,15.41
C104796,2,209776.0,16.96,14,False,0.0,1,15.41
C104080,1,693473.0,14.49,10,False,0.0,1,15.41
C104749,2,805555.0,11.995,13,True,22471.0,0,15.4
C104782,1,558004.0,15.72,10,False,0.0,1,15.4
C101002,2,790641.0,11.155,15,False,0.0,1,15.4
C103973,2,962351.0,12.024999999999999,10,False,0.0,1,15.4
C103760,1,420352.0,15.49,13,False,0.0,1,15.39
C101397,2,242404.0,14.665,18,False,0.0,1,15.38
C104210,1,408186.0,16.08,12,True,26816.0,0,15.38
C102186,1,443037.0,20.6,2,False,0.0,1,15.37
C104247,2,975234.0,15.755,2,False,0.0,1,15.37
C102912,2,865571.0,10.425,15,False,0.0,1,15.37
C101405,1,1634644.0,9.73,2,True,43968.0,0,15.37
C100025,2,804022.0,11.95,13,False,0.0,1,15.36
C103910,2,226317.0,18.18,11,False,0.0,1,15.36
C101122,3,481020.0,15.38,12,False,0.0,1,15.36
C103943,1,217836.0,21.66,4,False,0.0,1,15.35
C101816,2,180718.0,17.125,14,False,0.0,1,15.35
C103484,1,6320.0,20.17,11,False,0.0,1,15.34
C103064,1,548861.0,14.7,12,False,0.0,1,15.32
C103722,1,614447.0,14.08,12,False,0.0,1,15.31
C101159,1,471271.0,16.84,9,True,25438.0,0,15.31
C103445,1,1040285.0,14.07,4,False,0.0,1,15.3
C103135,3,682115.0,15.86,7,False,0.0,1,15.29
C102920,1,560116.0,16.48,8,True,42711.0,0,15.29
C101015,1,75471.0,14.59,21,False,0.0,1,15.29
C104079,2,484245.0,17.16,8,False,0.0,1,15.28
C103365,1,77097.0,21.35,7,False,0.0,1,15.27
C102874,1,13271.0,19.01,13,False,0.0,1,15.27
C104658,1,853190.0,10.84,14,False,0.0,1,15.26
C100880,1,579516.0,14.31,12,False,0.0,1,15.26
C101505,1,561127.0,13.02,15,False,0.0,1,15.26
C102851,2,568774.0,13.42,14,False,0.0,1,15.25
C100895,2,481575.0,16.634999999999998,9,False,0.0,1,15.24
C104169,1,406852.0,19.24,5,False,0.0,1,15.23
C100862,1,913513.0,11.7,11,False,0.0,1,15.23
C100764,1,454436.0,14.41,14,False,0.0,1,15.22
C102275,1,9095.0,20.89,9,False,0.0,1,15.21
C103588,2,605137.0,16.91,6,False,0.0,1,15.21
C102106,1,669154.0,15.83,7,False,0.0,1,15.2
C103979,1,1176200.0,13.63,2,False,0.0,1,15.2
C103637,2,948297.0,12.31,9,False,0.0,1,15.2
C100227,1,139462.0,16.75,15,False,0.0,1,15.19
C104944,1,94423.0,21.54,6,True,17390.0,0,15.19
C100112,2,485544.0,14.56,13,False,0.0,1,15.19
C101475,2,449039.0,13.93,15,False,0.0,1,15.19
C100780,3,545606.0,13.523333333333333,14,False,0.0,1,15.18
C100071,2,519364.0,13.76,14,False,0.0,1,15.18
C102900,1,359775.0,20.56,3,False,0.0,1,15.18
C100604,1,19866.0,19.29,12,False,0.0,1,15.18
C100388,1,480505.0,14.1,14,True,15862.0,0,15.17
C101550,3,711206.0,14.423333333333332,9,False,0.0,1,15.17
C103108,1,113435.0,17.45,14,True,30438.0,0,15.17
C101186,2,742669.0,15.084999999999999,7,True,28207.0,0,15.16
C100697,1,1382849.0,10.21,5,True,12995.0,0,15.15
C102787,1,850225.0,14.58,6,False,0.0,1,15.15
C104582,1,806551.0,13.51,9,True,38788.0,0,15.15
C104785,1,22309.0,8.99,33,False,0.0,1,15.14
C101287,1,344911.0,15.77,13,False,0.0,1,15.14
C103698,1,426944.0,16.96,9,False,0.0,1,15.14
C100741,3,595869.0,12.983333333333333,14,False,0.0,1,15.13
C103398,1,294358.0,16.22,13,False,0.0,1,15.13
C103803,4,529469.0,14.540000000000001,12,False,0.0,1,15.12
C103826,3,913673.0,11.033333333333333,12,False,0.0,1,15.12
C103255,1,137114.0,16.66,15,False,0.0,1,15.12
C103055,1,501971.0,14.28,13,False,0.0,1,15.11
C100956,1,431589.0,17.36,8,False,0.0,1,15.11
C102843,1,32849.0,17.59,15,True,44509.0,0,15.11
C104844,1,23368.0,20.1,10,True,40620.0,0,15.1
C101650,1,141927.0,15.61,17,False,0.0,1,15.1
C102620,2,313533.0,15.975,13,False,0.0,1,15.09
C100357,1,1066546.0,11.54,8,True,41875.0,0,15.09
C103081,2,919765.0,13.844999999999999,6,False,0.0,1,15.09
C102404,1,314232.0,19.36,6,False,0.0,1,15.09
C104762,1,306873.0,18.44,8,False,0.0,1,15.08
C100559,2,949059.0,10.14,13,True,15339.0,0,15.07
C103810,3,1121907.0,11.963333333333333,6,True,25977.0,0,15.07
C104037,2,394766.0,17.145,9,True,35117.0,0,15.07
C104116,3,1010754.0,13.933333333333332,4,False,0.0,1,15.06
C100147,2,233767.0,17.14,12,True,23046.0,0,15.06
C102269,1,1014325.0,9.51,13,True,20103.0,0,15.05
C102468,1,1475877.0,9.19,5,False,0.0,1,15.05
C100344,2,658904.0,12.74,13,True,15100.0,0,15.04
C104355,4,582455.0,13.9125,12,False,0.0,1,15.04
C103450,1,960870.0,9.5,14,False,0.0,1,15.04
C100328,1,476814.0,16.8,8,False,0.0,1,15.02
C102353,2,491092.0,13.26,15,False,0.0,1,15.02
C100996,1,1313101.0,9.17,8,True,17221.0,0,15.02
C103916,2,134567.0,16.52,15,True,30727.0,0,15.02
C100253,1,275279.0,18.14,9,False,0.0,1,15.02
C100887,1,326627.0,15.72,13,False,0.0,1,15.01
C102266,1,410000.0,20.3,2,False,0.0,1,15.01
C101987,3,1193895.0,10.236666666666666,8,False,0.0,1,15.01
C104687,1,808890.0,14.22,7,False,0.0,1,15.0
C104138,2,281326.0,16.605,12,False,0.0,1,15.0
C104556,1,332300.0,14.67,15,False,0.0,1,15.0
C102897,1,214268.0,17.2,12,True,18014.0,0,14.99
C104859,2,603826.0,16.075,7,False,0.0,1,14.99
C104317,1,988505.0,9.14,14,False,0.0,1,14.98
C100520,1,205904.0,21.14,4,False,0.0,1,14.98
C101875,2,781763.0,11.01,14,False,0.0,1,14.97
C101311,2,741642.0,12.825,11,False,0.0,1,14.96
C100531,2,562722.0,14.43,11,False,0.0,1,14.95
C104196,2,643231.0,16.119999999999997,6,False,0.0,1,14.94
C102035,1,124800.0,13.07,22,False,0.0,1,14.94
C102953,1,310998.0,19.14,6,False,0.0,1,14.94
C100669,1,305345.0,20.17,4,False,0.0,1,14.94
C103355,1,566026.0,12.45,15,False,0.0,1,14.94
C103925,1,119173.0,20.41,7,False,0.0,1,14.94
C104935,1,121891.0,19.9,8,False,0.0,1,14.94
C100082,2,461460.0,16.295,9,False,0.0,1,14.93
C103551,1,315357.0,19.09,6,True,5140.0,0,14.93
C103514,1,618410.0,16.82,5,False,0.0,1,14.93
C101469,1,372915.0,14.68,14,False,0.0,1,14.93
C103319,2,605682.0,14.974999999999998,9,False,0.0,1,14.92
C100909,1,190008.0,11.95,23,True,29193.0,0,14.92
C102236,2,597880.0,12.1,15,False,0.0,1,14.91
C104400,1,54161.0,20.96,7,True,24287.0,0,14.91
C100256,1,43977.0,10.83,28,True,16778.0,0,14.91
C104915,2,801480.0,12.18,11,True,6581.0,0,14.9
C102077,1,281344.0,16.92,11,False,0.0,1,14.9
C102789,1,114413.0,17.95,12,False,0.0,1,14.9
C102310,1,229690.0,17.88,10,False,0.0,1,14.9
C104910,1,313236.0,17.6,9,False,0.0,1,14.9
C101237,3,754625.0,12.093333333333334,12,False,0.0,1,14.89
C101234,1,396677.0,17.79,7,False,0.0,1,14.89
C102947,1,61943.0,17.94,13,True,32503.0,0,14.89
C100619,3,1182644.0,11.093333333333334,6,False,0.0,1,14.88
C103263,2,868165.0,13.96,6,False,0.0,1,14.88
C102363,3,700168.0,16.476666666666667,4,False,0.0,1,14.88
C100393,1,410955.0,17.64,7,False,0.0,1,14.87
C102026,1,553976.0,11.93,16,False,0.0,1,14.86
C104091,1,1077995.0,8.6,13,False,0.0,1,14.85
C102079,1,13146.0,18.79,12,False,0.0,1,14.85
C104930,1,463215.0,13.7,14,True,9906.0,0,14.84
C100146,2,1284865.0,10.09,6,False,0.0,1,14.84
C100513,2,155055.0,16.5,14,False,0.0,1,14.83
C101933,1,1502040.0,10.53,1,True,39213.0,0,14.83
C102836,3,847641.0,12.093333333333334,10,False,0.0,1,14.81
C103643,1,97504.0,16.5,15,False,0.0,1,14.81
C102914,2,623555.0,12.67,13,False,0.0,1,14.81
C102697,2,671215.0,15.165,7,False,0.0,1,14.81
C103986,2,469675.0,14.06,13,False,0.0,1,14.8
C100808,2,633896.0,15.97,6,False,0.0,1,14.8
C103287,1,334915.0,16.73,10,False,0.0,1,14.79
C101102,3,428550.0,13.936666666666667,14,False,0.0,1,14.79
C101579,2,415787.0,15.515,11,False,0.0,1,14.79
C104677,2,948483.0,11.145,10,False,0.0,1,14.79
C102595,1,877016.0,9.34,15,False,0.0,1,14.78
C100925,1,903550.0,12.48,8,True,19916.0,0,14.77
C102248,1,1390138.0,11.45,1,False,0.0,1,14.77
C100546,1,65579.0,18.66,11,False,0.0,1,14.76
C101026,1,290605.0,11.26,22,True,27579.0,0,14.76
C104510,1,106716.0,19.72,8,True,19246.0,0,14.75
C104733,1,317990.0,16.32,11,True,35390.0,0,14.74
C100737,2,762559.0,12.754999999999999,10,False,0.0,1,14.74
C100223,4,507674.0,15.5525,9,False,0.0,1,14.74
C102217,1,37025.0,20.81,7,True,17664.0,0,14.73
C104350,1,1341847.0,9.38,6,False,0.0,1,14.72
C100022,2,867717.0,9.8,14,True,12046.0,0,14.71
C104337,2,1068437.0,10.865,8,False,0.0,1,14.7
C101678,2,999132.0,13.925,3,False,0.0,1,14.7
C101795,2,607629.0,13.1,12,False,0.0,1,14.69
C103892,1,1244121.0,10.2,6,True,25064.0,0,14.68
C104307,2,618477.0,12.98,12,False,0.0,1,14.67
C102540,1,515511.0,14.84,10,False,0.0,1,14.64
C102925,1,393858.0,13.51,15,False,0.0,1,14.64
C103138,1,75075.0,21.28,5,False,0.0,1,14.64
C102766,2,306601.0,10.425,23,False,0.0,1,14.64
C100876,2,671506.0,13.395,10,False,0.0,1,14.63
C100974,2,314120.0,10.81,22,False,0.0,1,14.62
C103288,1,1658461.0,8.27,2,False,0.0,1,14.62
C101982,1,86157.0,20.66,6,True,37593.0,0,14.62
C103028,1,684000.0,16.19,4,False,0.0,1,14.62
C103665,2,365111.0,15.665,11,False,0.0,1,14.61
C104495,1,258010.0,14.69,15,False,0.0,1,14.6
C101939,1,982146.0,10.51,10,False,0.0,1,14.6
C103003,1,363486.0,20.04,2,True,17841.0,0,14.6
C103732,3,390172.0,13.463333333333333,15,True,5050.0,0,14.59
C104124,2,371227.0,13.64,15,False,0.0,1,14.59
C100571,2,503487.0,16.325,7,True,27894.0,0,14.59
C104243,1,654929.0,12.97,11,False,0.0,1,14.57
C100655,2,211370.0,16.04,13,True,32826.0,0,14.57
C100401,2,165993.0,18.380000000000003,9,False,0.0,1,14.56
C104513,2,545338.0,15.379999999999999,8,False,0.0,1,14.55
C102227,1,44911.0,19.46,9,False,0.0,1,14.55
C102151,1,674127.0,11.76,13,True,26265.0,0,14.54
C103866,3,726070.0,13.719999999999999,8,False,0.0,1,14.54
C102125,1,224989.0,19.27,6,False,0.0,1,14.54
C104778,2,574133.0,13.155000000000001,12,True,41837.0,0,14.54
C101353,3,400287.0,15.700000000000001,10,True,40150.0,0,14.53
C100585,1,203172.0,15.06,15,False,0.0,1,14.52
C103854,1,378054.0,17.33,7,False,0.0,1,14.51
C101940,2,380935.0,16.814999999999998,8,False,0.0,1,14.51
C104332,1,621989.0,15.57,6,True,12326.0,0,14.5
C104094,1,653800.0,12.35,12,False,0.0,1,14.49
C104064,1,1320704.0,10.65,3,True,10505.0,0,14.49
C101277,2,821327.0,12.275,9,True,31834.0,0,14.49
C104171,3,462277.0,13.11,14,False,0.0,1,14.48
C101801,2,636372.0,15.89,5,True,20103.0,0,14.48
C101394,1,237975.0,18.08,8,False,0.0,1,14.48
C101983,1,107021.0,19.26,8,False,0.0,1,14.48
C100675,1,1106564.0,12.1,4,False,0.0,1,14.48
C104904,1,78566.0,18.06,11,False,0.0,1,14.47
C101384,2,599630.0,12.805,12,True,36624.0,0,14.46
C102552,1,39685.0,16.44,15,False,0.0,1,14.46
C101183,1,1295352.0,11.78,1,False,0.0,1,14.45
C100860,2,256934.0,14.91,14,False,0.0,1,14.44
C104269,1,181115.0,19.01,7,False,0.0,1,14.44
C103542,1,1025777.0,9.84,10,False,0.0,1,14.43
C104706,1,737619.0,14.87,5,False,0.0,1,14.42
C101359,2,185253.0,15.54,14,True,15949.0,0,14.42
C101336,2,175417.0,17.57,10,False,0.0,1,14.42
C104721,2,758020.0,15.165,4,True,17215.0,0,14.41
C103576,2,305980.0,13.935,15,False,0.0,1,14.41
C103169,4,346120.0,13.557500000000001,15,False,0.0,1,14.4
C101187,1,318745.0,19.15,4,False,0.0,1,14.4
C101805,2,395793.0,14.545000000000002,12,True,34186.0,0,14.39
C101288,2,565257.0,16.880000000000003,4,False,0.0,1,14.39
C103781,2,331463.0,14.14,14,False,0.0,1,14.38
C101683,2,615695.0,12.030000000000001,13,False,0.0,1,14.38
C104406,1,525308.0,13.8,11,True,27186.0,0,14.36
C100882,1,694916.0,11.27,13,False,0.0,1,14.36
C100236,1,373052.0,15.65,10,True,8270.0,0,14.35
C104745,2,497110.0,13.045,13,False,0.0,1,14.34
C101865,1,622691.0,13.83,9,False,0.0,1,14.33
C101463,2,609581.0,13.940000000000001,9,True,35963.0,0,14.33
C101273,1,58071.0,21.4,4,False,0.0,1,14.32
C102291,1,406785.0,17.73,5,False,0.0,1,14.32
C100900,2,931958.0,12.920000000000002,5,False,0.0,1,14.31
C103376,2,442833.0,12.495000000000001,15,False,0.0,1,14.3
C104946,1,353713.0,16.72,8,True,16967.0,0,14.3
C104131,1,166937.0,18.89,7,False,0.0,1,14.29
C101031,2,167574.0,15.965,13,True,26695.0,0,14.29
C104043,2,823899.0,12.9,7,False,0.0,1,14.29
C103520,1,579961.0,14.12,9,True,33357.0,0,14.27
C104458,1,746093.0,10.09,14,False,0.0,1,14.22
C104766,2,979551.0,10.379999999999999,9,False,0.0,1,14.21
C104334,1,105173.0,21.75,2,True,30898.0,0,14.21
C103743,2,399683.0,12.745000000000001,15,False,0.0,1,14.21
C100919,1,356442.0,9.73,22,False,0.0,1,14.21
C100084,2,1119637.0,12.485,2,False,0.0,1,14.2
C104001,1,629862.0,17.44,1,False,0.0,1,14.2
C103030,1,558217.0,15.17,7,False,0.0,1,14.2
C101862,1,39083.0,16.01,15,False,0.0,1,14.19
C103978,1,649383.0,13.83,8,False,0.0,1,14.19
C104529,2,262973.0,13.48,16,True,38037.0,0,14.19
C100708,2,368024.0,12.995,15,False,0.0,1,14.19
C102209,1,43443.0,17.42,12,False,0.0,1,14.19
C100202,2,450925.0,12.219999999999999,15,False,0.0,1,14.17
C100213,1,144154.0,19.38,6,False,0.0,1,14.17
C102314,1,1339780.0,10.91,1,True,6122.0,0,14.17
C102622,1,900008.0,12.98,5,False,0.0,1,14.17
C102270,2,178179.0,15.17,14,False,0.0,1,14.16
C101056,2,257100.0,16.88,9,False,0.0,1,14.16
C101704,1,86720.0,21.35,3,False,0.0,1,14.16
C103683,1,352553.0,13.09,15,True,4416.0,0,14.16
C104383,1,245790.0,11.62,20,True,9771.0,0,14.15
C104523,2,232221.0,15.125,13,True,4947.0,0,14.14
C100728,1,72054.0,14.64,17,True,23474.0,0,14.14
C103328,1,154600.0,18.27,8,True,29499.0,0,14.14
C102482,1,1298103.0,8.8,6,False,0.0,1,14.13
C101133,1,485282.0,14.27,10,True,43462.0,0,14.13
C101016,1,665474.0,10.18,15,True,36309.0,0,14.13
C103668,1,220421.0,16.68,10,False,0.0,1,14.13
C102204,1,339843.0,16.55,8,True,4879.0,0,14.12
C101999,2,515776.0,13.959999999999999,10,True,10476.0,0,14.12
C102208,1,834348.0,13.95,4,False,0.0,1,14.1
C102686,1,71343.0,18.48,9,False,0.0,1,14.1
C103541,3,283154.0,13.606666666666667,15,False,0.0,1,14.09
C104962,1,419084.0,15.29,9,False,0.0,1,14.09
C103590,1,1274344.0,8.46,7,False,0.0,1,14.09
C101906,1,28493.0,21.25,4,False,0.0,1,14.07
C103516,1,45450.0,15.75,15,False,0.0,1,14.07
C100785,1,515013.0,13.38,11,False,0.0,1,14.06
C100945,1,785827.0,9.95,13,False,0.0,1,14.06
C102794,1,56656.0,19.49,7,False,0.0,1,14.05
C102484,1,1059821.0,11.32,5,True,40810.0,0,14.05
C103646,1,589707.0,13.67,9,True,21846.0,0,14.05
C104300,1,686638.0,14.22,6,False,0.0,1,14.04
C100599,1,151809.0,16.17,12,False,0.0,1,14.03
C100187,2,399529.0,14.875,10,False,0.0,1,14.03
C104115,1,798629.0,12.7,7,True,19831.0,0,14.03
C101400,2,348408.0,17.285,6,False,0.0,1,14.03
C101440,1,421428.0,12.74,14,False,0.0,1,14.03
C103651,2,620514.0,11.385,13,False,0.0,1,14.02
C104313,1,476926.0,15.13,8,True,28721.0,0,14.02
C103701,1,633720.0,14.67,6,True,42218.0,0,14.02
C103842,2,553674.0,12.0,13,False,0.0,1,14.02
C101904,1,490263.0,13.51,11,False,0.0,1,14.0
C102831,2,843733.0,12.704999999999998,6,False,0.0,1,13.99
C101520,2,697821.0,10.125,14,True,21851.0,0,13.98
C101776,1,871663.0,11.46,8,False,0.0,1,13.98
C100677,1,201319.0,13.66,16,True,35135.0,0,13.96
C100183,1,435939.0,15.4,8,False,0.0,1,13.96
C103314,1,341096.0,17.73,5,False,0.0,1,13.96
C102802,2,878691.0,11.809999999999999,7,False,0.0,1,13.94
C100456,1,723934.0,16.63,0,False,0.0,1,13.94
C100050,1,770171.0,9.87,13,False,0.0,1,13.93
C102419,2,1040236.0,9.344999999999999,9,True,6632.0,0,13.93
C102163,1,1081944.0,11.4,4,False,0.0,1,13.93
C102579,1,783682.0,13.15,6,False,0.0,1,13.93
C103992,1,55836.0,18.33,9,False,0.0,1,13.93
C100397,1,1067994.0,9.08,9,False,0.0,1,13.92
C102466,1,173578.0,18.7,6,True,41997.0,0,13.92
C103026,1,1125274.0,12.94,0,False,0.0,1,13.92
C103146,2,555633.0,14.245,8,True,30226.0,0,13.92
C101530,2,480443.0,13.465,11,False,0.0,1,13.92
C100949,1,285247.0,15.25,11,False,0.0,1,13.92
C103402,1,534562.0,17.35,2,False,0.0,1,13.92
C102650,1,485426.0,16.82,4,False,0.0,1,13.92
C100405,1,188806.0,17.59,8,True,40806.0,0,13.92
C101018,1,715672.0,9.36,15,False,0.0,1,13.91
C100136,1,462136.0,17.0,4,False,0.0,1,13.9
C101565,1,70477.0,20.09,5,False,0.0,1,13.9
C104343,2,401588.0,17.07,5,False,0.0,1,13.9
C102205,1,205211.0,17.87,7,False,0.0,1,13.89
C101184,1,755799.0,10.9,11,True,9711.0,0,13.88
C103710,1,159828.0,20.21,3,True,38144.0,0,13.88
C104170,1,1263496.0,10.15,3,False,0.0,1,13.88
C100002,1,588077.0,11.44,13,False,0.0,1,13.87
C101392,1,1330846.0,8.54,5,True,28808.0,0,13.87
C104572,1,246476.0,14.53,13,True,42223.0,0,13.86
C100611,2,185129.0,16.535,10,False,0.0,1,13.85
C100481,1,570518.0,10.58,15,False,0.0,1,13.85
C103052,1,601272.0,16.61,2,False,0.0,1,13.84
C100913,3,401958.0,12.106666666666667,15,False,0.0,1,13.84
C100916,1,44464.0,18.27,9,False,0.0,1,13.83
C101349,2,723903.0,11.585,10,False,0.0,1,13.83
C104627,1,826973.0,12.59,6,True,30484.0,0,13.83
C100249,2,862835.0,12.24,6,True,24210.0,0,13.82
C104679,2,792293.0,15.295,1,False,0.0,1,13.81
C104457,1,153593.0,20.63,2,False,0.0,1,13.8
C103304,1,27779.0,18.85,8,False,0.0,1,13.8
C104440,1,186302.0,14.5,14,True,11476.0,0,13.8
C100302,1,633252.0,11.88,11,True,8458.0,0,13.8
C102027,1,22482.0,21.32,3,False,0.0,1,13.79
C103988,2,396357.0,15.945,7,False,0.0,1,13.78
C101705,2,883794.0,10.04,10,True,26671.0,0,13.78
C100984,1,82925.0,21.73,1,True,20167.0,0,13.78
C103557,2,232711.0,14.024999999999999,14,False,0.0,1,13.77
C102243,2,615790.0,11.504999999999999,12,False,0.0,1,13.77
C100997,2,405151.0,12.895,13,True,23984.0,0,13.75
C100766,3,630222.0,13.283333333333333,8,False,0.0,1,13.75
C102202,1,134213.0,21.7,0,False,0.0,1,13.75
C104211,3,371110.0,11.743333333333334,16,False,0.0,1,13.74
C101538,2,1219678.0,9.825,4,False,0.0,1,13.74
C101684,2,1029917.0,10.105,7,False,0.0,1,13.74
C102491,1,138088.0,18.22,7,False,0.0,1,13.73
C101423,1,594669.0,13.08,9,True,8118.0,0,13.73
C102206,3,378796.0,12.626666666666667,14,False,0.0,1,13.73
C104413,1,874860.0,13.45,3,False,0.0,1,13.73
C100035,2,159865.0,15.085,13,False,0.0,1,13.72
C101161,3,657834.0,14.916666666666666,4,True,40666.0,0,13.72
C104564,2,559244.0,13.39,9,False,0.0,1,13.72
C104994,1,384467.0,17.88,3,False,0.0,1,13.71
C103779,1,704105.0,11.56,10,True,18099.0,0,13.71
C101555,1,192204.0,16.73,9,False,0.0,1,13.71
C102436,1,817528.0,12.48,6,True,40052.0,0,13.71
C104419,2,277013.0,14.469999999999999,12,True,17735.0,0,13.7
C101726,1,37285.0,18.1,9,True,39180.0,0,13.69
C102710,2,436686.0,11.545,15,False,0.0,1,13.69
C103715,1,98871.0,14.61,15,False,0.0,1,13.68
C100542,1,63087.0,19.77,5,False,0.0,1,13.67
C103431,2,1107059.0,9.280000000000001,7,False,0.0,1,13.67
C104527,1,595872.0,11.02,13,True,44844.0,0,13.66
C104816,1,1081811.0,9.49,7,False,0.0,1,13.66
C104182,2,173102.0,19.240000000000002,4,False,0.0,1,13.66
C101350,1,896323.0,9.24,11,True,27411.0,0,13.66
C100336,1,699705.0,14.4,4,True,21072.0,0,13.64
C100928,2,578407.0,14.52,6,False,0.0,1,13.63
C104875,1,442314.0,17.7,2,True,19603.0,0,13.62
C102553,2,566093.0,15.59,4,True,33708.0,0,13.62
C102899,2,1124198.0,10.02,5,False,0.0,1,13.62
C102157,2,847847.0,11.075,8,True,14043.0,0,13.62
C102938,1,17230.0,16.67,12,False,0.0,1,13.6
C103666,1,83401.0,18.5,7,True,36503.0,0,13.6
C102449,1,53256.0,21.66,1,False,0.0,1,13.58
C104130,2,402712.0,16.044999999999998,6,False,0.0,1,13.58
C104195,2,126442.0,14.68,14,False,0.0,1,13.58
C104034,2,900386.0,10.024999999999999,9,False,0.0,1,13.57
C103245,1,47600.0,15.37,14,False,0.0,1,13.57
C100606,2,290587.0,14.125,12,False,0.0,1,13.57
C102780,2,417984.0,14.43,9,True,27864.0,0,13.57
C100163,1,55828.0,19.19,6,False,0.0,1,13.57
C101622,2,311249.0,12.955,14,True,8620.0,0,13.56
C101166,1,31760.0,19.38,6,False,0.0,1,13.55
C104997,1,47512.0,15.83,13,False,0.0,1,13.55
C104718,1,662426.0,11.67,10,False,0.0,1,13.54
C103322,2,227675.0,16.595,8,False,0.0,1,13.54
C100290,1,299568.0,12.52,15,False,0.0,1,13.53
C103277,1,513965.0,13.98,8,False,0.0,1,13.53
C101073,1,209904.0,20.14,1,True,28063.0,0,13.52
C101682,1,160077.0,21.06,0,False,0.0,1,13.51
C104921,1,62522.0,13.69,17,True,39528.0,0,13.51
C100840,1,616896.0,12.5,9,False,0.0,1,13.5
C104647,1,76548.0,14.99,14,False,0.0,1,13.5
C101504,1,88912.0,15.86,12,True,28977.0,0,13.5
C103050,1,1234736.0,10.27,2,False,0.0,1,13.5
C102774,1,404590.0,18.8,0,True,4285.0,0,13.49
C103451,1,497462.0,9.67,17,False,0.0,1,13.48
C103473,1,427280.0,8.34,21,False,0.0,1,13.47
C102518,2,501183.0,12.535,11,False,0.0,1,13.47
C104309,1,304410.0,13.82,12,True,22109.0,0,13.46
C101695,2,320866.0,14.165,11,True,27348.0,0,13.46
C100927,2,463208.0,12.865,11,False,0.0,1,13.46
C104144,1,334488.0,12.08,15,False,0.0,1,13.45
C100863,3,641792.0,11.693333333333333,10,False,0.0,1,13.45
C101292,1,140555.0,21.11,0,False,0.0,1,13.44
C104669,1,128666.0,19.26,4,True,17976.0,0,13.43
C103861,1,422736.0,16.09,5,False,0.0,1,13.43
C103548,1,150927.0,13.72,15,True,44848.0,0,13.43
C100378,1,511451.0,13.33,9,False,0.0,1,13.42
C102492,2,403003.0,12.86,12,False,0.0,1,13.42
C101032,1,173639.0,18.84,4,True,25751.0,0,13.42
C104773,1,746238.0,10.2,11,False,0.0,1,13.41
C103493,1,605567.0,12.44,9,False,0.0,1,13.4
C102152,1,370251.0,13.6,11,False,0.0,1,13.39
C103452,2,234223.0,13.85,13,False,0.0,1,13.38
C104648,1,297854.0,15.2,9,False,0.0,1,13.38
C103902,2,67338.0,15.86,12,False,0.0,1,13.38
C102959,1,216406.0,14.48,12,True,13274.0,0,13.37
C103428,3,674071.0,11.746666666666668,9,False,0.0,1,13.36
C101224,1,766798.0,13.81,3,False,0.0,1,13.36
C102786,1,485931.0,13.95,8,False,0.0,1,13.36
C103833,2,512768.0,13.67,8,True,23015.0,0,13.34
C103419,1,346541.0,14.68,9,True,17251.0,0,13.33
C102414,1,959953.0,12.45,2,False,0.0,1,13.31
C104974,1,487832.0,11.42,13,True,7371.0,0,13.31
C101250,1,765781.0,8.4,14,False,0.0,1,13.31
C103903,1,92704.0,14.53,14,False,0.0,1,13.31
C101355,1,180817.0,20.05,1,False,0.0,1,13.31
C103481,2,738165.0,13.009999999999998,5,False,0.0,1,13.3
C102182,1,280073.0,19.61,0,False,0.0,1,13.3
C100339,1,66024.0,14.74,14,True,41132.0,0,13.29
C104143,1,21429.0,14.63,15,False,0.0,1,13.27
C102820,2,343441.0,15.094999999999999,8,False,0.0,1,13.27
C104361,1,629099.0,11.03,11,False,0.0,1,13.27
C100765,2,400604.0,15.065,7,False,0.0,1,13.27
C103098,1,525171.0,11.5,12,False,0.0,1,13.27
C102268,2,420075.0,11.455,14,False,0.0,1,13.26
C101661,1,86341.0,19.83,3,False,0.0,1,13.25
C103342,2,489095.0,13.225,9,False,0.0,1,13.24
C103105,2,715352.0,10.195,11,False,0.0,1,13.24
C103095,1,104146.0,17.69,7,False,0.0,1,13.23
C102572,2,769733.0,11.629999999999999,7,False,0.0,1,13.23
C104608,1,771375.0,11.11,8,False,0.0,1,13.22
C100160,1,946033.0,9.02,9,False,0.0,1,13.21
C103053,2,347448.0,12.52,13,False,0.0,1,13.21
C101711,2,404903.0,14.855,7,False,0.0,1,13.17
C103448,1,259301.0,13.73,12,False,0.0,1,13.16
C102422,2,490692.0,10.66,14,False,0.0,1,13.16
C100671,1,84406.0,14.82,13,True,37381.0,0,13.15
C104612,1,128556.0,16.85,8,False,0.0,1,13.15
C104167,1,294988.0,12.9,13,False,0.0,1,13.15
C103918,1,213898.0,17.53,5,False,0.0,1,13.15
C100349,2,435261.0,12.605,11,False,0.0,1,13.15
C102159,1,574302.0,16.67,0,False,0.0,1,13.15
C104173,1,554561.0,8.58,17,False,0.0,1,13.14
C100305,2,175958.0,12.985,15,False,0.0,1,13.13
C104725,2,329116.0,13.54,11,True,32064.0,0,13.13
C100089,1,268421.0,12.61,14,False,0.0,1,13.12
C103547,1,24234.0,15.81,12,False,0.0,1,13.12
C100922,3,477339.0,12.15,11,False,0.0,1,13.11
C103193,2,104313.0,15.55,11,True,27198.0,0,13.11
C100261,1,786515.0,12.73,4,False,0.0,1,13.11
C100567,2,636053.0,11.175,10,True,37937.0,0,13.1
C100185,1,63422.0,16.88,9,False,0.0,1,13.1
C104013,1,220886.0,19.82,0,False,0.0,1,13.1
C101404,1,147120.0,15.12,11,True,13143.0,0,13.09
C103163,2,235486.0,12.83,14,True,34664.0,0,13.07
C100695,1,215096.0,13.5,13,True,26388.0,0,13.07
C104392,3,589371.0,11.036666666666667,11,False,0.0,1,13.06
C101617,1,265942.0,14.96,9,False,0.0,1,13.06
C103596,1,838949.0,12.66,3,False,0.0,1,13.06
C102637,1,225474.0,13.37,13,True,6579.0,0,13.05
C100875,2,268160.0,14.93,9,True,7040.0,0,13.05
C104629,1,352907.0,11.72,14,True,9921.0,0,13.05
C103676,1,622739.0,11.21,10,False,0.0,1,13.05
C100392,1,218482.0,15.36,9,False,0.0,1,13.04
C103016,1,169429.0,15.82,9,False,0.0,1,13.04
C104424,2,514891.0,12.645,9,False,0.0,1,13.03
C103873,1,225581.0,12.85,14,False,0.0,1,13.03
C103090,1,289043.0,14.21,10,False,0.0,1,13.02
C104359,1,337088.0,16.2,5,False,0.0,1,13.02
C102859,1,175960.0,17.66,5,True,24810.0,0,13.02
C102018,2,491400.0,14.295,6,False,0.0,1,13.02
C102599,1,515315.0,10.66,13,False,0.0,1,13.01
C100412,1,1289483.0,9.41,1,True,7713.0,0,13.0
C103472,3,746054.0,9.996666666666668,10,True,9122.0,0,13.0
C104801,1,24214.0,10.21,23,False,0.0,1,12.97
C104097,1,343292.0,15.06,7,False,0.0,1,12.96
C100446,1,63784.0,20.04,2,True,9453.0,0,12.96
C102632,1,44147.0,19.23,4,False,0.0,1,12.95
C101819,2,442288.0,12.19,11,False,0.0,1,12.94
C101854,2,406614.0,12.995000000000001,10,True,30220.0,0,12.94
C103716,2,207805.0,12.86,14,False,0.0,1,12.94
C103042,1,389706.0,15.08,6,False,0.0,1,12.93
C102294,1,642699.0,13.72,4,False,0.0,1,12.92
C104878,1,492886.0,14.59,5,False,0.0,1,12.91
C104009,1,1098313.0,10.53,2,False,0.0,1,12.91
C101673,2,401671.0,14.455,7,False,0.0,1,12.91
C100229,1,376811.0,12.25,12,False,0.0,1,12.91
C100868,1,91752.0,17.76,6,True,28200.0,0,12.91
C104423,2,185484.0,12.52,15,False,0.0,1,12.9
C102671,2,476703.0,13.27,8,False,0.0,1,12.9
C101006,1,1403858.0,8.69,0,True,14105.0,0,12.9
C103693,1,498780.0,13.04,8,False,0.0,1,12.89
C103736,3,287160.0,16.900000000000002,4,True,35150.0,0,12.88
C101993,2,702252.0,14.085,2,False,0.0,1,12.88
C103415,1,892639.0,12.35,2,False,0.0,1,12.88
C100502,1,414203.0,13.32,9,False,0.0,1,12.88
C102785,1,243873.0,15.35,8,True,27938.0,0,12.88
C100282,1,1196494.0,9.07,3,False,0.0,1,12.87
C102663,1,74860.0,14.93,12,False,0.0,1,12.87
C103066,1,450558.0,15.87,3,False,0.0,1,12.86
C100207,1,121592.0,14.01,13,False,0.0,1,12.86
C100429,1,626601.0,14.26,3,False,0.0,1,12.86
C102564,1,1327974.0,8.83,1,False,0.0,1,12.86
C101535,1,493725.0,14.97,4,False,0.0,1,12.85
C104820,1,73009.0,19.3,3,False,0.0,1,12.85
C104936,2,247628.0,12.82,13,False,0.0,1,12.84
C104624,1,101113.0,16.55,8,False,0.0,1,12.82
C103581,1,23760.0,15.8,11,False,0.0,1,12.82
C104475,1,562535.0,11.36,10,True,43111.0,0,12.81
C100589,2,322359.0,12.58,12,False,0.0,1,12.81
C102978,1,562287.0,10.37,12,False,0.0,1,12.8
C102657,1,176777.0,12.42,15,True,27969.0,0,12.79
C103153,2,577779.0,11.665,9,False,0.0,1,12.79
C102327,1,975580.0,10.46,4,False,0.0,1,12.78
C103727,1,69235.0,19.69,2,True,8149.0,0,12.78
C101828,1,845357.0,10.65,6,False,0.0,1,12.77
C101316,1,346992.0,13.26,10,False,0.0,1,12.77
C101627,2,491507.0,12.9,8,False,0.0,1,12.76
C103268,1,388245.0,15.78,4,False,0.0,1,12.76
C104467,1,744849.0,14.46,0,False,0.0,1,12.75
C100044,1,315443.0,14.97,7,True,11787.0,0,12.75
C104786,3,387751.0,14.793333333333331,6,False,0.0,1,12.75
C103027,1,282471.0,17.7,2,False,0.0,1,12.75
C102410,3,425210.0,14.436666666666667,6,False,0.0,1,12.74
C101082,1,423272.0,13.96,7,False,0.0,1,12.73
C103656,1,229995.0,16.18,6,False,0.0,1,12.72
C101185,2,292957.0,17.07,3,False,0.0,1,12.72
C104229,1,127061.0,12.75,15,False,0.0,1,12.72
C101891,2,800256.0,10.975,6,True,6248.0,0,12.71
C100286,1,47711.0,11.03,20,False,0.0,1,12.71
C103600,2,124022.0,14.71,11,False,0.0,1,12.71
C103477,1,86734.0,17.45,6,False,0.0,1,12.69
C104278,1,21528.0,17.07,8,True,4597.0,0,12.69
C104750,2,393806.0,11.23,13,False,0.0,1,12.69
C101852,1,530611.0,10.94,11,False,0.0,1,12.68
C104029,1,131553.0,15.06,10,False,0.0,1,12.67
C102842,1,1297667.0,9.27,0,False,0.0,1,12.66
C102499,2,498789.0,15.09,3,False,0.0,1,12.66
C102004,1,278295.0,12.22,13,False,0.0,1,12.65
C102594,1,142455.0,13.47,13,True,7039.0,0,12.65
C104638,1,83549.0,16.44,8,True,6428.0,0,12.65
C103397,1,65582.0,14.16,13,True,5906.0,0,12.65
C102838,1,776552.0,13.49,1,True,11776.0,0,12.64
C100586,2,480727.0,12.8,8,True,36779.0,0,12.64
C101734,1,263643.0,12.35,13,True,14495.0,0,12.64
C101178,2,860134.0,11.26,4,False,0.0,1,12.63
C103618,1,99242.0,14.8,11,False,0.0,1,12.63
C104493,1,201139.0,13.82,11,False,0.0,1,12.6
C103203,1,577653.0,10.37,11,True,27185.0,0,12.59
C104889,1,831947.0,10.96,5,False,0.0,1,12.59
C100617,2,238599.0,15.395,7,False,0.0,1,12.58
C102792,1,183959.0,12.48,14,False,0.0,1,12.58
C104176,1,388738.0,10.13,15,False,0.0,1,12.58
C102058,1,313334.0,15.66,5,False,0.0,1,12.57
C103692,2,208696.0,12.235,14,True,37578.0,0,12.57
C103471,2,593118.0,12.129999999999999,7,False,0.0,1,12.57
C102346,2,627510.0,11.8,7,False,0.0,1,12.56
C103775,1,183074.0,11.98,15,False,0.0,1,12.56
C104752,1,364178.0,17.13,1,True,37131.0,0,12.56
C100573,2,886948.0,10.89,4,False,0.0,1,12.56
C100781,1,571903.0,12.29,7,False,0.0,1,12.55
C100324,1,819186.0,10.51,6,False,0.0,1,12.54
C101347,1,57188.0,14.53,12,False,0.0,1,12.53
C100833,1,396741.0,11.88,11,False,0.0,1,12.51
C101461,1,526054.0,10.15,12,False,0.0,1,12.47
C103609,2,693673.0,11.54,6,False,0.0,1,12.47
C100188,2,225607.0,12.875,12,True,9521.0,0,12.46
C103783,4,462041.0,14.602500000000001,4,True,23750.0,0,12.46
C101889,1,125530.0,15.73,8,False,0.0,1,12.46
C104134,1,51920.0,17.84,5,True,42693.0,0,12.45
C104297,1,291491.0,13.22,10,False,0.0,1,12.44
C104776,1,327175.0,13.37,9,False,0.0,1,12.44
C103830,1,838677.0,12.58,1,False,0.0,1,12.43
C103622,1,391417.0,14.71,5,False,0.0,1,12.43
C101642,1,380065.0,14.34,6,False,0.0,1,12.43
C101924,1,346137.0,17.56,0,True,29577.0,0,12.43
C101497,1,185134.0,14.15,10,True,7713.0,0,12.42
C100561,1,303787.0,15.02,6,False,0.0,1,12.42
C101488,1,610732.0,11.73,7,False,0.0,1,12.42
C103634,1,496123.0,11.32,10,False,0.0,1,12.42
C102743,1,651368.0,13.26,3,True,22131.0,0,12.4
C100511,1,795591.0,11.46,4,False,0.0,1,12.4
C100285,1,779356.0,11.59,4,False,0.0,1,12.39
C103697,1,83826.0,14.54,11,False,0.0,1,12.39
C101647,1,115275.0,13.76,12,False,0.0,1,12.39
C100952,2,109648.0,12.84,14,False,0.0,1,12.39
C104665,1,549022.0,11.26,9,False,0.0,1,12.39
C103929,1,114640.0,11.31,17,False,0.0,1,12.37
C100709,1,891439.0,10.05,5,False,0.0,1,12.37
C104056,1,140735.0,15.44,8,False,0.0,1,12.37
C102132,1,136452.0,17.91,3,True,28335.0,0,12.37
C104301,1,487560.0,12.27,8,False,0.0,1,12.36
C104967,1,431138.0,14.69,4,True,24143.0,0,12.34
C104976,1,318468.0,13.77,8,False,0.0,1,12.34
C104594,1,413461.0,16.79,0,False,0.0,1,12.34
C104215,1,11200.0,19.01,3,False,0.0,1,12.34
C103275,2,530474.0,12.32,7,False,0.0,1,12.34
C102512,1,56943.0,13.25,14,False,0.0,1,12.34
C101125,1,496120.0,12.12,8,False,0.0,1,12.32
C103894,2,384367.0,13.135,8,False,0.0,1,12.32
C101445,1,255642.0,15.26,6,False,0.0,1,12.31
C104492,1,340307.0,10.6,14,False,0.0,1,12.31
C100154,1,465407.0,14.79,3,False,0.0,1,12.3
C103496,1,191054.0,18.76,0,False,0.0,1,12.3
C101575,2,399716.0,14.424999999999999,5,False,0.0,1,12.3
C103111,1,574751.0,12.81,5,True,12680.0,0,12.29
C102050,1,212301.0,11.73,14,True,39646.0,0,12.28
C100086,1,486681.0,9.2,14,True,38836.0,0,12.27
C101331,1,326817.0,12.59,10,False,0.0,1,12.26
C102066,1,248549.0,13.31,10,False,0.0,1,12.26
C102337,1,173503.0,13.47,11,True,41545.0,0,12.24
C100053,1,622846.0,10.83,8,True,12914.0,0,12.24
C104267,1,10397.0,19.82,1,False,0.0,1,12.24
C100321,1,635886.0,11.17,7,True,11444.0,0,12.22
C102566,1,226739.0,10.52,16,False,0.0,1,12.22
C100495,1,667941.0,11.85,5,False,0.0,1,12.22
C103453,1,348033.0,12.79,9,False,0.0,1,12.2
C100110,1,255384.0,15.57,5,False,0.0,1,12.2
C100813,1,438096.0,9.53,14,False,0.0,1,12.2
C102944,1,73911.0,17.22,5,False,0.0,1,12.19
C101294,2,97343.0,14.56,10,False,0.0,1,12.19
C100886,1,35360.0,14.63,11,True,24766.0,0,12.18
C104800,1,666417.0,12.77,3,False,0.0,1,12.18
C102879,1,5774.0,18.77,3,False,0.0,1,12.17
C104912,1,280518.0,16.75,2,False,0.0,1,12.17
C102577,3,402082.0,12.233333333333334,9,True,13517.0,0,12.17
C100641,1,233988.0,14.26,8,False,0.0,1,12.17
C103072,2,356936.0,16.525,1,False,0.0,1,12.16
C101553,2,284471.0,17.175,1,True,4406.0,0,12.15
C103336,1,153126.0,13.97,10,False,0.0,1,12.14
C100492,2,806400.0,9.45,7,False,0.0,1,12.13
C103289,1,120293.0,16.21,6,False,0.0,1,12.13
C103474,2,529244.0,11.985,7,False,0.0,1,12.13
C100730,1,113846.0,11.87,15,False,0.0,1,12.12
C100180,1,211728.0,15.33,6,False,0.0,1,12.11
C102147,1,147249.0,13.5,11,False,0.0,1,12.11
C101653,1,79815.0,18.49,2,False,0.0,1,12.11
C100452,1,688045.0,11.47,5,False,0.0,1,12.11
C102615,1,328019.0,11.36,12,True,16922.0,0,12.11
C103519,2,344372.0,10.704999999999998,13,False,0.0,1,12.1
C102155,1,39875.0,17.86,4,True,11415.0,0,12.1
C101363,1,443555.0,14.16,4,False,0.0,1,12.09
C102110,3,212566.0,12.38,12,False,0.0,1,12.09
C101296,1,31870.0,17.42,5,False,0.0,1,12.08
C100248,1,364812.0,16.32,1,False,0.0,1,12.08
C104695,1,578840.0,9.0,12,False,0.0,1,12.07
C101728,1,1026353.0,10.74,0,False,0.0,1,12.06
C104396,1,203949.0,13.36,10,True,10517.0,0,12.05
C100009,1,220165.0,14.67,7,True,18160.0,0,12.05
C101235,1,800315.0,9.85,6,True,28882.0,0,12.04
C102359,1,64831.0,14.12,11,False,0.0,1,12.04
C103051,1,179511.0,13.57,10,False,0.0,1,12.04
C102984,1,538210.0,13.21,4,False,0.0,1,12.04
C102254,1,836947.0,10.49,4,True,9713.0,0,12.04
C101446,2,198085.0,11.925,13,False,0.0,1,12.03
C102426,1,218696.0,14.66,7,False,0.0,1,12.03
C100149,1,155945.0,18.12,1,False,0.0,1,12.02
C100414,2,117703.0,14.09,10,False,0.0,1,12.01
C100751,2,245538.0,12.92,10,True,40370.0,0,12.01
C101765,1,24640.0,13.95,12,False,0.0,1,12.0
C103848,1,493840.0,11.61,8,False,0.0,1,12.0
C100774,1,452720.0,12.96,6,False,0.0,1,12.0
C104914,2,650735.0,13.57,1,False,0.0,1,12.0
C104876,1,42468.0,19.62,0,True,12090.0,0,12.0
C104410,3,290522.0,12.96,9,False,0.0,1,11.99
C101034,1,214278.0,12.19,12,False,0.0,1,11.99
C103154,1,510747.0,14.34,2,False,0.0,1,11.98
C102439,1,22538.0,18.3,3,False,0.0,1,11.98
C102261,1,136909.0,10.94,16,False,0.0,1,11.98
C100181,1,431334.0,13.58,5,True,29509.0,0,11.97
C100092,1,358781.0,12.31,9,False,0.0,1,11.97
C104832,1,235792.0,14.38,7,True,36975.0,0,11.96
C102184,2,202216.0,13.715,9,False,0.0,1,11.96
C104937,2,234851.0,12.415,11,False,0.0,1,11.94
C102253,1,252483.0,17.6,0,False,0.0,1,11.94
C100504,1,28724.0,16.21,7,True,44787.0,0,11.92
C100294,1,349621.0,10.36,13,True,7575.0,0,11.92
C103252,1,228470.0,17.79,0,True,23888.0,0,11.92
C101799,1,310597.0,12.63,9,False,0.0,1,11.9
C103330,1,116832.0,15.37,7,True,41438.0,0,11.9
C100762,1,414810.0,10.71,11,True,14158.0,0,11.9
C103130,1,50165.0,13.97,11,False,0.0,1,11.86
C100273,2,237454.0,11.775,12,False,0.0,1,11.86
C104108,1,514524.0,11.17,8,False,0.0,1,11.85
C103819,1,1090692.0,9.79,0,True,23023.0,0,11.84
C102835,1,324862.0,10.41,13,True,8827.0,0,11.82
C104642,2,112786.0,16.22,5,False,0.0,1,11.81
C100215,1,806189.0,8.43,8,False,0.0,1,11.8
C104032,1,68400.0,16.59,5,True,20636.0,0,11.79
C101348,1,396237.0,12.63,7,False,0.0,1,11.79
C104363,1,176337.0,11.73,13,False,0.0,1,11.79
C104760,1,122452.0,12.18,13,False,0.0,1,11.77
C101081,1,44008.0,14.35,10,False,0.0,1,11.77
C103208,1,12720.0,12.7,14,False,0.0,1,11.77
C103857,1,938913.0,10.06,2,False,0.0,1,11.76
C102247,1,381382.0,12.72,7,False,0.0,1,11.76
C104511,1,703251.0,11.21,4,True,13420.0,0,11.74
C103678,1,196603.0,12.92,10,False,0.0,1,11.74
C101373,2,154240.0,12.315000000000001,12,False,0.0,1,11.73
C101451,2,445161.0,14.504999999999999,2,True,40221.0,0,11.72
C101481,1,100083.0,17.16,3,True,37305.0,0,11.72
C104358,4,315988.0,14.22,5,True,27528.0,0,11.72
C104828,1,85929.0,13.89,10,False,0.0,1,11.72
C102135,1,442533.0,13.05,5,False,0.0,1,11.71
C101547,1,262965.0,13.23,8,False,0.0,1,11.71
C101840,1,631009.0,9.38,9,False,0.0,1,11.71
C104659,1,195946.0,15.79,4,False,0.0,1,11.71
C100634,2,253924.0,10.370000000000001,14,True,23104.0,0,11.7
C103249,1,578897.0,10.33,8,False,0.0,1,11.7
C103571,1,748725.0,11.2,3,False,0.0,1,11.69
C103998,1,548920.0,12.53,4,False,0.0,1,11.69
C101039,1,312292.0,10.79,12,False,0.0,1,11.68
C101163,1,78790.0,11.92,14,False,0.0,1,11.67
C102798,2,370168.0,14.114999999999998,4,False,0.0,1,11.66
C101301,2,229785.0,11.004999999999999,13,False,0.0,1,11.65
C101723,1,93081.0,11.77,14,True,15662.0,0,11.65
C102608,1,1134752.0,9.05,0,False,0.0,1,11.64
C103977,1,215925.0,13.53,8,False,0.0,1,11.63
C102389,1,31788.0,14.23,10,False,0.0,1,11.63
C103767,1,142531.0,13.71,9,False,0.0,1,11.63
C104830,2,494170.0,13.42,3,True,44692.0,0,11.63
C103603,2,91707.0,14.66,8,False,0.0,1,11.63
C102587,2,363137.0,15.09,2,False,0.0,1,11.62
C103627,1,369753.0,11.11,10,True,30772.0,0,11.61
C101732,1,188818.0,12.27,11,True,17481.0,0,11.6
C103136,1,61988.0,18.77,0,False,0.0,1,11.6
C102583,1,464805.0,9.26,12,False,0.0,1,11.6
C100395,2,211577.0,12.55,10,False,0.0,1,11.6
C101687,1,128497.0,17.19,2,False,0.0,1,11.6
C100308,1,643692.0,11.96,3,False,0.0,1,11.57
C101758,1,72561.0,14.24,9,False,0.0,1,11.57
C102655,1,242717.0,15.09,4,True,29165.0,0,11.55
C103436,1,124793.0,13.23,10,False,0.0,1,11.54
C102199,1,22562.0,13.68,11,False,0.0,1,11.54
C103317,1,717901.0,11.72,2,False,0.0,1,11.54
C101257,1,142715.0,10.64,15,False,0.0,1,11.54
C104227,1,271987.0,9.46,15,False,0.0,1,11.54
C103652,2,466316.0,12.055,6,True,4215.0,0,11.54
C104526,1,845351.0,11.04,1,True,37634.0,0,11.54
C103720,1,238195.0,12.19,10,False,0.0,1,11.53
C103593,1,296402.0,11.63,10,False,0.0,1,11.52
C102576,1,956517.0,9.96,1,False,0.0,1,11.5
C102344,1,600000.0,13.21,1,False,0.0,1,11.5
C101675,1,86798.0,11.06,15,False,0.0,1,11.49
C101834,1,171358.0,14.19,7,False,0.0,1,11.49
C103366,1,203058.0,9.04,17,False,0.0,1,11.49
C100369,2,176331.0,15.6,4,False,0.0,1,11.49
C104095,1,460133.0,9.11,12,False,0.0,1,11.48
C102033,1,831543.0,11.06,1,False,0.0,1,11.48
C100835,1,120276.0,13.64,9,False,0.0,1,11.47
C100867,1,149750.0,16.28,3,False,0.0,1,11.46
C101559,1,505441.0,10.09,9,False,0.0,1,11.45
C102543,1,241892.0,11.51,11,True,9400.0,0,11.44
C101229,1,484241.0,13.68,2,False,0.0,1,11.44
C103771,1,340619.0,14.99,2,True,10549.0,0,11.44
C104428,1,84009.0,14.37,8,True,11461.0,0,11.42
C104055,1,409580.0,12.36,6,False,0.0,1,11.41
C104824,2,204513.0,11.805,11,False,0.0,1,11.41
C100390,1,318502.0,12.22,8,True,29102.0,0,11.41
C100450,1,288080.0,10.06,13,False,0.0,1,11.4
C104710,1,583640.0,9.3,9,False,0.0,1,11.4
C101700,1,303069.0,14.26,4,True,5235.0,0,11.38
C100647,1,143332.0,12.32,11,False,0.0,1,11.38
C100374,1,81870.0,10.91,15,False,0.0,1,11.37
C101595,1,379085.0,9.66,12,False,0.0,1,11.37
C100231,1,334874.0,9.07,14,False,0.0,1,11.36
C102574,1,98569.0,15.6,5,False,0.0,1,11.36
C102816,1,88947.0,16.64,3,False,0.0,1,11.35
C102194,1,293021.0,11.38,10,False,0.0,1,11.35
C100404,1,396346.0,13.36,4,False,0.0,1,11.35
C101028,1,28814.0,11.37,15,False,0.0,1,11.35
C100794,1,202221.0,13.65,7,False,0.0,1,11.34
C102117,2,272028.0,12.98,7,False,0.0,1,11.32
C103549,1,184034.0,12.81,9,False,0.0,1,11.32
C103530,3,258907.0,12.13,9,True,32704.0,0,11.32
C102400,1,409646.0,14.14,2,True,41241.0,0,11.31
C102756,2,159539.0,11.525,12,False,0.0,1,11.29
C103164,1,117069.0,11.42,13,False,0.0,1,11.28
C100759,1,645091.0,11.45,3,True,18549.0,0,11.28
C104420,1,277298.0,11.88,9,True,44581.0,0,11.27
C103247,2,210979.0,12.965,8,False,0.0,1,11.27
C103995,1,165353.0,12.89,9,True,28114.0,0,11.26
C104228,2,252161.0,12.055,9,False,0.0,1,11.24
C104172,1,438042.0,11.33,7,True,21078.0,0,11.24
C102731,1,90009.0,15.48,5,True,28349.0,0,11.24
C101369,2,372058.0,11.44,8,False,0.0,1,11.23
C103552,1,350742.0,12.1,7,True,23331.0,0,11.22
C104918,1,315219.0,14.82,2,True,22130.0,0,11.2
C103048,1,37934.0,14.91,7,False,0.0,1,11.2
C102259,1,81276.0,16.47,3,False,0.0,1,11.2
C100538,1,544551.0,12.7,2,True,22298.0,0,11.18
C103865,2,494614.0,11.685,5,False,0.0,1,11.18
C100524,2,262880.0,14.254999999999999,4,False,0.0,1,11.16
C102507,1,132919.0,13.01,9,False,0.0,1,11.16
C100965,1,344705.0,11.08,9,False,0.0,1,11.16
C102108,1,92546.0,16.28,3,False,0.0,1,11.15
C104242,1,107361.0,11.26,13,False,0.0,1,11.14
C100423,1,373365.0,10.79,9,False,0.0,1,11.14
C101356,1,65541.0,17.97,0,True,44828.0,0,11.14
C102560,1,441963.0,11.6,6,True,39987.0,0,11.13
C101785,1,214433.0,10.28,13,False,0.0,1,11.13
C102343,1,279280.0,11.14,10,False,0.0,1,11.13
C101094,1,80963.0,12.93,10,True,8241.0,0,11.12
C103001,1,329645.0,14.03,3,True,16190.0,0,11.1
C102244,1,235000.0,10.51,12,True,13755.0,0,11.09
C104295,1,32768.0,12.34,12,True,42418.0,0,11.08
C102409,2,208535.0,10.735,12,False,0.0,1,11.08
C102288,1,371087.0,11.66,7,False,0.0,1,11.07
C102164,1,683338.0,8.82,7,False,0.0,1,11.07
C104942,1,183339.0,15.31,3,False,0.0,1,11.06
C104885,2,358406.0,11.735,7,False,0.0,1,11.04
C101087,2,208255.0,13.575,6,False,0.0,1,11.03
C101027,2,128516.0,12.84,9,False,0.0,1,11.03
C103195,1,96240.0,10.21,15,False,0.0,1,11.03
C102276,1,30702.0,11.28,14,False,0.0,1,11.02
C103383,1,13757.0,12.41,12,False,0.0,1,11.02
C104683,1,129714.0,16.21,2,False,0.0,1,11.02
C103518,2,267089.0,14.46,3,False,0.0,1,11.01
C100130,1,142031.0,14.63,5,False,0.0,1,11.01
C104843,1,45732.0,12.57,11,False,0.0,1,11.0
C101935,1,78365.0,13.72,8,True,36535.0,0,10.99
C104938,1,840017.0,10.66,0,True,12855.0,0,10.99
C103721,1,206949.0,14.46,4,True,24549.0,0,10.98
C104740,1,169586.0,11.39,11,True,25611.0,0,10.97
C103708,2,311651.0,12.969999999999999,5,False,0.0,1,10.95
C102180,1,475647.0,11.48,5,True,19367.0,0,10.95
C102714,1,398073.0,8.29,13,True,35267.0,0,10.94
C102161,1,389474.0,11.77,6,False,0.0,1,10.94
C102008,2,507084.0,9.21,9,True,20527.0,0,10.93
C102872,1,717559.0,10.19,3,False,0.0,1,10.92
C104201,2,372206.0,11.39,7,False,0.0,1,10.91
C104427,1,501859.0,10.67,6,False,0.0,1,10.9
C103458,1,119863.0,12.21,10,True,11644.0,0,10.9
C101109,1,120616.0,10.75,13,True,21931.0,0,10.9
C103480,1,336953.0,13.61,3,False,0.0,1,10.89
C103201,1,209598.0,14.3,4,False,0.0,1,10.89
C100115,1,78823.0,12.57,10,False,0.0,1,10.89
C100533,1,374652.0,13.27,3,False,0.0,1,10.89
C100287,1,340212.0,14.53,1,False,0.0,1,10.87
C101345,1,287182.0,8.19,15,False,0.0,1,10.86
C101045,1,232800.0,8.66,15,True,20897.0,0,10.85
C104544,1,88651.0,13.88,7,False,0.0,1,10.85
C103118,1,311061.0,12.82,5,False,0.0,1,10.85
C102104,1,134806.0,12.93,8,False,0.0,1,10.83
C101737,1,322200.0,11.21,8,False,0.0,1,10.82
C103928,1,65591.0,13.55,8,False,0.0,1,10.82
C100864,2,151866.0,12.275,9,False,0.0,1,10.82
C100888,1,213061.0,16.07,0,True,33267.0,0,10.81
C103341,1,294659.0,11.43,8,True,36575.0,0,10.8
C104153,2,458830.0,10.41,7,False,0.0,1,10.8
C101398,2,294931.0,10.94,9,False,0.0,1,10.8
C103911,2,800027.0,10.2,1,False,0.0,1,10.79
C104825,1,171928.0,11.54,10,False,0.0,1,10.78
C101989,1,192662.0,13.75,5,True,28091.0,0,10.76
C104464,1,53200.0,15.02,5,False,0.0,1,10.76
C101104,1,109282.0,13.52,7,False,0.0,1,10.75
C104126,1,68881.0,16.31,2,False,0.0,1,10.75
C102596,1,486489.0,8.6,10,True,41530.0,0,10.74
C103025,1,337410.0,9.96,10,False,0.0,1,10.74
C104011,1,864993.0,9.47,1,False,0.0,1,10.71
C101937,1,84000.0,12.71,9,False,0.0,1,10.71
C104503,1,81280.0,11.75,11,False,0.0,1,10.7
C101459,1,106267.0,15.9,2,False,0.0,1,10.7
C103498,1,345112.0,11.28,7,False,0.0,1,10.7
C104411,1,495282.0,12.32,2,False,0.0,1,10.69
C104407,1,98791.0,16.43,1,False,0.0,1,10.69
C101269,1,644991.0,8.52,7,True,11372.0,0,10.68
C104986,1,6320.0,14.81,6,True,38560.0,0,10.67
C104437,2,127568.0,13.205,7,True,25773.0,0,10.66
C101603,1,60646.0,11.87,11,False,0.0,1,10.66
C104293,1,295800.0,13.61,3,False,0.0,1,10.66
C103922,1,169686.0,13.78,5,False,0.0,1,10.66
C101157,1,628968.0,9.1,6,True,44494.0,0,10.65
C100603,1,87019.0,14.52,5,False,0.0,1,10.65
C101156,1,47509.0,11.96,11,False,0.0,1,10.64
C104952,1,292500.0,12.64,5,False,0.0,1,10.64
C100076,1,301660.0,11.54,7,True,30160.0,0,10.62
C104668,1,184135.0,12.13,8,False,0.0,1,10.62
C103128,1,60272.0,13.21,8,True,7297.0,0,10.59
C102823,1,247472.0,11.47,8,False,0.0,1,10.57
C101214,1,560130.0,10.57,4,True,5960.0,0,10.57
C103315,1,247427.0,11.42,8,True,30718.0,0,10.54
C100615,2,143228.0,11.870000000000001,9,False,0.0,1,10.53
C104206,1,349553.0,10.96,7,False,0.0,1,10.53
C101756,1,351766.0,9.47,10,False,0.0,1,10.52
C103019,1,412981.0,12.3,3,False,0.0,1,10.52
C104955,1,63217.0,12.1,10,True,33980.0,0,10.52
C104128,1,59005.0,12.61,9,True,30859.0,0,10.51
C102238,1,582110.0,10.74,3,False,0.0,1,10.5
C104033,1,113140.0,11.11,11,True,11282.0,0,10.49
C104682,1,520980.0,10.72,4,True,32384.0,0,10.45
C102139,1,14519.0,16.32,2,True,11941.0,0,10.45
C100129,1,321835.0,10.04,9,True,9636.0,0,10.41
C100995,1,223140.0,15.31,0,True,25858.0,0,10.41
C104646,1,689956.0,9.12,4,False,0.0,1,10.41
C101844,1,197880.0,14.07,3,False,0.0,1,10.4
C102457,1,344503.0,11.27,6,False,0.0,1,10.4
C101910,1,74480.0,9.34,15,False,0.0,1,10.39
C101151,1,190925.0,13.14,5,True,21089.0,0,10.39
C102536,1,102856.0,10.06,13,False,0.0,1,10.39
C102043,1,291887.0,8.29,13,True,5338.0,0,10.36
C100476,1,349801.0,13.01,2,True,20032.0,0,10.3
C102986,1,161380.0,14.73,2,False,0.0,1,10.3
C103278,1,255297.0,13.84,2,True,31711.0,0,10.28
C100824,1,491310.0,9.72,6,True,32827.0,0,10.27
C103112,1,391213.0,11.59,4,False,0.0,1,10.26
C103381,1,246477.0,13.88,2,True,13888.0,0,10.26
C103348,1,600831.0,11.59,0,False,0.0,1,10.24
C102387,1,55351.0,16.54,0,False,0.0,1,10.23
C101532,1,651383.0,11.09,0,False,0.0,1,10.22
C100102,1,499102.0,10.53,4,False,0.0,1,10.22
C104030,1,78349.0,11.95,9,True,9623.0,0,10.22
C102329,1,725488.0,9.93,1,True,29200.0,0,10.22
C101118,1,386935.0,11.06,5,True,38705.0,0,10.21
C100866,1,179597.0,11.47,8,False,0.0,1,10.2
C102068,1,457425.0,11.35,3,False,0.0,1,10.19
C103368,1,111940.0,13.52,5,False,0.0,1,10.18
C102037,1,62807.0,11.04,11,False,0.0,1,10.18
C104321,1,132946.0,12.33,7,False,0.0,1,10.17
C102130,2,256025.0,12.665,4,True,35006.0,0,10.17
C103912,1,206729.0,14.52,1,False,0.0,1,10.14
C104054,1,234072.0,14.76,0,False,0.0,1,10.14
C104038,1,550497.0,9.91,4,False,0.0,1,10.13
C101048,1,59876.0,10.0,13,True,12109.0,0,10.12
C103236,2,129956.0,11.785,8,False,0.0,1,10.12
C102748,1,208402.0,9.14,12,True,12803.0,0,10.12
C101977,1,515802.0,11.17,2,True,21364.0,0,10.11
C104771,1,131119.0,15.64,0,True,36358.0,0,10.1
C104500,1,503675.0,9.78,5,False,0.0,1,10.08
C102631,1,931909.0,8.29,0,True,8479.0,0,10.07
C100375,1,72144.0,12.24,8,False,0.0,1,10.07
C103780,1,672720.0,8.7,4,False,0.0,1,10.07
C103250,1,355861.0,10.58,6,False,0.0,1,10.05
C102519,1,197876.0,9.55,11,True,41392.0,0,10.02
C101197,1,268605.0,9.35,10,False,0.0,1,10.0
C101024,1,148924.0,13.34,4,False,0.0,1,9.99
C101825,1,557598.0,10.59,2,True,33892.0,0,9.99
C101253,1,72690.0,11.59,9,False,0.0,1,9.98
C104703,1,528712.0,11.81,0,True,26485.0,0,9.98
C100204,1,529374.0,10.35,3,True,23862.0,0,9.98
C104927,1,160667.0,12.22,6,False,0.0,1,9.96
C103550,1,223194.0,11.64,6,True,36118.0,0,9.96
C102476,1,86596.0,15.33,1,False,0.0,1,9.96
C104812,1,33443.0,12.89,7,False,0.0,1,9.96
C102846,1,17200.0,13.03,7,False,0.0,1,9.95
C104218,1,219823.0,12.14,5,True,25289.0,0,9.95
C103741,1,372106.0,10.76,5,False,0.0,1,9.95
C100505,1,297566.0,12.39,3,False,0.0,1,9.94
C101493,1,135369.0,14.85,1,False,0.0,1,9.94
C103932,1,434420.0,10.63,4,True,11039.0,0,9.92
C103044,1,9221.0,13.98,5,False,0.0,1,9.9
C101085,1,82163.0,10.38,11,True,18422.0,0,9.89
C102225,1,580529.0,8.25,6,True,14897.0,0,9.88
C101986,1,78660.0,14.74,2,False,0.0,1,9.86
C102169,1,271225.0,10.05,8,True,7166.0,0,9.85
C100383,1,206894.0,11.13,7,True,15212.0,0,9.85
C101134,1,416311.0,12.11,1,False,0.0,1,9.84
C101286,1,484987.0,10.01,4,True,43166.0,0,9.83
C101228,1,143367.0,11.66,7,True,15809.0,0,9.82
C104507,1,208453.0,11.07,7,False,0.0,1,9.82
C104934,1,103060.0,13.92,3,False,0.0,1,9.79
C103323,1,42032.0,11.04,10,False,0.0,1,9.77
C101485,1,468218.0,10.55,3,False,0.0,1,9.77
C104384,2,610590.0,10.205,1,True,28027.0,0,9.76
C104684,1,208055.0,12.4,4,True,37340.0,0,9.75
C104083,1,459138.0,11.08,2,True,6460.0,0,9.74
C102652,1,149124.0,14.87,0,False,0.0,1,9.74
C104707,1,513261.0,9.09,5,True,17844.0,0,9.72
C104050,1,165858.0,10.3,9,True,19661.0,0,9.71
C102584,1,261354.0,12.81,2,False,0.0,1,9.7
C101020,1,583899.0,9.86,2,False,0.0,1,9.7
C104836,1,44464.0,13.82,4,False,0.0,1,9.7
C103020,2,145373.0,13.370000000000001,3,True,38524.0,0,9.69
C104929,1,655087.0,8.23,4,False,0.0,1,9.69
C104053,1,156096.0,12.78,4,True,16579.0,0,9.69
C103443,2,337070.0,9.625,7,False,0.0,1,9.66
C104815,1,217278.0,14.11,0,True,6557.0,0,9.66
C102101,1,123029.0,14.47,1,False,0.0,1,9.65
C101025,1,112168.0,12.13,6,False,0.0,1,9.64
C102220,1,182391.0,11.0,7,True,28858.0,0,9.64
C104388,1,92722.0,12.3,6,False,0.0,1,9.64
C100812,1,45040.0,14.66,2,False,0.0,1,9.63
C104895,1,367579.0,12.17,1,False,0.0,1,9.61
C100258,1,66425.0,14.91,1,False,0.0,1,9.6
C103253,2,285413.0,9.5,8,False,0.0,1,9.6
C104367,1,126320.0,13.36,3,False,0.0,1,9.58
C101036,2,223592.0,9.545,9,False,0.0,1,9.58
C103589,1,267781.0,13.03,1,True,14859.0,0,9.58
C102369,1,30960.0,13.23,5,False,0.0,1,9.57
C103931,1,155267.0,11.58,6,False,0.0,1,9.55
C103982,1,216816.0,13.46,1,True,35754.0,0,9.55
C102273,1,42390.0,14.05,3,False,0.0,1,9.54
C100073,1,530956.0,10.53,1,False,0.0,1,9.52
C101247,1,80759.0,12.21,6,False,0.0,1,9.52
C101951,1,71476.0,9.86,11,False,0.0,1,9.52
C103940,1,225720.0,10.39,7,True,24359.0,0,9.51
C104421,1,98012.0,10.06,10,False,0.0,1,9.49
C101709,1,141042.0,11.09,7,False,0.0,1,9.47
C100192,1,117818.0,9.33,11,False,0.0,1,9.45
C100755,1,223765.0,11.75,4,True,36661.0,0,9.44
C103009,1,193046.0,11.52,5,False,0.0,1,9.43
C102158,1,42920.0,12.9,5,False,0.0,1,9.43
C102394,1,107113.0,9.4,11,False,0.0,1,9.43
C102185,1,52607.0,12.75,5,False,0.0,1,9.4
C103606,1,52264.0,10.8,9,False,0.0,1,9.39
C101893,1,103013.0,12.74,4,False,0.0,1,9.37
C100683,2,346936.0,10.48,4,True,24880.0,0,9.35
C103433,1,421261.0,11.2,1,True,42973.0,0,9.32
C102089,1,90989.0,14.21,1,False,0.0,1,9.32
C104874,1,52960.0,12.09,6,False,0.0,1,9.29
C103686,1,101199.0,13.11,3,False,0.0,1,9.29
C104256,1,37420.0,13.62,3,False,0.0,1,9.25
C100080,1,91120.0,13.58,2,False,0.0,1,9.23
C100333,1,128803.0,11.27,6,False,0.0,1,9.22
C104970,1,27884.0,13.11,4,True,37439.0,0,9.19
C103983,1,301577.0,11.57,2,False,0.0,1,9.18
C103469,1,251859.0,11.98,2,False,0.0,1,9.15
C103834,1,350404.0,12.05,0,False,0.0,1,9.15
C101952,1,379840.0,11.3,1,True,6455.0,0,9.15
C101103,1,115975.0,12.68,3,False,0.0,1,9.12
C102465,1,314719.0,8.92,7,False,0.0,1,9.12
C102278,1,128065.0,12.07,4,False,0.0,1,9.11
C100300,1,28723.0,12.98,4,True,4312.0,0,9.11
C100457,1,7679.0,11.68,7,False,0.0,1,9.09
C102469,1,127067.0,11.05,6,False,0.0,1,9.08
C102862,1,484141.0,10.19,1,False,0.0,1,9.06
C103824,1,33167.0,9.93,10,False,0.0,1,9.06
C100216,1,57447.0,12.12,5,False,0.0,1,9.04
C100662,1,319239.0,12.15,0,True,37488.0,0,9.04
C104498,1,439153.0,10.55,1,False,0.0,1,9.03
C104775,1,92618.0,8.85,11,False,0.0,1,9.03
C101308,1,316600.0,8.75,7,False,0.0,1,9.02
C102784,1,529950.0,9.68,1,False,0.0,1,9.0
C101153,1,485428.0,10.56,0,False,0.0,1,8.99
C100381,1,468624.0,8.24,5,False,0.0,1,8.97
C104072,1,189805.0,10.77,5,False,0.0,1,8.96
C104494,1,636417.0,8.16,2,True,31646.0,0,8.96
C104810,1,115767.0,12.39,3,False,0.0,1,8.94
C102817,1,333024.0,11.36,1,False,0.0,1,8.93
C102942,1,162595.0,11.9,3,False,0.0,1,8.9
C100841,1,297569.0,11.61,1,False,0.0,1,8.89
C101270,1,62824.0,13.76,1,True,10033.0,0,8.89
C103617,1,579071.0,9.01,1,True,18157.0,0,8.87
C103674,1,159345.0,11.86,3,True,30904.0,0,8.86
C104586,1,86921.0,10.51,7,False,0.0,1,8.82
C101227,1,107123.0,13.72,0,False,0.0,1,8.82
C103558,1,294983.0,11.5,1,False,0.0,1,8.81
C100643,1,404434.0,9.52,3,False,0.0,1,8.8
C101213,1,114348.0,12.17,3,False,0.0,1,8.8
C100828,2,168253.0,11.08,4,False,0.0,1,8.74
C101835,1,167113.0,12.07,2,False,0.0,1,8.74
C101477,1,212510.0,11.12,3,True,44893.0,0,8.71
C101293,1,291869.0,10.87,2,False,0.0,1,8.7
C104727,1,117999.0,12.44,2,False,0.0,1,8.69
C101767,1,258649.0,12.11,0,False,0.0,1,8.68
C102642,1,141509.0,12.13,2,False,0.0,1,8.64
C103750,1,93578.0,13.05,1,True,35550.0,0,8.63
C102190,1,105467.0,10.9,5,True,17409.0,0,8.58
C104175,1,288480.0,9.73,4,True,21416.0,0,8.58
C104590,1,188652.0,11.1,3,False,0.0,1,8.57
C101169,1,57943.0,11.81,4,False,0.0,1,8.57
C102623,1,179006.0,11.61,2,False,0.0,1,8.53
C104069,1,21033.0,13.03,2,True,38491.0,0,8.52
C104731,1,168393.0,11.69,2,False,0.0,1,8.52
C101009,1,264005.0,9.28,5,False,0.0,1,8.47
C102517,1,128176.0,11.46,3,False,0.0,1,8.45
C104585,1,216422.0,12.1,0,False,0.0,1,8.44
C101176,1,263896.0,10.17,3,False,0.0,1,8.42
C102052,1,91526.0,12.2,2,False,0.0,1,8.4
C100177,1,271823.0,8.56,6,False,0.0,1,8.37
C101878,1,432772.0,8.9,2,False,0.0,1,8.29
C100720,1,210267.0,11.4,1,False,0.0,1,8.28
C104087,1,255420.0,9.02,5,False,0.0,1,8.27
C104635,1,53324.0,12.3,2,True,41874.0,0,8.26
C101509,1,106880.0,10.79,4,False,0.0,1,8.23
C104075,1,206255.0,8.38,7,False,0.0,1,8.2
C103403,1,242626.0,10.88,1,False,0.0,1,8.15
C100622,1,159697.0,11.13,2,False,0.0,1,8.14
C100277,1,166645.0,10.08,4,False,0.0,1,8.13
C101114,1,451668.0,8.93,1,True,40078.0,0,8.12
C100246,1,114799.0,11.96,1,False,0.0,1,8.1
C101484,1,227360.0,10.94,1,False,0.0,1,8.1
C101217,1,264160.0,11.08,0,False,0.0,1,8.09
C104819,1,99378.0,9.15,7,False,0.0,1,8.08
C102757,1,79643.0,12.21,1,False,0.0,1,8.05
C103791,1,194561.0,11.08,1,False,0.0,1,8.0
C102850,1,34478.0,9.1,8,False,0.0,1,7.98
C100628,1,170718.0,11.57,0,False,0.0,1,7.88
C103311,1,146815.0,11.79,0,False,0.0,1,7.88
C103101,1,141155.0,11.84,0,False,0.0,1,7.88
C102090,1,198079.0,10.81,1,False,0.0,1,7.86
C103623,1,150426.0,9.3,5,False,0.0,1,7.86
C103657,1,230266.0,9.52,3,True,8141.0,0,7.85
C102987,1,151509.0,9.54,4,False,0.0,1,7.72
C100845,1,93355.0,11.05,2,False,0.0,1,7.72
C103740,1,411780.0,8.12,2,False,0.0,1,7.71
C103007,1,409697.0,8.62,1,True,13944.0,0,7.71
C100013,1,17617.0,11.61,2,True,22999.0,0,7.65
C103860,1,168734.0,11.18,0,False,0.0,1,7.63
C104221,1,135533.0,10.01,3,False,0.0,1,7.62
C100549,1,127590.0,10.04,3,True,5809.0,0,7.6
C104550,1,147750.0,11.24,0,True,34594.0,0,7.55
C104316,1,323470.0,9.09,1,False,0.0,1,7.52
C101136,1,133636.0,11.3,0,True,11613.0,0,7.51
C100295,1,30597.0,11.25,2,False,0.0,1,7.5
C100787,1,90320.0,10.65,2,True,22430.0,0,7.47
C101839,1,35602.0,10.04,4,False,0.0,1,7.39
C102423,1,38413.0,11.89,0,False,0.0,1,7.34
C103759,1,142829.0,10.85,0,False,0.0,1,7.29
C102945,1,130731.0,9.95,2,False,0.0,1,7.27
C103416,1,85998.0,9.78,3,False,0.0,1,7.21
C101335,1,61659.0,10.78,1,False,0.0,1,7.1
C102014,1,60987.0,11.24,0,True,6715.0,0,7.08
C103291,1,102572.0,8.91,4,False,0.0,1,7.07
C104077,1,151316.0,9.92,1,False,0.0,1,7.07
C100959,1,68257.0,9.66,3,True,16067.0,0,7.04
C102902,1,113960.0,9.53,2,False,0.0,1,6.93
C101471,1,150881.0,8.65,2,False,0.0,1,6.6
C100011,1,73453.0,9.36,1,False,0.0,1,6.31
