customer_id,age,annual_income,segment,credit_score,state,city,customer_since
C100001,25,180000.0,Mass,734,Telangana,Mumbai,2019-04-26
C100002,52,180000.0,Mass,801,West Bengal,Hyderabad,2022-09-29
C100003,47,180000.0,Mass,794,Karnataka,Ahmedabad,2024-10-25
C100004,39,180000.0,Mass,721,Karnataka,Mumbai,2024-10-02
C100005,38,180000.0,Mass,568,Tamil Nadu,Bengaluru,2024-02-03
C100006,55,180000.0,Mass,648,West Bengal,Delhi,2020-03-03
C100007,25,180000.0,Mass,770,Karnataka,Delhi,2022-11-22
C100008,49,180000.0,Mass,619,West Bengal,Mumbai,2019-09-21
C100009,29,180000.0,Mass,699,Maharashtra,Hyderabad,2024-09-16
C100010,25,180000.0,Mass,742,Gujarat,Jaipur,2023-06-28
C100011,42,180000.0,Mass,816,Maharashtra,Kolkata,2020-05-18
C100012,60,180000.0,Mass,683,Rajasthan,Chennai,2024-03-04
C100013,50,180000.0,Mass,678,Karnataka,Bengaluru,2024-02-14
C100014,51,180000.0,Mass,717,Tamil Nadu,Delhi,2019-05-18
C100015,49,180000.0,Mass,743,Karnataka,Hyderabad,2019-08-20
C100016,52,180000.0,Mass,710,Rajasthan,Jaipur,2020-06-06
C100017,42,180000.0,Mass,788,Delhi NCR,Hyderabad,2019-07-02
C100018,26,180000.0,Mass,668,Maharashtra,Delhi,2022-10-28
C100019,54,180000.0,Mass,728,Maharashtra,Hyderabad,2025-04-06
C100020,39,180000.0,Mass,749,Maharashtra,Hyderabad,2019-06-13
C100021,41,180000.0,Mass,694,Gujarat,Ahmedabad,2023-05-17
C100022,36,180000.0,Mass,775,Delhi NCR,Chennai,2022-01-07
C100023,29,180000.0,Mass,730,Tamil Nadu,Ahmedabad,2024-12-14
C100024,58,180000.0,Mass,771,Gujarat,Chennai,2022-06-07
C100025,52,180000.0,Mass,733,Telangana,Jaipur,2023-10-05
C100026,47,180000.0,Mass,744,Gujarat,Ahmedabad,2025-07-24
C100027,37,180000.0,Mass,679,Karnataka,Chennai,2019-12-21
C100028,54,180000.0,Mass,679,Karnataka,Jaipur,2021-03-31
C100029,43,180000.0,Mass,800,Maharashtra,Mumbai,2020-12-02
C100030,39,180000.0,Mass,761,Tamil Nadu,Ahmedabad,2020-03-14
C100031,39,180000.0,Mass,654,Karnataka,Chennai,2023-08-12
C100032,30,180000.0,Mass,732,Tamil Nadu,Chennai,2019-01-20
C100033,25,180000.0,Mass,566,Maharashtra,Ahmedabad,2021-09-30
C100034,43,180000.0,Mass,683,Telangana,Kolkata,2019-11-13
C100035,56,180000.0,Mass,782,Karnataka,Chennai,2023-05-19
C100036,24,180000.0,Mass,712,Gujarat,Ahmedabad,2024-05-06
C100037,55,180000.0,Mass,728,Karnataka,Chennai,2022-04-28
C100038,54,180000.0,Mass,524,Maharashtra,Jaipur,2022-03-02
C100039,32,180000.0,Mass,695,Karnataka,Jaipur,2022-03-15
C100040,46,180000.0,Mass,742,Gujarat,Mumbai,2020-05-31
C100041,28,180000.0,Mass,750,Delhi NCR,Bengaluru,2021-09-03
C100042,51,180000.0,Mass,783,Karnataka,Bengaluru,2025-08-22
C100043,49,180000.0,Mass,706,Delhi NCR,Chennai,2019-04-18
C100044,35,180000.0,Mass,709,Tamil Nadu,Delhi,2024-08-09
C100045,24,180000.0,Mass,633,Gujarat,Bengaluru,2020-03-04
C100046,59,180000.0,Mass,707,Tamil Nadu,Hyderabad,2019-10-25
C100047,39,180000.0,Mass,638,Maharashtra,Chennai,2021-01-12
C100048,56,180000.0,Mass,600,Telangana,Jaipur,2020-11-30
C100049,48,180000.0,Mass,649,Delhi NCR,Hyderabad,2021-04-02
C100050,52,223000.0,Mass,818,Delhi NCR,Chennai,2025-01-17
C100051,51,180000.0,Mass,702,Maharashtra,Hyderabad,2025-06-10
C100052,29,180000.0,Mass,734,Telangana,Mumbai,2023-12-06
C100053,36,180000.0,Mass,687,Karnataka,Chennai,2020-01-16
C100054,40,180000.0,Mass,604,Gujarat,Ahmedabad,2025-09-24
C100055,41,180000.0,Mass,781,Karnataka,Mumbai,2025-01-12
C100056,23,180000.0,Mass,579,Karnataka,Chennai,2019-07-18
C100057,43,180000.0,Mass,684,Telangana,Delhi,2021-10-04
C100058,28,180000.0,Mass,716,West Bengal,Hyderabad,2024-07-09
C100059,50,180000.0,Mass,735,Karnataka,Jaipur,2019-08-20
C100060,48,180000.0,Mass,673,Tamil Nadu,Ahmedabad,2019-07-18
C100061,57,180000.0,Mass,601,Telangana,Delhi,2023-04-25
C100062,51,180000.0,Mass,668,Rajasthan,Hyderabad,2021-05-25
C100063,36,180000.0,Mass,671,Telangana,Kolkata,2022-02-22
C100064,59,180000.0,Mass,670,Karnataka,Jaipur,2024-05-05
C100065,38,180000.0,Mass,783,Karnataka,Delhi,2022-11-17
C100066,34,180000.0,Mass,641,Telangana,Chennai,2024-01-23
C100067,57,180000.0,Mass,740,Karnataka,Hyderabad,2019-11-24
C100068,36,180000.0,Mass,730,Rajasthan,Delhi,2019-01-06
C100069,24,180000.0,Mass,782,Rajasthan,Kolkata,2020-10-16
C100070,40,180000.0,Mass,711,Rajasthan,Mumbai,2020-06-09
C100071,53,180000.0,Mass,771,Maharashtra,Kolkata,2021-04-22
C100072,29,180000.0,Mass,709,Telangana,Kolkata,2024-07-17
C100073,40,180000.0,Mass,748,Telangana,Bengaluru,2020-01-31
C100074,27,180000.0,Mass,622,Karnataka,Ahmedabad,2019-11-24
C100075,48,180000.0,Mass,549,Maharashtra,Mumbai,2020-06-05
C100076,40,180000.0,Mass,745,Karnataka,Hyderabad,2021-04-28
C100077,34,180000.0,Mass,748,Maharashtra,Mumbai,2020-05-27
C100078,30,180000.0,Mass,751,Rajasthan,Ahmedabad,2020-04-23
C100079,44,187000.0,Mass,686,West Bengal,Mumbai,2023-02-15
C100080,48,180000.0,Mass,817,Maharashtra,Bengaluru,2019-10-17
C100081,58,180000.0,Mass,690,Tamil Nadu,Chennai,2020-02-05
C100082,39,180000.0,Mass,747,Karnataka,Ahmedabad,2024-12-15
C100083,28,180000.0,Mass,759,Maharashtra,Hyderabad,2019-02-17
C100084,54,180000.0,Mass,832,Karnataka,Mumbai,2019-06-09
C100085,46,180000.0,Mass,699,Telangana,Ahmedabad,2019-06-30
C100086,49,180000.0,Mass,678,Telangana,Jaipur,2022-10-25
C100087,25,180000.0,Mass,623,West Bengal,Kolkata,2023-12-12
C100088,34,180000.0,Mass,821,West Bengal,Ahmedabad,2023-12-06
C100089,51,180000.0,Mass,747,Karnataka,Mumbai,2023-11-30
C100090,54,180000.0,Mass,749,Delhi NCR,Jaipur,2019-05-30
C100091,38,180000.0,Mass,850,Karnataka,Delhi,2021-06-14
C100092,53,180000.0,Mass,741,Maharashtra,Chennai,2023-07-05
C100093,54,180000.0,Mass,635,Tamil Nadu,Delhi,2023-11-09
C100094,37,180000.0,Mass,707,Karnataka,Mumbai,2021-05-18
C100095,57,180000.0,Mass,657,Karnataka,Chennai,2025-01-10
C100096,33,180000.0,Mass,694,Maharashtra,Chennai,2024-12-07
C100097,31,180000.0,Mass,694,Karnataka,Delhi,2024-06-13
C100098,48,180000.0,Mass,682,Rajasthan,Mumbai,2024-09-04
C100099,46,180000.0,Mass,629,Maharashtra,Chennai,2025-12-10
C100100,27,180000.0,Mass,824,Gujarat,Kolkata,2024-08-26
C100101,54,180000.0,Mass,739,Rajasthan,Mumbai,2023-03-03
C100102,29,201000.0,Mass,705,Tamil Nadu,Bengaluru,2021-11-02
C100103,53,180000.0,Mass,769,Gujarat,Kolkata,2021-07-30
C100104,22,180000.0,Mass,751,Rajasthan,Kolkata,2024-11-08
C100105,53,180000.0,Mass,738,Maharashtra,Chennai,2021-02-08
C100106,52,180000.0,Mass,765,Karnataka,Bengaluru,2023-06-26
C100107,52,180000.0,Mass,729,Tamil Nadu,Hyderabad,2022-07-31
C100108,47,180000.0,Mass,764,Gujarat,Ahmedabad,2021-09-11
C100109,40,180000.0,Mass,769,Delhi NCR,Hyderabad,2022-03-18
C100110,49,180000.0,Mass,731,Karnataka,Mumbai,2019-07-29
C100111,32,180000.0,Mass,706,Tamil Nadu,Kolkata,2024-01-19
C100112,52,180000.0,Mass,819,Telangana,Delhi,2019-06-23
C100113,43,180000.0,Mass,689,Rajasthan,Delhi,2019-07-11
C100114,39,180000.0,Mass,745,Karnataka,Hyderabad,2020-10-15
C100115,41,180000.0,Mass,747,Maharashtra,Mumbai,2022-10-13
C100116,44,180000.0,Mass,680,Rajasthan,Jaipur,2021-02-17
C100117,23,180000.0,Mass,667,Telangana,Ahmedabad,2025-04-07
C100118,27,180000.0,Mass,697,Karnataka,Ahmedabad,2025-08-08
C100119,31,180000.0,Mass,688,Karnataka,Jaipur,2021-10-19
C100120,26,180000.0,Mass,625,Delhi NCR,Bengaluru,2026-02-12
C100121,39,180000.0,Mass,678,Tamil Nadu,Mumbai,2019-08-20
C100122,48,180000.0,Mass,737,Tamil Nadu,Kolkata,2020-01-09
C100123,47,180000.0,Mass,802,West Bengal,Ahmedabad,2021-06-22
C100124,40,180000.0,Mass,756,Maharashtra,Hyderabad,2025-09-17
C100125,55,231000.0,Mass,551,Karnataka,Hyderabad,2022-08-02
C100126,44,180000.0,Mass,762,Tamil Nadu,Kolkata,2024-01-12
C100127,25,180000.0,Mass,684,West Bengal,Hyderabad,2023-08-24
C100128,51,180000.0,Mass,749,Maharashtra,Chennai,2022-07-20
C100129,44,180000.0,Mass,719,Telangana,Hyderabad,2025-08-19
C100130,46,180000.0,Mass,707,Karnataka,Delhi,2025-10-18
C100131,44,180000.0,Mass,713,Karnataka,Chennai,2022-03-11
C100132,43,180000.0,Mass,719,West Bengal,Mumbai,2024-01-30
C100133,25,180000.0,Mass,807,Karnataka,Chennai,2023-06-11
C100134,43,180000.0,Mass,719,Karnataka,Jaipur,2023-03-24
C100135,53,180000.0,Mass,791,Delhi NCR,Bengaluru,2019-09-22
C100136,33,180000.0,Mass,781,Maharashtra,Mumbai,2020-06-28
C100137,45,180000.0,Mass,763,Gujarat,Jaipur,2026-01-18
C100138,23,180000.0,Mass,604,Delhi NCR,Kolkata,2020-09-27
C100139,35,180000.0,Mass,793,Karnataka,Bengaluru,2023-08-22
C100140,39,180000.0,Mass,690,Telangana,Mumbai,2025-06-27
C100141,60,180000.0,Mass,767,Maharashtra,Delhi,2023-04-16
C100142,30,180000.0,Mass,657,Karnataka,Kolkata,2020-07-13
C100143,32,180000.0,Mass,643,Telangana,Delhi,2025-02-13
C100144,37,180000.0,Mass,848,Maharashtra,Kolkata,2019-03-25
C100145,60,180000.0,Mass,658,West Bengal,Hyderabad,2024-02-24
C100146,55,217000.0,Mass,794,Rajasthan,Jaipur,2020-11-23
C100147,23,180000.0,Mass,728,West Bengal,Hyderabad,2023-07-23
C100148,31,180000.0,Mass,693,Maharashtra,Chennai,2022-06-03
C100149,54,180000.0,Mass,717,Maharashtra,Delhi,2023-01-19
C100150,24,180000.0,Mass,635,West Bengal,Chennai,2021-09-20
C100151,55,180000.0,Mass,719,Gujarat,Hyderabad,2022-10-07
C100152,32,180000.0,Mass,650,Telangana,Kolkata,2025-08-30
C100153,57,180000.0,Mass,694,Delhi NCR,Jaipur,2024-11-18
C100154,33,180000.0,Mass,780,Maharashtra,Hyderabad,2021-12-24
C100155,38,180000.0,Mass,737,Karnataka,Bengaluru,2025-09-13
C100156,47,180000.0,Mass,624,Tamil Nadu,Hyderabad,2025-04-30
C100157,26,180000.0,Mass,775,Tamil Nadu,Ahmedabad,2023-06-20
C100158,43,180000.0,Mass,720,Maharashtra,Mumbai,2023-03-27
C100159,41,180000.0,Mass,685,Tamil Nadu,Jaipur,2019-04-03
C100160,52,180000.0,Mass,769,Delhi NCR,Chennai,2022-09-24
C100161,60,180000.0,Mass,709,Maharashtra,Kolkata,2020-07-06
C100162,47,180000.0,Mass,644,Maharashtra,Ahmedabad,2020-02-21
C100163,37,180000.0,Mass,840,Telangana,Hyderabad,2025-02-09
C100164,37,180000.0,Mass,719,Delhi NCR,Delhi,2020-12-05
C100165,38,180000.0,Mass,715,Rajasthan,Jaipur,2023-05-20
C100166,53,180000.0,Mass,694,Karnataka,Mumbai,2025-03-04
C100167,34,180000.0,Mass,797,West Bengal,Hyderabad,2023-04-04
C100168,28,180000.0,Mass,686,Delhi NCR,Chennai,2024-07-20
C100169,35,180000.0,Mass,620,Telangana,Chennai,2024-07-08
C100170,22,180000.0,Mass,676,Maharashtra,Kolkata,2022-03-09
C100171,26,180000.0,Mass,806,Karnataka,Mumbai,2025-07-24
C100172,25,180000.0,Mass,774,Gujarat,Hyderabad,2025-06-21
C100173,52,180000.0,Mass,703,Maharashtra,Chennai,2021-05-28
C100174,50,180000.0,Mass,809,Maharashtra,Jaipur,2024-10-30
C100175,49,180000.0,Mass,769,Rajasthan,Mumbai,2020-04-20
C100176,40,180000.0,Mass,703,Karnataka,Mumbai,2019-10-19
C100177,49,180000.0,Mass,709,Rajasthan,Bengaluru,2022-10-10
C100178,28,180000.0,Mass,741,Gujarat,Chennai,2023-04-25
C100179,57,180000.0,Mass,666,West Bengal,Bengaluru,2023-02-26
C100180,41,180000.0,Mass,720,Maharashtra,Hyderabad,2024-09-07
C100181,58,180000.0,Mass,740,Telangana,Mumbai,2021-10-13
C100182,27,180000.0,Mass,610,Tamil Nadu,Chennai,2024-10-02
C100183,41,180000.0,Mass,708,Rajasthan,Hyderabad,2025-06-03
C100184,49,180000.0,Mass,700,Karnataka,Delhi,2019-08-26
C100185,41,180000.0,Mass,787,Karnataka,Bengaluru,2022-03-13
C100186,39,180000.0,Mass,600,Rajasthan,Mumbai,2020-08-06
C100187,28,180000.0,Mass,695,Karnataka,Ahmedabad,2023-09-03
C100188,36,180000.0,Mass,689,Telangana,Hyderabad,2021-12-09
C100189,31,180000.0,Mass,782,Karnataka,Jaipur,2021-01-02
C100190,33,180000.0,Mass,717,Karnataka,Mumbai,2020-10-16
C100191,48,180000.0,Mass,837,Tamil Nadu,Bengaluru,2021-07-11
C100192,46,180000.0,Mass,763,Tamil Nadu,Delhi,2019-10-11
C100193,45,180000.0,Mass,693,Tamil Nadu,Jaipur,2019-09-29
C100194,36,180000.0,Mass,736,Gujarat,Kolkata,2023-06-23
C100195,59,180000.0,Mass,697,Delhi NCR,Hyderabad,2025-09-17
C100196,25,180000.0,Mass,776,Rajasthan,Bengaluru,2022-08-12
C100197,35,180000.0,Mass,633,Maharashtra,Hyderabad,2025-08-08
C100198,26,180000.0,Mass,666,Maharashtra,Chennai,2020-02-07
C100199,35,180000.0,Mass,750,Maharashtra,Chennai,2025-12-05
C100200,59,180000.0,Mass,800,Delhi NCR,Chennai,2023-03-05
C100201,36,180000.0,Mass,577,Maharashtra,Hyderabad,2024-04-17
C100202,57,180000.0,Mass,809,Telangana,Delhi,2019-06-11
C100203,41,180000.0,Mass,711,Gujarat,Mumbai,2023-04-20
C100204,49,247000.0,Mass,598,Tamil Nadu,Bengaluru,2021-09-22
C100205,39,180000.0,Mass,525,Delhi NCR,Bengaluru,2025-05-25
C100206,32,180000.0,Mass,621,Tamil Nadu,Chennai,2024-08-22
C100207,51,180000.0,Mass,719,Gujarat,Hyderabad,2025-02-25
C100208,59,180000.0,Mass,716,Maharashtra,Kolkata,2025-05-03
C100209,32,180000.0,Mass,761,Tamil Nadu,Chennai,2024-02-17
C100210,52,180000.0,Mass,684,Maharashtra,Hyderabad,2020-09-29
C100211,32,180000.0,Mass,648,West Bengal,Jaipur,2021-01-05
C100212,49,180000.0,Mass,693,Maharashtra,Delhi,2025-02-12
C100213,52,180000.0,Mass,722,Karnataka,Delhi,2023-04-14
C100214,39,180000.0,Mass,735,Maharashtra,Ahmedabad,2025-05-07
C100215,50,180000.0,Mass,669,Tamil Nadu,Mumbai,2024-08-29
C100216,32,180000.0,Mass,779,Rajasthan,Jaipur,2023-04-27
C100217,25,180000.0,Mass,680,Maharashtra,Hyderabad,2020-02-01
C100218,25,180000.0,Mass,663,Maharashtra,Bengaluru,2025-12-28
C100219,39,180000.0,Mass,685,Gujarat,Chennai,2020-09-23
C100220,57,180000.0,Mass,790,Rajasthan,Bengaluru,2020-10-02
C100221,26,180000.0,Mass,711,West Bengal,Jaipur,2020-01-15
C100222,39,180000.0,Mass,675,Karnataka,Hyderabad,2019-06-29
C100223,49,180000.0,Mass,780,Tamil Nadu,Kolkata,2021-09-02
C100224,29,180000.0,Mass,850,Delhi NCR,Chennai,2025-01-01
C100225,50,180000.0,Mass,734,Delhi NCR,Bengaluru,2025-03-01
C100226,33,180000.0,Mass,800,Gujarat,Delhi,2022-06-30
C100227,53,180000.0,Mass,787,Delhi NCR,Delhi,2021-03-29
C100228,44,180000.0,Mass,681,Tamil Nadu,Mumbai,2021-06-19
C100229,43,180000.0,Mass,722,Karnataka,Delhi,2025-07-17
C100230,28,180000.0,Mass,637,Karnataka,Mumbai,2019-05-24
C100231,40,180000.0,Mass,707,Maharashtra,Delhi,2019-05-30
C100232,55,180000.0,Mass,679,Karnataka,Delhi,2019-06-18
C100233,22,180000.0,Mass,694,Gujarat,Mumbai,2025-04-27
C100234,51,180000.0,Mass,671,Delhi NCR,Ahmedabad,2019-08-24
C100235,41,180000.0,Mass,701,West Bengal,Mumbai,2025-09-14
C100236,50,180000.0,Mass,755,Karnataka,Delhi,2020-04-22
C100237,47,180000.0,Mass,712,Karnataka,Mumbai,2022-11-26
C100238,38,180000.0,Mass,599,Telangana,Delhi,2025-11-28
C100239,34,180000.0,Mass,672,Gujarat,Chennai,2019-10-29
C100240,46,180000.0,Mass,621,Karnataka,Bengaluru,2021-01-01
C100241,27,180000.0,Mass,736,Delhi NCR,Jaipur,2024-03-06
C100242,44,180000.0,Mass,753,Karnataka,Delhi,2024-10-25
C100243,25,180000.0,Mass,737,Karnataka,Ahmedabad,2025-06-17
C100244,47,180000.0,Mass,669,Delhi NCR,Jaipur,2019-02-20
C100245,46,180000.0,Mass,736,Tamil Nadu,Delhi,2024-07-13
C100246,25,180000.0,Mass,689,Gujarat,Kolkata,2021-04-16
C100247,51,180000.0,Mass,646,Telangana,Mumbai,2022-12-21
C100248,38,180000.0,Mass,768,Rajasthan,Bengaluru,2025-06-14
C100249,52,180000.0,Mass,773,Karnataka,Bengaluru,2025-06-03
C100250,23,180000.0,Mass,782,Tamil Nadu,Hyderabad,2020-04-26
C100251,28,180000.0,Mass,680,Karnataka,Kolkata,2022-05-08
C100252,41,180000.0,Mass,797,Gujarat,Jaipur,2021-01-08
C100253,29,180000.0,Mass,688,Gujarat,Jaipur,2023-05-18
C100254,34,180000.0,Mass,762,Maharashtra,Hyderabad,2024-11-18
C100255,47,180000.0,Mass,687,Karnataka,Delhi,2021-04-06
C100256,27,180000.0,Mass,705,Delhi NCR,Ahmedabad,2019-11-12
C100257,48,180000.0,Mass,563,Maharashtra,Bengaluru,2019-06-17
C100258,26,180000.0,Mass,700,West Bengal,Mumbai,2019-05-19
C100259,28,180000.0,Mass,726,Maharashtra,Bengaluru,2021-08-10
C100260,44,180000.0,Mass,693,West Bengal,Delhi,2025-11-16
C100261,52,180000.0,Mass,834,Tamil Nadu,Hyderabad,2020-10-16
C100262,28,180000.0,Mass,644,Maharashtra,Kolkata,2021-11-18
C100263,33,180000.0,Mass,683,Telangana,Mumbai,2023-10-21
C100264,58,180000.0,Mass,661,Delhi NCR,Jaipur,2023-09-07
C100265,60,180000.0,Mass,683,Gujarat,Delhi,2020-12-03
C100266,44,180000.0,Mass,787,Gujarat,Jaipur,2019-11-27
C100267,39,180000.0,Mass,816,Tamil Nadu,Delhi,2020-02-12
C100268,35,180000.0,Mass,674,Tamil Nadu,Ahmedabad,2020-07-26
C100269,45,180000.0,Mass,673,Gujarat,Delhi,2019-08-13
C100270,45,180000.0,Mass,645,Delhi NCR,Hyderabad,2022-04-10
C100271,33,180000.0,Mass,805,Gujarat,Mumbai,2023-08-07
C100272,22,180000.0,Mass,793,Gujarat,Bengaluru,2023-10-22
C100273,27,180000.0,Mass,713,Tamil Nadu,Delhi,2025-06-21
C100274,59,180000.0,Mass,629,Rajasthan,Bengaluru,2021-02-01
C100275,38,180000.0,Mass,635,Maharashtra,Bengaluru,2023-08-30
C100276,40,180000.0,Mass,731,Maharashtra,Bengaluru,2025-04-19
C100277,40,180000.0,Mass,756,Karnataka,Hyderabad,2019-03-15
C100278,52,180000.0,Mass,586,Telangana,Jaipur,2024-07-23
C100279,24,180000.0,Mass,699,Gujarat,Chennai,2019-08-18
C100280,25,180000.0,Mass,825,Maharashtra,Mumbai,2022-12-05
C100281,32,180000.0,Mass,706,Karnataka,Hyderabad,2024-11-29
C100282,40,180000.0,Mass,817,West Bengal,Chennai,2022-04-08
C100283,48,182000.0,Mass,762,Gujarat,Hyderabad,2022-12-26
C100284,41,180000.0,Mass,650,Tamil Nadu,Chennai,2023-05-30
C100285,39,180000.0,Mass,701,Karnataka,Hyderabad,2023-02-11
C100286,58,180000.0,Mass,712,Karnataka,Ahmedabad,2024-03-17
C100287,28,180000.0,Mass,658,Karnataka,Jaipur,2025-02-11
C100288,44,180000.0,Mass,657,Maharashtra,Hyderabad,2019-12-17
C100289,43,180000.0,Mass,818,Gujarat,Ahmedabad,2021-12-17
C100290,40,180000.0,Mass,656,Maharashtra,Bengaluru,2025-01-25
C100291,53,180000.0,Mass,790,Maharashtra,Delhi,2021-09-18
C100292,32,180000.0,Mass,692,Karnataka,Chennai,2022-06-26
C100293,59,256000.0,Mass,718,Maharashtra,Mumbai,2024-04-13
C100294,34,180000.0,Mass,757,Karnataka,Chennai,2025-08-28
C100295,43,180000.0,Mass,681,Karnataka,Chennai,2020-10-16
C100296,42,180000.0,Mass,757,Karnataka,Kolkata,2025-10-20
C100297,55,180000.0,Mass,587,Telangana,Hyderabad,2024-01-20
C100298,39,180000.0,Mass,749,Rajasthan,Delhi,2019-03-21
C100299,33,180000.0,Mass,560,Tamil Nadu,Delhi,2025-02-18
C100300,22,180000.0,Mass,705,Karnataka,Kolkata,2021-09-26
C100301,36,180000.0,Mass,776,Rajasthan,Bengaluru,2021-01-03
C100302,54,180000.0,Mass,760,Rajasthan,Chennai,2022-09-30
C100303,22,180000.0,Mass,636,Gujarat,Delhi,2023-02-07
C100304,56,180000.0,Mass,644,Karnataka,Mumbai,2022-11-03
C100305,43,180000.0,Mass,675,Telangana,Chennai,2019-05-24
C100306,27,180000.0,Mass,732,Rajasthan,Chennai,2024-11-08
C100307,33,180000.0,Mass,588,Delhi NCR,Kolkata,2021-06-07
C100308,43,180000.0,Mass,719,Tamil Nadu,Jaipur,2020-01-02
C100309,34,180000.0,Mass,740,Tamil Nadu,Bengaluru,2023-01-11
C100310,26,180000.0,Mass,702,Rajasthan,Mumbai,2023-06-07
C100311,47,180000.0,Mass,754,Karnataka,Kolkata,2019-09-27
C100312,48,180000.0,Mass,735,Karnataka,Mumbai,2025-09-16
C100313,26,180000.0,Mass,685,West Bengal,Chennai,2023-04-11
C100314,32,180000.0,Mass,594,Karnataka,Jaipur,2026-02-04
C100315,31,180000.0,Mass,729,Maharashtra,Jaipur,2023-10-10
C100316,47,180000.0,Mass,658,Maharashtra,Jaipur,2019-01-27
C100317,50,180000.0,Mass,682,Maharashtra,Mumbai,2020-06-25
C100318,50,180000.0,Mass,751,Karnataka,Mumbai,2025-12-03
C100319,58,180000.0,Mass,812,Tamil Nadu,Mumbai,2022-12-26
C100320,51,180000.0,Mass,718,Gujarat,Kolkata,2019-11-14
C100321,34,180000.0,Mass,756,Tamil Nadu,Mumbai,2019-07-13
C100322,26,180000.0,Mass,626,Maharashtra,Chennai,2022-10-28
C100323,45,180000.0,Mass,736,Rajasthan,Kolkata,2023-03-25
C100324,57,180000.0,Mass,716,Tamil Nadu,Chennai,2020-10-02
C100325,60,180000.0,Mass,800,Rajasthan,Jaipur,2020-05-21
C100326,30,180000.0,Mass,685,Maharashtra,Chennai,2023-04-26
C100327,31,180000.0,Mass,704,Karnataka,Chennai,2022-02-06
C100328,23,180000.0,Mass,789,Delhi NCR,Jaipur,2019-04-07
C100329,27,180000.0,Mass,714,Delhi NCR,Hyderabad,2019-05-30
C100330,43,282000.0,Mass,648,Karnataka,Mumbai,2020-09-11
C100331,43,180000.0,Mass,850,Tamil Nadu,Delhi,2023-01-06
C100332,36,180000.0,Mass,650,Telangana,Kolkata,2021-02-20
C100333,34,180000.0,Mass,716,Karnataka,Kolkata,2019-02-08
C100334,54,180000.0,Mass,743,Tamil Nadu,Bengaluru,2025-07-08
C100335,39,180000.0,Mass,737,Maharashtra,Bengaluru,2023-12-08
C100336,53,180000.0,Mass,708,Karnataka,Delhi,2023-02-26
C100337,59,180000.0,Mass,708,West Bengal,Delhi,2020-09-27
C100338,34,180000.0,Mass,705,Gujarat,Delhi,2024-01-16
C100339,29,180000.0,Mass,647,Delhi NCR,Chennai,2025-09-26
C100340,59,180000.0,Mass,850,Telangana,Kolkata,2023-10-24
C100341,46,180000.0,Mass,706,Rajasthan,Hyderabad,2021-02-07
C100342,33,180000.0,Mass,759,Gujarat,Jaipur,2021-10-16
C100343,46,180000.0,Mass,698,Gujarat,Ahmedabad,2025-08-12
C100344,42,180000.0,Mass,697,Maharashtra,Kolkata,2019-02-06
C100345,57,180000.0,Mass,690,Tamil Nadu,Mumbai,2020-07-29
C100346,31,180000.0,Mass,619,Gujarat,Delhi,2019-10-06
C100347,60,180000.0,Mass,710,Telangana,Delhi,2023-07-26
C100348,58,180000.0,Mass,694,Maharashtra,Ahmedabad,2022-04-07
C100349,29,180000.0,Mass,796,Karnataka,Bengaluru,2019-12-13
C100350,28,180000.0,Mass,642,West Bengal,Jaipur,2025-09-13
C100351,42,180000.0,Mass,682,Delhi NCR,Bengaluru,2022-12-05
C100352,23,180000.0,Mass,662,Maharashtra,Chennai,2020-10-08
C100353,33,180000.0,Mass,814,Telangana,Bengaluru,2025-09-25
C100354,38,180000.0,Mass,663,Gujarat,Chennai,2023-12-21
C100355,59,180000.0,Mass,757,Delhi NCR,Kolkata,2019-12-04
C100356,60,180000.0,Mass,783,Gujarat,Hyderabad,2024-11-19
C100357,27,180000.0,Mass,711,Tamil Nadu,Mumbai,2019-06-03
C100358,56,180000.0,Mass,631,Karnataka,Chennai,2025-06-15
C100359,25,180000.0,Mass,631,Karnataka,Bengaluru,2021-10-19
C100360,51,180000.0,Mass,776,Delhi NCR,Hyderabad,2021-02-02
C100361,54,180000.0,Mass,638,Maharashtra,Bengaluru,2019-05-20
C100362,56,180000.0,Mass,745,Karnataka,Ahmedabad,2025-08-18
C100363,30,180000.0,Mass,727,Karnataka,Bengaluru,2022-12-26
C100364,56,180000.0,Mass,745,Gujarat,Mumbai,2023-04-30
C100365,26,180000.0,Mass,751,Telangana,Bengaluru,2025-01-19
C100366,42,180000.0,Mass,659,Maharashtra,Jaipur,2022-08-14
C100367,40,180000.0,Mass,657,Delhi NCR,Kolkata,2021-01-23
C100368,34,180000.0,Mass,766,West Bengal,Jaipur,2024-07-16
C100369,22,180000.0,Mass,679,Maharashtra,Delhi,2022-10-10
C100370,52,180000.0,Mass,541,Delhi NCR,Chennai,2020-09-12
C100371,35,180000.0,Mass,762,Karnataka,Mumbai,2025-01-04
C100372,47,180000.0,Mass,653,Gujarat,Jaipur,2024-10-13
C100373,37,180000.0,Mass,750,Karnataka,Jaipur,2020-10-04
C100374,36,180000.0,Mass,811,Karnataka,Chennai,2023-08-17
C100375,56,180000.0,Mass,721,Karnataka,Mumbai,2025-07-22
C100376,25,180000.0,Mass,785,Karnataka,Chennai,2024-09-09
C100377,50,180000.0,Mass,730,West Bengal,Chennai,2020-05-31
C100378,51,180000.0,Mass,823,Tamil Nadu,Jaipur,2025-02-02
C100379,36,180000.0,Mass,651,Rajasthan,Bengaluru,2019-05-27
C100380,32,180000.0,Mass,719,Tamil Nadu,Delhi,2023-05-25
C100381,22,182000.0,Mass,764,Tamil Nadu,Kolkata,2022-08-22
C100382,58,191000.0,Mass,708,Karnataka,Kolkata,2019-04-06
C100383,58,180000.0,Mass,795,Tamil Nadu,Mumbai,2024-03-02
C100384,31,261000.0,Mass,692,Maharashtra,Chennai,2021-02-13
C100385,23,180000.0,Mass,850,Rajasthan,Ahmedabad,2025-01-24
C100386,26,180000.0,Mass,850,Rajasthan,Chennai,2025-04-01
C100387,24,180000.0,Mass,738,Karnataka,Bengaluru,2023-03-16
C100388,54,180000.0,Mass,756,Tamil Nadu,Bengaluru,2023-06-19
C100389,56,180000.0,Mass,797,Telangana,Bengaluru,2019-05-16
C100390,27,180000.0,Mass,643,Tamil Nadu,Jaipur,2025-05-03
C100391,51,180000.0,Mass,635,Karnataka,Chennai,2023-11-08
C100392,28,180000.0,Mass,802,Telangana,Mumbai,2021-09-26
C100393,36,180000.0,Mass,738,Delhi NCR,Kolkata,2019-08-11
C100394,45,180000.0,Mass,705,Maharashtra,Chennai,2022-08-05
C100395,50,180000.0,Mass,721,Tamil Nadu,Ahmedabad,2025-05-31
C100396,56,180000.0,Mass,565,Karnataka,Bengaluru,2025-02-20
C100397,23,180000.0,Mass,708,Rajasthan,Chennai,2019-09-14
C100398,29,180000.0,Mass,671,Karnataka,Delhi,2024-06-04
C100399,32,180000.0,Mass,780,Karnataka,Hyderabad,2019-08-01
C100400,34,180000.0,Mass,785,Maharashtra,Chennai,2021-09-08
C100401,60,180000.0,Mass,757,Delhi NCR,Hyderabad,2022-03-08
C100402,52,180000.0,Mass,746,Telangana,Kolkata,2019-02-28
C100403,34,180000.0,Mass,623,Karnataka,Jaipur,2019-12-23
C100404,59,180000.0,Mass,758,Karnataka,Hyderabad,2025-04-07
C100405,41,180000.0,Mass,761,Delhi NCR,Mumbai,2023-06-25
C100406,41,180000.0,Mass,801,Gujarat,Mumbai,2024-08-06
C100407,38,180000.0,Mass,850,Karnataka,Mumbai,2023-01-25
C100408,27,180000.0,Mass,610,Rajasthan,Bengaluru,2022-03-13
C100409,58,180000.0,Mass,695,Karnataka,Hyderabad,2019-02-17
C100410,22,180000.0,Mass,672,Tamil Nadu,Mumbai,2022-11-21
C100411,28,180000.0,Mass,731,Maharashtra,Mumbai,2024-06-26
C100412,30,180000.0,Mass,721,Delhi NCR,Delhi,2020-06-15
C100413,32,180000.0,Mass,705,Delhi NCR,Ahmedabad,2022-06-30
C100414,27,180000.0,Mass,787,Gujarat,Kolkata,2021-12-07
C100415,22,180000.0,Mass,648,Telangana,Mumbai,2025-03-14
C100416,48,180000.0,Mass,652,West Bengal,Ahmedabad,2020-02-29
C100417,59,180000.0,Mass,653,Delhi NCR,Bengaluru,2019-10-01
C100418,26,356000.0,Mass,697,Gujarat,Hyderabad,2020-07-01
C100419,33,180000.0,Mass,640,Gujarat,Bengaluru,2020-02-11
C100420,41,180000.0,Mass,717,West Bengal,Mumbai,2025-01-09
C100421,58,180000.0,Mass,709,Karnataka,Delhi,2020-11-08
C100422,49,180000.0,Mass,669,Karnataka,Jaipur,2021-07-31
C100423,51,180000.0,Mass,777,Karnataka,Hyderabad,2020-10-30
C100424,44,180000.0,Mass,716,Delhi NCR,Jaipur,2024-10-19
C100425,38,180000.0,Mass,789,Karnataka,Kolkata,2023-09-23
C100426,29,180000.0,Mass,707,Maharashtra,Kolkata,2022-05-17
C100427,55,180000.0,Mass,718,Tamil Nadu,Jaipur,2024-09-08
C100428,53,180000.0,Mass,683,Karnataka,Bengaluru,2019-07-04
C100429,22,180000.0,Mass,720,Maharashtra,Mumbai,2023-10-30
C100430,49,180000.0,Mass,766,Gujarat,Chennai,2021-07-28
C100431,25,180000.0,Mass,693,Maharashtra,Hyderabad,2021-09-13
C100432,50,180000.0,Mass,754,Rajasthan,Jaipur,2020-02-16
C100433,54,180000.0,Mass,667,Karnataka,Bengaluru,2019-09-10
C100434,27,180000.0,Mass,769,West Bengal,Mumbai,2023-12-09
C100435,38,180000.0,Mass,682,Gujarat,Ahmedabad,2025-01-19
C100436,26,180000.0,Mass,775,Karnataka,Delhi,2025-06-27
C100437,44,180000.0,Mass,724,Karnataka,Jaipur,2020-09-25
C100438,58,180000.0,Mass,819,Gujarat,Jaipur,2024-06-06
C100439,25,180000.0,Mass,645,Maharashtra,Delhi,2019-10-17
C100440,37,180000.0,Mass,624,Maharashtra,Kolkata,2024-07-16
C100441,59,180000.0,Mass,680,Rajasthan,Chennai,2023-01-12
C100442,33,180000.0,Mass,630,Gujarat,Hyderabad,2025-02-18
C100443,27,180000.0,Mass,630,Rajasthan,Mumbai,2019-06-25
C100444,41,180000.0,Mass,760,Karnataka,Hyderabad,2024-07-12
C100445,41,180000.0,Mass,720,Karnataka,Ahmedabad,2022-04-29
C100446,47,180000.0,Mass,689,Tamil Nadu,Jaipur,2023-01-18
C100447,34,180000.0,Mass,695,Maharashtra,Ahmedabad,2022-11-02
C100448,59,180000.0,Mass,681,Karnataka,Chennai,2024-02-01
C100449,42,180000.0,Mass,827,Karnataka,Chennai,2023-04-07
C100450,33,180000.0,Mass,672,Karnataka,Jaipur,2021-12-17
C100451,59,180000.0,Mass,634,Delhi NCR,Jaipur,2022-02-05
C100452,58,180000.0,Mass,772,Maharashtra,Chennai,2019-07-04
C100453,41,180000.0,Mass,706,Rajasthan,Jaipur,2024-02-27
C100454,22,180000.0,Mass,850,Karnataka,Kolkata,2024-01-09
C100455,45,180000.0,Mass,686,Maharashtra,Kolkata,2023-01-14
C100456,43,180000.0,Mass,775,Maharashtra,Jaipur,2024-02-20
C100457,27,180000.0,Mass,790,Gujarat,Ahmedabad,2020-11-30
C100458,46,180000.0,Mass,686,West Bengal,Hyderabad,2020-08-04
C100459,54,180000.0,Mass,672,West Bengal,Ahmedabad,2025-08-01
C100460,26,180000.0,Mass,768,Karnataka,Ahmedabad,2025-10-16
C100461,50,180000.0,Mass,757,Gujarat,Chennai,2025-01-26
C100462,27,180000.0,Mass,628,Delhi NCR,Bengaluru,2019-05-17
C100463,51,180000.0,Mass,647,Karnataka,Mumbai,2022-11-27
C100464,38,180000.0,Mass,555,Tamil Nadu,Kolkata,2024-03-28
C100465,22,180000.0,Mass,759,Maharashtra,Mumbai,2019-04-07
C100466,59,187000.0,Mass,703,Gujarat,Hyderabad,2025-11-23
C100467,28,180000.0,Mass,709,Gujarat,Kolkata,2024-08-08
C100468,45,180000.0,Mass,610,Gujarat,Ahmedabad,2021-03-14
C100469,29,180000.0,Mass,649,West Bengal,Chennai,2022-08-09
C100470,58,193000.0,Mass,689,Tamil Nadu,Jaipur,2025-06-30
C100471,50,180000.0,Mass,676,West Bengal,Kolkata,2025-01-28
C100472,53,181000.0,Mass,728,Telangana,Jaipur,2024-11-18
C100473,38,180000.0,Mass,758,Maharashtra,Delhi,2026-01-02
C100474,40,180000.0,Mass,850,Gujarat,Jaipur,2024-04-18
C100475,46,180000.0,Mass,719,Maharashtra,Chennai,2025-08-28
C100476,52,180000.0,Mass,793,Delhi NCR,Hyderabad,2025-10-15
C100477,55,180000.0,Mass,666,Karnataka,Delhi,2019-02-20
C100478,22,180000.0,Mass,611,Rajasthan,Jaipur,2023-08-28
C100479,47,180000.0,Mass,697,Tamil Nadu,Ahmedabad,2021-05-18
C100480,26,180000.0,Mass,616,Tamil Nadu,Kolkata,2022-07-10
C100481,33,180000.0,Mass,721,Tamil Nadu,Hyderabad,2020-03-12
C100482,54,180000.0,Mass,669,Tamil Nadu,Bengaluru,2023-10-23
C100483,31,180000.0,Mass,593,Telangana,Delhi,2024-12-10
C100484,53,180000.0,Mass,833,Telangana,Jaipur,2021-12-06
C100485,40,180000.0,Mass,685,Karnataka,Chennai,2023-12-21
C100486,31,180000.0,Mass,614,Tamil Nadu,Hyderabad,2021-04-24
C100487,35,180000.0,Mass,778,Maharashtra,Jaipur,2024-05-02
C100488,42,180000.0,Mass,673,Telangana,Jaipur,2019-08-02
C100489,51,180000.0,Mass,791,Tamil Nadu,Chennai,2025-04-07
C100490,45,180000.0,Mass,672,Karnataka,Kolkata,2021-09-09
C100491,58,180000.0,Mass,685,Delhi NCR,Delhi,2022-08-05
C100492,55,180000.0,Mass,742,Gujarat,Delhi,2024-09-19
C100493,51,180000.0,Mass,759,Tamil Nadu,Delhi,2019-03-19
C100494,45,180000.0,Mass,770,Telangana,Ahmedabad,2025-09-24
C100495,33,180000.0,Mass,714,Telangana,Ahmedabad,2023-05-17
C100496,38,180000.0,Mass,754,Delhi NCR,Bengaluru,2025-12-10
C100497,26,180000.0,Mass,768,Karnataka,Kolkata,2022-12-04
C100498,36,180000.0,Mass,733,Karnataka,Ahmedabad,2020-06-20
C100499,58,180000.0,Mass,711,Telangana,Delhi,2023-02-23
C100500,38,180000.0,Mass,626,Maharashtra,Delhi,2023-01-25
C100501,26,180000.0,Mass,759,Karnataka,Delhi,2025-07-21
C100502,47,180000.0,Mass,723,Karnataka,Kolkata,2023-02-05
C100503,59,180000.0,Mass,693,Maharashtra,Kolkata,2021-11-22
C100504,55,180000.0,Mass,803,Rajasthan,Bengaluru,2020-04-02
C100505,32,180000.0,Mass,627,Karnataka,Kolkata,2021-04-27
C100506,39,180000.0,Mass,827,Maharashtra,Mumbai,2023-02-21
C100507,42,180000.0,Mass,719,Rajasthan,Delhi,2021-08-17
C100508,31,180000.0,Mass,741,Rajasthan,Delhi,2021-08-01
C100509,32,180000.0,Mass,694,Maharashtra,Bengaluru,2019-02-07
C100510,31,180000.0,Mass,612,West Bengal,Ahmedabad,2025-09-16
C100511,60,180000.0,Mass,711,Karnataka,Jaipur,2024-12-15
C100512,51,180000.0,Mass,742,Delhi NCR,Mumbai,2020-10-25
C100513,54,180000.0,Mass,764,Karnataka,Mumbai,2019-12-24
C100514,53,193000.0,Mass,707,Gujarat,Bengaluru,2024-12-10
C100515,59,180000.0,Mass,577,Maharashtra,Mumbai,2024-12-15
C100516,26,180000.0,Mass,620,Telangana,Delhi,2025-05-20
C100517,56,180000.0,Mass,850,Karnataka,Kolkata,2022-11-24
C100518,24,180000.0,Mass,649,Gujarat,Hyderabad,2024-03-28
C100519,40,180000.0,Mass,813,Telangana,Ahmedabad,2024-03-11
C100520,45,180000.0,Mass,659,Karnataka,Kolkata,2020-07-12
C100521,35,180000.0,Mass,708,West Bengal,Ahmedabad,2022-09-24
C100522,27,180000.0,Mass,761,Maharashtra,Ahmedabad,2020-11-07
C100523,29,202000.0,Mass,667,Karnataka,Hyderabad,2024-05-14
C100524,54,180000.0,Mass,823,Maharashtra,Mumbai,2025-11-29
C100525,34,180000.0,Mass,725,Maharashtra,Ahmedabad,2019-07-18
C100526,34,180000.0,Mass,750,Karnataka,Kolkata,2019-07-17
C100527,58,180000.0,Mass,703,Tamil Nadu,Hyderabad,2020-11-17
C100528,27,180000.0,Mass,763,Telangana,Jaipur,2019-11-01
C100529,57,180000.0,Mass,823,Gujarat,Kolkata,2019-01-24
C100530,57,180000.0,Mass,711,Gujarat,Ahmedabad,2025-12-19
C100531,45,180000.0,Mass,832,Delhi NCR,Kolkata,2023-02-23
C100532,28,180000.0,Mass,680,Maharashtra,Kolkata,2024-07-12
C100533,28,180000.0,Mass,770,Tamil Nadu,Delhi,2023-01-11
C100534,33,234000.0,Mass,752,West Bengal,Kolkata,2024-04-24
C100535,44,180000.0,Mass,651,Maharashtra,Hyderabad,2023-11-20
C100536,27,180000.0,Mass,734,Tamil Nadu,Jaipur,2020-02-21
C100537,39,180000.0,Mass,720,Rajasthan,Mumbai,2020-01-27
C100538,26,180000.0,Mass,665,Tamil Nadu,Chennai,2022-06-25
C100539,43,180000.0,Mass,743,Rajasthan,Ahmedabad,2021-08-22
C100540,22,180000.0,Mass,730,Maharashtra,Bengaluru,2024-12-25
C100541,49,180000.0,Mass,715,Tamil Nadu,Hyderabad,2021-03-07
C100542,24,180000.0,Mass,716,Maharashtra,Bengaluru,2021-05-05
C100543,29,180000.0,Mass,714,Karnataka,Mumbai,2022-10-07
C100544,28,180000.0,Mass,696,Rajasthan,Kolkata,2020-05-16
C100545,54,180000.0,Mass,729,Maharashtra,Mumbai,2025-02-09
C100546,24,180000.0,Mass,678,Rajasthan,Kolkata,2019-01-29
C100547,38,180000.0,Mass,850,Telangana,Bengaluru,2025-01-12
C100548,45,246000.0,Mass,628,West Bengal,Chennai,2023-06-07
C100549,42,180000.0,Mass,682,Rajasthan,Bengaluru,2025-04-27
C100550,48,180000.0,Mass,687,Tamil Nadu,Bengaluru,2021-02-02
C100551,53,180000.0,Mass,850,Rajasthan,Kolkata,2025-05-29
C100552,37,238000.0,Mass,634,Delhi NCR,Bengaluru,2025-02-23
C100553,54,180000.0,Mass,748,Tamil Nadu,Jaipur,2022-04-02
C100554,34,180000.0,Mass,736,Telangana,Hyderabad,2021-01-07
C100555,60,180000.0,Mass,742,Karnataka,Chennai,2020-05-27
C100556,41,180000.0,Mass,800,Karnataka,Jaipur,2020-01-30
C100557,50,195000.0,Mass,799,Maharashtra,Chennai,2023-02-25
C100558,56,180000.0,Mass,691,Gujarat,Chennai,2025-11-02
C100559,52,180000.0,Mass,733,Maharashtra,Chennai,2023-01-10
C100560,55,180000.0,Mass,599,Tamil Nadu,Delhi,2025-11-13
C100561,42,180000.0,Mass,726,Telangana,Kolkata,2024-05-18
C100562,23,180000.0,Mass,668,Telangana,Hyderabad,2023-11-17
C100563,41,180000.0,Mass,708,West Bengal,Ahmedabad,2024-02-28
C100564,29,180000.0,Mass,610,Rajasthan,Jaipur,2025-08-10
C100565,56,242000.0,Mass,746,West Bengal,Hyderabad,2025-02-09
C100566,31,180000.0,Mass,610,Tamil Nadu,Kolkata,2020-02-25
C100567,30,180000.0,Mass,730,Karnataka,Chennai,2023-03-01
C100568,31,180000.0,Mass,640,Rajasthan,Mumbai,2022-04-11
C100569,47,180000.0,Mass,665,Karnataka,Jaipur,2025-04-04
C100570,44,180000.0,Mass,795,Karnataka,Delhi,2020-06-14
C100571,59,180000.0,Mass,758,Maharashtra,Ahmedabad,2024-11-01
C100572,38,180000.0,Mass,795,Tamil Nadu,Kolkata,2022-05-29
C100573,33,180000.0,Mass,821,Telangana,Bengaluru,2025-08-20
C100574,23,180000.0,Mass,670,Karnataka,Jaipur,2024-08-19
C100575,22,180000.0,Mass,817,Delhi NCR,Hyderabad,2021-06-15
C100576,36,180000.0,Mass,625,Karnataka,Hyderabad,2025-01-05
C100577,58,180000.0,Mass,768,Maharashtra,Bengaluru,2020-05-02
C100578,42,180000.0,Mass,688,Maharashtra,Mumbai,2019-01-11
C100579,56,180000.0,Mass,660,Maharashtra,Delhi,2022-08-10
C100580,25,180000.0,Mass,760,Delhi NCR,Hyderabad,2021-10-09
C100581,25,180000.0,Mass,781,Karnataka,Mumbai,2019-11-23
C100582,54,180000.0,Mass,779,Karnataka,Delhi,2026-01-28
C100583,26,180000.0,Mass,734,Karnataka,Delhi,2019-04-12
C100584,24,180000.0,Mass,729,Delhi NCR,Ahmedabad,2023-03-13
C100585,37,180000.0,Mass,754,Rajasthan,Delhi,2020-11-09
C100586,58,180000.0,Mass,740,Telangana,Jaipur,2021-02-09
C100587,48,180000.0,Mass,755,Tamil Nadu,Chennai,2020-07-02
C100588,25,180000.0,Mass,733,West Bengal,Mumbai,2021-10-08
C100589,54,180000.0,Mass,775,Maharashtra,Jaipur,2023-10-02
C100590,54,180000.0,Mass,614,Karnataka,Jaipur,2021-04-18
C100591,53,180000.0,Mass,711,Gujarat,Chennai,2024-02-20
C100592,57,180000.0,Mass,630,Maharashtra,Chennai,2022-03-09
C100593,31,180000.0,Mass,738,Gujarat,Kolkata,2024-08-03
C100594,60,180000.0,Mass,827,Gujarat,Bengaluru,2022-03-01
C100595,34,180000.0,Mass,689,Maharashtra,Ahmedabad,2021-08-08
C100596,53,180000.0,Mass,728,Gujarat,Hyderabad,2022-08-10
C100597,44,180000.0,Mass,769,Maharashtra,Delhi,2023-11-21
C100598,52,180000.0,Mass,586,Karnataka,Delhi,2022-04-22
C100599,46,180000.0,Mass,686,West Bengal,Ahmedabad,2025-06-13
C100600,47,180000.0,Mass,744,Telangana,Kolkata,2022-09-03
C100601,46,180000.0,Mass,532,Karnataka,Delhi,2021-02-08
C100602,52,180000.0,Mass,657,Karnataka,Hyderabad,2019-03-14
C100603,50,180000.0,Mass,792,Karnataka,Jaipur,2021-10-17
C100604,27,180000.0,Mass,785,Karnataka,Bengaluru,2019-05-22
C100605,54,180000.0,Mass,744,Karnataka,Delhi,2019-04-03
C100606,42,180000.0,Mass,777,Karnataka,Jaipur,2021-08-22
C100607,34,180000.0,Mass,734,West Bengal,Delhi,2021-01-24
C100608,42,180000.0,Mass,756,Delhi NCR,Hyderabad,2025-04-19
C100609,59,180000.0,Mass,699,Delhi NCR,Ahmedabad,2024-03-13
C100610,55,180000.0,Mass,728,Tamil Nadu,Ahmedabad,2024-08-18
C100611,54,180000.0,Mass,679,Telangana,Hyderabad,2022-11-19
C100612,40,180000.0,Mass,802,Delhi NCR,Jaipur,2019-10-14
C100613,52,180000.0,Mass,819,West Bengal,Chennai,2025-01-21
C100614,37,180000.0,Mass,810,Delhi NCR,Bengaluru,2022-07-10
C100615,48,180000.0,Mass,693,Delhi NCR,Chennai,2022-01-20
C100616,46,180000.0,Mass,658,Delhi NCR,Bengaluru,2023-04-21
C100617,31,258000.0,Mass,803,Tamil Nadu,Jaipur,2020-03-01
C100618,32,180000.0,Mass,755,Karnataka,Hyderabad,2022-06-05
C100619,24,180000.0,Mass,741,Karnataka,Mumbai,2023-04-25
C100620,27,180000.0,Mass,679,Gujarat,Hyderabad,2023-12-19
C100621,38,180000.0,Mass,748,Karnataka,Hyderabad,2022-07-24
C100622,40,180000.0,Mass,649,Karnataka,Hyderabad,2026-02-05
C100623,28,207000.0,Mass,761,Karnataka,Hyderabad,2026-01-18
C100624,38,180000.0,Mass,810,Maharashtra,Jaipur,2019-09-08
C100625,45,180000.0,Mass,826,Rajasthan,Kolkata,2019-08-04
C100626,31,180000.0,Mass,766,Maharashtra,Ahmedabad,2022-09-02
C100627,35,180000.0,Mass,630,Maharashtra,Mumbai,2024-11-22
C100628,36,180000.0,Mass,733,Gujarat,Jaipur,2022-08-25
C100629,41,180000.0,Mass,850,Maharashtra,Delhi,2020-07-18
C100630,36,180000.0,Mass,664,Telangana,Bengaluru,2023-01-02
C100631,50,180000.0,Mass,716,Telangana,Hyderabad,2025-09-18
C100632,34,180000.0,Mass,812,Karnataka,Bengaluru,2020-03-10
C100633,38,180000.0,Mass,760,Tamil Nadu,Bengaluru,2022-03-04
C100634,36,180000.0,Mass,850,Karnataka,Mumbai,2023-07-18
C100635,29,180000.0,Mass,672,Telangana,Ahmedabad,2021-10-19
C100636,48,180000.0,Mass,656,Rajasthan,Bengaluru,2019-04-26
C100637,31,180000.0,Mass,800,West Bengal,Kolkata,2023-10-08
C100638,33,180000.0,Mass,642,Karnataka,Chennai,2024-04-10
C100639,52,180000.0,Mass,707,Delhi NCR,Hyderabad,2023-08-31
C100640,59,180000.0,Mass,716,Delhi NCR,Kolkata,2023-09-21
C100641,48,180000.0,Mass,787,West Bengal,Kolkata,2023-09-04
C100642,57,180000.0,Mass,760,Maharashtra,Kolkata,2021-05-09
C100643,55,180000.0,Mass,750,Gujarat,Mumbai,2019-02-13
C100644,40,180000.0,Mass,694,Maharashtra,Delhi,2026-01-15
C100645,52,180000.0,Mass,799,Karnataka,Jaipur,2020-06-15
C100646,34,180000.0,Mass,850,Telangana,Bengaluru,2024-11-24
C100647,39,180000.0,Mass,765,Gujarat,Kolkata,2022-11-06
C100648,42,180000.0,Mass,726,Maharashtra,Kolkata,2022-11-03
C100649,59,181000.0,Mass,636,West Bengal,Kolkata,2019-02-24
C100650,55,180000.0,Mass,679,Gujarat,Chennai,2026-01-19
C100651,41,180000.0,Mass,706,Rajasthan,Mumbai,2022-10-06
C100652,47,180000.0,Mass,685,Delhi NCR,Delhi,2024-11-28
C100653,29,200000.0,Mass,719,West Bengal,Hyderabad,2024-07-15
C100654,53,180000.0,Mass,836,Delhi NCR,Delhi,2019-12-25
C100655,43,180000.0,Mass,801,Karnataka,Ahmedabad,2025-09-29
C100656,42,180000.0,Mass,710,Karnataka,Mumbai,2023-03-17
C100657,51,180000.0,Mass,641,Rajasthan,Jaipur,2020-04-26
C100658,46,180000.0,Mass,807,Karnataka,Hyderabad,2023-02-19
C100659,24,180000.0,Mass,717,Gujarat,Kolkata,2023-05-22
C100660,33,180000.0,Mass,608,Tamil Nadu,Jaipur,2023-08-25
C100661,28,180000.0,Mass,766,Karnataka,Chennai,2021-04-15
C100662,50,180000.0,Mass,787,Maharashtra,Ahmedabad,2025-09-11
C100663,23,180000.0,Mass,562,Gujarat,Jaipur,2020-09-07
C100664,29,180000.0,Mass,666,Maharashtra,Delhi,2022-07-03
C100665,45,180000.0,Mass,713,Telangana,Delhi,2024-12-20
C100666,49,180000.0,Mass,768,Karnataka,Jaipur,2019-07-21
C100667,41,180000.0,Mass,686,Gujarat,Mumbai,2021-11-15
C100668,55,180000.0,Mass,666,Karnataka,Ahmedabad,2022-05-31
C100669,57,180000.0,Mass,767,Tamil Nadu,Bengaluru,2024-07-02
C100670,27,180000.0,Mass,690,Karnataka,Chennai,2024-08-10
C100671,59,180000.0,Mass,755,Karnataka,Chennai,2024-09-03
C100672,45,180000.0,Mass,648,Delhi NCR,Chennai,2021-07-21
C100673,46,180000.0,Mass,632,Maharashtra,Mumbai,2022-07-02
C100674,25,180000.0,Mass,769,Delhi NCR,Kolkata,2019-03-12
C100675,46,180000.0,Mass,736,Maharashtra,Chennai,2024-11-09
C100676,50,180000.0,Mass,780,Maharashtra,Chennai,2021-02-27
C100677,44,180000.0,Mass,685,Maharashtra,Kolkata,2022-04-30
C100678,25,180000.0,Mass,668,West Bengal,Chennai,2023-11-09
C100679,42,180000.0,Mass,808,Gujarat,Jaipur,2024-07-11
C100680,58,180000.0,Mass,621,Maharashtra,Mumbai,2019-08-12
C100681,50,180000.0,Mass,801,Tamil Nadu,Kolkata,2024-06-17
C100682,27,180000.0,Mass,806,Maharashtra,Jaipur,2021-09-04
C100683,59,180000.0,Mass,776,Delhi NCR,Kolkata,2021-12-22
C100684,59,180000.0,Mass,675,Rajasthan,Jaipur,2019-12-13
C100685,28,180000.0,Mass,667,Tamil Nadu,Delhi,2024-02-07
C100686,53,180000.0,Mass,706,Gujarat,Hyderabad,2022-05-22
C100687,37,180000.0,Mass,636,Maharashtra,Kolkata,2019-09-28
C100688,45,180000.0,Mass,657,Rajasthan,Jaipur,2020-01-03
C100689,39,180000.0,Mass,762,Gujarat,Hyderabad,2024-02-19
C100690,52,180000.0,Mass,762,Karnataka,Delhi,2019-10-11
C100691,60,180000.0,Mass,652,Rajasthan,Bengaluru,2022-09-17
C100692,53,180000.0,Mass,764,Rajasthan,Jaipur,2023-12-20
C100693,58,180000.0,Mass,750,Gujarat,Kolkata,2025-06-29
C100694,58,196000.0,Mass,818,Maharashtra,Mumbai,2020-02-15
C100695,25,180000.0,Mass,757,Telangana,Ahmedabad,2021-02-08
C100696,31,351000.0,Mass,789,Delhi NCR,Mumbai,2020-02-07
C100697,50,180000.0,Mass,751,Gujarat,Ahmedabad,2025-04-06
C100698,45,180000.0,Mass,784,Maharashtra,Jaipur,2023-03-21
C100699,23,180000.0,Mass,636,Maharashtra,Chennai,2025-12-31
C100700,25,180000.0,Mass,712,Maharashtra,Chennai,2019-04-24
C100701,42,180000.0,Mass,717,Karnataka,Kolkata,2024-01-10
C100702,46,180000.0,Mass,704,Delhi NCR,Ahmedabad,2019-03-27
C100703,28,180000.0,Mass,749,Karnataka,Jaipur,2019-10-11
C100704,28,180000.0,Mass,761,Gujarat,Kolkata,2022-01-26
C100705,27,180000.0,Mass,745,West Bengal,Ahmedabad,2021-08-11
C100706,44,180000.0,Mass,708,Gujarat,Delhi,2021-08-07
C100707,22,180000.0,Mass,672,Maharashtra,Chennai,2019-06-26
C100708,44,180000.0,Mass,791,Rajasthan,Ahmedabad,2022-11-17
C100709,40,180000.0,Mass,743,Karnataka,Jaipur,2021-06-04
C100710,40,180000.0,Mass,654,West Bengal,Chennai,2026-01-27
C100711,48,288000.0,Mass,707,Karnataka,Bengaluru,2024-08-14
C100712,42,180000.0,Mass,607,Gujarat,Chennai,2022-02-04
C100713,50,180000.0,Mass,722,Telangana,Hyderabad,2024-06-13
C100714,51,180000.0,Mass,707,Maharashtra,Mumbai,2023-02-06
C100715,57,180000.0,Mass,683,Tamil Nadu,Delhi,2022-07-11
C100716,53,180000.0,Mass,823,Karnataka,Mumbai,2025-07-18
C100717,42,180000.0,Mass,645,Tamil Nadu,Bengaluru,2023-03-08
C100718,41,180000.0,Mass,766,Karnataka,Hyderabad,2022-06-10
C100719,31,180000.0,Mass,850,Delhi NCR,Mumbai,2023-01-13
C100720,45,180000.0,Mass,790,Tamil Nadu,Kolkata,2024-07-23
C100721,27,180000.0,Mass,718,Gujarat,Bengaluru,2024-04-11
C100722,58,180000.0,Mass,646,Karnataka,Chennai,2022-11-27
C100723,54,180000.0,Mass,631,Gujarat,Bengaluru,2020-04-04
C100724,26,180000.0,Mass,693,Tamil Nadu,Chennai,2023-07-15
C100725,52,180000.0,Mass,675,Maharashtra,Jaipur,2022-01-24
C100726,26,180000.0,Mass,673,Telangana,Delhi,2025-08-21
C100727,50,180000.0,Mass,699,Karnataka,Hyderabad,2025-06-19
C100728,25,180000.0,Mass,713,Karnataka,Mumbai,2019-01-02
C100729,41,180000.0,Mass,752,Delhi NCR,Ahmedabad,2026-02-10
C100730,47,180000.0,Mass,640,Karnataka,Chennai,2025-05-31
C100731,50,180000.0,Mass,676,Maharashtra,Hyderabad,2025-06-16
C100732,38,180000.0,Mass,710,Telangana,Mumbai,2022-07-17
C100733,57,180000.0,Mass,707,Telangana,Jaipur,2020-12-04
C100734,52,180000.0,Mass,839,Karnataka,Delhi,2023-04-27
C100735,30,180000.0,Mass,735,Karnataka,Ahmedabad,2025-04-14
C100736,48,180000.0,Mass,615,Gujarat,Bengaluru,2022-03-16
C100737,50,180000.0,Mass,747,Tamil Nadu,Hyderabad,2026-01-05
C100738,35,180000.0,Mass,755,Gujarat,Chennai,2020-11-09
C100739,50,180000.0,Mass,712,Telangana,Delhi,2025-01-26
C100740,57,180000.0,Mass,641,Delhi NCR,Hyderabad,2019-06-21
C100741,53,180000.0,Mass,834,Rajasthan,Delhi,2024-12-22
C100742,51,180000.0,Mass,650,Maharashtra,Kolkata,2025-09-23
C100743,46,180000.0,Mass,763,Karnataka,Hyderabad,2024-01-01
C100744,32,180000.0,Mass,733,Maharashtra,Delhi,2023-06-11
C100745,53,180000.0,Mass,759,Karnataka,Ahmedabad,2021-12-05
C100746,36,180000.0,Mass,831,Gujarat,Jaipur,2025-03-21
C100747,42,180000.0,Mass,757,West Bengal,Chennai,2019-11-26
C100748,34,180000.0,Mass,684,Maharashtra,Delhi,2021-01-26
C100749,34,180000.0,Mass,792,Karnataka,Jaipur,2019-12-08
C100750,28,180000.0,Mass,679,Tamil Nadu,Ahmedabad,2020-12-23
C100751,59,180000.0,Mass,731,Rajasthan,Bengaluru,2022-09-22
C100752,27,180000.0,Mass,636,Karnataka,Mumbai,2021-05-23
C100753,25,180000.0,Mass,653,Delhi NCR,Mumbai,2021-12-29
C100754,58,180000.0,Mass,723,Delhi NCR,Bengaluru,2020-08-23
C100755,43,180000.0,Mass,744,Gujarat,Hyderabad,2021-07-06
C100756,39,180000.0,Mass,609,Tamil Nadu,Ahmedabad,2022-07-18
C100757,50,180000.0,Mass,752,Gujarat,Bengaluru,2020-07-09
C100758,36,180000.0,Mass,667,Maharashtra,Mumbai,2025-08-31
C100759,26,180000.0,Mass,803,Gujarat,Ahmedabad,2025-05-21
C100760,50,180000.0,Mass,697,Karnataka,Ahmedabad,2025-03-27
C100761,28,180000.0,Mass,647,Telangana,Jaipur,2019-01-04
C100762,43,180000.0,Mass,725,Delhi NCR,Delhi,2022-07-11
C100763,59,180000.0,Mass,660,Maharashtra,Delhi,2024-08-29
C100764,58,180000.0,Mass,802,Tamil Nadu,Delhi,2021-06-25
C100765,36,180000.0,Mass,720,Maharashtra,Kolkata,2020-08-25
C100766,52,180000.0,Mass,710,Karnataka,Ahmedabad,2023-05-10
C100767,45,180000.0,Mass,758,Telangana,Bengaluru,2019-01-07
C100768,40,180000.0,Mass,655,Karnataka,Hyderabad,2023-05-11
C100769,27,180000.0,Mass,636,Delhi NCR,Bengaluru,2022-03-19
C100770,36,180000.0,Mass,747,Maharashtra,Mumbai,2023-11-13
C100771,47,180000.0,Mass,649,Delhi NCR,Kolkata,2023-11-11
C100772,60,180000.0,Mass,648,Maharashtra,Hyderabad,2022-10-24
C100773,22,226000.0,Mass,774,Maharashtra,Delhi,2023-02-26
C100774,49,180000.0,Mass,754,Delhi NCR,Hyderabad,2019-03-11
C100775,55,180000.0,Mass,639,Tamil Nadu,Hyderabad,2025-12-26
C100776,59,180000.0,Mass,680,Karnataka,Ahmedabad,2019-07-17
C100777,38,180000.0,Mass,661,West Bengal,Mumbai,2025-12-14
C100778,26,180000.0,Mass,835,Maharashtra,Ahmedabad,2025-12-06
C100779,32,180000.0,Mass,779,Karnataka,Kolkata,2024-02-10
C100780,55,180000.0,Mass,693,Gujarat,Jaipur,2024-04-24
C100781,56,180000.0,Mass,757,Tamil Nadu,Bengaluru,2019-03-19
C100782,46,180000.0,Mass,632,Tamil Nadu,Hyderabad,2025-10-01
C100783,26,180000.0,Mass,676,West Bengal,Chennai,2022-10-05
C100784,26,180000.0,Mass,727,Tamil Nadu,Hyderabad,2021-06-01
C100785,40,180000.0,Mass,749,Maharashtra,Mumbai,2023-10-08
C100786,44,180000.0,Mass,714,Maharashtra,Bengaluru,2022-10-22
C100787,23,180000.0,Mass,736,Karnataka,Mumbai,2021-07-29
C100788,48,180000.0,Mass,725,Delhi NCR,Mumbai,2021-04-17
C100789,43,180000.0,Mass,709,Karnataka,Bengaluru,2019-11-04
C100790,22,180000.0,Mass,701,Tamil Nadu,Ahmedabad,2025-06-21
C100791,25,180000.0,Mass,692,Tamil Nadu,Delhi,2023-09-28
C100792,39,180000.0,Mass,735,Delhi NCR,Jaipur,2021-01-18
C100793,50,180000.0,Mass,747,Karnataka,Delhi,2024-02-24
C100794,54,180000.0,Mass,733,Karnataka,Mumbai,2023-12-09
C100795,38,180000.0,Mass,643,West Bengal,Ahmedabad,2019-12-30
C100796,33,180000.0,Mass,655,Tamil Nadu,Ahmedabad,2020-03-31
C100797,59,180000.0,Mass,746,Gujarat,Mumbai,2020-08-23
C100798,39,180000.0,Mass,816,Delhi NCR,Jaipur,2019-10-01
C100799,34,180000.0,Mass,730,West Bengal,Delhi,2024-11-09
C100800,39,180000.0,Mass,693,Maharashtra,Chennai,2020-02-09
C100801,22,180000.0,Mass,735,West Bengal,Chennai,2024-10-10
C100802,33,180000.0,Mass,646,Karnataka,Ahmedabad,2022-10-08
C100803,42,180000.0,Mass,805,Rajasthan,Chennai,2019-10-31
C100804,57,180000.0,Mass,732,Karnataka,Delhi,2025-01-04
C100805,50,180000.0,Mass,676,Maharashtra,Jaipur,2020-03-27
C100806,52,180000.0,Mass,709,Karnataka,Chennai,2026-02-11
C100807,43,180000.0,Mass,686,Delhi NCR,Mumbai,2019-02-06
C100808,26,180000.0,Mass,805,Rajasthan,Jaipur,2023-06-07
C100809,37,180000.0,Mass,707,Maharashtra,Ahmedabad,2021-03-26
C100810,60,180000.0,Mass,730,Maharashtra,Bengaluru,2022-10-19
C100811,23,180000.0,Mass,757,Maharashtra,Hyderabad,2024-12-23
C100812,56,180000.0,Mass,672,Karnataka,Kolkata,2024-08-07
C100813,48,180000.0,Mass,733,Delhi NCR,Ahmedabad,2021-01-01
C100814,33,180000.0,Mass,738,Karnataka,Ahmedabad,2019-06-15
C100815,52,180000.0,Mass,619,Rajasthan,Ahmedabad,2021-01-07
C100816,54,180000.0,Mass,736,Rajasthan,Kolkata,2024-10-05
C100817,23,180000.0,Mass,717,Karnataka,Jaipur,2022-09-02
C100818,26,180000.0,Mass,728,Tamil Nadu,Kolkata,2024-05-25
C100819,47,180000.0,Mass,722,Rajasthan,Mumbai,2022-07-10
C100820,60,180000.0,Mass,737,West Bengal,Kolkata,2022-10-08
C100821,22,180000.0,Mass,807,Telangana,Ahmedabad,2019-06-18
C100822,47,180000.0,Mass,643,Karnataka,Kolkata,2019-03-01
C100823,27,180000.0,Mass,698,Karnataka,Jaipur,2024-01-03
C100824,47,180000.0,Mass,763,Delhi NCR,Delhi,2020-06-09
C100825,46,180000.0,Mass,751,Maharashtra,Jaipur,2021-07-26
C100826,25,180000.0,Mass,750,Telangana,Mumbai,2021-08-19
C100827,48,180000.0,Mass,850,Delhi NCR,Delhi,2023-07-05
C100828,56,180000.0,Mass,760,Gujarat,Bengaluru,2025-09-13
C100829,55,180000.0,Mass,794,Karnataka,Delhi,2024-05-24
C100830,23,180000.0,Mass,700,Maharashtra,Ahmedabad,2023-07-19
C100831,31,180000.0,Mass,655,West Bengal,Jaipur,2024-12-10
C100832,31,180000.0,Mass,700,Maharashtra,Chennai,2022-08-19
C100833,39,180000.0,Mass,766,Karnataka,Kolkata,2020-01-13
C100834,27,180000.0,Mass,746,Rajasthan,Ahmedabad,2022-06-23
C100835,55,180000.0,Mass,746,Telangana,Bengaluru,2025-12-17
C100836,52,180000.0,Mass,706,Tamil Nadu,Delhi,2024-07-20
C100837,53,180000.0,Mass,696,Delhi NCR,Mumbai,2021-06-28
C100838,29,180000.0,Mass,708,Gujarat,Delhi,2021-04-21
C100839,22,180000.0,Mass,767,Rajasthan,Chennai,2025-07-14
C100840,57,180000.0,Mass,775,West Bengal,Jaipur,2019-09-03
C100841,33,180000.0,Mass,655,Maharashtra,Ahmedabad,2025-08-22
C100842,47,180000.0,Mass,770,Maharashtra,Chennai,2023-10-27
C100843,57,180000.0,Mass,678,Maharashtra,Delhi,2024-10-01
C100844,23,180000.0,Mass,750,Telangana,Kolkata,2021-05-05
C100845,22,180000.0,Mass,708,Telangana,Mumbai,2023-08-14
C100846,22,180000.0,Mass,822,Tamil Nadu,Delhi,2021-04-26
C100847,28,180000.0,Mass,693,Rajasthan,Chennai,2019-02-14
C100848,24,180000.0,Mass,732,Gujarat,Jaipur,2022-03-28
C100849,53,180000.0,Mass,759,Delhi NCR,Delhi,2025-12-22
C100850,45,180000.0,Mass,663,Telangana,Kolkata,2020-09-23
C100851,60,180000.0,Mass,715,Tamil Nadu,Ahmedabad,2020-02-26
C100852,53,180000.0,Mass,703,Karnataka,Ahmedabad,2025-07-24
C100853,59,180000.0,Mass,687,Telangana,Kolkata,2025-06-24
C100854,31,180000.0,Mass,691,Telangana,Bengaluru,2025-01-11
C100855,33,180000.0,Mass,792,Karnataka,Hyderabad,2025-12-13
C100856,55,206000.0,Mass,681,Delhi NCR,Jaipur,2026-01-20
C100857,31,180000.0,Mass,757,Gujarat,Jaipur,2025-07-15
C100858,24,180000.0,Mass,740,Maharashtra,Delhi,2025-11-12
C100859,48,362000.0,Mass,629,Delhi NCR,Chennai,2024-04-19
C100860,53,180000.0,Mass,754,Maharashtra,Kolkata,2021-03-28
C100861,59,180000.0,Mass,628,Tamil Nadu,Bengaluru,2022-04-06
C100862,58,180000.0,Mass,761,Tamil Nadu,Kolkata,2021-09-16
C100863,26,180000.0,Mass,687,Karnataka,Mumbai,2022-08-17
C100864,52,180000.0,Mass,721,Gujarat,Delhi,2023-12-21
C100865,54,180000.0,Mass,636,Maharashtra,Ahmedabad,2020-09-20
C100866,49,180000.0,Mass,728,Karnataka,Kolkata,2019-02-11
C100867,53,180000.0,Mass,780,Telangana,Hyderabad,2023-04-17
C100868,54,180000.0,Mass,668,Karnataka,Jaipur,2026-01-28
C100869,39,180000.0,Mass,681,Rajasthan,Kolkata,2025-02-18
C100870,23,180000.0,Mass,750,Gujarat,Jaipur,2019-01-29
C100871,39,180000.0,Mass,751,Maharashtra,Mumbai,2023-04-06
C100872,29,180000.0,Mass,562,Rajasthan,Chennai,2022-10-13
C100873,26,180000.0,Mass,850,Gujarat,Chennai,2022-01-09
C100874,26,180000.0,Mass,754,Tamil Nadu,Bengaluru,2023-10-05
C100875,49,180000.0,Mass,765,Telangana,Bengaluru,2022-01-13
C100876,41,180000.0,Mass,711,West Bengal,Bengaluru,2025-07-04
C100877,43,180000.0,Mass,599,Karnataka,Kolkata,2025-06-18
C100878,51,180000.0,Mass,764,Karnataka,Chennai,2023-08-02
C100879,43,180000.0,Mass,683,Rajasthan,Kolkata,2022-04-07
C100880,46,180000.0,Mass,755,Karnataka,Kolkata,2023-04-02
C100881,25,180000.0,Mass,706,Telangana,Bengaluru,2025-05-29
C100882,55,180000.0,Mass,735,Tamil Nadu,Kolkata,2021-02-19
C100883,39,180000.0,Mass,670,Tamil Nadu,Mumbai,2025-03-08
C100884,28,180000.0,Mass,776,Delhi NCR,Chennai,2023-03-17
C100885,53,180000.0,Mass,643,Rajasthan,Jaipur,2019-06-15
C100886,50,180000.0,Mass,850,Karnataka,Ahmedabad,2024-05-03
C100887,24,180000.0,Mass,850,Tamil Nadu,Jaipur,2020-06-09
C100888,29,180000.0,Mass,826,Telangana,Hyderabad,2022-09-02
C100889,22,180000.0,Mass,803,Maharashtra,Bengaluru,2025-10-07
C100890,32,180000.0,Mass,715,West Bengal,Kolkata,2024-07-20
C100891,25,180000.0,Mass,796,Gujarat,Bengaluru,2023-12-24
C100892,49,180000.0,Mass,714,Karnataka,Delhi,2019-06-30
C100893,42,180000.0,Mass,619,West Bengal,Chennai,2025-02-11
C100894,60,180000.0,Mass,818,Rajasthan,Mumbai,2021-05-21
C100895,51,180000.0,Mass,793,Karnataka,Hyderabad,2019-05-11
C100896,45,180000.0,Mass,718,Delhi NCR,Ahmedabad,2025-10-31
C100897,41,180000.0,Mass,640,Karnataka,Bengaluru,2020-05-11
C100898,24,180000.0,Mass,682,Karnataka,Hyderabad,2021-04-20
C100899,24,180000.0,Mass,602,Maharashtra,Bengaluru,2020-01-05
C100900,46,180000.0,Mass,781,West Bengal,Hyderabad,2023-06-05
C100901,22,180000.0,Mass,616,Karnataka,Mumbai,2025-03-06
C100902,23,180000.0,Mass,739,Karnataka,Kolkata,2022-09-13
C100903,30,180000.0,Mass,665,Delhi NCR,Jaipur,2025-03-10
C100904,56,180000.0,Mass,627,Gujarat,Jaipur,2025-09-01
C100905,39,180000.0,Mass,735,Karnataka,Jaipur,2025-03-18
C100906,49,180000.0,Mass,698,Maharashtra,Bengaluru,2020-02-28
C100907,38,180000.0,Mass,774,Delhi NCR,Hyderabad,2020-06-19
C100908,28,180000.0,Mass,638,Tamil Nadu,Mumbai,2021-02-17
C100909,36,180000.0,Mass,671,Delhi NCR,Bengaluru,2023-07-18
C100910,25,180000.0,Mass,565,Karnataka,Chennai,2025-02-20
C100911,52,180000.0,Mass,578,Gujarat,Chennai,2021-03-24
C100912,29,180000.0,Mass,837,Delhi NCR,Ahmedabad,2023-09-29
C100913,36,180000.0,Mass,850,Maharashtra,Bengaluru,2020-05-01
C100914,60,180000.0,Mass,726,Karnataka,Chennai,2022-11-12
C100915,45,180000.0,Mass,666,Maharashtra,Mumbai,2024-07-20
C100916,39,180000.0,Mass,701,Maharashtra,Bengaluru,2021-10-23
C100917,43,180000.0,Mass,777,Karnataka,Chennai,2020-02-29
C100918,52,180000.0,Mass,687,Rajasthan,Bengaluru,2021-12-05
C100919,31,180000.0,Mass,735,Gujarat,Jaipur,2024-06-04
C100920,46,180000.0,Mass,719,Tamil Nadu,Kolkata,2025-08-27
C100921,56,180000.0,Mass,683,Karnataka,Jaipur,2023-05-21
C100922,44,180000.0,Mass,686,Tamil Nadu,Bengaluru,2023-10-11
C100923,39,180000.0,Mass,739,Tamil Nadu,Chennai,2021-12-26
C100924,27,180000.0,Mass,657,Rajasthan,Kolkata,2025-08-12
C100925,31,180000.0,Mass,749,Gujarat,Hyderabad,2025-03-11
C100926,58,180000.0,Mass,689,Delhi NCR,Ahmedabad,2025-12-02
C100927,43,180000.0,Mass,728,Maharashtra,Kolkata,2025-02-22
C100928,33,180000.0,Mass,810,Tamil Nadu,Ahmedabad,2022-11-23
C100929,38,180000.0,Mass,709,Rajasthan,Jaipur,2025-11-02
C100930,44,180000.0,Mass,780,Tamil Nadu,Bengaluru,2023-05-05
C100931,42,180000.0,Mass,604,Telangana,Delhi,2023-04-14
C100932,49,180000.0,Mass,689,West Bengal,Bengaluru,2023-09-03
C100933,32,180000.0,Mass,722,Rajasthan,Jaipur,2020-04-28
C100934,47,180000.0,Mass,845,Karnataka,Ahmedabad,2024-12-21
C100935,39,180000.0,Mass,593,Karnataka,Bengaluru,2021-08-01
C100936,58,180000.0,Mass,714,Tamil Nadu,Kolkata,2023-09-10
C100937,28,186000.0,Mass,815,Rajasthan,Jaipur,2025-01-04
C100938,27,180000.0,Mass,669,Gujarat,Jaipur,2019-10-26
C100939,40,180000.0,Mass,706,Maharashtra,Chennai,2021-02-21
C100940,41,180000.0,Mass,742,Tamil Nadu,Bengaluru,2025-09-16
C100941,48,180000.0,Mass,732,Karnataka,Mumbai,2021-07-27
C100942,37,180000.0,Mass,822,Karnataka,Bengaluru,2023-09-15
C100943,57,180000.0,Mass,749,Karnataka,Bengaluru,2022-12-31
C100944,40,180000.0,Mass,806,Karnataka,Mumbai,2025-03-11
C100945,27,180000.0,Mass,697,Telangana,Hyderabad,2022-08-19
C100946,26,180000.0,Mass,672,Maharashtra,Kolkata,2022-01-09
C100947,59,180000.0,Mass,705,Karnataka,Hyderabad,2019-02-12
C100948,27,180000.0,Mass,645,Tamil Nadu,Mumbai,2022-05-19
C100949,58,180000.0,Mass,751,Maharashtra,Hyderabad,2023-03-02
C100950,32,180000.0,Mass,695,Gujarat,Mumbai,2023-11-27
C100951,25,180000.0,Mass,676,Maharashtra,Chennai,2024-07-21
C100952,33,180000.0,Mass,752,Karnataka,Jaipur,2024-07-11
C100953,45,180000.0,Mass,646,Telangana,Mumbai,2022-04-09
C100954,38,180000.0,Mass,770,Karnataka,Kolkata,2019-07-23
C100955,52,180000.0,Mass,689,Karnataka,Ahmedabad,2020-10-23
C100956,45,180000.0,Mass,795,Karnataka,Delhi,2021-11-25
C100957,37,180000.0,Mass,694,Maharashtra,Ahmedabad,2025-12-20
C100958,46,180000.0,Mass,761,Karnataka,Mumbai,2024-06-24
C100959,59,180000.0,Mass,732,Maharashtra,Chennai,2025-05-14
C100960,38,180000.0,Mass,768,Maharashtra,Chennai,2026-01-23
C100961,27,180000.0,Mass,727,Karnataka,Hyderabad,2019-12-13
C100962,37,180000.0,Mass,612,West Bengal,Mumbai,2019-01-31
C100963,54,180000.0,Mass,786,Maharashtra,Jaipur,2023-02-01
C100964,30,180000.0,Mass,714,Karnataka,Delhi,2020-11-19
C100965,59,180000.0,Mass,771,Tamil Nadu,Kolkata,2025-03-08
C100966,44,180000.0,Mass,765,Karnataka,Kolkata,2022-04-23
C100967,45,180000.0,Mass,670,Delhi NCR,Delhi,2019-01-25
C100968,34,180000.0,Mass,661,Karnataka,Mumbai,2020-08-02
C100969,57,180000.0,Mass,763,Gujarat,Hyderabad,2021-06-07
C100970,23,180000.0,Mass,700,Rajasthan,Jaipur,2019-03-11
C100971,33,180000.0,Mass,781,Karnataka,Bengaluru,2021-04-05
C100972,38,180000.0,Mass,708,Karnataka,Chennai,2022-11-03
C100973,40,180000.0,Mass,787,Tamil Nadu,Mumbai,2025-05-11
C100974,40,180000.0,Mass,748,Rajasthan,Kolkata,2023-08-16
C100975,27,180000.0,Mass,739,Maharashtra,Jaipur,2019-08-31
C100976,30,180000.0,Mass,696,Telangana,Bengaluru,2021-12-17
C100977,25,180000.0,Mass,735,Karnataka,Kolkata,2024-06-21
C100978,44,180000.0,Mass,798,Telangana,Ahmedabad,2021-08-19
C100979,35,311000.0,Mass,716,Maharashtra,Jaipur,2023-01-04
C100980,44,180000.0,Mass,755,Tamil Nadu,Bengaluru,2026-01-06
C100981,44,180000.0,Mass,723,Karnataka,Mumbai,2019-12-25
C100982,49,180000.0,Mass,728,Tamil Nadu,Delhi,2022-05-26
C100983,43,186000.0,Mass,832,Maharashtra,Kolkata,2023-05-05
C100984,47,180000.0,Mass,798,Telangana,Bengaluru,2024-09-05
C100985,44,180000.0,Mass,725,Delhi NCR,Mumbai,2024-12-15
C100986,47,180000.0,Mass,734,West Bengal,Ahmedabad,2021-01-16
C100987,46,180000.0,Mass,674,Rajasthan,Bengaluru,2022-04-28
C100988,34,180000.0,Mass,709,Gujarat,Kolkata,2024-11-28
C100989,31,180000.0,Mass,740,Telangana,Delhi,2024-12-21
C100990,52,180000.0,Mass,775,Karnataka,Delhi,2024-11-11
C100991,35,180000.0,Mass,769,West Bengal,Chennai,2023-10-02
C100992,43,180000.0,Mass,648,Tamil Nadu,Delhi,2020-11-27
C100993,29,180000.0,Mass,784,Gujarat,Hyderabad,2021-08-15
C100994,38,191000.0,Mass,714,Gujarat,Delhi,2023-09-02
C100995,42,197000.0,Mass,656,Delhi NCR,Chennai,2020-10-23
C100996,46,180000.0,Mass,807,West Bengal,Delhi,2023-11-09
C100997,42,180000.0,Mass,815,Delhi NCR,Delhi,2022-09-01
C100998,36,180000.0,Mass,737,Tamil Nadu,Delhi,2022-02-24
C100999,59,180000.0,Mass,766,Maharashtra,Kolkata,2021-07-13
C101000,41,180000.0,Mass,770,Rajasthan,Ahmedabad,2024-07-04
C101001,53,180000.0,Mass,811,Telangana,Jaipur,2022-04-25
C101002,50,180000.0,Mass,767,Tamil Nadu,Bengaluru,2021-03-08
C101003,43,180000.0,Mass,634,Tamil Nadu,Chennai,2021-09-25
C101004,56,180000.0,Mass,850,Tamil Nadu,Chennai,2022-06-13
C101005,27,180000.0,Mass,789,Telangana,Kolkata,2023-05-25
C101006,57,180000.0,Mass,687,Tamil Nadu,Bengaluru,2026-01-18
C101007,55,192000.0,Mass,653,West Bengal,Mumbai,2021-06-04
C101008,41,180000.0,Mass,753,West Bengal,Chennai,2020-04-09
C101009,50,180000.0,Mass,702,Gujarat,Kolkata,2025-12-17
C101010,42,180000.0,Mass,741,Karnataka,Chennai,2020-01-20
C101011,32,180000.0,Mass,768,Tamil Nadu,Delhi,2025-06-07
C101012,53,180000.0,Mass,683,Tamil Nadu,Mumbai,2020-01-05
C101013,31,180000.0,Mass,647,Tamil Nadu,Jaipur,2021-08-04
C101014,34,180000.0,Mass,745,West Bengal,Kolkata,2026-02-08
C101015,42,180000.0,Mass,685,Karnataka,Bengaluru,2020-03-06
C101016,54,180000.0,Mass,729,Maharashtra,Delhi,2020-02-20
C101017,36,180000.0,Mass,633,West Bengal,Mumbai,2023-05-03
C101018,41,180000.0,Mass,704,Rajasthan,Hyderabad,2020-05-09
C101019,23,180000.0,Mass,766,Gujarat,Delhi,2019-03-05
C101020,26,206000.0,Mass,759,Karnataka,Jaipur,2023-12-12
C101021,24,180000.0,Mass,669,Gujarat,Bengaluru,2025-10-30
C101022,24,180000.0,Mass,644,Gujarat,Ahmedabad,2024-05-28
C101023,55,180000.0,Mass,721,Tamil Nadu,Delhi,2025-11-12
C101024,54,180000.0,Mass,756,Maharashtra,Ahmedabad,2022-10-02
C101025,54,180000.0,Mass,746,Maharashtra,Delhi,2023-05-16
C101026,24,180000.0,Mass,687,Telangana,Mumbai,2025-12-29
C101027,25,180000.0,Mass,739,Tamil Nadu,Mumbai,2022-08-02
C101028,32,180000.0,Mass,818,Telangana,Hyderabad,2019-04-12
C101029,44,180000.0,Mass,733,Maharashtra,Delhi,2020-09-12
C101030,35,180000.0,Mass,614,Maharashtra,Mumbai,2023-06-03
C101031,41,180000.0,Mass,733,Maharashtra,Kolkata,2025-02-07
C101032,28,180000.0,Mass,850,Rajasthan,Kolkata,2023-04-26
C101033,50,180000.0,Mass,636,Gujarat,Bengaluru,2021-11-20
C101034,34,180000.0,Mass,722,Tamil Nadu,Ahmedabad,2021-04-15
C101035,24,180000.0,Mass,705,Tamil Nadu,Hyderabad,2023-11-12
C101036,50,180000.0,Mass,726,West Bengal,Chennai,2025-05-27
C101037,57,180000.0,Mass,733,Maharashtra,Ahmedabad,2020-12-23
C101038,22,180000.0,Mass,794,Gujarat,Hyderabad,2022-12-08
C101039,39,180000.0,Mass,726,West Bengal,Jaipur,2022-01-16
C101040,54,180000.0,Mass,803,Karnataka,Ahmedabad,2020-10-02
C101041,49,180000.0,Mass,712,Tamil Nadu,Mumbai,2021-11-19
C101042,55,180000.0,Mass,697,Gujarat,Delhi,2019-08-18
C101043,38,180000.0,Mass,677,Rajasthan,Hyderabad,2022-10-10
C101044,36,180000.0,Mass,602,Telangana,Delhi,2019-10-06
C101045,49,180000.0,Mass,738,Karnataka,Delhi,2022-05-17
C101046,27,180000.0,Mass,850,West Bengal,Kolkata,2025-05-22
C101047,31,180000.0,Mass,750,Telangana,Delhi,2020-01-14
C101048,45,180000.0,Mass,765,Tamil Nadu,Hyderabad,2020-10-12
C101049,48,180000.0,Mass,693,Maharashtra,Chennai,2024-02-18
C101050,26,180000.0,Mass,704,Karnataka,Chennai,2025-06-16
C101051,41,180000.0,Mass,784,Tamil Nadu,Ahmedabad,2025-10-20
C101052,36,180000.0,Mass,850,Gujarat,Chennai,2019-11-09
C101053,41,180000.0,Mass,817,West Bengal,Hyderabad,2020-09-13
C101054,59,180000.0,Mass,772,Maharashtra,Delhi,2026-01-02
C101055,24,180000.0,Mass,722,Telangana,Kolkata,2022-08-07
C101056,60,180000.0,Mass,734,Maharashtra,Chennai,2024-12-06
C101057,39,180000.0,Mass,671,Telangana,Delhi,2019-02-07
C101058,52,180000.0,Mass,626,Karnataka,Chennai,2019-10-30
C101059,38,180000.0,Mass,647,Gujarat,Ahmedabad,2020-06-15
C101060,34,180000.0,Mass,723,Karnataka,Mumbai,2019-08-12
C101061,52,180000.0,Mass,701,Tamil Nadu,Ahmedabad,2025-05-05
C101062,48,180000.0,Mass,624,Maharashtra,Delhi,2024-09-19
C101063,27,180000.0,Mass,718,Delhi NCR,Mumbai,2021-10-11
C101064,49,180000.0,Mass,699,Karnataka,Bengaluru,2019-07-22
C101065,51,180000.0,Mass,644,Tamil Nadu,Ahmedabad,2019-10-03
C101066,37,180000.0,Mass,696,Tamil Nadu,Jaipur,2020-11-12
C101067,58,180000.0,Mass,699,Karnataka,Mumbai,2024-03-05
C101068,46,180000.0,Mass,680,Karnataka,Mumbai,2024-09-14
C101069,35,180000.0,Mass,780,Maharashtra,Chennai,2022-11-03
C101070,22,180000.0,Mass,596,Tamil Nadu,Chennai,2025-06-17
C101071,48,180000.0,Mass,591,Rajasthan,Jaipur,2025-08-10
C101072,30,180000.0,Mass,720,Karnataka,Mumbai,2024-06-18
C101073,51,180000.0,Mass,726,Telangana,Chennai,2019-07-24
C101074,42,180000.0,Mass,746,Telangana,Ahmedabad,2025-05-02
C101075,40,180000.0,Mass,685,Telangana,Mumbai,2025-06-19
C101076,28,180000.0,Mass,660,Tamil Nadu,Ahmedabad,2022-12-26
C101077,49,180000.0,Mass,720,Rajasthan,Ahmedabad,2023-04-07
C101078,28,180000.0,Mass,691,Gujarat,Delhi,2024-07-19
C101079,38,180000.0,Mass,821,West Bengal,Kolkata,2023-03-21
C101080,54,180000.0,Mass,699,Maharashtra,Mumbai,2021-06-13
C101081,57,180000.0,Mass,717,Delhi NCR,Chennai,2023-12-18
C101082,60,180000.0,Mass,850,Rajasthan,Ahmedabad,2024-08-03
C101083,59,180000.0,Mass,707,Rajasthan,Kolkata,2020-01-03
C101084,43,180000.0,Mass,756,Maharashtra,Bengaluru,2023-11-03
C101085,29,180000.0,Mass,762,West Bengal,Chennai,2020-03-26
C101086,54,180000.0,Mass,768,Karnataka,Ahmedabad,2023-02-03
C101087,53,180000.0,Mass,739,Telangana,Ahmedabad,2019-10-08
C101088,60,180000.0,Mass,733,Maharashtra,Jaipur,2026-01-23
C101089,47,180000.0,Mass,727,Telangana,Hyderabad,2023-10-03
C101090,27,180000.0,Mass,683,Gujarat,Chennai,2022-05-06
C101091,41,180000.0,Mass,741,Karnataka,Kolkata,2022-08-03
C101092,39,180000.0,Mass,850,Maharashtra,Kolkata,2023-05-30
C101093,54,180000.0,Mass,799,Karnataka,Mumbai,2019-11-21
C101094,37,180000.0,Mass,740,Gujarat,Chennai,2022-08-18
C101095,34,180000.0,Mass,776,West Bengal,Chennai,2024-02-05
C101096,25,180000.0,Mass,664,Delhi NCR,Chennai,2020-11-08
C101097,54,180000.0,Mass,703,Delhi NCR,Ahmedabad,2022-05-31
C101098,51,180000.0,Mass,782,Delhi NCR,Kolkata,2021-05-08
C101099,23,180000.0,Mass,817,Maharashtra,Jaipur,2020-02-23
C101100,38,180000.0,Mass,670,Gujarat,Bengaluru,2025-12-19
C101101,40,180000.0,Mass,689,Gujarat,Kolkata,2023-03-22
C101102,40,180000.0,Mass,850,Karnataka,Kolkata,2021-10-16
C101103,57,180000.0,Mass,726,Tamil Nadu,Ahmedabad,2021-05-29
C101104,27,180000.0,Mass,839,Telangana,Chennai,2023-11-02
C101105,33,180000.0,Mass,733,Tamil Nadu,Bengaluru,2019-10-09
C101106,29,180000.0,Mass,736,Delhi NCR,Ahmedabad,2023-01-14
C101107,31,180000.0,Mass,700,Karnataka,Mumbai,2020-08-21
C101108,57,180000.0,Mass,781,Delhi NCR,Jaipur,2025-05-02
C101109,58,180000.0,Mass,808,Karnataka,Bengaluru,2024-08-01
C101110,23,180000.0,Mass,653,West Bengal,Ahmedabad,2024-05-23
C101111,46,180000.0,Mass,697,Maharashtra,Chennai,2020-01-15
C101112,31,180000.0,Mass,779,Gujarat,Jaipur,2019-07-29
C101113,29,180000.0,Mass,712,Gujarat,Kolkata,2022-04-06
C101114,33,180000.0,Mass,688,Maharashtra,Jaipur,2021-07-13
C101115,29,180000.0,Mass,786,Maharashtra,Ahmedabad,2024-02-27
C101116,41,180000.0,Mass,792,Karnataka,Ahmedabad,2024-01-25
C101117,60,180000.0,Mass,691,Tamil Nadu,Hyderabad,2021-10-29
C101118,44,180000.0,Mass,734,Rajasthan,Ahmedabad,2020-02-24
C101119,50,180000.0,Mass,641,Maharashtra,Bengaluru,2021-04-22
C101120,41,180000.0,Mass,662,Gujarat,Kolkata,2022-08-01
C101121,22,180000.0,Mass,728,West Bengal,Bengaluru,2020-10-21
C101122,25,180000.0,Mass,722,Gujarat,Mumbai,2021-04-06
C101123,32,180000.0,Mass,657,West Bengal,Jaipur,2020-09-17
C101124,31,180000.0,Mass,673,Gujarat,Delhi,2019-06-18
C101125,54,180000.0,Mass,651,Gujarat,Delhi,2023-04-13
C101126,54,180000.0,Mass,750,Karnataka,Mumbai,2026-02-05
C101127,55,180000.0,Mass,592,Karnataka,Ahmedabad,2025-10-10
C101128,46,180000.0,Mass,654,Tamil Nadu,Mumbai,2025-08-13
C101129,43,180000.0,Mass,599,Delhi NCR,Delhi,2023-09-10
C101130,47,180000.0,Mass,747,Karnataka,Hyderabad,2024-04-27
C101131,37,180000.0,Mass,603,Rajasthan,Ahmedabad,2019-06-16
C101132,48,180000.0,Mass,722,Maharashtra,Delhi,2020-06-06
C101133,52,180000.0,Mass,827,Gujarat,Kolkata,2024-01-10
C101134,51,180000.0,Mass,829,West Bengal,Delhi,2026-01-14
C101135,45,180000.0,Mass,603,West Bengal,Bengaluru,2025-06-19
C101136,24,205000.0,Mass,739,Tamil Nadu,Hyderabad,2023-06-29
C101137,50,180000.0,Mass,656,Maharashtra,Mumbai,2019-10-11
C101138,36,180000.0,Mass,642,Karnataka,Ahmedabad,2025-11-16
C101139,51,180000.0,Mass,713,Maharashtra,Jaipur,2021-04-06
C101140,43,202000.0,Mass,800,Delhi NCR,Chennai,2019-04-21
C101141,56,180000.0,Mass,759,Maharashtra,Kolkata,2024-06-20
C101142,35,180000.0,Mass,674,Telangana,Mumbai,2020-03-27
C101143,58,180000.0,Mass,766,Karnataka,Jaipur,2021-02-23
C101144,54,180000.0,Mass,574,Gujarat,Ahmedabad,2023-10-27
C101145,34,180000.0,Mass,671,Maharashtra,Mumbai,2025-11-15
C101146,40,180000.0,Mass,666,Gujarat,Ahmedabad,2025-06-16
C101147,42,180000.0,Mass,725,Tamil Nadu,Mumbai,2020-03-01
C101148,51,180000.0,Mass,707,Rajasthan,Hyderabad,2020-04-02
C101149,48,180000.0,Mass,711,West Bengal,Mumbai,2024-10-04
C101150,55,261000.0,Mass,709,Telangana,Mumbai,2021-04-04
C101151,36,180000.0,Mass,721,Karnataka,Delhi,2019-07-22
C101152,41,180000.0,Mass,755,Rajasthan,Bengaluru,2023-03-10
C101153,38,180000.0,Mass,730,West Bengal,Chennai,2023-09-05
C101154,57,180000.0,Mass,702,West Bengal,Delhi,2026-02-12
C101155,33,180000.0,Mass,746,Gujarat,Chennai,2022-06-18
C101156,44,250000.0,Mass,774,Karnataka,Bengaluru,2024-09-10
C101157,26,180000.0,Mass,684,Delhi NCR,Mumbai,2022-10-21
C101158,55,180000.0,Mass,716,Maharashtra,Jaipur,2025-07-29
C101159,36,180000.0,Mass,796,Maharashtra,Kolkata,2022-06-21
C101160,35,180000.0,Mass,648,Gujarat,Ahmedabad,2023-10-22
C101161,44,180000.0,Mass,837,Tamil Nadu,Kolkata,2025-11-09
C101162,41,180000.0,Mass,633,Maharashtra,Bengaluru,2025-03-31
C101163,55,180000.0,Mass,698,Telangana,Bengaluru,2021-11-08
C101164,42,180000.0,Mass,658,Telangana,Jaipur,2022-08-11
C101165,42,180000.0,Mass,850,Gujarat,Delhi,2023-03-22
C101166,26,180000.0,Mass,687,Karnataka,Hyderabad,2019-11-19
C101167,22,180000.0,Mass,687,Rajasthan,Ahmedabad,2020-08-29
C101168,37,180000.0,Mass,696,Gujarat,Kolkata,2024-01-19
C101169,60,180000.0,Mass,726,Gujarat,Hyderabad,2019-07-06
C101170,57,180000.0,Mass,699,Gujarat,Chennai,2023-04-13
C101171,46,180000.0,Mass,711,Maharashtra,Chennai,2022-06-14
C101172,46,180000.0,Mass,520,Telangana,Ahmedabad,2022-06-15
C101173,37,180000.0,Mass,724,Karnataka,Hyderabad,2025-01-08
C101174,28,180000.0,Mass,721,West Bengal,Delhi,2020-12-15
C101175,22,180000.0,Mass,788,Karnataka,Kolkata,2024-08-18
C101176,35,180000.0,Mass,805,Rajasthan,Chennai,2024-07-31
C101177,34,180000.0,Mass,708,Tamil Nadu,Ahmedabad,2026-01-24
C101178,29,180000.0,Mass,773,Karnataka,Hyderabad,2024-11-03
C101179,32,180000.0,Mass,648,Tamil Nadu,Hyderabad,2022-08-11
C101180,22,201000.0,Mass,770,Maharashtra,Ahmedabad,2021-08-04
C101181,45,180000.0,Mass,683,Rajasthan,Bengaluru,2024-07-23
C101182,58,180000.0,Mass,643,Delhi NCR,Ahmedabad,2025-08-09
C101183,48,180000.0,Mass,708,Gujarat,Bengaluru,2020-12-31
C101184,39,180000.0,Mass,811,Gujarat,Bengaluru,2021-08-19
C101185,38,180000.0,Mass,732,Rajasthan,Jaipur,2022-07-16
C101186,33,180000.0,Mass,817,Telangana,Kolkata,2019-10-07
C101187,27,180000.0,Mass,671,Tamil Nadu,Bengaluru,2021-03-27
C101188,45,180000.0,Mass,788,Gujarat,Ahmedabad,2020-03-08
C101189,44,180000.0,Mass,678,Maharashtra,Ahmedabad,2024-07-01
C101190,22,180000.0,Mass,735,Telangana,Jaipur,2022-07-09
C101191,38,180000.0,Mass,734,Tamil Nadu,Chennai,2023-04-19
C101192,32,180000.0,Mass,763,West Bengal,Ahmedabad,2019-07-27
C101193,28,180000.0,Mass,736,Tamil Nadu,Delhi,2023-01-30
C101194,49,180000.0,Mass,672,Tamil Nadu,Chennai,2024-02-11
C101195,42,180000.0,Mass,777,Gujarat,Mumbai,2023-11-28
C101196,46,180000.0,Mass,833,Delhi NCR,Ahmedabad,2024-08-29
C101197,49,180000.0,Mass,682,Gujarat,Mumbai,2019-10-24
C101198,60,180000.0,Mass,601,West Bengal,Delhi,2022-11-29
C101199,53,180000.0,Mass,752,Maharashtra,Jaipur,2022-06-07
C101200,46,180000.0,Mass,698,Telangana,Kolkata,2025-05-11
C101201,56,180000.0,Mass,711,West Bengal,Chennai,2023-12-01
C101202,40,180000.0,Mass,756,Delhi NCR,Chennai,2025-10-17
C101203,60,180000.0,Mass,690,Maharashtra,Bengaluru,2019-03-07
C101204,51,180000.0,Mass,703,Telangana,Ahmedabad,2022-03-09
C101205,47,180000.0,Mass,713,Karnataka,Bengaluru,2024-01-03
C101206,57,180000.0,Mass,816,Karnataka,Delhi,2019-08-20
C101207,42,180000.0,Mass,722,Delhi NCR,Jaipur,2023-08-21
C101208,50,180000.0,Mass,640,Delhi NCR,Mumbai,2020-08-24
C101209,33,180000.0,Mass,642,Karnataka,Delhi,2019-07-13
C101210,59,180000.0,Mass,729,Rajasthan,Hyderabad,2023-09-06
C101211,46,180000.0,Mass,647,Gujarat,Chennai,2022-01-13
C101212,52,190000.0,Mass,618,West Bengal,Delhi,2021-11-21
C101213,39,180000.0,Mass,761,Delhi NCR,Delhi,2021-04-26
C101214,55,180000.0,Mass,764,West Bengal,Ahmedabad,2023-11-17
C101215,24,180000.0,Mass,696,West Bengal,Kolkata,2023-05-28
C101216,26,180000.0,Mass,739,Rajasthan,Delhi,2023-09-30
C101217,41,180000.0,Mass,732,Tamil Nadu,Ahmedabad,2024-08-10
C101218,50,180000.0,Mass,759,Maharashtra,Delhi,2023-04-23
C101219,53,180000.0,Mass,759,Maharashtra,Delhi,2019-07-14
C101220,39,180000.0,Mass,551,Delhi NCR,Bengaluru,2020-02-15
C101221,47,180000.0,Mass,704,Karnataka,Mumbai,2026-01-21
C101222,43,180000.0,Mass,754,Rajasthan,Ahmedabad,2021-01-13
C101223,59,180000.0,Mass,693,Karnataka,Bengaluru,2022-01-16
C101224,47,180000.0,Mass,722,West Bengal,Chennai,2021-09-09
C101225,38,180000.0,Mass,769,Gujarat,Chennai,2026-01-18
C101226,59,180000.0,Mass,725,West Bengal,Kolkata,2024-11-13
C101227,26,180000.0,Mass,818,Rajasthan,Mumbai,2022-06-10
C101228,60,180000.0,Mass,793,Gujarat,Hyderabad,2023-11-09
C101229,28,180000.0,Mass,712,Telangana,Delhi,2022-12-05
C101230,33,196000.0,Mass,707,Maharashtra,Chennai,2023-08-04
C101231,54,180000.0,Mass,535,Delhi NCR,Jaipur,2025-10-16
C101232,50,180000.0,Mass,699,Delhi NCR,Ahmedabad,2023-10-14
C101233,59,180000.0,Mass,632,Maharashtra,Chennai,2019-10-21
C101234,51,180000.0,Mass,734,Karnataka,Bengaluru,2022-08-01
C101235,46,180000.0,Mass,730,Gujarat,Chennai,2024-11-01
C101236,35,180000.0,Mass,765,Karnataka,Bengaluru,2019-04-14
C101237,22,180000.0,Mass,811,Delhi NCR,Jaipur,2021-07-17
C101238,26,180000.0,Mass,718,Maharashtra,Mumbai,2020-06-06
C101239,33,180000.0,Mass,850,Rajasthan,Kolkata,2024-02-18
C101240,23,180000.0,Mass,735,Rajasthan,Bengaluru,2019-12-31
C101241,41,180000.0,Mass,635,West Bengal,Ahmedabad,2023-06-11
C101242,52,180000.0,Mass,683,Tamil Nadu,Bengaluru,2019-06-16
C101243,59,281000.0,Mass,696,Maharashtra,Ahmedabad,2025-07-30
C101244,41,180000.0,Mass,758,Delhi NCR,Hyderabad,2021-04-10
C101245,56,180000.0,Mass,658,Telangana,Chennai,2021-11-25
C101246,60,180000.0,Mass,701,Rajasthan,Hyderabad,2024-08-10
C101247,55,180000.0,Mass,710,Maharashtra,Kolkata,2021-09-14
C101248,40,180000.0,Mass,691,Karnataka,Bengaluru,2019-10-27
C101249,34,180000.0,Mass,773,Rajasthan,Chennai,2025-06-10
C101250,60,180000.0,Mass,762,West Bengal,Hyderabad,2019-10-17
C101251,31,180000.0,Mass,796,Maharashtra,Hyderabad,2022-07-16
C101252,38,180000.0,Mass,698,Telangana,Mumbai,2019-11-20
C101253,24,180000.0,Mass,798,Karnataka,Mumbai,2023-12-20
C101254,52,180000.0,Mass,631,Tamil Nadu,Chennai,2020-12-02
C101255,47,180000.0,Mass,630,Maharashtra,Delhi,2025-08-20
C101256,25,180000.0,Mass,641,Maharashtra,Jaipur,2020-06-09
C101257,30,180000.0,Mass,721,Maharashtra,Ahmedabad,2023-10-08
C101258,43,180000.0,Mass,798,Maharashtra,Hyderabad,2019-02-06
C101259,43,180000.0,Mass,681,Gujarat,Ahmedabad,2019-10-22
C101260,53,180000.0,Mass,689,Maharashtra,Bengaluru,2020-12-19
C101261,32,180000.0,Mass,706,Gujarat,Chennai,2025-04-17
C101262,58,180000.0,Mass,757,Tamil Nadu,Ahmedabad,2026-02-03
C101263,39,180000.0,Mass,689,Telangana,Mumbai,2023-05-15
C101264,54,180000.0,Mass,685,Telangana,Delhi,2021-05-24
C101265,31,180000.0,Mass,633,Maharashtra,Ahmedabad,2021-03-22
C101266,23,180000.0,Mass,683,Karnataka,Mumbai,2020-07-03
C101267,24,180000.0,Mass,797,West Bengal,Chennai,2021-06-04
C101268,36,180000.0,Mass,726,West Bengal,Jaipur,2022-07-12
C101269,59,180000.0,Mass,672,Rajasthan,Delhi,2023-11-17
C101270,23,180000.0,Mass,800,Rajasthan,Chennai,2020-08-19
C101271,36,180000.0,Mass,682,Telangana,Kolkata,2019-04-04
C101272,26,180000.0,Mass,812,West Bengal,Bengaluru,2022-12-26
C101273,58,180000.0,Mass,811,Gujarat,Ahmedabad,2020-09-23
C101274,48,180000.0,Mass,724,Delhi NCR,Hyderabad,2021-11-07
C101275,51,180000.0,Mass,623,Rajasthan,Chennai,2024-01-25
C101276,49,180000.0,Mass,850,Delhi NCR,Delhi,2025-05-20
C101277,47,180000.0,Mass,745,Gujarat,Delhi,2022-10-21
C101278,52,180000.0,Mass,699,Maharashtra,Chennai,2025-08-09
C101279,22,180000.0,Mass,782,Maharashtra,Jaipur,2020-11-30
C101280,55,180000.0,Mass,766,Maharashtra,Jaipur,2024-01-28
C101281,50,180000.0,Mass,805,Delhi NCR,Chennai,2025-12-22
C101282,50,180000.0,Mass,677,Telangana,Jaipur,2020-07-14
C101283,37,180000.0,Mass,741,Maharashtra,Delhi,2024-04-03
C101284,53,180000.0,Mass,643,Telangana,Mumbai,2022-05-17
C101285,36,180000.0,Mass,763,Maharashtra,Bengaluru,2025-04-08
C101286,23,180000.0,Mass,719,Tamil Nadu,Bengaluru,2021-03-05
C101287,57,316000.0,Mass,738,Maharashtra,Mumbai,2025-11-02
C101288,31,180000.0,Mass,710,Tamil Nadu,Ahmedabad,2024-09-06
C101289,25,180000.0,Mass,704,Telangana,Bengaluru,2024-01-08
C101290,46,180000.0,Mass,664,Delhi NCR,Hyderabad,2019-03-17
C101291,31,180000.0,Mass,771,Delhi NCR,Chennai,2019-08-03
C101292,55,180000.0,Mass,817,Gujarat,Hyderabad,2023-09-19
C101293,39,180000.0,Mass,684,Telangana,Hyderabad,2022-05-30
C101294,22,180000.0,Mass,756,Maharashtra,Ahmedabad,2021-04-20
C101295,59,180000.0,Mass,748,Gujarat,Hyderabad,2024-12-29
C101296,42,180000.0,Mass,721,Tamil Nadu,Jaipur,2022-06-04
C101297,32,180000.0,Mass,621,Telangana,Ahmedabad,2022-04-08
C101298,48,180000.0,Mass,635,Rajasthan,Ahmedabad,2021-04-19
C101299,42,309000.0,Mass,669,Maharashtra,Hyderabad,2025-12-27
C101300,23,180000.0,Mass,581,West Bengal,Kolkata,2021-08-06
C101301,51,180000.0,Mass,812,Maharashtra,Hyderabad,2020-11-05
C101302,37,180000.0,Mass,744,Tamil Nadu,Kolkata,2023-10-20
C101303,49,180000.0,Mass,718,Delhi NCR,Bengaluru,2019-03-30
C101304,56,180000.0,Mass,578,Telangana,Bengaluru,2023-03-29
C101305,45,180000.0,Mass,601,West Bengal,Chennai,2023-01-08
C101306,48,180000.0,Mass,720,Delhi NCR,Mumbai,2020-09-26
C101307,31,180000.0,Mass,848,Maharashtra,Bengaluru,2024-06-22
C101308,31,180000.0,Mass,675,Rajasthan,Mumbai,2019-04-24
C101309,38,180000.0,Mass,776,Rajasthan,Ahmedabad,2025-12-27
C101310,55,180000.0,Mass,689,Gujarat,Jaipur,2025-02-03
C101311,42,180000.0,Mass,724,Karnataka,Kolkata,2020-03-31
C101312,35,180000.0,Mass,799,Maharashtra,Ahmedabad,2022-07-03
C101313,52,180000.0,Mass,698,West Bengal,Jaipur,2020-05-27
C101314,55,180000.0,Mass,675,Rajasthan,Kolkata,2023-05-28
C101315,57,180000.0,Mass,812,West Bengal,Ahmedabad,2021-07-05
C101316,33,180000.0,Mass,723,Gujarat,Chennai,2022-06-24
C101317,49,180000.0,Mass,791,Karnataka,Jaipur,2025-10-24
C101318,45,180000.0,Mass,675,Tamil Nadu,Chennai,2023-05-29
C101319,39,180000.0,Mass,811,Maharashtra,Ahmedabad,2025-03-04
C101320,37,180000.0,Mass,738,Karnataka,Jaipur,2023-06-19
C101321,26,180000.0,Mass,748,Karnataka,Delhi,2022-05-18
C101322,32,180000.0,Mass,729,Karnataka,Chennai,2019-02-09
C101323,43,180000.0,Mass,687,Karnataka,Kolkata,2019-08-20
C101324,56,180000.0,Mass,720,Delhi NCR,Delhi,2022-10-18
C101325,55,180000.0,Mass,691,Maharashtra,Ahmedabad,2022-08-03
C101326,29,180000.0,Mass,782,Gujarat,Chennai,2022-07-29
C101327,48,180000.0,Mass,707,Tamil Nadu,Bengaluru,2025-01-07
C101328,25,180000.0,Mass,623,Rajasthan,Bengaluru,2019-09-07
C101329,48,180000.0,Mass,611,Delhi NCR,Jaipur,2023-09-09
C101330,35,180000.0,Mass,608,Telangana,Bengaluru,2024-04-23
C101331,39,180000.0,Mass,760,Delhi NCR,Kolkata,2023-08-06
C101332,49,180000.0,Mass,645,Telangana,Mumbai,2020-09-05
C101333,38,180000.0,Mass,740,Telangana,Hyderabad,2021-11-22
C101334,53,180000.0,Mass,729,Gujarat,Delhi,2019-05-22
C101335,42,180000.0,Mass,716,Tamil Nadu,Jaipur,2020-04-05
C101336,60,180000.0,Mass,748,Gujarat,Ahmedabad,2024-09-19
C101337,46,180000.0,Mass,730,Gujarat,Jaipur,2023-05-25
C101338,33,180000.0,Mass,544,Maharashtra,Chennai,2025-02-27
C101339,52,181000.0,Mass,699,Maharashtra,Kolkata,2023-12-04
C101340,37,180000.0,Mass,748,Gujarat,Bengaluru,2020-09-17
C101341,42,180000.0,Mass,827,Tamil Nadu,Ahmedabad,2024-10-15
C101342,27,180000.0,Mass,830,Gujarat,Hyderabad,2023-11-23
C101343,26,180000.0,Mass,631,Karnataka,Delhi,2020-05-13
C101344,44,180000.0,Mass,697,Maharashtra,Kolkata,2019-01-13
C101345,29,180000.0,Mass,618,Maharashtra,Ahmedabad,2024-06-08
C101346,60,180000.0,Mass,819,Telangana,Hyderabad,2024-02-18
C101347,55,180000.0,Mass,786,Maharashtra,Hyderabad,2019-08-22
C101348,49,180000.0,Mass,743,Karnataka,Jaipur,2022-04-23
C101349,50,180000.0,Mass,731,Karnataka,Bengaluru,2025-07-03
C101350,45,180000.0,Mass,810,Gujarat,Bengaluru,2024-08-22
C101351,24,180000.0,Mass,799,Karnataka,Hyderabad,2024-10-25
C101352,37,180000.0,Mass,795,Gujarat,Bengaluru,2021-10-18
C101353,41,180000.0,Mass,750,Tamil Nadu,Mumbai,2019-11-12
C101354,57,180000.0,Mass,697,Rajasthan,Hyderabad,2021-07-01
C101355,30,180000.0,Mass,770,Telangana,Ahmedabad,2023-11-21
C101356,41,180000.0,Mass,773,Karnataka,Ahmedabad,2024-12-26
C101357,35,180000.0,Mass,708,Maharashtra,Ahmedabad,2023-08-02
C101358,27,180000.0,Mass,697,Delhi NCR,Delhi,2019-04-11
C101359,26,180000.0,Mass,794,Maharashtra,Ahmedabad,2023-03-16
C101360,36,180000.0,Mass,828,Rajasthan,Kolkata,2020-05-01
C101361,25,180000.0,Mass,671,Tamil Nadu,Mumbai,2023-05-05
C101362,24,180000.0,Mass,703,Karnataka,Bengaluru,2021-12-07
C101363,35,180000.0,Mass,743,Maharashtra,Mumbai,2022-10-17
C101364,29,180000.0,Mass,752,West Bengal,Jaipur,2023-03-31
C101365,43,180000.0,Mass,686,Rajasthan,Ahmedabad,2023-07-17
C101366,22,180000.0,Mass,842,West Bengal,Bengaluru,2019-01-14
C101367,33,180000.0,Mass,747,Maharashtra,Ahmedabad,2025-11-17
C101368,39,180000.0,Mass,755,Delhi NCR,Delhi,2023-02-04
C101369,59,180000.0,Mass,834,Maharashtra,Ahmedabad,2022-08-11
C101370,46,180000.0,Mass,691,Maharashtra,Chennai,2021-09-11
C101371,56,180000.0,Mass,714,Telangana,Bengaluru,2019-09-29
C101372,35,180000.0,Mass,639,Rajasthan,Delhi,2023-06-27
C101373,39,180000.0,Mass,709,Gujarat,Mumbai,2021-08-02
C101374,38,180000.0,Mass,623,Gujarat,Bengaluru,2025-06-16
C101375,56,180000.0,Mass,769,Maharashtra,Delhi,2023-09-07
C101376,59,180000.0,Mass,747,Gujarat,Jaipur,2022-02-20
C101377,59,180000.0,Mass,702,Karnataka,Hyderabad,2019-03-24
C101378,51,180000.0,Mass,713,West Bengal,Jaipur,2022-12-12
C101379,41,180000.0,Mass,769,Karnataka,Chennai,2025-01-06
C101380,43,180000.0,Mass,646,Telangana,Hyderabad,2022-04-18
C101381,60,180000.0,Mass,733,Maharashtra,Ahmedabad,2023-08-18
C101382,33,180000.0,Mass,765,Gujarat,Hyderabad,2019-11-05
C101383,35,180000.0,Mass,604,Maharashtra,Jaipur,2021-11-23
C101384,56,180000.0,Mass,765,Gujarat,Delhi,2024-08-24
C101385,37,180000.0,Mass,611,Tamil Nadu,Bengaluru,2022-01-06
C101386,31,215000.0,Mass,712,Telangana,Hyderabad,2025-04-20
C101387,43,180000.0,Mass,644,Rajasthan,Chennai,2021-11-30
C101388,34,180000.0,Mass,813,Maharashtra,Hyderabad,2024-10-10
C101389,56,180000.0,Mass,645,Tamil Nadu,Hyderabad,2023-08-01
C101390,57,180000.0,Mass,613,West Bengal,Hyderabad,2025-09-29
C101391,33,180000.0,Mass,729,Maharashtra,Kolkata,2022-10-17
C101392,42,180000.0,Mass,693,West Bengal,Kolkata,2022-05-01
C101393,60,180000.0,Mass,622,Rajasthan,Jaipur,2021-07-08
C101394,50,180000.0,Mass,754,West Bengal,Hyderabad,2023-08-24
C101395,30,180000.0,Mass,591,Tamil Nadu,Ahmedabad,2025-12-23
C101396,45,180000.0,Mass,653,Telangana,Mumbai,2020-03-13
C101397,46,180000.0,Mass,683,Gujarat,Kolkata,2025-08-31
C101398,47,183000.0,Mass,772,Tamil Nadu,Jaipur,2025-12-14
C101399,22,180000.0,Mass,804,Rajasthan,Bengaluru,2024-06-22
C101400,33,180000.0,Mass,792,Maharashtra,Mumbai,2023-02-18
C101401,55,180000.0,Mass,710,Delhi NCR,Delhi,2025-02-21
C101402,31,299000.0,Mass,562,Gujarat,Mumbai,2020-11-11
C101403,33,180000.0,Mass,745,Karnataka,Bengaluru,2023-07-07
C101404,34,180000.0,Mass,816,Telangana,Jaipur,2024-09-24
C101405,28,180000.0,Mass,800,Delhi NCR,Bengaluru,2024-09-24
C101406,28,180000.0,Mass,750,Tamil Nadu,Mumbai,2023-03-05
C101407,35,180000.0,Mass,643,West Bengal,Jaipur,2021-09-29
C101408,56,180000.0,Mass,686,Maharashtra,Bengaluru,2025-10-05
C101409,22,180000.0,Mass,846,Rajasthan,Kolkata,2023-10-18
C101410,33,180000.0,Mass,628,Telangana,Hyderabad,2024-06-24
C101411,24,180000.0,Mass,645,Delhi NCR,Hyderabad,2023-06-09
C101412,43,180000.0,Mass,781,Maharashtra,Kolkata,2025-03-30
C101413,31,180000.0,Mass,692,Gujarat,Bengaluru,2022-05-26
C101414,52,180000.0,Mass,643,West Bengal,Bengaluru,2022-11-22
C101415,44,180000.0,Mass,819,Karnataka,Mumbai,2024-09-21
C101416,52,180000.0,Mass,750,Gujarat,Chennai,2022-09-07
C101417,46,180000.0,Mass,695,Delhi NCR,Jaipur,2020-09-28
C101418,39,180000.0,Mass,646,Delhi NCR,Bengaluru,2024-05-23
C101419,55,180000.0,Mass,850,West Bengal,Chennai,2021-09-03
C101420,40,180000.0,Mass,718,Delhi NCR,Chennai,2019-10-01
C101421,59,180000.0,Mass,811,Rajasthan,Mumbai,2021-08-27
C101422,60,180000.0,Mass,778,Gujarat,Ahmedabad,2019-05-21
C101423,44,180000.0,Mass,686,Tamil Nadu,Mumbai,2025-04-02
C101424,48,180000.0,Mass,687,West Bengal,Mumbai,2026-01-01
C101425,31,180000.0,Mass,814,Telangana,Hyderabad,2020-11-24
C101426,53,180000.0,Mass,815,Karnataka,Jaipur,2025-07-10
C101427,48,180000.0,Mass,598,Maharashtra,Chennai,2024-01-24
C101428,57,180000.0,Mass,756,Tamil Nadu,Delhi,2025-10-20
C101429,32,180000.0,Mass,712,Delhi NCR,Delhi,2020-02-27
C101430,52,180000.0,Mass,653,Tamil Nadu,Kolkata,2019-06-12
C101431,40,180000.0,Mass,737,Delhi NCR,Kolkata,2025-07-20
C101432,29,180000.0,Mass,632,West Bengal,Jaipur,2020-12-01
C101433,28,180000.0,Mass,690,Maharashtra,Kolkata,2023-03-31
C101434,43,180000.0,Mass,668,Tamil Nadu,Jaipur,2025-06-02
C101435,34,180000.0,Mass,688,Tamil Nadu,Jaipur,2021-06-10
C101436,25,180000.0,Mass,715,Maharashtra,Delhi,2019-08-21
C101437,38,180000.0,Mass,654,Gujarat,Chennai,2024-08-19
C101438,47,180000.0,Mass,822,Tamil Nadu,Ahmedabad,2022-03-19
C101439,34,180000.0,Mass,752,Delhi NCR,Hyderabad,2019-02-28
C101440,59,180000.0,Mass,837,Gujarat,Kolkata,2021-06-06
C101441,52,180000.0,Mass,710,Karnataka,Kolkata,2022-10-10
C101442,41,180000.0,Mass,684,Gujarat,Hyderabad,2025-04-06
C101443,58,180000.0,Mass,834,West Bengal,Bengaluru,2020-08-11
C101444,38,180000.0,Mass,682,Tamil Nadu,Ahmedabad,2022-09-08
C101445,27,180000.0,Mass,708,Maharashtra,Hyderabad,2020-04-16
C101446,23,180000.0,Mass,767,Rajasthan,Chennai,2021-01-24
C101447,58,180000.0,Mass,640,Karnataka,Chennai,2020-11-16
C101448,59,180000.0,Mass,766,Maharashtra,Ahmedabad,2022-09-25
C101449,50,180000.0,Mass,758,Gujarat,Bengaluru,2023-09-22
C101450,26,180000.0,Mass,803,Delhi NCR,Chennai,2019-10-20
C101451,33,180000.0,Mass,778,West Bengal,Chennai,2019-07-17
C101452,23,180000.0,Mass,804,Karnataka,Kolkata,2024-03-16
C101453,23,180000.0,Mass,713,Delhi NCR,Bengaluru,2021-02-03
C101454,31,180000.0,Mass,664,Telangana,Chennai,2023-05-27
C101455,44,180000.0,Mass,850,West Bengal,Kolkata,2019-07-19
C101456,24,180000.0,Mass,621,West Bengal,Ahmedabad,2023-04-11
C101457,60,180000.0,Mass,627,Delhi NCR,Ahmedabad,2025-06-22
C101458,39,180000.0,Mass,757,Karnataka,Bengaluru,2022-02-12
C101459,32,180000.0,Mass,826,Maharashtra,Hyderabad,2023-02-11
C101460,42,254000.0,Mass,732,Rajasthan,Kolkata,2021-02-04
C101461,52,180000.0,Mass,785,Tamil Nadu,Chennai,2021-01-13
C101462,34,180000.0,Mass,590,Tamil Nadu,Chennai,2019-06-19
C101463,23,180000.0,Mass,688,Rajasthan,Delhi,2022-05-30
C101464,23,180000.0,Mass,598,West Bengal,Chennai,2025-09-28
C101465,55,180000.0,Mass,771,Telangana,Chennai,2019-10-29
C101466,26,251000.0,Mass,619,West Bengal,Kolkata,2021-12-19
C101467,46,180000.0,Mass,637,Karnataka,Ahmedabad,2024-12-16
C101468,36,180000.0,Mass,753,Delhi NCR,Kolkata,2022-07-13
C101469,52,180000.0,Mass,789,Rajasthan,Ahmedabad,2024-05-31
C101470,24,180000.0,Mass,710,Karnataka,Hyderabad,2021-09-03
C101471,57,180000.0,Mass,757,Maharashtra,Ahmedabad,2023-04-16
C101472,49,180000.0,Mass,755,Delhi NCR,Delhi,2026-01-12
C101473,39,180000.0,Mass,706,Tamil Nadu,Chennai,2023-04-04
C101474,30,180000.0,Mass,649,Karnataka,Mumbai,2024-09-01
C101475,60,180000.0,Mass,757,Maharashtra,Delhi,2023-12-09
C101476,33,180000.0,Mass,760,Maharashtra,Jaipur,2019-09-06
C101477,41,180000.0,Mass,778,Maharashtra,Bengaluru,2020-02-21
C101478,37,180000.0,Mass,740,West Bengal,Hyderabad,2023-05-01
C101479,30,180000.0,Mass,644,Telangana,Delhi,2021-06-24
C101480,38,180000.0,Mass,765,Delhi NCR,Delhi,2022-06-14
C101481,27,180000.0,Mass,720,Karnataka,Mumbai,2022-06-10
C101482,22,180000.0,Mass,689,Gujarat,Bengaluru,2024-08-24
C101483,33,180000.0,Mass,701,Maharashtra,Hyderabad,2026-01-20
C101484,26,180000.0,Mass,675,West Bengal,Delhi,2026-02-06
C101485,38,180000.0,Mass,778,Rajasthan,Ahmedabad,2019-07-27
C101486,55,180000.0,Mass,628,Gujarat,Ahmedabad,2024-04-19
C101487,28,180000.0,Mass,655,Rajasthan,Hyderabad,2024-02-29
C101488,22,180000.0,Mass,699,Karnataka,Chennai,2025-02-26
C101489,26,180000.0,Mass,825,Maharashtra,Chennai,2022-01-14
C101490,41,180000.0,Mass,789,Delhi NCR,Delhi,2022-07-30
C101491,32,180000.0,Mass,613,Maharashtra,Jaipur,2022-03-20
C101492,41,180000.0,Mass,808,Rajasthan,Kolkata,2021-08-29
C101493,23,180000.0,Mass,808,Karnataka,Bengaluru,2020-10-03
C101494,34,180000.0,Mass,644,Delhi NCR,Ahmedabad,2023-07-31
C101495,37,180000.0,Mass,556,Karnataka,Bengaluru,2019-02-13
C101496,38,180000.0,Mass,715,Karnataka,Kolkata,2024-05-02
C101497,43,180000.0,Mass,793,Gujarat,Delhi,2024-12-28
C101498,52,180000.0,Mass,823,Rajasthan,Mumbai,2020-08-14
C101499,40,180000.0,Mass,663,Tamil Nadu,Kolkata,2020-07-09
C101500,54,180000.0,Mass,834,Telangana,Hyderabad,2022-08-01
C101501,42,180000.0,Mass,575,Karnataka,Bengaluru,2025-01-09
C101502,32,180000.0,Mass,696,Karnataka,Mumbai,2019-10-23
C101503,30,180000.0,Mass,693,Karnataka,Kolkata,2022-01-27
C101504,34,180000.0,Mass,795,Delhi NCR,Ahmedabad,2020-07-16
C101505,45,180000.0,Mass,804,Maharashtra,Hyderabad,2025-01-24
C101506,31,246000.0,Mass,782,Maharashtra,Jaipur,2025-04-11
C101507,57,180000.0,Mass,632,Tamil Nadu,Ahmedabad,2019-08-07
C101508,40,180000.0,Mass,776,Tamil Nadu,Bengaluru,2020-01-12
C101509,55,180000.0,Mass,753,Gujarat,Bengaluru,2020-02-13
C101510,48,180000.0,Mass,611,Karnataka,Jaipur,2024-10-10
C101511,35,180000.0,Mass,586,Gujarat,Hyderabad,2025-05-30
C101512,30,180000.0,Mass,787,Delhi NCR,Ahmedabad,2021-08-26
C101513,51,180000.0,Mass,708,Maharashtra,Bengaluru,2020-02-14
C101514,34,180000.0,Mass,636,Telangana,Delhi,2023-09-22
C101515,31,180000.0,Mass,706,Karnataka,Bengaluru,2025-05-04
C101516,58,180000.0,Mass,744,West Bengal,Bengaluru,2025-06-24
C101517,40,180000.0,Mass,715,Rajasthan,Hyderabad,2022-03-03
C101518,23,180000.0,Mass,619,Karnataka,Delhi,2024-07-23
C101519,41,180000.0,Mass,843,Gujarat,Hyderabad,2025-10-21
C101520,39,180000.0,Mass,785,Gujarat,Jaipur,2024-11-17
C101521,55,180000.0,Mass,698,West Bengal,Ahmedabad,2022-05-19
C101522,49,180000.0,Mass,701,Tamil Nadu,Hyderabad,2020-11-09
C101523,29,180000.0,Mass,743,Tamil Nadu,Ahmedabad,2021-08-25
C101524,27,180000.0,Mass,647,Karnataka,Ahmedabad,2021-07-29
C101525,45,180000.0,Mass,741,Karnataka,Mumbai,2026-01-11
C101526,23,180000.0,Mass,634,Telangana,Kolkata,2024-03-20
C101527,34,180000.0,Mass,715,Tamil Nadu,Delhi,2025-02-10
C101528,27,180000.0,Mass,644,West Bengal,Delhi,2024-07-13
C101529,22,180000.0,Mass,647,West Bengal,Mumbai,2022-05-23
C101530,57,180000.0,Mass,827,Telangana,Bengaluru,2024-08-16
C101531,25,180000.0,Mass,724,Tamil Nadu,Kolkata,2023-07-22
C101532,22,180000.0,Mass,733,Rajasthan,Delhi,2024-04-08
C101533,58,180000.0,Mass,589,Delhi NCR,Bengaluru,2021-02-21
C101534,29,180000.0,Mass,681,West Bengal,Delhi,2020-08-25
C101535,53,180000.0,Mass,750,Rajasthan,Jaipur,2020-04-13
C101536,23,180000.0,Mass,733,Gujarat,Kolkata,2021-01-21
C101537,27,180000.0,Mass,580,Telangana,Ahmedabad,2025-12-19
C101538,26,180000.0,Mass,733,Telangana,Ahmedabad,2025-09-15
C101539,49,180000.0,Mass,744,Karnataka,Kolkata,2020-01-16
C101540,46,180000.0,Mass,803,Telangana,Chennai,2022-12-11
C101541,40,180000.0,Mass,677,Gujarat,Delhi,2025-09-11
C101542,31,180000.0,Mass,574,Gujarat,Jaipur,2024-05-15
C101543,25,180000.0,Mass,655,Karnataka,Chennai,2023-05-11
C101544,44,180000.0,Mass,649,Delhi NCR,Hyderabad,2023-04-07
C101545,30,180000.0,Mass,768,Telangana,Chennai,2021-04-27
C101546,45,180000.0,Mass,543,Tamil Nadu,Hyderabad,2025-07-31
C101547,48,180000.0,Mass,691,Karnataka,Bengaluru,2019-08-05
C101548,55,180000.0,Mass,813,Tamil Nadu,Jaipur,2025-03-08
C101549,41,180000.0,Mass,720,Karnataka,Hyderabad,2025-03-15
C101550,22,180000.0,Mass,778,Maharashtra,Mumbai,2020-11-10
C101551,32,180000.0,Mass,613,Maharashtra,Hyderabad,2022-08-24
C101552,55,180000.0,Mass,616,West Bengal,Chennai,2025-04-19
C101553,42,180000.0,Mass,813,Gujarat,Kolkata,2022-05-18
C101554,46,180000.0,Mass,727,Tamil Nadu,Kolkata,2021-02-19
C101555,39,180000.0,Mass,727,West Bengal,Chennai,2019-07-02
C101556,28,180000.0,Mass,647,Gujarat,Delhi,2022-02-20
C101557,56,180000.0,Mass,727,West Bengal,Bengaluru,2020-12-23
C101558,52,227000.0,Mass,646,Karnataka,Jaipur,2025-01-22
C101559,60,180000.0,Mass,797,Maharashtra,Hyderabad,2025-02-17
C101560,55,180000.0,Mass,850,Karnataka,Delhi,2021-04-22
C101561,33,180000.0,Mass,751,Tamil Nadu,Delhi,2020-07-01
C101562,31,180000.0,Mass,679,Rajasthan,Ahmedabad,2021-01-26
C101563,31,180000.0,Mass,555,Telangana,Delhi,2021-11-10
C101564,57,180000.0,Mass,611,Tamil Nadu,Chennai,2023-10-05
C101565,43,180000.0,Mass,821,Maharashtra,Delhi,2020-01-31
C101566,39,180000.0,Mass,653,Rajasthan,Bengaluru,2026-02-12
C101567,59,180000.0,Mass,696,Gujarat,Mumbai,2023-12-26
C101568,45,180000.0,Mass,763,Maharashtra,Jaipur,2019-12-07
C101569,57,180000.0,Mass,816,Rajasthan,Delhi,2021-03-29
C101570,60,180000.0,Mass,707,Gujarat,Mumbai,2023-12-28
C101571,25,180000.0,Mass,694,Maharashtra,Mumbai,2022-08-03
C101572,36,180000.0,Mass,725,Karnataka,Hyderabad,2022-10-02
C101573,50,180000.0,Mass,679,Karnataka,Bengaluru,2019-04-18
C101574,53,180000.0,Mass,683,Delhi NCR,Chennai,2021-12-03
C101575,27,180000.0,Mass,747,Gujarat,Ahmedabad,2023-05-17
C101576,34,180000.0,Mass,732,Rajasthan,Mumbai,2024-05-03
C101577,43,180000.0,Mass,850,Karnataka,Ahmedabad,2022-03-08
C101578,53,180000.0,Mass,749,Tamil Nadu,Ahmedabad,2022-12-13
C101579,26,180000.0,Mass,795,Telangana,Bengaluru,2020-07-31
C101580,45,180000.0,Mass,650,Tamil Nadu,Delhi,2024-09-05
C101581,33,180000.0,Mass,754,Tamil Nadu,Ahmedabad,2023-12-20
C101582,30,180000.0,Mass,673,Tamil Nadu,Bengaluru,2024-04-18
C101583,42,180000.0,Mass,746,Telangana,Bengaluru,2023-10-03
C101584,38,180000.0,Mass,765,West Bengal,Jaipur,2026-01-05
C101585,46,180000.0,Mass,723,Maharashtra,Bengaluru,2025-04-06
C101586,34,180000.0,Mass,850,Gujarat,Jaipur,2024-10-09
C101587,54,180000.0,Mass,813,Telangana,Mumbai,2021-05-21
C101588,25,180000.0,Mass,797,Maharashtra,Bengaluru,2019-06-23
C101589,55,180000.0,Mass,770,Karnataka,Hyderabad,2019-01-02
C101590,23,180000.0,Mass,835,Rajasthan,Kolkata,2024-07-19
C101591,50,222000.0,Mass,627,Karnataka,Bengaluru,2025-05-26
C101592,35,180000.0,Mass,809,Maharashtra,Ahmedabad,2023-08-17
C101593,36,180000.0,Mass,656,Tamil Nadu,Kolkata,2024-02-18
C101594,22,180000.0,Mass,683,Karnataka,Bengaluru,2019-08-22
C101595,49,180000.0,Mass,756,Karnataka,Mumbai,2023-01-10
C101596,28,180000.0,Mass,800,Karnataka,Ahmedabad,2023-04-24
C101597,47,180000.0,Mass,645,Karnataka,Kolkata,2020-02-12
C101598,50,180000.0,Mass,687,Gujarat,Kolkata,2024-05-06
C101599,54,180000.0,Mass,726,Delhi NCR,Delhi,2021-05-21
C101600,49,180000.0,Mass,708,Maharashtra,Delhi,2020-05-27
C101601,33,180000.0,Mass,776,Gujarat,Bengaluru,2023-12-15
C101602,50,180000.0,Mass,850,Tamil Nadu,Mumbai,2022-02-04
C101603,54,180000.0,Mass,747,Maharashtra,Jaipur,2022-10-25
C101604,34,180000.0,Mass,672,Gujarat,Delhi,2022-11-11
C101605,26,180000.0,Mass,636,Maharashtra,Mumbai,2023-06-07
C101606,56,180000.0,Mass,699,Maharashtra,Delhi,2021-12-10
C101607,27,180000.0,Mass,659,Maharashtra,Delhi,2024-10-19
C101608,45,180000.0,Mass,750,Karnataka,Delhi,2025-03-27
C101609,31,180000.0,Mass,749,West Bengal,Jaipur,2022-06-11
C101610,26,180000.0,Mass,690,Rajasthan,Hyderabad,2020-03-15
C101611,52,180000.0,Mass,849,West Bengal,Bengaluru,2020-12-26
C101612,27,180000.0,Mass,672,Karnataka,Kolkata,2024-06-29
C101613,48,180000.0,Mass,712,Delhi NCR,Bengaluru,2020-10-29
C101614,49,180000.0,Mass,762,Tamil Nadu,Delhi,2024-07-16
C101615,24,180000.0,Mass,778,Karnataka,Kolkata,2023-09-18
C101616,28,180000.0,Mass,803,Rajasthan,Mumbai,2022-03-10
C101617,52,180000.0,Mass,748,Delhi NCR,Kolkata,2019-11-25
C101618,41,180000.0,Mass,788,Karnataka,Kolkata,2022-11-03
C101619,26,180000.0,Mass,677,Rajasthan,Delhi,2023-12-07
C101620,60,180000.0,Mass,780,Karnataka,Ahmedabad,2020-02-04
C101621,32,180000.0,Mass,779,Gujarat,Mumbai,2024-11-14
C101622,22,180000.0,Mass,818,Karnataka,Delhi,2020-05-22
C101623,58,180000.0,Mass,612,Karnataka,Mumbai,2021-12-08
C101624,22,180000.0,Mass,661,Rajasthan,Delhi,2022-10-14
C101625,43,180000.0,Mass,774,Tamil Nadu,Mumbai,2024-04-05
C101626,60,180000.0,Mass,548,Maharashtra,Ahmedabad,2020-08-07
C101627,44,180000.0,Mass,752,Delhi NCR,Hyderabad,2021-05-23
C101628,44,180000.0,Mass,789,West Bengal,Mumbai,2024-09-27
C101629,37,180000.0,Mass,683,Rajasthan,Kolkata,2021-05-06
C101630,26,180000.0,Mass,692,Rajasthan,Delhi,2023-05-22
C101631,44,180000.0,Mass,650,West Bengal,Bengaluru,2021-10-31
C101632,56,180000.0,Mass,686,Telangana,Kolkata,2019-05-28
C101633,25,180000.0,Mass,688,Maharashtra,Delhi,2022-08-30
C101634,56,180000.0,Mass,676,Rajasthan,Kolkata,2021-07-19
C101635,38,180000.0,Mass,672,Karnataka,Hyderabad,2020-11-19
C101636,42,180000.0,Mass,702,Karnataka,Delhi,2025-02-09
C101637,28,180000.0,Mass,702,Gujarat,Chennai,2024-07-06
C101638,46,180000.0,Mass,842,Maharashtra,Mumbai,2020-12-22
C101639,29,180000.0,Mass,694,Tamil Nadu,Mumbai,2022-09-24
C101640,32,180000.0,Mass,742,West Bengal,Ahmedabad,2024-02-15
C101641,50,180000.0,Mass,683,Gujarat,Ahmedabad,2019-05-19
C101642,23,180000.0,Mass,682,Tamil Nadu,Kolkata,2019-09-01
C101643,39,180000.0,Mass,609,Gujarat,Hyderabad,2022-11-04
C101644,45,180000.0,Mass,618,Telangana,Chennai,2025-08-16
C101645,27,231000.0,Mass,642,Karnataka,Delhi,2025-08-08
C101646,33,180000.0,Mass,732,Karnataka,Delhi,2022-03-14
C101647,35,180000.0,Mass,790,Telangana,Jaipur,2024-01-05
C101648,47,180000.0,Mass,604,Tamil Nadu,Ahmedabad,2022-07-02
C101649,60,180000.0,Mass,684,Gujarat,Mumbai,2025-06-10
C101650,54,180000.0,Mass,631,Maharashtra,Bengaluru,2023-01-21
C101651,29,180000.0,Mass,703,Karnataka,Mumbai,2025-05-06
C101652,22,180000.0,Mass,790,Telangana,Hyderabad,2021-08-02
C101653,24,180000.0,Mass,691,Gujarat,Kolkata,2025-08-17
C101654,45,180000.0,Mass,717,Gujarat,Hyderabad,2024-02-29
C101655,28,180000.0,Mass,815,West Bengal,Jaipur,2024-06-18
C101656,31,180000.0,Mass,750,Delhi NCR,Delhi,2019-02-07
C101657,55,180000.0,Mass,671,Karnataka,Jaipur,2024-09-27
C101658,56,183000.0,Mass,730,Telangana,Ahmedabad,2020-02-26
C101659,54,180000.0,Mass,666,Karnataka,Ahmedabad,2025-08-31
C101660,31,180000.0,Mass,747,Karnataka,Kolkata,2020-05-05
C101661,46,180000.0,Mass,753,Telangana,Delhi,2024-11-17
C101662,45,180000.0,Mass,631,Karnataka,Chennai,2023-07-10
C101663,29,180000.0,Mass,731,Maharashtra,Jaipur,2021-10-17
C101664,43,180000.0,Mass,712,West Bengal,Kolkata,2025-05-04
C101665,42,180000.0,Mass,755,Delhi NCR,Ahmedabad,2021-10-06
C101666,37,180000.0,Mass,774,Rajasthan,Hyderabad,2019-06-15
C101667,51,180000.0,Mass,751,West Bengal,Chennai,2019-07-16
C101668,48,180000.0,Mass,700,Maharashtra,Chennai,2025-01-25
C101669,42,180000.0,Mass,781,Telangana,Kolkata,2021-09-26
C101670,50,180000.0,Mass,663,Maharashtra,Delhi,2024-10-31
C101671,51,180000.0,Mass,634,Telangana,Bengaluru,2019-02-22
C101672,44,180000.0,Mass,520,Maharashtra,Hyderabad,2019-07-19
C101673,32,180000.0,Mass,715,Karnataka,Delhi,2026-01-13
C101674,51,180000.0,Mass,667,Karnataka,Hyderabad,2020-01-08
C101675,49,180000.0,Mass,746,Delhi NCR,Ahmedabad,2023-11-23
C101676,60,180000.0,Mass,592,Karnataka,Delhi,2021-06-29
C101677,27,180000.0,Mass,678,Tamil Nadu,Jaipur,2022-07-24
C101678,38,180000.0,Mass,751,West Bengal,Bengaluru,2019-10-26
C101679,58,180000.0,Mass,653,Delhi NCR,Hyderabad,2020-11-24
C101680,42,180000.0,Mass,747,Gujarat,Jaipur,2024-05-25
C101681,58,180000.0,Mass,684,Karnataka,Chennai,2022-10-24
C101682,22,180000.0,Mass,718,Rajasthan,Ahmedabad,2022-08-03
C101683,23,180000.0,Mass,759,Tamil Nadu,Mumbai,2025-09-22
C101684,53,180000.0,Mass,782,Gujarat,Mumbai,2021-12-03
C101685,35,180000.0,Mass,726,Rajasthan,Chennai,2024-09-20
C101686,42,180000.0,Mass,667,Karnataka,Kolkata,2024-02-28
C101687,38,180000.0,Mass,690,Gujarat,Mumbai,2022-04-12
C101688,37,180000.0,Mass,761,Karnataka,Mumbai,2021-01-31
C101689,58,180000.0,Mass,654,Karnataka,Jaipur,2021-07-09
C101690,25,180000.0,Mass,708,Gujarat,Jaipur,2025-03-15
C101691,52,180000.0,Mass,695,Telangana,Mumbai,2021-03-06
C101692,56,180000.0,Mass,713,Maharashtra,Chennai,2023-08-28
C101693,47,180000.0,Mass,654,Telangana,Chennai,2019-11-20
C101694,37,180000.0,Mass,600,Delhi NCR,Ahmedabad,2021-06-19
C101695,28,180000.0,Mass,754,West Bengal,Mumbai,2025-08-26
C101696,48,442000.0,Mass,783,Karnataka,Bengaluru,2022-11-04
C101697,40,180000.0,Mass,604,Delhi NCR,Hyderabad,2024-11-08
C101698,27,180000.0,Mass,744,Karnataka,Bengaluru,2020-11-05
C101699,36,180000.0,Mass,790,Telangana,Hyderabad,2024-06-02
C101700,59,180000.0,Mass,759,Maharashtra,Bengaluru,2026-01-04
C101701,32,180000.0,Mass,693,Telangana,Mumbai,2025-08-02
C101702,28,198000.0,Mass,659,Karnataka,Bengaluru,2022-02-06
C101703,48,180000.0,Mass,725,Telangana,Chennai,2023-11-08
C101704,29,180000.0,Mass,736,Karnataka,Ahmedabad,2025-05-20
C101705,57,180000.0,Mass,726,Karnataka,Ahmedabad,2024-10-16
C101706,55,180000.0,Mass,708,Tamil Nadu,Ahmedabad,2025-12-17
C101707,60,180000.0,Mass,650,Maharashtra,Jaipur,2019-03-23
C101708,57,180000.0,Mass,747,Telangana,Chennai,2022-10-25
C101709,31,180000.0,Mass,751,Telangana,Kolkata,2024-08-20
C101710,30,180000.0,Mass,733,Tamil Nadu,Mumbai,2024-03-12
C101711,35,180000.0,Mass,727,Delhi NCR,Chennai,2020-02-04
C101712,40,180000.0,Mass,829,Delhi NCR,Bengaluru,2023-01-27
C101713,56,180000.0,Mass,679,Rajasthan,Ahmedabad,2020-03-05
C101714,50,180000.0,Mass,803,Karnataka,Bengaluru,2019-08-27
C101715,47,180000.0,Mass,672,Tamil Nadu,Bengaluru,2019-10-18
C101716,56,180000.0,Mass,792,Delhi NCR,Mumbai,2025-10-12
C101717,47,180000.0,Mass,800,Karnataka,Mumbai,2020-12-08
C101718,36,180000.0,Mass,701,Maharashtra,Ahmedabad,2022-04-02
C101719,38,180000.0,Mass,828,Maharashtra,Delhi,2020-10-28
C101720,42,180000.0,Mass,750,Tamil Nadu,Mumbai,2025-05-13
C101721,25,180000.0,Mass,663,Maharashtra,Hyderabad,2025-04-30
C101722,50,180000.0,Mass,696,Telangana,Ahmedabad,2023-09-01
C101723,47,180000.0,Mass,794,Tamil Nadu,Chennai,2024-11-24
C101724,50,180000.0,Mass,780,Telangana,Jaipur,2019-10-01
C101725,42,180000.0,Mass,651,Maharashtra,Chennai,2026-02-12
C101726,52,180000.0,Mass,711,Delhi NCR,Ahmedabad,2021-12-20
C101727,59,180000.0,Mass,733,Telangana,Mumbai,2021-11-07
C101728,44,180000.0,Mass,687,Karnataka,Mumbai,2020-05-24
C101729,39,180000.0,Mass,850,Karnataka,Kolkata,2025-03-30
C101730,26,180000.0,Mass,735,Maharashtra,Delhi,2020-03-17
C101731,52,180000.0,Mass,716,Rajasthan,Ahmedabad,2025-02-08
C101732,57,180000.0,Mass,797,Maharashtra,Chennai,2024-02-03
C101733,49,180000.0,Mass,696,Karnataka,Hyderabad,2024-06-30
C101734,55,180000.0,Mass,785,Karnataka,Bengaluru,2019-03-20
C101735,55,180000.0,Mass,612,Karnataka,Jaipur,2024-04-04
C101736,53,180000.0,Mass,691,Gujarat,Kolkata,2025-11-16
C101737,41,180000.0,Mass,788,Delhi NCR,Hyderabad,2021-10-22
C101738,25,242000.0,Mass,822,Gujarat,Delhi,2022-03-15
C101739,22,180000.0,Mass,670,West Bengal,Bengaluru,2019-10-19
C101740,29,180000.0,Mass,662,Karnataka,Jaipur,2022-06-27
C101741,38,180000.0,Mass,757,Gujarat,Delhi,2023-10-18
C101742,51,180000.0,Mass,680,Delhi NCR,Jaipur,2021-02-17
C101743,39,180000.0,Mass,703,Telangana,Kolkata,2024-04-11
C101744,22,213000.0,Mass,777,West Bengal,Hyderabad,2019-08-11
C101745,30,180000.0,Mass,685,Maharashtra,Ahmedabad,2023-10-19
C101746,60,180000.0,Mass,592,Gujarat,Delhi,2023-03-10
C101747,60,180000.0,Mass,635,Telangana,Hyderabad,2020-08-20
C101748,36,180000.0,Mass,721,Karnataka,Chennai,2021-06-15
C101749,53,180000.0,Mass,599,Delhi NCR,Delhi,2020-09-15
C101750,50,180000.0,Mass,701,Maharashtra,Jaipur,2023-06-11
C101751,58,180000.0,Mass,630,Karnataka,Mumbai,2023-07-14
C101752,56,180000.0,Mass,827,Delhi NCR,Hyderabad,2022-12-16
C101753,46,180000.0,Mass,850,Telangana,Kolkata,2020-05-19
C101754,37,180000.0,Mass,651,West Bengal,Ahmedabad,2020-07-17
C101755,46,180000.0,Mass,737,West Bengal,Ahmedabad,2024-10-09
C101756,34,180000.0,Mass,658,Maharashtra,Bengaluru,2022-04-15
C101757,35,180000.0,Mass,700,Telangana,Ahmedabad,2022-02-06
C101758,45,212000.0,Mass,837,Rajasthan,Hyderabad,2021-03-11
C101759,44,180000.0,Mass,690,Maharashtra,Jaipur,2025-08-15
C101760,44,180000.0,Mass,701,Gujarat,Hyderabad,2020-09-15
C101761,37,180000.0,Mass,659,Rajasthan,Ahmedabad,2024-06-21
C101762,37,180000.0,Mass,795,Karnataka,Kolkata,2024-06-24
C101763,22,180000.0,Mass,520,Rajasthan,Mumbai,2020-09-24
C101764,45,180000.0,Mass,691,Gujarat,Mumbai,2019-01-31
C101765,44,180000.0,Mass,717,West Bengal,Hyderabad,2020-10-11
C101766,58,180000.0,Mass,677,Tamil Nadu,Kolkata,2020-11-30
C101767,41,180000.0,Mass,776,Telangana,Mumbai,2024-04-20
C101768,40,180000.0,Mass,798,Delhi NCR,Bengaluru,2022-10-12
C101769,24,180000.0,Mass,628,Karnataka,Delhi,2022-01-24
C101770,29,180000.0,Mass,850,Tamil Nadu,Hyderabad,2022-05-22
C101771,35,180000.0,Mass,627,Rajasthan,Delhi,2025-10-12
C101772,36,180000.0,Mass,804,Rajasthan,Chennai,2025-09-10
C101773,36,180000.0,Mass,730,Rajasthan,Bengaluru,2019-03-08
C101774,37,180000.0,Mass,687,Telangana,Ahmedabad,2025-01-02
C101775,51,180000.0,Mass,693,Telangana,Chennai,2021-07-28
C101776,27,180000.0,Mass,718,Tamil Nadu,Chennai,2024-05-08
C101777,34,400000.0,Mass,734,Tamil Nadu,Jaipur,2026-01-04
C101778,28,180000.0,Mass,660,Tamil Nadu,Mumbai,2022-08-29
C101779,34,180000.0,Mass,705,Karnataka,Ahmedabad,2023-06-11
C101780,48,180000.0,Mass,670,Karnataka,Mumbai,2022-01-20
C101781,23,180000.0,Mass,641,Tamil Nadu,Hyderabad,2019-07-14
C101782,35,193000.0,Mass,667,Maharashtra,Kolkata,2019-04-06
C101783,22,180000.0,Mass,645,Maharashtra,Jaipur,2021-07-25
C101784,59,180000.0,Mass,693,Karnataka,Mumbai,2024-11-06
C101785,50,180000.0,Mass,748,Delhi NCR,Chennai,2021-06-06
C101786,31,180000.0,Mass,728,Rajasthan,Delhi,2022-01-24
C101787,29,180000.0,Mass,848,Tamil Nadu,Bengaluru,2022-10-13
C101788,25,180000.0,Mass,576,Rajasthan,Delhi,2021-04-14
C101789,40,180000.0,Mass,751,West Bengal,Mumbai,2022-06-27
C101790,51,180000.0,Mass,720,Karnataka,Bengaluru,2023-04-27
C101791,44,180000.0,Mass,773,Karnataka,Bengaluru,2025-01-22
C101792,56,180000.0,Mass,767,Karnataka,Jaipur,2024-05-14
C101793,35,180000.0,Mass,709,Karnataka,Delhi,2024-10-27
C101794,32,180000.0,Mass,731,Tamil Nadu,Kolkata,2022-09-21
C101795,40,180000.0,Mass,672,Maharashtra,Delhi,2023-12-22
C101796,29,180000.0,Mass,760,Rajasthan,Kolkata,2020-01-24
C101797,60,180000.0,Mass,598,Tamil Nadu,Chennai,2020-01-20
C101798,29,180000.0,Mass,770,Maharashtra,Kolkata,2025-07-24
C101799,40,180000.0,Mass,718,Rajasthan,Bengaluru,2023-04-20
C101800,42,180000.0,Mass,688,Rajasthan,Hyderabad,2019-10-21
C101801,24,180000.0,Mass,705,Delhi NCR,Kolkata,2021-11-26
C101802,40,180000.0,Mass,710,Delhi NCR,Jaipur,2025-11-25
C101803,39,180000.0,Mass,804,Rajasthan,Ahmedabad,2019-02-24
C101804,32,180000.0,Mass,850,Tamil Nadu,Mumbai,2022-02-24
C101805,26,180000.0,Mass,799,West Bengal,Delhi,2024-12-15
C101806,23,180000.0,Mass,683,Karnataka,Bengaluru,2025-09-27
C101807,22,180000.0,Mass,761,Tamil Nadu,Kolkata,2021-08-16
C101808,40,180000.0,Mass,764,Gujarat,Delhi,2025-07-06
C101809,25,180000.0,Mass,660,Karnataka,Delhi,2024-02-05
C101810,59,180000.0,Mass,638,Karnataka,Ahmedabad,2021-11-22
C101811,31,180000.0,Mass,716,Karnataka,Bengaluru,2024-07-19
C101812,47,180000.0,Mass,773,Maharashtra,Hyderabad,2024-09-11
C101813,48,180000.0,Mass,615,Karnataka,Ahmedabad,2020-12-16
C101814,41,180000.0,Mass,673,Gujarat,Chennai,2019-08-22
C101815,56,180000.0,Mass,757,Delhi NCR,Mumbai,2024-07-23
C101816,26,180000.0,Mass,723,Tamil Nadu,Ahmedabad,2019-08-04
C101817,31,180000.0,Mass,812,Telangana,Kolkata,2024-07-16
C101818,31,180000.0,Mass,628,Karnataka,Jaipur,2021-07-14
C101819,27,180000.0,Mass,850,West Bengal,Ahmedabad,2024-01-02
C101820,33,180000.0,Mass,620,Karnataka,Mumbai,2023-05-05
C101821,34,180000.0,Mass,588,Maharashtra,Bengaluru,2019-04-10
C101822,51,180000.0,Mass,716,Tamil Nadu,Mumbai,2019-01-25
C101823,33,180000.0,Mass,646,Rajasthan,Bengaluru,2023-06-25
C101824,56,180000.0,Mass,717,Rajasthan,Delhi,2022-09-01
C101825,52,180000.0,Mass,715,Delhi NCR,Delhi,2019-04-24
C101826,57,180000.0,Mass,707,Telangana,Kolkata,2025-12-11
C101827,26,180000.0,Mass,665,Tamil Nadu,Ahmedabad,2020-09-12
C101828,60,182000.0,Mass,748,Telangana,Kolkata,2025-02-09
C101829,45,180000.0,Mass,699,Karnataka,Mumbai,2019-10-31
C101830,60,180000.0,Mass,792,Maharashtra,Mumbai,2020-08-27
C101831,35,180000.0,Mass,708,Rajasthan,Jaipur,2022-10-07
C101832,59,180000.0,Mass,657,Rajasthan,Jaipur,2022-10-04
C101833,44,180000.0,Mass,610,Maharashtra,Hyderabad,2023-04-19
C101834,24,180000.0,Mass,709,Maharashtra,Hyderabad,2020-03-21
C101835,37,180000.0,Mass,638,Maharashtra,Delhi,2020-11-17
C101836,27,180000.0,Mass,632,Gujarat,Kolkata,2020-11-15
C101837,58,180000.0,Mass,754,Maharashtra,Mumbai,2022-02-19
C101838,33,180000.0,Mass,604,Telangana,Bengaluru,2025-07-27
C101839,30,180000.0,Mass,812,Karnataka,Mumbai,2022-04-17
C101840,43,180000.0,Mass,730,Karnataka,Ahmedabad,2026-02-07
C101841,38,180000.0,Mass,717,Maharashtra,Mumbai,2020-10-16
C101842,25,180000.0,Mass,653,Delhi NCR,Hyderabad,2020-09-22
C101843,53,180000.0,Mass,770,Maharashtra,Mumbai,2019-09-20
C101844,54,180000.0,Mass,720,Gujarat,Hyderabad,2020-07-05
C101845,50,180000.0,Mass,675,Telangana,Delhi,2021-03-21
C101846,46,180000.0,Mass,733,Delhi NCR,Bengaluru,2021-09-25
C101847,37,180000.0,Mass,611,Maharashtra,Ahmedabad,2024-01-30
C101848,43,180000.0,Mass,614,Delhi NCR,Hyderabad,2022-03-05
C101849,42,180000.0,Mass,647,Maharashtra,Bengaluru,2023-11-20
C101850,28,180000.0,Mass,743,Telangana,Delhi,2019-08-21
C101851,25,180000.0,Mass,720,Gujarat,Kolkata,2025-09-28
C101852,31,180000.0,Mass,788,Rajasthan,Ahmedabad,2020-01-20
C101853,39,180000.0,Mass,660,Rajasthan,Bengaluru,2019-03-28
C101854,28,180000.0,Mass,757,Delhi NCR,Hyderabad,2022-01-09
C101855,26,180000.0,Mass,713,Rajasthan,Kolkata,2023-08-21
C101856,55,180000.0,Mass,659,Karnataka,Ahmedabad,2020-09-04
C101857,36,180000.0,Mass,745,Telangana,Kolkata,2020-02-28
C101858,44,180000.0,Mass,716,Karnataka,Kolkata,2025-01-05
C101859,42,180000.0,Mass,679,Maharashtra,Ahmedabad,2024-11-13
C101860,50,180000.0,Mass,723,Tamil Nadu,Hyderabad,2024-05-08
C101861,50,180000.0,Mass,712,Delhi NCR,Bengaluru,2020-07-27
C101862,33,209000.0,Mass,710,Telangana,Hyderabad,2022-10-26
C101863,55,180000.0,Mass,693,West Bengal,Jaipur,2023-11-28
C101864,36,180000.0,Mass,635,Tamil Nadu,Jaipur,2022-01-29
C101865,54,180000.0,Mass,725,Rajasthan,Mumbai,2020-04-10
C101866,37,180000.0,Mass,668,West Bengal,Delhi,2024-11-30
C101867,26,180000.0,Mass,654,West Bengal,Bengaluru,2025-09-05
C101868,51,180000.0,Mass,704,Maharashtra,Ahmedabad,2020-03-07
C101869,23,180000.0,Mass,768,Tamil Nadu,Kolkata,2024-01-03
C101870,52,180000.0,Mass,732,Delhi NCR,Delhi,2025-04-26
C101871,23,180000.0,Mass,685,Rajasthan,Chennai,2022-11-08
C101872,30,180000.0,Mass,683,Karnataka,Jaipur,2019-05-08
C101873,45,180000.0,Mass,761,Maharashtra,Kolkata,2023-12-01
C101874,58,349000.0,Mass,564,Maharashtra,Bengaluru,2025-07-28
C101875,37,180000.0,Mass,772,Maharashtra,Bengaluru,2020-11-10
C101876,26,180000.0,Mass,598,Delhi NCR,Delhi,2019-12-27
C101877,31,180000.0,Mass,628,Karnataka,Jaipur,2020-10-18
C101878,56,180000.0,Mass,687,Maharashtra,Mumbai,2024-10-12
C101879,50,180000.0,Mass,850,Telangana,Hyderabad,2022-12-19
C101880,25,180000.0,Mass,829,Gujarat,Kolkata,2019-02-16
C101881,37,180000.0,Mass,766,Karnataka,Kolkata,2023-03-09
C101882,32,180000.0,Mass,743,Tamil Nadu,Delhi,2024-10-20
C101883,28,180000.0,Mass,599,Tamil Nadu,Jaipur,2020-04-26
C101884,55,180000.0,Mass,730,Rajasthan,Jaipur,2023-02-27
C101885,46,182000.0,Mass,684,Delhi NCR,Kolkata,2020-08-18
C101886,29,180000.0,Mass,667,Rajasthan,Delhi,2019-02-19
C101887,47,180000.0,Mass,730,Karnataka,Jaipur,2021-11-07
C101888,38,180000.0,Mass,689,Delhi NCR,Bengaluru,2024-07-05
C101889,24,180000.0,Mass,777,Tamil Nadu,Bengaluru,2023-10-06
C101890,39,180000.0,Mass,594,Telangana,Hyderabad,2019-09-22
C101891,29,180000.0,Mass,725,Gujarat,Delhi,2020-04-28
C101892,31,180000.0,Mass,663,Karnataka,Jaipur,2022-11-04
C101893,56,180000.0,Mass,693,Karnataka,Delhi,2021-04-13
C101894,49,180000.0,Mass,740,West Bengal,Mumbai,2021-05-13
C101895,27,180000.0,Mass,647,Delhi NCR,Jaipur,2022-02-07
C101896,55,180000.0,Mass,731,Karnataka,Bengaluru,2024-05-27
C101897,44,180000.0,Mass,706,Telangana,Bengaluru,2023-02-05
C101898,56,180000.0,Mass,677,Delhi NCR,Delhi,2025-01-27
C101899,51,180000.0,Mass,689,Tamil Nadu,Jaipur,2019-09-23
C101900,35,180000.0,Mass,710,Maharashtra,Hyderabad,2022-04-22
C101901,42,180000.0,Mass,670,West Bengal,Mumbai,2022-12-02
C101902,42,180000.0,Mass,720,Telangana,Bengaluru,2024-05-24
C101903,50,180000.0,Mass,702,Telangana,Jaipur,2022-09-01
C101904,31,180000.0,Mass,680,Telangana,Ahmedabad,2025-07-11
C101905,34,180000.0,Mass,823,Telangana,Delhi,2024-12-18
C101906,31,180000.0,Mass,747,Karnataka,Ahmedabad,2023-11-27
C101907,33,180000.0,Mass,695,Rajasthan,Mumbai,2021-10-30
C101908,28,180000.0,Mass,729,Maharashtra,Delhi,2021-04-17
C101909,23,180000.0,Mass,653,West Bengal,Delhi,2022-10-19
C101910,58,180000.0,Mass,692,West Bengal,Chennai,2022-04-19
C101911,24,180000.0,Mass,699,Telangana,Hyderabad,2019-03-18
C101912,56,180000.0,Mass,639,Tamil Nadu,Chennai,2020-08-20
C101913,22,180000.0,Mass,745,Karnataka,Hyderabad,2024-12-11
C101914,52,194000.0,Mass,687,Gujarat,Kolkata,2022-04-06
C101915,34,180000.0,Mass,697,Tamil Nadu,Delhi,2025-10-05
C101916,42,180000.0,Mass,683,Karnataka,Ahmedabad,2020-10-01
C101917,33,180000.0,Mass,850,Karnataka,Mumbai,2025-11-21
C101918,41,180000.0,Mass,677,Rajasthan,Delhi,2024-09-29
C101919,39,180000.0,Mass,586,Maharashtra,Delhi,2021-07-21
C101920,42,180000.0,Mass,616,Maharashtra,Ahmedabad,2023-05-05
C101921,37,180000.0,Mass,769,Maharashtra,Kolkata,2026-01-13
C101922,42,180000.0,Mass,807,Telangana,Chennai,2023-07-05
C101923,54,180000.0,Mass,676,Gujarat,Ahmedabad,2025-08-19
C101924,38,180000.0,Mass,803,Delhi NCR,Hyderabad,2019-10-14
C101925,36,180000.0,Mass,768,Tamil Nadu,Mumbai,2020-03-01
C101926,27,180000.0,Mass,708,Karnataka,Delhi,2019-01-04
C101927,36,180000.0,Mass,703,Gujarat,Jaipur,2021-04-25
C101928,26,180000.0,Mass,732,Karnataka,Jaipur,2024-08-13
C101929,29,180000.0,Mass,777,Delhi NCR,Chennai,2025-11-11
C101930,59,180000.0,Mass,746,Karnataka,Ahmedabad,2022-11-10
C101931,25,180000.0,Mass,676,Karnataka,Chennai,2022-01-03
C101932,40,180000.0,Mass,709,Gujarat,Bengaluru,2025-08-19
C101933,54,180000.0,Mass,849,Karnataka,Delhi,2023-03-10
C101934,59,180000.0,Mass,736,Tamil Nadu,Chennai,2022-10-28
C101935,27,193000.0,Mass,777,Gujarat,Bengaluru,2019-08-09
C101936,28,180000.0,Mass,755,Rajasthan,Hyderabad,2020-07-12
C101937,36,180000.0,Mass,738,Karnataka,Delhi,2023-12-20
C101938,43,180000.0,Mass,727,Tamil Nadu,Mumbai,2023-12-22
C101939,59,180000.0,Mass,778,Telangana,Chennai,2022-07-13
C101940,30,180000.0,Mass,767,Karnataka,Jaipur,2023-12-28
C101941,28,180000.0,Mass,737,Telangana,Delhi,2023-12-03
C101942,31,180000.0,Mass,675,West Bengal,Kolkata,2019-06-20
C101943,56,180000.0,Mass,745,Delhi NCR,Chennai,2024-12-10
C101944,23,180000.0,Mass,716,Rajasthan,Chennai,2023-12-09
C101945,36,180000.0,Mass,700,Telangana,Chennai,2020-07-24
C101946,26,180000.0,Mass,850,Gujarat,Chennai,2020-07-06
C101947,28,180000.0,Mass,620,Rajasthan,Mumbai,2025-10-26
C101948,57,180000.0,Mass,782,Maharashtra,Bengaluru,2020-10-23
C101949,22,180000.0,Mass,664,Tamil Nadu,Kolkata,2019-03-26
C101950,34,180000.0,Mass,729,Delhi NCR,Hyderabad,2019-03-23
C101951,57,180000.0,Mass,850,West Bengal,Hyderabad,2020-08-16
C101952,45,180000.0,Mass,657,Rajasthan,Hyderabad,2023-06-20
C101953,24,180000.0,Mass,673,Karnataka,Chennai,2022-04-01
C101954,40,180000.0,Mass,719,Telangana,Jaipur,2024-03-17
C101955,59,180000.0,Mass,665,Karnataka,Chennai,2020-08-26
C101956,37,180000.0,Mass,777,Delhi NCR,Hyderabad,2020-08-22
C101957,42,180000.0,Mass,685,Telangana,Hyderabad,2021-11-16
C101958,42,180000.0,Mass,763,Karnataka,Mumbai,2024-08-22
C101959,47,180000.0,Mass,634,West Bengal,Mumbai,2022-07-31
C101960,29,180000.0,Mass,603,Gujarat,Mumbai,2024-06-04
C101961,54,180000.0,Mass,705,Tamil Nadu,Ahmedabad,2019-09-01
C101962,60,180000.0,Mass,618,Rajasthan,Mumbai,2021-12-01
C101963,27,180000.0,Mass,819,Telangana,Mumbai,2022-02-11
C101964,53,180000.0,Mass,621,Tamil Nadu,Jaipur,2019-06-27
C101965,53,180000.0,Mass,653,Karnataka,Ahmedabad,2021-03-27
C101966,50,180000.0,Mass,747,Karnataka,Kolkata,2020-12-29
C101967,36,180000.0,Mass,682,Karnataka,Chennai,2022-03-30
C101968,40,180000.0,Mass,621,Maharashtra,Kolkata,2020-03-06
C101969,54,180000.0,Mass,850,Maharashtra,Kolkata,2020-12-02
C101970,27,180000.0,Mass,655,Tamil Nadu,Kolkata,2025-10-28
C101971,54,180000.0,Mass,707,Telangana,Ahmedabad,2020-01-07
C101972,57,180000.0,Mass,706,Karnataka,Bengaluru,2024-10-27
C101973,48,180000.0,Mass,766,Tamil Nadu,Ahmedabad,2022-11-12
C101974,35,180000.0,Mass,750,Rajasthan,Delhi,2019-07-23
C101975,43,180000.0,Mass,666,Karnataka,Delhi,2021-11-08
C101976,23,180000.0,Mass,699,Telangana,Delhi,2022-08-27
C101977,58,180000.0,Mass,705,Karnataka,Jaipur,2020-12-21
C101978,35,180000.0,Mass,769,Tamil Nadu,Mumbai,2020-11-24
C101979,24,180000.0,Mass,644,Delhi NCR,Chennai,2024-01-26
C101980,52,180000.0,Mass,850,Karnataka,Chennai,2019-03-25
C101981,47,180000.0,Mass,671,Maharashtra,Mumbai,2025-08-10
C101982,46,180000.0,Mass,719,West Bengal,Delhi,2021-04-17
C101983,24,180000.0,Mass,645,Maharashtra,Bengaluru,2021-09-19
C101984,51,180000.0,Mass,636,Telangana,Jaipur,2019-11-28
C101985,46,180000.0,Mass,663,Tamil Nadu,Bengaluru,2025-04-09
C101986,52,180000.0,Mass,657,Karnataka,Bengaluru,2020-08-02
C101987,54,180000.0,Mass,693,Delhi NCR,Mumbai,2024-09-20
C101988,30,180000.0,Mass,656,Tamil Nadu,Jaipur,2021-04-29
C101989,30,189000.0,Mass,765,Karnataka,Kolkata,2019-03-24
C101990,58,180000.0,Mass,669,Rajasthan,Jaipur,2021-11-29
C101991,42,180000.0,Mass,662,Gujarat,Kolkata,2022-09-22
C101992,39,180000.0,Mass,694,Delhi NCR,Jaipur,2022-05-02
C101993,33,180000.0,Mass,785,Karnataka,Chennai,2026-01-10
C101994,46,180000.0,Mass,734,Karnataka,Bengaluru,2022-09-14
C101995,51,180000.0,Mass,714,Delhi NCR,Chennai,2024-07-18
C101996,22,180000.0,Mass,627,Telangana,Mumbai,2021-08-20
C101997,43,180000.0,Mass,646,Maharashtra,Mumbai,2020-01-12
C101998,60,180000.0,Mass,637,Delhi NCR,Delhi,2022-07-19
C101999,32,180000.0,Mass,805,Gujarat,Mumbai,2022-12-26
C102000,32,180000.0,Mass,754,Maharashtra,Ahmedabad,2021-12-22
C102001,56,180000.0,Mass,664,Delhi NCR,Chennai,2024-06-16
C102002,24,180000.0,Mass,683,Tamil Nadu,Bengaluru,2025-11-12
C102003,37,180000.0,Mass,666,Gujarat,Delhi,2019-07-30
C102004,39,180000.0,Mass,662,Delhi NCR,Kolkata,2019-06-25
C102005,53,180000.0,Mass,750,Tamil Nadu,Hyderabad,2020-12-13
C102006,27,180000.0,Mass,701,Rajasthan,Bengaluru,2023-03-04
C102007,38,180000.0,Mass,850,Delhi NCR,Kolkata,2019-04-21
C102008,27,180000.0,Mass,801,Maharashtra,Chennai,2020-05-18
C102009,52,180000.0,Mass,805,Gujarat,Ahmedabad,2021-11-29
C102010,46,257000.0,Mass,764,Rajasthan,Jaipur,2021-09-03
C102011,41,180000.0,Mass,693,West Bengal,Kolkata,2025-01-09
C102012,37,180000.0,Mass,759,Karnataka,Chennai,2022-11-21
C102013,27,180000.0,Mass,697,Maharashtra,Chennai,2025-03-17
C102014,57,180000.0,Mass,826,Maharashtra,Jaipur,2024-05-29
C102015,47,180000.0,Mass,746,West Bengal,Mumbai,2021-12-12
C102016,34,180000.0,Mass,737,Rajasthan,Chennai,2025-12-17
C102017,38,180000.0,Mass,728,Delhi NCR,Hyderabad,2025-01-02
C102018,50,180000.0,Mass,833,Maharashtra,Ahmedabad,2022-07-07
C102019,50,180000.0,Mass,627,West Bengal,Ahmedabad,2025-01-20
C102020,39,180000.0,Mass,839,Karnataka,Bengaluru,2020-10-30
C102021,33,180000.0,Mass,708,Gujarat,Ahmedabad,2020-06-25
C102022,47,180000.0,Mass,629,Maharashtra,Ahmedabad,2024-08-20
C102023,47,251000.0,Mass,671,Tamil Nadu,Kolkata,2024-08-13
C102024,45,180000.0,Mass,613,Tamil Nadu,Ahmedabad,2020-07-30
C102025,24,180000.0,Mass,762,Maharashtra,Mumbai,2024-05-14
C102026,40,180000.0,Mass,653,Karnataka,Kolkata,2022-08-13
C102027,45,180000.0,Mass,731,Delhi NCR,Ahmedabad,2022-12-23
C102028,59,180000.0,Mass,794,Karnataka,Jaipur,2025-01-10
C102029,42,180000.0,Mass,676,Gujarat,Bengaluru,2020-02-21
C102030,35,180000.0,Mass,703,Karnataka,Bengaluru,2021-11-15
C102031,43,180000.0,Mass,635,Maharashtra,Jaipur,2021-01-23
C102032,28,180000.0,Mass,695,Maharashtra,Bengaluru,2022-12-19
C102033,25,180000.0,Mass,850,Telangana,Bengaluru,2020-02-15
C102034,48,180000.0,Mass,771,Gujarat,Delhi,2019-11-07
C102035,60,180000.0,Mass,703,Maharashtra,Ahmedabad,2023-12-16
C102036,54,180000.0,Mass,680,West Bengal,Chennai,2019-05-26
C102037,44,180000.0,Mass,717,Karnataka,Chennai,2021-12-20
C102038,23,180000.0,Mass,728,Delhi NCR,Ahmedabad,2026-01-08
C102039,60,180000.0,Mass,693,Maharashtra,Chennai,2026-02-10
C102040,39,180000.0,Mass,754,Rajasthan,Ahmedabad,2020-04-10
C102041,33,180000.0,Mass,658,Karnataka,Mumbai,2025-08-07
C102042,56,180000.0,Mass,658,Tamil Nadu,Mumbai,2021-05-22
C102043,51,180000.0,Mass,744,Tamil Nadu,Bengaluru,2020-05-31
C102044,51,180000.0,Mass,644,Tamil Nadu,Hyderabad,2022-08-05
C102045,32,180000.0,Mass,767,Delhi NCR,Hyderabad,2022-06-23
C102046,60,180000.0,Mass,719,Karnataka,Bengaluru,2021-08-31
C102047,39,180000.0,Mass,601,Gujarat,Chennai,2022-01-15
C102048,42,180000.0,Mass,727,West Bengal,Delhi,2019-09-11
C102049,51,180000.0,Mass,610,West Bengal,Bengaluru,2020-11-16
C102050,47,180000.0,Mass,765,Gujarat,Ahmedabad,2020-05-26
C102051,28,180000.0,Mass,704,Tamil Nadu,Jaipur,2025-08-20
C102052,33,180000.0,Mass,840,Delhi NCR,Chennai,2022-07-06
C102053,36,180000.0,Mass,790,Delhi NCR,Bengaluru,2022-11-21
C102054,58,180000.0,Mass,651,West Bengal,Hyderabad,2022-02-14
C102055,49,180000.0,Mass,589,West Bengal,Chennai,2025-04-19
C102056,36,180000.0,Mass,671,Gujarat,Mumbai,2024-09-06
C102057,50,180000.0,Mass,641,Telangana,Bengaluru,2023-11-28
C102058,50,180000.0,Mass,839,Gujarat,Jaipur,2021-03-21
C102059,37,180000.0,Mass,719,Karnataka,Kolkata,2021-03-12
C102060,37,180000.0,Mass,781,Delhi NCR,Delhi,2025-09-10
C102061,56,180000.0,Mass,701,Tamil Nadu,Bengaluru,2025-08-15
C102062,43,180000.0,Mass,708,Karnataka,Kolkata,2021-01-05
C102063,27,180000.0,Mass,718,Telangana,Chennai,2021-05-24
C102064,50,180000.0,Mass,792,Maharashtra,Chennai,2021-05-11
C102065,44,180000.0,Mass,740,Karnataka,Jaipur,2024-07-31
C102066,41,180000.0,Mass,651,Tamil Nadu,Chennai,2025-10-04
C102067,50,180000.0,Mass,825,Delhi NCR,Mumbai,2025-04-26
C102068,57,180000.0,Mass,701,Tamil Nadu,Mumbai,2024-12-25
C102069,34,180000.0,Mass,690,Karnataka,Jaipur,2021-06-24
C102070,38,180000.0,Mass,536,Tamil Nadu,Hyderabad,2021-04-04
C102071,29,180000.0,Mass,761,Karnataka,Hyderabad,2025-04-30
C102072,47,180000.0,Mass,727,Rajasthan,Hyderabad,2021-10-24
C102073,37,180000.0,Mass,726,Maharashtra,Mumbai,2020-07-13
C102074,35,180000.0,Mass,694,West Bengal,Chennai,2024-12-29
C102075,49,180000.0,Mass,683,Karnataka,Jaipur,2022-05-31
C102076,37,180000.0,Mass,696,Karnataka,Mumbai,2019-08-12
C102077,40,180000.0,Mass,750,Gujarat,Jaipur,2025-05-19
C102078,39,180000.0,Mass,762,Delhi NCR,Ahmedabad,2021-02-05
C102079,32,180000.0,Mass,705,Rajasthan,Ahmedabad,2021-03-14
C102080,26,180000.0,Mass,782,Tamil Nadu,Bengaluru,2022-10-14
C102081,54,180000.0,Mass,715,Maharashtra,Delhi,2020-12-03
C102082,25,180000.0,Mass,687,Karnataka,Ahmedabad,2024-11-25
C102083,34,180000.0,Mass,733,Tamil Nadu,Chennai,2023-12-04
C102084,48,180000.0,Mass,632,Maharashtra,Hyderabad,2023-01-08
C102085,27,180000.0,Mass,735,West Bengal,Delhi,2020-06-04
C102086,47,180000.0,Mass,620,Gujarat,Jaipur,2022-06-27
C102087,50,180000.0,Mass,653,Delhi NCR,Hyderabad,2020-12-09
C102088,47,180000.0,Mass,589,West Bengal,Mumbai,2025-11-06
C102089,33,180000.0,Mass,709,Karnataka,Delhi,2024-08-22
C102090,22,180000.0,Mass,825,Gujarat,Bengaluru,2019-10-30
C102091,56,180000.0,Mass,712,West Bengal,Kolkata,2022-10-04
C102092,34,180000.0,Mass,762,Gujarat,Ahmedabad,2024-07-21
C102093,53,180000.0,Mass,850,Tamil Nadu,Delhi,2022-09-22
C102094,29,180000.0,Mass,746,West Bengal,Mumbai,2019-11-27
C102095,28,180000.0,Mass,670,Maharashtra,Chennai,2019-12-30
C102096,52,180000.0,Mass,679,West Bengal,Delhi,2024-03-20
C102097,58,180000.0,Mass,720,Gujarat,Hyderabad,2022-09-24
C102098,55,180000.0,Mass,679,Tamil Nadu,Bengaluru,2022-11-13
C102099,51,180000.0,Mass,684,Maharashtra,Bengaluru,2020-12-02
C102100,31,180000.0,Mass,784,Tamil Nadu,Jaipur,2020-11-19
C102101,57,180000.0,Mass,787,Karnataka,Hyderabad,2021-11-24
C102102,48,180000.0,Mass,613,Karnataka,Kolkata,2022-11-13
C102103,28,180000.0,Mass,667,Gujarat,Bengaluru,2022-05-03
C102104,27,180000.0,Mass,690,Maharashtra,Chennai,2025-04-05
C102105,55,180000.0,Mass,759,Tamil Nadu,Hyderabad,2020-05-06
C102106,32,180000.0,Mass,794,Karnataka,Jaipur,2022-05-12
C102107,51,180000.0,Mass,850,Karnataka,Delhi,2020-09-03
C102108,27,180000.0,Mass,690,Karnataka,Delhi,2019-01-18
C102109,32,180000.0,Mass,693,Gujarat,Ahmedabad,2021-12-14
C102110,33,180000.0,Mass,758,Maharashtra,Jaipur,2019-05-28
C102111,32,180000.0,Mass,676,Karnataka,Ahmedabad,2021-08-25
C102112,48,180000.0,Mass,711,Tamil Nadu,Ahmedabad,2023-07-03
C102113,57,180000.0,Mass,693,Delhi NCR,Delhi,2021-09-04
C102114,57,180000.0,Mass,550,Telangana,Jaipur,2023-10-29
C102115,50,180000.0,Mass,728,Maharashtra,Kolkata,2021-02-05
C102116,29,180000.0,Mass,708,West Bengal,Mumbai,2021-11-10
C102117,59,180000.0,Mass,803,Tamil Nadu,Kolkata,2025-03-25
C102118,43,180000.0,Mass,720,Tamil Nadu,Ahmedabad,2020-09-23
C102119,43,180000.0,Mass,638,Karnataka,Mumbai,2022-07-26
C102120,49,180000.0,Mass,703,Maharashtra,Jaipur,2024-02-05
C102121,51,180000.0,Mass,584,Gujarat,Jaipur,2021-07-30
C102122,59,180000.0,Mass,641,Maharashtra,Ahmedabad,2021-03-01
C102123,44,180000.0,Mass,761,Telangana,Bengaluru,2023-12-20
C102124,45,180000.0,Mass,704,Maharashtra,Mumbai,2019-07-12
C102125,51,180000.0,Mass,780,Karnataka,Hyderabad,2020-11-21
C102126,31,180000.0,Mass,592,Karnataka,Bengaluru,2021-11-30
C102127,34,180000.0,Mass,704,Karnataka,Mumbai,2020-07-19
C102128,46,180000.0,Mass,689,Gujarat,Mumbai,2022-11-02
C102129,24,180000.0,Mass,782,Karnataka,Jaipur,2023-05-30
C102130,34,180000.0,Mass,764,Tamil Nadu,Ahmedabad,2025-11-15
C102131,50,180000.0,Mass,762,Maharashtra,Chennai,2023-04-14
C102132,60,180000.0,Mass,820,Tamil Nadu,Chennai,2023-03-20
C102133,42,180000.0,Mass,696,Rajasthan,Bengaluru,2024-03-02
C102134,37,180000.0,Mass,807,West Bengal,Hyderabad,2020-06-25
C102135,39,180000.0,Mass,652,Tamil Nadu,Jaipur,2022-05-08
C102136,48,180000.0,Mass,650,Gujarat,Kolkata,2024-12-03
C102137,43,180000.0,Mass,769,Telangana,Ahmedabad,2020-04-01
C102138,22,180000.0,Mass,622,Rajasthan,Bengaluru,2021-01-27
C102139,43,180000.0,Mass,757,Gujarat,Kolkata,2020-07-25
C102140,37,180000.0,Mass,727,Karnataka,Kolkata,2025-10-30
C102141,49,180000.0,Mass,790,Delhi NCR,Jaipur,2021-07-09
C102142,56,180000.0,Mass,716,Karnataka,Hyderabad,2021-04-25
C102143,59,180000.0,Mass,724,Delhi NCR,Chennai,2024-10-20
C102144,45,180000.0,Mass,753,Karnataka,Kolkata,2025-06-22
C102145,36,180000.0,Mass,677,Karnataka,Delhi,2019-01-13
C102146,39,180000.0,Mass,674,Delhi NCR,Kolkata,2025-04-04
C102147,28,180000.0,Mass,751,Telangana,Ahmedabad,2024-01-13
C102148,58,180000.0,Mass,718,Tamil Nadu,Jaipur,2025-02-24
C102149,55,180000.0,Mass,694,Delhi NCR,Bengaluru,2019-08-14
C102150,55,180000.0,Mass,715,West Bengal,Bengaluru,2019-04-13
C102151,34,180000.0,Mass,824,Gujarat,Delhi,2021-05-23
C102152,34,180000.0,Mass,691,Rajasthan,Hyderabad,2025-01-18
C102153,55,180000.0,Mass,689,Maharashtra,Hyderabad,2022-07-20
C102154,43,187000.0,Mass,609,Karnataka,Jaipur,2024-02-19
C102155,49,180000.0,Mass,717,West Bengal,Kolkata,2020-09-29
C102156,41,180000.0,Mass,763,Gujarat,Delhi,2021-05-19
C102157,39,180000.0,Mass,774,West Bengal,Mumbai,2025-04-01
C102158,46,180000.0,Mass,727,Karnataka,Bengaluru,2022-06-28
C102159,53,180000.0,Mass,782,Karnataka,Mumbai,2024-07-20
C102160,35,180000.0,Mass,768,Karnataka,Hyderabad,2023-07-22
C102161,53,180000.0,Mass,792,Tamil Nadu,Delhi,2020-04-01
C102162,31,180000.0,Mass,784,West Bengal,Kolkata,2025-09-19
C102163,37,180000.0,Mass,822,Gujarat,Bengaluru,2025-09-26
C102164,57,180000.0,Mass,709,Karnataka,Ahmedabad,2024-07-21
C102165,59,180000.0,Mass,634,Maharashtra,Ahmedabad,2022-05-05
C102166,58,198000.0,Mass,763,Maharashtra,Delhi,2022-01-19
C102167,34,180000.0,Mass,771,Telangana,Bengaluru,2021-02-13
C102168,54,180000.0,Mass,822,Telangana,Kolkata,2023-08-06
C102169,58,180000.0,Mass,803,Karnataka,Bengaluru,2021-03-17
C102170,60,180000.0,Mass,846,Gujarat,Hyderabad,2020-04-28
C102171,22,180000.0,Mass,760,Telangana,Jaipur,2019-06-07
C102172,51,180000.0,Mass,735,Maharashtra,Mumbai,2022-01-07
C102173,60,297000.0,Mass,630,Gujarat,Delhi,2024-10-20
C102174,51,180000.0,Mass,740,Tamil Nadu,Hyderabad,2024-08-19
C102175,31,180000.0,Mass,684,Gujarat,Kolkata,2025-01-17
C102176,51,180000.0,Mass,734,Karnataka,Hyderabad,2023-04-27
C102177,26,180000.0,Mass,724,Maharashtra,Kolkata,2025-03-05
C102178,40,180000.0,Mass,751,Delhi NCR,Chennai,2024-07-29
C102179,46,182000.0,Mass,714,Maharashtra,Mumbai,2024-09-28
C102180,39,180000.0,Mass,781,Delhi NCR,Delhi,2022-08-18
C102181,49,180000.0,Mass,543,Gujarat,Jaipur,2019-08-11
C102182,31,180000.0,Mass,732,Gujarat,Chennai,2021-09-15
C102183,45,180000.0,Mass,798,Delhi NCR,Kolkata,2025-01-11
C102184,47,180000.0,Mass,842,Maharashtra,Jaipur,2024-04-14
C102185,46,180000.0,Mass,768,Maharashtra,Delhi,2019-02-02
C102186,33,180000.0,Mass,830,Karnataka,Kolkata,2019-09-01
C102187,33,180000.0,Mass,731,Telangana,Hyderabad,2023-09-09
C102188,32,180000.0,Mass,720,Gujarat,Kolkata,2025-12-19
C102189,40,180000.0,Mass,754,Delhi NCR,Ahmedabad,2024-03-16
C102190,44,180000.0,Mass,720,Gujarat,Hyderabad,2025-10-01
C102191,36,180000.0,Mass,669,Gujarat,Bengaluru,2019-06-22
C102192,37,180000.0,Mass,687,Maharashtra,Mumbai,2025-04-07
C102193,33,180000.0,Mass,648,Karnataka,Hyderabad,2019-11-30
C102194,30,180000.0,Mass,754,West Bengal,Delhi,2025-04-18
C102195,47,180000.0,Mass,721,Karnataka,Bengaluru,2025-12-08
C102196,53,180000.0,Mass,697,West Bengal,Bengaluru,2022-08-21
C102197,33,180000.0,Mass,683,Karnataka,Bengaluru,2022-10-16
C102198,55,180000.0,Mass,753,Tamil Nadu,Hyderabad,2022-07-18
C102199,44,180000.0,Mass,771,Karnataka,Ahmedabad,2022-12-09
C102200,28,180000.0,Mass,647,Delhi NCR,Bengaluru,2024-11-02
C102201,36,180000.0,Mass,636,Karnataka,Kolkata,2021-01-01
C102202,22,180000.0,Mass,782,Tamil Nadu,Hyderabad,2021-01-06
C102203,23,180000.0,Mass,631,Rajasthan,Bengaluru,2025-11-23
C102204,35,180000.0,Mass,756,Telangana,Delhi,2025-01-18
C102205,39,180000.0,Mass,825,Karnataka,Jaipur,2022-11-05
C102206,53,180000.0,Mass,825,Delhi NCR,Chennai,2020-06-06
C102207,27,180000.0,Mass,768,Gujarat,Jaipur,2025-10-20
C102208,54,180000.0,Mass,766,Karnataka,Chennai,2025-04-04
C102209,31,180000.0,Mass,850,Gujarat,Bengaluru,2021-05-03
C102210,27,180000.0,Mass,568,Delhi NCR,Bengaluru,2022-11-07
C102211,49,180000.0,Mass,690,Gujarat,Bengaluru,2021-12-26
C102212,52,180000.0,Mass,775,Delhi NCR,Ahmedabad,2025-01-01
C102213,45,180000.0,Mass,698,Telangana,Chennai,2023-11-22
C102214,26,180000.0,Mass,801,Gujarat,Chennai,2022-07-06
C102215,26,180000.0,Mass,717,Maharashtra,Chennai,2025-11-21
C102216,37,180000.0,Mass,729,Telangana,Kolkata,2023-05-01
C102217,39,180000.0,Mass,702,Maharashtra,Bengaluru,2022-06-12
C102218,60,180000.0,Mass,686,Karnataka,Jaipur,2025-08-06
C102219,33,265000.0,Mass,684,Maharashtra,Mumbai,2022-03-15
C102220,29,180000.0,Mass,738,West Bengal,Jaipur,2021-12-23
C102221,58,180000.0,Mass,670,Maharashtra,Mumbai,2021-10-07
C102222,28,180000.0,Mass,782,Maharashtra,Bengaluru,2020-07-26
C102223,23,183000.0,Mass,762,Karnataka,Bengaluru,2020-12-27
C102224,38,180000.0,Mass,791,Karnataka,Ahmedabad,2019-08-25
C102225,37,180000.0,Mass,647,Rajasthan,Jaipur,2024-03-08
C102226,46,180000.0,Mass,610,Tamil Nadu,Chennai,2023-03-14
C102227,56,180000.0,Mass,720,Telangana,Mumbai,2025-08-21
C102228,58,180000.0,Mass,850,Delhi NCR,Delhi,2023-05-08
C102229,33,180000.0,Mass,802,Maharashtra,Hyderabad,2019-07-29
C102230,60,180000.0,Mass,684,Delhi NCR,Delhi,2023-06-02
C102231,46,180000.0,Mass,748,Rajasthan,Delhi,2020-03-31
C102232,24,180000.0,Mass,767,Delhi NCR,Kolkata,2019-04-07
C102233,58,180000.0,Mass,631,Telangana,Mumbai,2023-09-19
C102234,27,180000.0,Mass,809,Gujarat,Chennai,2019-03-13
C102235,44,180000.0,Mass,709,West Bengal,Delhi,2021-11-29
C102236,52,180000.0,Mass,714,Karnataka,Hyderabad,2025-05-17
C102237,31,180000.0,Mass,722,Delhi NCR,Jaipur,2020-10-27
C102238,32,180000.0,Mass,794,Maharashtra,Jaipur,2023-12-14
C102239,40,180000.0,Mass,671,Tamil Nadu,Kolkata,2021-09-06
C102240,56,180000.0,Mass,609,West Bengal,Mumbai,2019-10-22
C102241,30,180000.0,Mass,741,Tamil Nadu,Hyderabad,2020-05-27
C102242,47,180000.0,Mass,587,Karnataka,Kolkata,2019-07-14
C102243,39,180000.0,Mass,700,Telangana,Ahmedabad,2020-01-28
C102244,26,180000.0,Mass,797,Rajasthan,Delhi,2020-02-25
C102245,49,180000.0,Mass,758,Telangana,Mumbai,2025-04-15
C102246,54,180000.0,Mass,788,West Bengal,Mumbai,2024-09-28
C102247,44,180000.0,Mass,760,Delhi NCR,Mumbai,2021-07-07
C102248,28,180000.0,Mass,850,West Bengal,Jaipur,2024-02-24
C102249,28,180000.0,Mass,682,Maharashtra,Jaipur,2020-06-15
C102250,38,180000.0,Mass,746,Gujarat,Kolkata,2023-07-19
C102251,41,180000.0,Mass,692,West Bengal,Ahmedabad,2020-06-10
C102252,43,180000.0,Mass,782,Rajasthan,Kolkata,2023-07-25
C102253,31,180000.0,Mass,716,Karnataka,Mumbai,2021-07-18
C102254,41,180000.0,Mass,832,Karnataka,Mumbai,2025-02-11
C102255,33,180000.0,Mass,685,Maharashtra,Ahmedabad,2024-12-11
C102256,48,180000.0,Mass,811,Delhi NCR,Mumbai,2021-05-16
C102257,53,180000.0,Mass,759,West Bengal,Delhi,2019-04-17
C102258,47,180000.0,Mass,718,Tamil Nadu,Delhi,2021-04-17
C102259,22,180000.0,Mass,755,Karnataka,Bengaluru,2021-01-03
C102260,60,180000.0,Mass,737,Maharashtra,Bengaluru,2022-01-11
C102261,22,180000.0,Mass,743,West Bengal,Chennai,2023-02-02
C102262,60,180000.0,Mass,707,Maharashtra,Bengaluru,2026-01-17
C102263,23,180000.0,Mass,674,Karnataka,Kolkata,2019-06-13
C102264,42,180000.0,Mass,698,Maharashtra,Chennai,2022-12-13
C102265,26,180000.0,Mass,611,Delhi NCR,Chennai,2020-03-22
C102266,25,180000.0,Mass,775,Gujarat,Bengaluru,2022-11-22
C102267,48,180000.0,Mass,640,Karnataka,Delhi,2023-07-14
C102268,50,180000.0,Mass,706,Maharashtra,Delhi,2024-10-05
C102269,26,180000.0,Mass,762,Rajasthan,Kolkata,2022-12-26
C102270,60,180000.0,Mass,775,Gujarat,Hyderabad,2020-04-07
C102271,34,180000.0,Mass,605,Gujarat,Ahmedabad,2025-07-03
C102272,34,180000.0,Mass,714,Karnataka,Bengaluru,2021-11-20
C102273,33,180000.0,Mass,750,Maharashtra,Ahmedabad,2022-05-31
C102274,39,180000.0,Mass,723,Delhi NCR,Hyderabad,2023-07-26
C102275,28,180000.0,Mass,807,Delhi NCR,Bengaluru,2020-11-19
C102276,38,180000.0,Mass,667,Gujarat,Bengaluru,2026-01-12
C102277,30,180000.0,Mass,587,West Bengal,Mumbai,2019-04-26
C102278,24,180000.0,Mass,773,Maharashtra,Bengaluru,2020-02-06
C102279,36,180000.0,Mass,685,West Bengal,Bengaluru,2026-01-18
C102280,48,180000.0,Mass,606,Karnataka,Chennai,2022-03-21
C102281,51,180000.0,Mass,710,Maharashtra,Delhi,2025-05-11
C102282,35,180000.0,Mass,800,West Bengal,Chennai,2025-06-12
C102283,34,180000.0,Mass,638,West Bengal,Bengaluru,2026-01-19
C102284,52,180000.0,Mass,850,Delhi NCR,Ahmedabad,2024-03-01
C102285,48,180000.0,Mass,666,Telangana,Bengaluru,2023-11-12
C102286,54,180000.0,Mass,726,Delhi NCR,Hyderabad,2023-05-15
C102287,57,227000.0,Mass,641,Telangana,Mumbai,2023-11-12
C102288,54,180000.0,Mass,723,Maharashtra,Chennai,2020-10-30
C102289,58,180000.0,Mass,711,Gujarat,Jaipur,2024-10-20
C102290,38,180000.0,Mass,623,Telangana,Hyderabad,2020-05-01
C102291,37,180000.0,Mass,850,Tamil Nadu,Kolkata,2022-05-31
C102292,34,180000.0,Mass,688,West Bengal,Ahmedabad,2021-08-30
C102293,31,180000.0,Mass,688,Gujarat,Jaipur,2024-06-02
C102294,51,180000.0,Mass,783,Karnataka,Delhi,2020-10-25
C102295,49,180000.0,Mass,838,Karnataka,Hyderabad,2020-06-20
C102296,53,180000.0,Mass,793,West Bengal,Hyderabad,2024-10-03
C102297,28,180000.0,Mass,642,Karnataka,Hyderabad,2022-06-19
C102298,41,180000.0,Mass,734,West Bengal,Mumbai,2024-02-17
C102299,30,180000.0,Mass,598,Karnataka,Ahmedabad,2025-04-04
C102300,56,180000.0,Mass,779,Gujarat,Delhi,2024-12-11
C102301,32,180000.0,Mass,614,Delhi NCR,Chennai,2021-11-05
C102302,27,180000.0,Mass,668,Gujarat,Kolkata,2020-03-20
C102303,44,180000.0,Mass,720,Delhi NCR,Hyderabad,2025-11-01
C102304,56,180000.0,Mass,749,Karnataka,Bengaluru,2021-03-16
C102305,57,180000.0,Mass,703,Tamil Nadu,Delhi,2024-06-22
C102306,25,180000.0,Mass,819,Tamil Nadu,Hyderabad,2024-06-21
C102307,34,180000.0,Mass,767,West Bengal,Ahmedabad,2022-02-24
C102308,27,180000.0,Mass,762,Karnataka,Kolkata,2020-03-01
C102309,34,180000.0,Mass,640,Maharashtra,Ahmedabad,2022-05-12
C102310,42,180000.0,Mass,830,Telangana,Bengaluru,2020-01-14
C102311,32,180000.0,Mass,668,Rajasthan,Bengaluru,2021-07-04
C102312,24,180000.0,Mass,833,West Bengal,Jaipur,2021-09-22
C102313,41,180000.0,Mass,850,West Bengal,Chennai,2022-09-09
C102314,24,180000.0,Mass,753,Tamil Nadu,Chennai,2020-04-29
C102315,30,180000.0,Mass,787,Tamil Nadu,Ahmedabad,2025-01-08
C102316,22,319000.0,Mass,520,West Bengal,Delhi,2019-07-25
C102317,25,180000.0,Mass,707,West Bengal,Hyderabad,2026-01-06
C102318,39,180000.0,Mass,792,Delhi NCR,Jaipur,2021-03-24
C102319,55,180000.0,Mass,780,Delhi NCR,Jaipur,2022-06-26
C102320,52,180000.0,Mass,641,West Bengal,Jaipur,2025-03-26
C102321,25,180000.0,Mass,701,Karnataka,Ahmedabad,2023-08-29
C102322,23,180000.0,Mass,555,Maharashtra,Hyderabad,2019-05-27
C102323,35,180000.0,Mass,747,Rajasthan,Ahmedabad,2023-04-20
C102324,47,180000.0,Mass,598,Tamil Nadu,Delhi,2023-01-11
C102325,51,180000.0,Mass,793,Karnataka,Delhi,2025-08-21
C102326,54,180000.0,Mass,797,Gujarat,Ahmedabad,2023-01-03
C102327,35,180000.0,Mass,689,Telangana,Kolkata,2026-01-23
C102328,28,180000.0,Mass,754,Delhi NCR,Ahmedabad,2022-10-12
C102329,23,180000.0,Mass,706,Delhi NCR,Jaipur,2020-05-15
C102330,27,180000.0,Mass,736,Karnataka,Kolkata,2022-08-07
C102331,24,180000.0,Mass,645,Gujarat,Bengaluru,2025-07-13
C102332,55,180000.0,Mass,760,Karnataka,Chennai,2019-02-14
C102333,32,180000.0,Mass,613,West Bengal,Chennai,2021-11-03
C102334,54,180000.0,Mass,601,Karnataka,Kolkata,2019-05-04
C102335,43,180000.0,Mass,712,Tamil Nadu,Delhi,2024-12-28
C102336,43,180000.0,Mass,706,Tamil Nadu,Bengaluru,2022-08-22
C102337,39,180000.0,Mass,738,Tamil Nadu,Kolkata,2024-02-05
C102338,53,180000.0,Mass,678,Tamil Nadu,Mumbai,2025-11-22
C102339,23,180000.0,Mass,843,Telangana,Ahmedabad,2024-12-03
C102340,25,180000.0,Mass,730,Tamil Nadu,Mumbai,2021-11-26
C102341,38,180000.0,Mass,735,Karnataka,Mumbai,2025-08-27
C102342,37,180000.0,Mass,733,Maharashtra,Hyderabad,2022-05-13
C102343,43,197000.0,Mass,785,Tamil Nadu,Bengaluru,2025-12-19
C102344,50,180000.0,Mass,757,Maharashtra,Bengaluru,2025-12-28
C102345,44,180000.0,Mass,749,Delhi NCR,Kolkata,2020-07-30
C102346,32,180000.0,Mass,768,Maharashtra,Ahmedabad,2024-07-18
C102347,34,180000.0,Mass,601,Delhi NCR,Delhi,2023-12-20
C102348,51,180000.0,Mass,604,Karnataka,Jaipur,2024-06-25
C102349,29,180000.0,Mass,715,Delhi NCR,Bengaluru,2020-03-12
C102350,41,180000.0,Mass,707,Karnataka,Kolkata,2022-08-05
C102351,43,180000.0,Mass,758,Tamil Nadu,Bengaluru,2020-01-29
C102352,51,180000.0,Mass,721,Maharashtra,Kolkata,2025-05-23
C102353,49,180000.0,Mass,758,Telangana,Ahmedabad,2025-03-20
C102354,40,180000.0,Mass,639,Karnataka,Mumbai,2023-02-20
C102355,34,180000.0,Mass,719,Delhi NCR,Mumbai,2019-12-04
C102356,36,180000.0,Mass,633,Tamil Nadu,Ahmedabad,2023-09-04
C102357,38,180000.0,Mass,745,Rajasthan,Delhi,2022-02-16
C102358,30,180000.0,Mass,598,Telangana,Delhi,2024-08-09
C102359,46,180000.0,Mass,743,Tamil Nadu,Delhi,2019-09-16
C102360,30,180000.0,Mass,625,Delhi NCR,Bengaluru,2021-11-23
C102361,47,196000.0,Mass,695,Karnataka,Jaipur,2021-07-29
C102362,51,180000.0,Mass,778,Telangana,Chennai,2025-10-14
C102363,59,180000.0,Mass,735,Gujarat,Bengaluru,2021-02-14
C102364,26,180000.0,Mass,613,Delhi NCR,Jaipur,2026-01-12
C102365,51,180000.0,Mass,676,Karnataka,Kolkata,2025-07-25
C102366,25,180000.0,Mass,622,Gujarat,Bengaluru,2023-03-07
C102367,35,180000.0,Mass,610,Telangana,Chennai,2020-03-30
C102368,28,180000.0,Mass,728,Gujarat,Jaipur,2020-07-31
C102369,28,180000.0,Mass,756,Maharashtra,Delhi,2019-02-14
C102370,28,180000.0,Mass,749,Gujarat,Mumbai,2024-07-07
C102371,23,186000.0,Mass,759,West Bengal,Delhi,2024-03-01
C102372,54,180000.0,Mass,719,Karnataka,Mumbai,2021-04-17
C102373,24,180000.0,Mass,702,Maharashtra,Ahmedabad,2024-03-16
C102374,37,180000.0,Mass,650,Rajasthan,Mumbai,2023-02-09
C102375,49,180000.0,Mass,691,Rajasthan,Delhi,2024-10-24
C102376,60,180000.0,Mass,634,Karnataka,Jaipur,2019-08-14
C102377,55,180000.0,Mass,665,Tamil Nadu,Bengaluru,2020-06-01
C102378,27,180000.0,Mass,726,Karnataka,Hyderabad,2024-09-30
C102379,60,180000.0,Mass,712,Rajasthan,Mumbai,2021-08-19
C102380,47,180000.0,Mass,850,Gujarat,Kolkata,2025-10-29
C102381,29,180000.0,Mass,633,Gujarat,Mumbai,2025-04-09
C102382,39,180000.0,Mass,712,Maharashtra,Ahmedabad,2019-09-02
C102383,57,180000.0,Mass,627,Tamil Nadu,Mumbai,2021-11-15
C102384,37,180000.0,Mass,695,Karnataka,Kolkata,2024-03-17
C102385,29,180000.0,Mass,697,Delhi NCR,Bengaluru,2019-12-21
C102386,56,180000.0,Mass,775,Gujarat,Hyderabad,2025-02-16
C102387,59,180000.0,Mass,691,Tamil Nadu,Bengaluru,2019-09-13
C102388,60,180000.0,Mass,708,West Bengal,Hyderabad,2019-10-12
C102389,59,180000.0,Mass,692,Karnataka,Kolkata,2022-11-13
C102390,56,180000.0,Mass,629,Karnataka,Kolkata,2020-10-03
C102391,39,180000.0,Mass,678,Gujarat,Bengaluru,2023-07-20
C102392,29,180000.0,Mass,695,Delhi NCR,Kolkata,2021-10-15
C102393,46,180000.0,Mass,725,Karnataka,Ahmedabad,2020-12-04
C102394,30,180000.0,Mass,756,Delhi NCR,Delhi,2024-12-15
C102395,40,180000.0,Mass,705,Gujarat,Jaipur,2020-02-19
C102396,47,180000.0,Mass,704,Tamil Nadu,Bengaluru,2022-07-06
C102397,58,180000.0,Mass,608,Tamil Nadu,Ahmedabad,2020-03-14
C102398,33,180000.0,Mass,755,Karnataka,Kolkata,2019-12-23
C102399,31,180000.0,Mass,675,Maharashtra,Mumbai,2020-06-17
C102400,50,180000.0,Mass,769,Delhi NCR,Ahmedabad,2020-10-28
C102401,22,180000.0,Mass,806,Gujarat,Hyderabad,2021-12-07
C102402,44,180000.0,Mass,708,Tamil Nadu,Jaipur,2022-04-30
C102403,51,180000.0,Mass,653,Rajasthan,Ahmedabad,2019-12-27
C102404,43,180000.0,Mass,719,Karnataka,Chennai,2019-04-13
C102405,36,180000.0,Mass,743,Gujarat,Kolkata,2019-09-04
C102406,54,180000.0,Mass,699,Maharashtra,Bengaluru,2023-06-29
C102407,36,203000.0,Mass,683,Karnataka,Ahmedabad,2025-12-07
C102408,49,180000.0,Mass,757,Rajasthan,Ahmedabad,2019-03-07
C102409,40,180000.0,Mass,752,Rajasthan,Chennai,2019-04-01
C102410,23,180000.0,Mass,697,Maharashtra,Hyderabad,2024-07-23
C102411,42,180000.0,Mass,612,Rajasthan,Mumbai,2024-02-28
C102412,23,180000.0,Mass,750,Karnataka,Chennai,2024-03-23
C102413,58,180000.0,Mass,670,Rajasthan,Jaipur,2020-03-25
C102414,45,180000.0,Mass,734,West Bengal,Kolkata,2025-02-28
C102415,36,180000.0,Mass,730,Karnataka,Jaipur,2023-06-10
C102416,40,180000.0,Mass,597,Tamil Nadu,Delhi,2020-02-15
C102417,46,180000.0,Mass,725,Delhi NCR,Hyderabad,2019-10-28
C102418,32,180000.0,Mass,753,Maharashtra,Mumbai,2023-04-16
C102419,33,180000.0,Mass,761,Maharashtra,Mumbai,2024-07-18
C102420,38,180000.0,Mass,728,Tamil Nadu,Hyderabad,2024-07-23
C102421,32,180000.0,Mass,591,Karnataka,Chennai,2023-03-08
C102422,51,180000.0,Mass,803,Karnataka,Kolkata,2022-09-02
C102423,26,216000.0,Mass,747,Maharashtra,Bengaluru,2023-12-14
C102424,54,180000.0,Mass,642,Delhi NCR,Jaipur,2019-12-07
C102425,35,180000.0,Mass,669,Maharashtra,Mumbai,2021-08-06
C102426,43,180000.0,Mass,735,Gujarat,Chennai,2019-09-15
C102427,28,180000.0,Mass,764,Karnataka,Ahmedabad,2024-12-21
C102428,37,180000.0,Mass,688,Karnataka,Jaipur,2023-04-25
C102429,51,180000.0,Mass,774,Telangana,Delhi,2024-07-13
C102430,32,180000.0,Mass,603,Karnataka,Bengaluru,2022-07-17
C102431,27,180000.0,Mass,652,Telangana,Kolkata,2025-08-14
C102432,42,180000.0,Mass,586,Gujarat,Delhi,2025-08-13
C102433,28,180000.0,Mass,662,Telangana,Bengaluru,2023-05-22
C102434,34,180000.0,Mass,818,Maharashtra,Kolkata,2024-12-07
C102435,39,180000.0,Mass,850,West Bengal,Bengaluru,2023-09-11
C102436,43,180000.0,Mass,735,Karnataka,Chennai,2024-02-25
C102437,46,180000.0,Mass,679,West Bengal,Mumbai,2020-10-04
C102438,48,180000.0,Mass,706,Maharashtra,Bengaluru,2025-12-29
C102439,54,180000.0,Mass,751,Karnataka,Hyderabad,2020-04-24
C102440,24,180000.0,Mass,618,Tamil Nadu,Delhi,2023-12-11
C102441,36,180000.0,Mass,683,Maharashtra,Chennai,2023-04-27
C102442,22,180000.0,Mass,813,Gujarat,Ahmedabad,2019-08-29
C102443,22,180000.0,Mass,652,Delhi NCR,Hyderabad,2024-07-07
C102444,30,180000.0,Mass,671,Delhi NCR,Mumbai,2019-07-21
C102445,45,180000.0,Mass,721,Tamil Nadu,Bengaluru,2022-08-17
C102446,56,180000.0,Mass,738,Rajasthan,Mumbai,2024-10-22
C102447,52,180000.0,Mass,679,Gujarat,Bengaluru,2019-11-22
C102448,47,180000.0,Mass,725,Karnataka,Kolkata,2021-07-26
C102449,52,180000.0,Mass,760,Delhi NCR,Hyderabad,2022-08-14
C102450,28,180000.0,Mass,847,Maharashtra,Mumbai,2025-07-31
C102451,54,180000.0,Mass,712,Karnataka,Hyderabad,2021-09-20
C102452,56,180000.0,Mass,717,Karnataka,Chennai,2019-11-04
C102453,25,180000.0,Mass,819,Maharashtra,Bengaluru,2019-12-08
C102454,40,180000.0,Mass,684,Maharashtra,Jaipur,2020-05-31
C102455,54,180000.0,Mass,634,Maharashtra,Jaipur,2025-03-03
C102456,40,180000.0,Mass,736,Tamil Nadu,Kolkata,2024-07-03
C102457,54,180000.0,Mass,790,Delhi NCR,Kolkata,2021-12-22
C102458,58,180000.0,Mass,743,Rajasthan,Hyderabad,2025-01-12
C102459,40,211000.0,Mass,714,Karnataka,Kolkata,2025-07-15
C102460,24,180000.0,Mass,626,Karnataka,Hyderabad,2025-03-04
C102461,35,180000.0,Mass,716,Tamil Nadu,Mumbai,2019-01-12
C102462,30,180000.0,Mass,800,Karnataka,Mumbai,2019-09-15
C102463,40,180000.0,Mass,640,Maharashtra,Kolkata,2024-03-01
C102464,44,180000.0,Mass,704,Tamil Nadu,Chennai,2021-09-19
C102465,40,180000.0,Mass,695,Delhi NCR,Delhi,2020-02-18
C102466,29,180000.0,Mass,675,Karnataka,Mumbai,2023-08-08
C102467,33,180000.0,Mass,736,Telangana,Chennai,2021-07-13
C102468,48,180000.0,Mass,749,Telangana,Bengaluru,2025-07-16
C102469,23,180000.0,Mass,748,West Bengal,Mumbai,2023-02-08
C102470,30,180000.0,Mass,657,Maharashtra,Bengaluru,2020-09-13
C102471,56,180000.0,Mass,613,Delhi NCR,Mumbai,2025-08-26
C102472,25,180000.0,Mass,737,Delhi NCR,Hyderabad,2023-04-10
C102473,38,180000.0,Mass,687,Maharashtra,Bengaluru,2021-02-09
C102474,30,180000.0,Mass,839,Tamil Nadu,Mumbai,2020-01-09
C102475,26,180000.0,Mass,842,Telangana,Delhi,2022-12-14
C102476,38,180000.0,Mass,849,Maharashtra,Mumbai,2024-04-26
C102477,42,180000.0,Mass,659,Gujarat,Hyderabad,2024-12-13
C102478,28,180000.0,Mass,757,Gujarat,Kolkata,2019-11-28
C102479,25,180000.0,Mass,777,Delhi NCR,Kolkata,2022-01-28
C102480,27,180000.0,Mass,769,Karnataka,Bengaluru,2026-02-12
C102481,47,180000.0,Mass,697,Gujarat,Mumbai,2023-09-15
C102482,55,180000.0,Mass,803,Karnataka,Delhi,2019-08-28
C102483,29,180000.0,Mass,720,Telangana,Ahmedabad,2025-07-12
C102484,34,180000.0,Mass,728,Telangana,Chennai,2023-11-17
C102485,35,180000.0,Mass,620,Gujarat,Chennai,2022-04-11
C102486,36,180000.0,Mass,762,Tamil Nadu,Hyderabad,2024-07-13
C102487,31,180000.0,Mass,703,Maharashtra,Chennai,2023-08-13
C102488,24,180000.0,Mass,750,Maharashtra,Bengaluru,2020-11-01
C102489,42,180000.0,Mass,735,Delhi NCR,Bengaluru,2024-09-01
C102490,35,180000.0,Mass,732,Karnataka,Bengaluru,2020-10-24
C102491,35,180000.0,Mass,717,Delhi NCR,Ahmedabad,2020-08-18
C102492,32,180000.0,Mass,771,Telangana,Kolkata,2023-03-30
C102493,58,180000.0,Mass,707,West Bengal,Jaipur,2019-02-18
C102494,45,180000.0,Mass,625,Maharashtra,Chennai,2023-06-28
C102495,38,180000.0,Mass,757,Gujarat,Bengaluru,2022-12-02
C102496,30,180000.0,Mass,667,Karnataka,Bengaluru,2024-02-17
C102497,53,180000.0,Mass,634,Rajasthan,Kolkata,2020-02-19
C102498,56,180000.0,Mass,654,Telangana,Ahmedabad,2023-02-17
C102499,23,180000.0,Mass,738,Tamil Nadu,Jaipur,2022-02-22
C102500,58,187000.0,Mass,714,Delhi NCR,Hyderabad,2020-03-29
C102501,49,180000.0,Mass,581,Maharashtra,Jaipur,2022-03-20
C102502,25,180000.0,Mass,695,Tamil Nadu,Mumbai,2025-07-30
C102503,51,180000.0,Mass,796,Delhi NCR,Kolkata,2024-11-13
C102504,26,180000.0,Mass,691,Karnataka,Hyderabad,2020-03-09
C102505,23,180000.0,Mass,709,Rajasthan,Chennai,2025-01-10
C102506,26,180000.0,Mass,788,West Bengal,Hyderabad,2023-01-09
C102507,39,180000.0,Mass,772,Rajasthan,Ahmedabad,2019-05-03
C102508,46,180000.0,Mass,786,Delhi NCR,Hyderabad,2025-07-20
C102509,37,180000.0,Mass,540,Maharashtra,Kolkata,2022-09-29
C102510,26,206000.0,Mass,833,Tamil Nadu,Kolkata,2025-07-01
C102511,29,180000.0,Mass,761,Karnataka,Jaipur,2019-09-13
C102512,55,180000.0,Mass,850,Delhi NCR,Chennai,2020-03-12
C102513,59,180000.0,Mass,669,Karnataka,Kolkata,2025-06-02
C102514,51,180000.0,Mass,605,West Bengal,Jaipur,2020-09-12
C102515,26,180000.0,Mass,720,Maharashtra,Bengaluru,2022-11-29
C102516,53,180000.0,Mass,702,Karnataka,Chennai,2023-04-14
C102517,48,180000.0,Mass,762,Karnataka,Delhi,2025-10-01
C102518,42,180000.0,Mass,790,Telangana,Chennai,2021-05-26
C102519,27,180000.0,Mass,714,Karnataka,Bengaluru,2024-05-13
C102520,60,180000.0,Mass,704,Karnataka,Delhi,2024-03-15
C102521,39,180000.0,Mass,754,Karnataka,Chennai,2023-12-28
C102522,23,180000.0,Mass,703,Maharashtra,Hyderabad,2022-09-20
C102523,30,180000.0,Mass,698,Rajasthan,Bengaluru,2019-07-04
C102524,37,180000.0,Mass,787,Gujarat,Bengaluru,2020-11-22
C102525,24,180000.0,Mass,802,Maharashtra,Hyderabad,2022-12-29
C102526,34,180000.0,Mass,790,Karnataka,Jaipur,2021-12-04
C102527,40,180000.0,Mass,709,Karnataka,Delhi,2020-04-24
C102528,58,180000.0,Mass,581,Maharashtra,Jaipur,2023-12-02
C102529,25,180000.0,Mass,710,Karnataka,Kolkata,2022-04-14
C102530,44,180000.0,Mass,671,Karnataka,Ahmedabad,2024-08-03
C102531,57,180000.0,Mass,712,Karnataka,Bengaluru,2022-11-26
C102532,53,180000.0,Mass,676,Maharashtra,Hyderabad,2021-08-18
C102533,58,180000.0,Mass,719,Delhi NCR,Hyderabad,2019-10-10
C102534,28,180000.0,Mass,652,Karnataka,Kolkata,2019-09-30
C102535,53,180000.0,Mass,637,Telangana,Hyderabad,2022-08-11
C102536,60,180000.0,Mass,799,Tamil Nadu,Jaipur,2021-07-07
C102537,34,180000.0,Mass,657,West Bengal,Kolkata,2024-02-11
C102538,41,188000.0,Mass,720,Karnataka,Hyderabad,2023-06-28
C102539,42,180000.0,Mass,782,Delhi NCR,Hyderabad,2021-01-09
C102540,41,180000.0,Mass,779,West Bengal,Bengaluru,2024-05-29
C102541,33,180000.0,Mass,772,Rajasthan,Kolkata,2023-01-11
C102542,59,180000.0,Mass,740,Delhi NCR,Delhi,2025-04-06
C102543,59,180000.0,Mass,767,Karnataka,Jaipur,2025-10-14
C102544,36,180000.0,Mass,809,Rajasthan,Bengaluru,2025-11-06
C102545,53,180000.0,Mass,748,Delhi NCR,Mumbai,2019-11-26
C102546,37,180000.0,Mass,601,Karnataka,Delhi,2022-10-08
C102547,52,180000.0,Mass,686,Karnataka,Chennai,2019-03-16
C102548,44,180000.0,Mass,765,Rajasthan,Hyderabad,2025-04-07
C102549,40,180000.0,Mass,679,Karnataka,Chennai,2024-01-01
C102550,26,180000.0,Mass,825,Delhi NCR,Delhi,2020-11-12
C102551,47,180000.0,Mass,716,Gujarat,Delhi,2023-04-28
C102552,34,180000.0,Mass,726,Telangana,Mumbai,2022-12-26
C102553,30,180000.0,Mass,793,Karnataka,Kolkata,2022-11-13
C102554,29,180000.0,Mass,708,Telangana,Chennai,2022-11-03
C102555,60,180000.0,Mass,731,Tamil Nadu,Hyderabad,2026-01-02
C102556,26,180000.0,Mass,778,West Bengal,Hyderabad,2024-06-21
C102557,53,180000.0,Mass,624,Karnataka,Delhi,2021-11-12
C102558,55,180000.0,Mass,701,Karnataka,Ahmedabad,2024-07-03
C102559,23,180000.0,Mass,774,Karnataka,Bengaluru,2020-01-02
C102560,44,180000.0,Mass,724,Karnataka,Mumbai,2021-01-11
C102561,44,180000.0,Mass,815,Rajasthan,Jaipur,2019-11-02
C102562,35,180000.0,Mass,618,Karnataka,Mumbai,2025-04-22
C102563,48,180000.0,Mass,610,Karnataka,Mumbai,2019-03-03
C102564,37,180000.0,Mass,770,Delhi NCR,Kolkata,2025-05-06
C102565,39,180000.0,Mass,776,Maharashtra,Mumbai,2024-12-03
C102566,38,180000.0,Mass,707,Maharashtra,Chennai,2025-10-01
C102567,53,180000.0,Mass,746,Telangana,Ahmedabad,2024-06-14
C102568,46,180000.0,Mass,768,Gujarat,Delhi,2022-04-04
C102569,36,180000.0,Mass,667,West Bengal,Hyderabad,2024-10-11
C102570,58,180000.0,Mass,674,Telangana,Hyderabad,2026-01-11
C102571,53,180000.0,Mass,732,Maharashtra,Hyderabad,2025-05-09
C102572,58,180000.0,Mass,779,Tamil Nadu,Kolkata,2024-08-02
C102573,50,180000.0,Mass,644,West Bengal,Hyderabad,2024-06-16
C102574,37,180000.0,Mass,707,Maharashtra,Hyderabad,2023-08-26
C102575,52,180000.0,Mass,704,Delhi NCR,Jaipur,2025-05-07
C102576,34,180000.0,Mass,747,Gujarat,Bengaluru,2022-01-28
C102577,32,180000.0,Mass,719,Tamil Nadu,Kolkata,2022-07-26
C102578,39,180000.0,Mass,685,Delhi NCR,Mumbai,2024-12-30
C102579,59,180000.0,Mass,801,Karnataka,Ahmedabad,2020-11-13
C102580,44,180000.0,Mass,685,Gujarat,Bengaluru,2024-06-09
C102581,36,180000.0,Mass,701,Karnataka,Hyderabad,2019-10-14
C102582,40,180000.0,Mass,617,Telangana,Kolkata,2023-03-03
C102583,33,180000.0,Mass,674,Tamil Nadu,Chennai,2019-04-01
C102584,47,180000.0,Mass,754,Maharashtra,Delhi,2026-02-05
C102585,35,180000.0,Mass,741,Karnataka,Chennai,2024-12-29
C102586,43,180000.0,Mass,759,Rajasthan,Kolkata,2020-10-10
C102587,36,180000.0,Mass,756,Maharashtra,Jaipur,2020-01-26
C102588,34,180000.0,Mass,850,Maharashtra,Delhi,2023-07-27
C102589,59,180000.0,Mass,671,Karnataka,Ahmedabad,2025-06-02
C102590,35,180000.0,Mass,615,Tamil Nadu,Kolkata,2021-04-14
C102591,24,180000.0,Mass,652,Maharashtra,Bengaluru,2025-11-04
C102592,36,180000.0,Mass,674,West Bengal,Jaipur,2022-04-05
C102593,42,180000.0,Mass,657,Telangana,Kolkata,2022-02-22
C102594,25,180000.0,Mass,726,Karnataka,Delhi,2021-05-31
C102595,33,180000.0,Mass,801,Tamil Nadu,Hyderabad,2020-12-04
C102596,28,180000.0,Mass,820,Maharashtra,Ahmedabad,2021-05-19
C102597,41,180000.0,Mass,753,Karnataka,Chennai,2020-03-25
C102598,50,180000.0,Mass,850,Tamil Nadu,Bengaluru,2021-09-06
C102599,59,180000.0,Mass,697,Karnataka,Ahmedabad,2021-01-23
C102600,37,180000.0,Mass,614,West Bengal,Hyderabad,2019-05-28
C102601,55,180000.0,Mass,788,Tamil Nadu,Ahmedabad,2021-07-31
C102602,30,180000.0,Mass,600,Karnataka,Kolkata,2019-04-14
C102603,52,180000.0,Mass,671,Rajasthan,Kolkata,2020-04-15
C102604,43,180000.0,Mass,754,Tamil Nadu,Hyderabad,2024-02-28
C102605,51,180000.0,Mass,713,Karnataka,Ahmedabad,2019-03-07
C102606,51,180000.0,Mass,708,Tamil Nadu,Ahmedabad,2021-03-19
C102607,42,180000.0,Mass,643,Rajasthan,Hyderabad,2023-11-14
C102608,32,180000.0,Mass,719,Gujarat,Delhi,2019-02-25
C102609,42,180000.0,Mass,785,Gujarat,Mumbai,2024-04-01
C102610,54,180000.0,Mass,721,Gujarat,Chennai,2019-07-31
C102611,59,180000.0,Mass,666,Maharashtra,Chennai,2019-05-24
C102612,58,180000.0,Mass,639,Karnataka,Ahmedabad,2020-05-24
C102613,29,180000.0,Mass,667,Tamil Nadu,Mumbai,2025-02-14
C102614,45,180000.0,Mass,746,West Bengal,Kolkata,2019-05-06
C102615,26,180000.0,Mass,742,Delhi NCR,Chennai,2019-09-14
C102616,48,180000.0,Mass,668,Karnataka,Hyderabad,2025-09-25
C102617,60,180000.0,Mass,576,Gujarat,Bengaluru,2023-05-06
C102618,24,180000.0,Mass,747,Karnataka,Ahmedabad,2023-01-17
C102619,47,180000.0,Mass,662,Maharashtra,Mumbai,2019-04-16
C102620,58,180000.0,Mass,765,Telangana,Ahmedabad,2021-10-21
C102621,55,180000.0,Mass,671,Maharashtra,Kolkata,2023-02-07
C102622,37,180000.0,Mass,656,West Bengal,Hyderabad,2022-10-17
C102623,26,180000.0,Mass,730,Gujarat,Jaipur,2022-09-17
C102624,58,180000.0,Mass,850,Telangana,Chennai,2019-10-21
C102625,57,180000.0,Mass,769,West Bengal,Kolkata,2026-01-15
C102626,44,180000.0,Mass,729,Telangana,Mumbai,2023-12-30
C102627,60,190000.0,Mass,743,West Bengal,Kolkata,2020-09-20
C102628,22,180000.0,Mass,606,Delhi NCR,Hyderabad,2025-11-25
C102629,46,180000.0,Mass,647,Tamil Nadu,Bengaluru,2021-02-22
C102630,23,180000.0,Mass,557,Maharashtra,Delhi,2019-12-06
C102631,58,180000.0,Mass,832,Maharashtra,Chennai,2025-05-10
C102632,48,180000.0,Mass,819,West Bengal,Bengaluru,2020-02-01
C102633,57,180000.0,Mass,746,Karnataka,Kolkata,2019-06-08
C102634,43,180000.0,Mass,729,Rajasthan,Hyderabad,2023-06-23
C102635,25,180000.0,Mass,619,Maharashtra,Hyderabad,2020-11-17
C102636,23,180000.0,Mass,706,Delhi NCR,Hyderabad,2020-01-31
C102637,35,180000.0,Mass,837,Maharashtra,Bengaluru,2019-09-24
C102638,50,180000.0,Mass,729,Rajasthan,Ahmedabad,2019-11-24
C102639,27,180000.0,Mass,683,Karnataka,Delhi,2025-11-03
C102640,55,180000.0,Mass,606,Maharashtra,Ahmedabad,2023-10-10
C102641,31,180000.0,Mass,810,West Bengal,Jaipur,2024-12-31
C102642,41,180000.0,Mass,715,Maharashtra,Ahmedabad,2023-05-28
C102643,29,180000.0,Mass,606,Maharashtra,Chennai,2022-11-13
C102644,40,202000.0,Mass,660,West Bengal,Chennai,2020-07-20
C102645,39,180000.0,Mass,637,West Bengal,Bengaluru,2025-11-19
C102646,22,180000.0,Mass,711,Karnataka,Kolkata,2024-11-10
C102647,44,180000.0,Mass,733,Tamil Nadu,Mumbai,2022-10-05
C102648,52,180000.0,Mass,687,Maharashtra,Chennai,2019-10-01
C102649,58,180000.0,Mass,771,Karnataka,Jaipur,2024-05-30
C102650,34,180000.0,Mass,725,Tamil Nadu,Jaipur,2021-05-14
C102651,56,180000.0,Mass,789,Karnataka,Mumbai,2020-06-27
C102652,56,236000.0,Mass,697,Gujarat,Chennai,2024-04-05
C102653,60,180000.0,Mass,850,Maharashtra,Hyderabad,2024-12-16
C102654,36,180000.0,Mass,683,West Bengal,Delhi,2023-05-16
C102655,55,180000.0,Mass,661,Tamil Nadu,Ahmedabad,2019-07-12
C102656,44,180000.0,Mass,653,Karnataka,Hyderabad,2023-04-10
C102657,24,180000.0,Mass,706,Rajasthan,Kolkata,2025-07-17
C102658,32,180000.0,Mass,608,Delhi NCR,Kolkata,2023-11-20
C102659,48,180000.0,Mass,739,Maharashtra,Kolkata,2020-11-21
C102660,28,180000.0,Mass,596,Rajasthan,Jaipur,2023-08-08
C102661,38,180000.0,Mass,731,Maharashtra,Kolkata,2020-10-09
C102662,52,180000.0,Mass,632,Maharashtra,Hyderabad,2025-03-23
C102663,27,180000.0,Mass,695,Maharashtra,Jaipur,2025-01-08
C102664,41,180000.0,Mass,759,Karnataka,Chennai,2023-01-18
C102665,30,180000.0,Mass,850,Telangana,Delhi,2019-12-18
C102666,42,180000.0,Mass,650,Tamil Nadu,Jaipur,2021-11-09
C102667,31,180000.0,Mass,710,West Bengal,Bengaluru,2019-11-11
C102668,59,180000.0,Mass,673,Maharashtra,Jaipur,2024-06-14
C102669,24,180000.0,Mass,663,Karnataka,Kolkata,2023-11-05
C102670,59,180000.0,Mass,674,Maharashtra,Jaipur,2020-11-05
C102671,52,180000.0,Mass,774,Karnataka,Kolkata,2025-02-04
C102672,55,180000.0,Mass,688,Rajasthan,Mumbai,2024-05-28
C102673,55,180000.0,Mass,850,Telangana,Ahmedabad,2025-08-31
C102674,29,180000.0,Mass,747,Delhi NCR,Bengaluru,2020-12-28
C102675,58,180000.0,Mass,654,Delhi NCR,Hyderabad,2020-03-30
C102676,45,180000.0,Mass,696,Maharashtra,Chennai,2022-06-02
C102677,59,180000.0,Mass,668,Karnataka,Chennai,2020-11-20
C102678,56,180000.0,Mass,772,Gujarat,Delhi,2024-04-05
C102679,44,180000.0,Mass,613,Delhi NCR,Kolkata,2022-01-11
C102680,36,180000.0,Mass,633,Maharashtra,Bengaluru,2023-06-20
C102681,26,180000.0,Mass,682,Karnataka,Jaipur,2020-03-22
C102682,25,180000.0,Mass,764,Telangana,Ahmedabad,2019-08-11
C102683,37,180000.0,Mass,800,Karnataka,Kolkata,2025-09-03
C102684,53,180000.0,Mass,810,Tamil Nadu,Hyderabad,2022-03-07
C102685,41,180000.0,Mass,754,Karnataka,Chennai,2019-12-29
C102686,40,180000.0,Mass,715,Gujarat,Mumbai,2024-10-11
C102687,31,180000.0,Mass,772,Gujarat,Mumbai,2019-12-12
C102688,44,180000.0,Mass,646,West Bengal,Delhi,2026-02-04
C102689,46,180000.0,Mass,600,Telangana,Ahmedabad,2021-09-30
C102690,60,180000.0,Mass,748,Karnataka,Mumbai,2022-04-28
C102691,50,180000.0,Mass,655,Delhi NCR,Bengaluru,2020-11-05
C102692,45,180000.0,Mass,716,Delhi NCR,Kolkata,2019-08-12
C102693,57,180000.0,Mass,728,Telangana,Chennai,2021-11-28
C102694,38,180000.0,Mass,736,Rajasthan,Ahmedabad,2021-08-10
C102695,58,180000.0,Mass,781,Delhi NCR,Ahmedabad,2022-03-10
C102696,36,180000.0,Mass,774,Karnataka,Hyderabad,2022-06-27
C102697,26,180000.0,Mass,733,Maharashtra,Chennai,2023-06-28
C102698,38,180000.0,Mass,691,Maharashtra,Hyderabad,2019-07-10
C102699,27,180000.0,Mass,727,Gujarat,Ahmedabad,2021-07-31
C102700,26,180000.0,Mass,681,Rajasthan,Ahmedabad,2025-02-25
C102701,56,180000.0,Mass,707,Tamil Nadu,Kolkata,2025-10-10
C102702,52,180000.0,Mass,850,Maharashtra,Chennai,2022-11-01
C102703,30,180000.0,Mass,732,Rajasthan,Jaipur,2021-08-10
C102704,54,180000.0,Mass,749,Telangana,Kolkata,2021-12-17
C102705,24,180000.0,Mass,674,Maharashtra,Delhi,2024-07-26
C102706,33,180000.0,Mass,786,West Bengal,Hyderabad,2021-10-29
C102707,49,180000.0,Mass,769,Maharashtra,Kolkata,2025-09-22
C102708,33,180000.0,Mass,770,Tamil Nadu,Bengaluru,2019-03-15
C102709,50,180000.0,Mass,734,Gujarat,Chennai,2023-04-25
C102710,56,180000.0,Mass,787,Rajasthan,Delhi,2022-09-11
C102711,24,180000.0,Mass,803,Maharashtra,Bengaluru,2022-03-20
C102712,22,180000.0,Mass,738,Maharashtra,Mumbai,2022-05-21
C102713,58,180000.0,Mass,713,Telangana,Bengaluru,2020-02-18
C102714,42,180000.0,Mass,778,West Bengal,Chennai,2021-06-18
C102715,41,180000.0,Mass,661,Karnataka,Hyderabad,2021-07-07
C102716,40,180000.0,Mass,673,Karnataka,Chennai,2023-09-09
C102717,38,180000.0,Mass,717,Rajasthan,Bengaluru,2023-04-05
C102718,48,180000.0,Mass,607,Delhi NCR,Chennai,2021-12-04
C102719,44,180000.0,Mass,774,Maharashtra,Jaipur,2022-09-06
C102720,28,180000.0,Mass,657,Maharashtra,Bengaluru,2023-01-26
C102721,46,180000.0,Mass,689,Gujarat,Kolkata,2019-05-03
C102722,48,180000.0,Mass,706,Telangana,Ahmedabad,2025-04-20
C102723,26,180000.0,Mass,723,Tamil Nadu,Bengaluru,2025-05-09
C102724,36,226000.0,Mass,698,Delhi NCR,Bengaluru,2021-08-04
C102725,52,180000.0,Mass,716,Karnataka,Bengaluru,2024-06-01
C102726,46,180000.0,Mass,716,Delhi NCR,Chennai,2021-10-31
C102727,27,180000.0,Mass,691,Karnataka,Chennai,2019-06-25
C102728,23,180000.0,Mass,670,West Bengal,Hyderabad,2025-03-01
C102729,44,205000.0,Mass,790,Karnataka,Bengaluru,2020-11-26
C102730,40,180000.0,Mass,583,Karnataka,Delhi,2021-07-20
C102731,59,212000.0,Mass,707,Karnataka,Delhi,2023-02-05
C102732,42,180000.0,Mass,690,Maharashtra,Bengaluru,2022-02-16
C102733,58,180000.0,Mass,747,Gujarat,Delhi,2020-11-22
C102734,30,180000.0,Mass,625,Telangana,Bengaluru,2024-09-13
C102735,39,180000.0,Mass,688,West Bengal,Chennai,2021-07-14
C102736,27,180000.0,Mass,713,Tamil Nadu,Delhi,2023-03-19
C102737,44,180000.0,Mass,790,Tamil Nadu,Kolkata,2023-09-27
C102738,29,344000.0,Mass,742,Maharashtra,Hyderabad,2025-08-25
C102739,41,180000.0,Mass,643,Delhi NCR,Chennai,2022-05-30
C102740,35,180000.0,Mass,688,Karnataka,Kolkata,2022-05-08
C102741,29,180000.0,Mass,778,Maharashtra,Mumbai,2025-07-02
C102742,25,180000.0,Mass,642,Karnataka,Mumbai,2022-05-30
C102743,41,180000.0,Mass,715,Karnataka,Chennai,2021-02-13
C102744,58,180000.0,Mass,719,Tamil Nadu,Bengaluru,2019-04-22
C102745,29,180000.0,Mass,695,Karnataka,Bengaluru,2021-04-24
C102746,37,180000.0,Mass,850,Karnataka,Ahmedabad,2020-05-27
C102747,30,180000.0,Mass,693,Delhi NCR,Mumbai,2021-03-03
C102748,53,180000.0,Mass,749,Karnataka,Delhi,2022-11-04
C102749,38,180000.0,Mass,670,Tamil Nadu,Hyderabad,2022-09-26
C102750,60,180000.0,Mass,754,Maharashtra,Chennai,2020-05-01
C102751,31,180000.0,Mass,777,West Bengal,Chennai,2022-04-21
C102752,25,180000.0,Mass,682,Telangana,Bengaluru,2022-03-25
C102753,44,180000.0,Mass,716,Karnataka,Chennai,2019-04-22
C102754,47,180000.0,Mass,662,West Bengal,Bengaluru,2021-01-06
C102755,60,180000.0,Mass,646,Gujarat,Ahmedabad,2024-02-23
C102756,55,180000.0,Mass,787,Maharashtra,Delhi,2019-02-24
C102757,56,180000.0,Mass,684,Telangana,Jaipur,2021-02-21
C102758,46,180000.0,Mass,563,Telangana,Ahmedabad,2022-05-20
C102759,36,180000.0,Mass,835,Maharashtra,Ahmedabad,2020-03-08
C102760,38,180000.0,Mass,668,Maharashtra,Delhi,2023-08-08
C102761,27,180000.0,Mass,704,Karnataka,Jaipur,2024-02-05
C102762,38,180000.0,Mass,827,Tamil Nadu,Ahmedabad,2021-05-29
C102763,36,180000.0,Mass,711,Rajasthan,Kolkata,2020-08-21
C102764,23,180000.0,Mass,709,Gujarat,Ahmedabad,2024-07-11
C102765,29,180000.0,Mass,640,Rajasthan,Delhi,2020-07-13
C102766,42,180000.0,Mass,614,Karnataka,Mumbai,2020-01-15
C102767,36,180000.0,Mass,709,Delhi NCR,Ahmedabad,2019-03-27
C102768,60,180000.0,Mass,744,Rajasthan,Jaipur,2019-08-26
C102769,40,180000.0,Mass,740,Telangana,Chennai,2025-03-16
C102770,59,180000.0,Mass,689,Karnataka,Bengaluru,2025-08-27
C102771,47,180000.0,Mass,721,Maharashtra,Kolkata,2022-11-20
C102772,23,180000.0,Mass,601,Karnataka,Mumbai,2025-07-24
C102773,29,180000.0,Mass,750,Tamil Nadu,Bengaluru,2024-01-12
C102774,49,180000.0,Mass,730,Rajasthan,Kolkata,2021-11-23
C102775,43,180000.0,Mass,848,Maharashtra,Ahmedabad,2024-01-29
C102776,33,180000.0,Mass,720,Karnataka,Mumbai,2021-12-27
C102777,42,180000.0,Mass,659,Maharashtra,Jaipur,2025-11-06
C102778,57,180000.0,Mass,717,Tamil Nadu,Ahmedabad,2025-01-21
C102779,37,180000.0,Mass,699,Tamil Nadu,Delhi,2025-01-05
C102780,23,180000.0,Mass,748,Maharashtra,Ahmedabad,2022-10-11
C102781,34,180000.0,Mass,722,Delhi NCR,Hyderabad,2022-09-09
C102782,58,180000.0,Mass,638,Karnataka,Delhi,2019-11-01
C102783,51,180000.0,Mass,614,Tamil Nadu,Kolkata,2023-08-25
C102784,54,180000.0,Mass,737,Gujarat,Chennai,2019-10-26
C102785,57,180000.0,Mass,810,Karnataka,Hyderabad,2022-11-06
C102786,26,180000.0,Mass,725,Telangana,Kolkata,2019-12-07
C102787,33,180000.0,Mass,773,Telangana,Kolkata,2022-05-22
C102788,24,204000.0,Mass,786,Gujarat,Delhi,2024-07-22
C102789,22,180000.0,Mass,737,Delhi NCR,Chennai,2021-03-12
C102790,54,180000.0,Mass,667,Gujarat,Hyderabad,2023-04-14
C102791,58,180000.0,Mass,733,Maharashtra,Jaipur,2020-11-06
C102792,28,180000.0,Mass,798,Rajasthan,Mumbai,2021-02-18
C102793,50,180000.0,Mass,754,Rajasthan,Delhi,2020-04-20
C102794,42,180000.0,Mass,769,Karnataka,Kolkata,2020-02-26
C102795,24,180000.0,Mass,690,Rajasthan,Chennai,2021-08-25
C102796,57,180000.0,Mass,707,Delhi NCR,Kolkata,2019-11-18
C102797,55,180000.0,Mass,712,Karnataka,Chennai,2025-05-06
C102798,44,180000.0,Mass,717,Tamil Nadu,Kolkata,2024-04-11
C102799,49,180000.0,Mass,796,Karnataka,Delhi,2020-07-30
C102800,37,180000.0,Mass,567,Tamil Nadu,Bengaluru,2025-04-22
C102801,52,393000.0,Mass,722,Rajasthan,Kolkata,2021-08-07
C102802,39,180000.0,Mass,715,Maharashtra,Delhi,2022-10-12
C102803,60,180000.0,Mass,631,Gujarat,Mumbai,2023-12-23
C102804,24,180000.0,Mass,764,Maharashtra,Delhi,2024-07-02
C102805,28,180000.0,Mass,673,Tamil Nadu,Hyderabad,2019-01-21
C102806,59,180000.0,Mass,697,Delhi NCR,Jaipur,2021-01-06
C102807,33,180000.0,Mass,840,Karnataka,Ahmedabad,2021-05-25
C102808,34,180000.0,Mass,786,Tamil Nadu,Ahmedabad,2023-03-03
C102809,52,180000.0,Mass,757,Maharashtra,Bengaluru,2025-03-18
C102810,29,180000.0,Mass,745,Delhi NCR,Kolkata,2022-02-12
C102811,42,180000.0,Mass,709,Telangana,Jaipur,2022-04-20
C102812,33,180000.0,Mass,850,Telangana,Delhi,2019-08-17
C102813,29,180000.0,Mass,772,Maharashtra,Ahmedabad,2022-09-29
C102814,59,180000.0,Mass,671,Tamil Nadu,Jaipur,2022-06-21
C102815,29,180000.0,Mass,629,Telangana,Ahmedabad,2023-07-14
C102816,25,180000.0,Mass,757,Telangana,Delhi,2025-01-10
C102817,48,180000.0,Mass,716,Tamil Nadu,Hyderabad,2023-01-14
C102818,55,180000.0,Mass,627,West Bengal,Kolkata,2019-05-15
C102819,26,180000.0,Mass,748,Maharashtra,Jaipur,2024-10-25
C102820,49,180000.0,Mass,703,Karnataka,Ahmedabad,2022-05-25
C102821,43,180000.0,Mass,754,Rajasthan,Bengaluru,2022-06-18
C102822,54,180000.0,Mass,749,Karnataka,Mumbai,2025-03-20
C102823,26,180000.0,Mass,680,West Bengal,Delhi,2023-03-14
C102824,60,180000.0,Mass,761,Tamil Nadu,Ahmedabad,2024-08-16
C102825,46,180000.0,Mass,688,Rajasthan,Mumbai,2025-04-07
C102826,54,180000.0,Mass,692,Tamil Nadu,Kolkata,2022-07-06
C102827,36,180000.0,Mass,685,Delhi NCR,Delhi,2025-12-29
C102828,58,180000.0,Mass,794,Telangana,Mumbai,2020-03-21
C102829,46,180000.0,Mass,702,Tamil Nadu,Delhi,2025-03-15
C102830,26,180000.0,Mass,809,Maharashtra,Delhi,2025-01-15
C102831,57,180000.0,Mass,836,Karnataka,Jaipur,2019-09-17
C102832,53,180000.0,Mass,672,Maharashtra,Jaipur,2020-02-03
C102833,33,180000.0,Mass,530,Rajasthan,Jaipur,2019-04-07
C102834,43,196000.0,Mass,788,Maharashtra,Jaipur,2020-12-20
C102835,37,180000.0,Mass,698,Delhi NCR,Kolkata,2026-01-21
C102836,43,180000.0,Mass,664,Gujarat,Delhi,2019-11-20
C102837,59,180000.0,Mass,682,Maharashtra,Hyderabad,2019-03-29
C102838,57,180000.0,Mass,693,Rajasthan,Kolkata,2022-04-08
C102839,30,180000.0,Mass,804,Karnataka,Jaipur,2021-07-08
C102840,59,180000.0,Mass,730,Tamil Nadu,Bengaluru,2023-06-24
C102841,39,180000.0,Mass,803,Gujarat,Mumbai,2023-04-26
C102842,49,180000.0,Mass,752,Karnataka,Chennai,2024-11-20
C102843,51,180000.0,Mass,700,Karnataka,Ahmedabad,2021-12-14
C102844,40,180000.0,Mass,695,Telangana,Hyderabad,2022-04-14
C102845,39,180000.0,Mass,757,Karnataka,Ahmedabad,2019-02-28
C102846,39,180000.0,Mass,773,Delhi NCR,Kolkata,2025-11-28
C102847,55,180000.0,Mass,785,Tamil Nadu,Jaipur,2020-07-08
C102848,37,251000.0,Mass,703,Karnataka,Ahmedabad,2023-03-30
C102849,32,180000.0,Mass,731,Maharashtra,Kolkata,2025-04-08
C102850,36,180000.0,Mass,758,Karnataka,Bengaluru,2023-04-21
C102851,29,180000.0,Mass,695,Delhi NCR,Kolkata,2023-06-15
C102852,37,180000.0,Mass,646,Tamil Nadu,Delhi,2020-03-31
C102853,26,180000.0,Mass,668,Karnataka,Delhi,2024-01-18
C102854,25,180000.0,Mass,704,Tamil Nadu,Chennai,2020-05-09
C102855,50,180000.0,Mass,763,Gujarat,Bengaluru,2023-12-04
C102856,25,180000.0,Mass,802,Telangana,Kolkata,2023-02-08
C102857,44,180000.0,Mass,632,Karnataka,Bengaluru,2022-06-26
C102858,52,180000.0,Mass,681,Karnataka,Chennai,2024-02-18
C102859,50,180000.0,Mass,697,Maharashtra,Mumbai,2024-02-15
C102860,39,180000.0,Mass,772,Telangana,Kolkata,2020-06-16
C102861,29,180000.0,Mass,686,Telangana,Hyderabad,2021-09-03
C102862,58,180000.0,Mass,692,Maharashtra,Hyderabad,2022-06-12
C102863,54,180000.0,Mass,628,Karnataka,Ahmedabad,2020-01-30
C102864,45,180000.0,Mass,751,Telangana,Kolkata,2021-07-15
C102865,25,180000.0,Mass,710,Karnataka,Mumbai,2019-04-18
C102866,23,180000.0,Mass,677,Tamil Nadu,Delhi,2022-02-14
C102867,34,180000.0,Mass,703,Gujarat,Jaipur,2020-06-18
C102868,28,180000.0,Mass,793,Maharashtra,Ahmedabad,2020-07-31
C102869,55,180000.0,Mass,655,Tamil Nadu,Delhi,2024-10-28
C102870,30,180000.0,Mass,665,Karnataka,Ahmedabad,2020-01-01
C102871,33,180000.0,Mass,801,Tamil Nadu,Jaipur,2019-11-10
C102872,60,180000.0,Mass,725,Karnataka,Jaipur,2021-04-13
C102873,53,180000.0,Mass,764,Gujarat,Ahmedabad,2019-03-03
C102874,30,180000.0,Mass,746,Tamil Nadu,Mumbai,2025-03-09
C102875,36,180000.0,Mass,718,Karnataka,Bengaluru,2026-01-09
C102876,42,180000.0,Mass,697,Tamil Nadu,Delhi,2024-09-24
C102877,47,180000.0,Mass,774,Delhi NCR,Jaipur,2024-09-09
C102878,58,180000.0,Mass,796,Rajasthan,Mumbai,2019-09-22
C102879,55,180000.0,Mass,790,Karnataka,Kolkata,2022-12-12
C102880,60,180000.0,Mass,643,Karnataka,Kolkata,2019-08-17
C102881,23,201000.0,Mass,805,Maharashtra,Chennai,2021-02-21
C102882,31,180000.0,Mass,697,West Bengal,Mumbai,2022-07-05
C102883,43,180000.0,Mass,671,Gujarat,Delhi,2023-11-07
C102884,23,180000.0,Mass,709,Maharashtra,Hyderabad,2020-12-22
C102885,35,180000.0,Mass,774,Delhi NCR,Kolkata,2020-10-28
C102886,27,180000.0,Mass,755,Karnataka,Hyderabad,2024-11-10
C102887,58,180000.0,Mass,703,Tamil Nadu,Bengaluru,2020-08-06
C102888,24,180000.0,Mass,774,Gujarat,Mumbai,2022-06-18
C102889,27,180000.0,Mass,729,Tamil Nadu,Chennai,2021-01-15
C102890,29,180000.0,Mass,683,Delhi NCR,Chennai,2025-01-26
C102891,27,180000.0,Mass,674,Maharashtra,Ahmedabad,2022-10-22
C102892,44,180000.0,Mass,747,Telangana,Jaipur,2019-10-09
C102893,36,180000.0,Mass,715,Tamil Nadu,Ahmedabad,2020-01-20
C102894,57,180000.0,Mass,631,Karnataka,Delhi,2025-11-27
C102895,32,180000.0,Mass,775,West Bengal,Ahmedabad,2025-09-10
C102896,42,180000.0,Mass,689,Delhi NCR,Jaipur,2024-06-17
C102897,47,180000.0,Mass,823,Rajasthan,Jaipur,2019-07-21
C102898,46,180000.0,Mass,629,Telangana,Kolkata,2024-03-17
C102899,53,180000.0,Mass,708,Maharashtra,Kolkata,2023-09-15
C102900,29,180000.0,Mass,675,Gujarat,Delhi,2025-09-10
C102901,41,180000.0,Mass,657,Maharashtra,Hyderabad,2022-06-18
C102902,53,180000.0,Mass,688,Karnataka,Hyderabad,2022-05-07
C102903,55,180000.0,Mass,835,Gujarat,Bengaluru,2023-07-03
C102904,46,180000.0,Mass,729,Maharashtra,Jaipur,2020-01-23
C102905,47,180000.0,Mass,669,Karnataka,Jaipur,2024-04-22
C102906,55,180000.0,Mass,601,West Bengal,Hyderabad,2022-07-15
C102907,46,180000.0,Mass,608,Karnataka,Kolkata,2020-05-03
C102908,59,180000.0,Mass,685,Gujarat,Chennai,2024-10-20
C102909,26,180000.0,Mass,679,Delhi NCR,Bengaluru,2020-11-18
C102910,35,180000.0,Mass,705,Tamil Nadu,Kolkata,2025-02-12
C102911,26,180000.0,Mass,572,Karnataka,Hyderabad,2020-12-10
C102912,25,180000.0,Mass,714,Tamil Nadu,Jaipur,2022-06-24
C102913,40,180000.0,Mass,787,Delhi NCR,Mumbai,2022-02-09
C102914,30,180000.0,Mass,825,West Bengal,Chennai,2024-03-18
C102915,37,180000.0,Mass,597,Maharashtra,Delhi,2020-04-29
C102916,39,180000.0,Mass,668,Karnataka,Mumbai,2020-10-04
C102917,46,191000.0,Mass,664,Tamil Nadu,Jaipur,2020-05-15
C102918,58,180000.0,Mass,729,Maharashtra,Hyderabad,2020-08-22
C102919,55,180000.0,Mass,641,Delhi NCR,Mumbai,2022-03-23
C102920,36,198000.0,Mass,829,Telangana,Delhi,2023-03-05
C102921,34,180000.0,Mass,723,Delhi NCR,Jaipur,2025-02-23
C102922,52,180000.0,Mass,712,Rajasthan,Ahmedabad,2022-01-01
C102923,26,180000.0,Mass,824,Tamil Nadu,Hyderabad,2021-12-01
C102924,43,180000.0,Mass,719,West Bengal,Delhi,2020-02-23
C102925,38,180000.0,Mass,746,Telangana,Mumbai,2019-09-15
C102926,29,180000.0,Mass,671,Karnataka,Hyderabad,2024-06-02
C102927,46,180000.0,Mass,631,Delhi NCR,Hyderabad,2023-07-04
C102928,34,180000.0,Mass,680,Telangana,Ahmedabad,2022-10-15
C102929,29,180000.0,Mass,850,Rajasthan,Ahmedabad,2022-02-28
C102930,47,180000.0,Mass,761,Maharashtra,Delhi,2022-09-15
C102931,28,180000.0,Mass,738,Maharashtra,Kolkata,2025-01-07
C102932,48,180000.0,Mass,657,Delhi NCR,Chennai,2020-05-07
C102933,28,180000.0,Mass,779,Karnataka,Mumbai,2022-07-20
C102934,38,180000.0,Mass,632,Telangana,Kolkata,2020-09-18
C102935,53,180000.0,Mass,618,Tamil Nadu,Mumbai,2019-09-30
C102936,30,180000.0,Mass,684,Karnataka,Bengaluru,2023-12-07
C102937,51,180000.0,Mass,847,Karnataka,Ahmedabad,2024-01-07
C102938,50,180000.0,Mass,843,Delhi NCR,Kolkata,2025-01-23
C102939,57,180000.0,Mass,691,Karnataka,Kolkata,2019-02-25
C102940,28,180000.0,Mass,676,Delhi NCR,Ahmedabad,2020-04-05
C102941,49,180000.0,Mass,613,Delhi NCR,Hyderabad,2023-02-02
C102942,58,180000.0,Mass,725,Telangana,Jaipur,2024-10-13
C102943,51,180000.0,Mass,731,Gujarat,Delhi,2025-09-10
C102944,29,180000.0,Mass,771,Karnataka,Kolkata,2024-08-11
C102945,54,180000.0,Mass,779,Delhi NCR,Bengaluru,2025-06-10
C102946,26,180000.0,Mass,707,Karnataka,Mumbai,2024-10-19
C102947,44,180000.0,Mass,756,Maharashtra,Bengaluru,2021-03-31
C102948,41,180000.0,Mass,674,Rajasthan,Jaipur,2023-02-21
C102949,42,180000.0,Mass,755,Maharashtra,Ahmedabad,2023-07-11
C102950,42,180000.0,Mass,687,Maharashtra,Chennai,2021-07-03
C102951,23,180000.0,Mass,750,Rajasthan,Hyderabad,2025-04-21
C102952,41,180000.0,Mass,745,Karnataka,Hyderabad,2024-06-27
C102953,58,180000.0,Mass,724,Karnataka,Bengaluru,2022-09-05
C102954,39,180000.0,Mass,772,Gujarat,Jaipur,2022-06-01
C102955,32,180000.0,Mass,618,Delhi NCR,Chennai,2024-08-22
C102956,60,180000.0,Mass,651,West Bengal,Jaipur,2020-07-30
C102957,25,180000.0,Mass,702,Delhi NCR,Kolkata,2020-07-22
C102958,40,180000.0,Mass,626,Rajasthan,Delhi,2021-11-12
C102959,41,180000.0,Mass,694,Karnataka,Delhi,2019-11-28
C102960,40,180000.0,Mass,696,Tamil Nadu,Jaipur,2022-04-05
C102961,57,180000.0,Mass,805,Karnataka,Ahmedabad,2022-01-29
C102962,38,180000.0,Mass,729,Rajasthan,Ahmedabad,2022-08-06
C102963,59,180000.0,Mass,787,Rajasthan,Delhi,2022-04-15
C102964,24,180000.0,Mass,740,Maharashtra,Mumbai,2025-05-22
C102965,50,180000.0,Mass,685,Delhi NCR,Kolkata,2020-12-14
C102966,45,180000.0,Mass,729,Telangana,Bengaluru,2021-12-05
C102967,31,180000.0,Mass,767,Karnataka,Jaipur,2024-04-03
C102968,30,180000.0,Mass,798,Tamil Nadu,Ahmedabad,2021-01-10
C102969,50,180000.0,Mass,711,Rajasthan,Bengaluru,2023-09-03
C102970,46,180000.0,Mass,613,Maharashtra,Hyderabad,2025-11-07
C102971,45,180000.0,Mass,608,Karnataka,Ahmedabad,2021-09-03
C102972,23,180000.0,Mass,699,Rajasthan,Ahmedabad,2020-09-21
C102973,45,180000.0,Mass,568,Gujarat,Chennai,2020-05-09
C102974,60,180000.0,Mass,837,Gujarat,Hyderabad,2019-01-29
C102975,22,180000.0,Mass,759,Telangana,Mumbai,2021-01-08
C102976,40,180000.0,Mass,679,Tamil Nadu,Bengaluru,2025-01-18
C102977,41,180000.0,Mass,648,Maharashtra,Chennai,2020-10-24
C102978,56,180000.0,Mass,787,Karnataka,Ahmedabad,2025-10-17
C102979,33,180000.0,Mass,648,Delhi NCR,Hyderabad,2025-10-13
C102980,40,180000.0,Mass,654,Gujarat,Delhi,2023-11-09
C102981,49,180000.0,Mass,670,Telangana,Hyderabad,2025-12-25
C102982,24,180000.0,Mass,727,West Bengal,Bengaluru,2021-11-25
C102983,53,180000.0,Mass,760,Karnataka,Jaipur,2025-10-22
C102984,54,233000.0,Mass,798,West Bengal,Delhi,2022-11-14
C102985,50,180000.0,Mass,788,Delhi NCR,Bengaluru,2019-07-29
C102986,47,180000.0,Mass,720,Rajasthan,Kolkata,2024-12-03
C102987,51,180000.0,Mass,786,Maharashtra,Jaipur,2025-10-07
C102988,52,180000.0,Mass,676,Maharashtra,Hyderabad,2025-04-20
C102989,57,180000.0,Mass,602,Telangana,Kolkata,2021-12-19
C102990,38,180000.0,Mass,676,Rajasthan,Jaipur,2019-09-24
C102991,39,180000.0,Mass,668,Rajasthan,Jaipur,2023-03-03
C102992,46,180000.0,Mass,679,Gujarat,Jaipur,2025-03-06
C102993,29,180000.0,Mass,658,Tamil Nadu,Mumbai,2024-12-25
C102994,55,180000.0,Mass,690,Karnataka,Bengaluru,2023-05-25
C102995,52,180000.0,Mass,760,Telangana,Delhi,2024-08-06
C102996,46,180000.0,Mass,831,West Bengal,Delhi,2019-03-25
C102997,33,180000.0,Mass,608,Delhi NCR,Hyderabad,2023-06-09
C102998,35,180000.0,Mass,636,Maharashtra,Mumbai,2019-10-10
C102999,38,180000.0,Mass,669,Rajasthan,Jaipur,2024-05-02
C103000,47,180000.0,Mass,770,Karnataka,Chennai,2019-04-29
C103001,52,180000.0,Mass,707,Gujarat,Delhi,2023-03-27
C103002,48,180000.0,Mass,673,Tamil Nadu,Hyderabad,2025-10-02
C103003,58,180000.0,Mass,767,Tamil Nadu,Jaipur,2019-10-18
C103004,59,180000.0,Mass,782,Delhi NCR,Delhi,2022-01-13
C103005,49,180000.0,Mass,719,Tamil Nadu,Delhi,2019-04-17
C103006,36,180000.0,Mass,667,Karnataka,Kolkata,2024-02-04
C103007,45,180000.0,Mass,738,Karnataka,Bengaluru,2025-08-02
C103008,38,180000.0,Mass,705,Tamil Nadu,Delhi,2019-01-05
C103009,46,180000.0,Mass,704,Telangana,Hyderabad,2022-11-20
C103010,53,180000.0,Mass,687,Tamil Nadu,Kolkata,2024-08-24
C103011,36,180000.0,Mass,780,Maharashtra,Mumbai,2019-03-08
C103012,41,180000.0,Mass,736,Karnataka,Hyderabad,2022-06-07
C103013,23,180000.0,Mass,787,Delhi NCR,Ahmedabad,2019-12-02
C103014,50,180000.0,Mass,807,Gujarat,Bengaluru,2025-07-29
C103015,41,180000.0,Mass,750,Tamil Nadu,Hyderabad,2022-08-17
C103016,39,180000.0,Mass,687,Gujarat,Bengaluru,2022-09-16
C103017,42,180000.0,Mass,788,Maharashtra,Bengaluru,2026-02-05
C103018,30,180000.0,Mass,750,Maharashtra,Hyderabad,2024-08-12
C103019,45,180000.0,Mass,850,Karnataka,Jaipur,2021-03-27
C103020,51,180000.0,Mass,740,Telangana,Delhi,2023-06-25
C103021,35,180000.0,Mass,765,Maharashtra,Bengaluru,2021-02-11
C103022,27,180000.0,Mass,739,Maharashtra,Bengaluru,2022-09-15
C103023,37,180000.0,Mass,714,Rajasthan,Chennai,2024-10-12
C103024,29,180000.0,Mass,703,Maharashtra,Chennai,2025-10-01
C103025,36,180000.0,Mass,739,Tamil Nadu,Bengaluru,2025-10-09
C103026,46,180000.0,Mass,754,Maharashtra,Ahmedabad,2022-07-12
C103027,26,180000.0,Mass,795,Maharashtra,Mumbai,2025-05-16
C103028,51,180000.0,Mass,740,Karnataka,Hyderabad,2025-05-09
C103029,30,180000.0,Mass,690,West Bengal,Delhi,2022-11-21
C103030,56,180000.0,Mass,699,Gujarat,Chennai,2019-04-04
C103031,50,180000.0,Mass,634,Telangana,Hyderabad,2019-11-06
C103032,32,180000.0,Mass,828,Rajasthan,Mumbai,2023-09-06
C103033,43,180000.0,Mass,685,Karnataka,Kolkata,2024-11-28
C103034,26,180000.0,Mass,783,Telangana,Bengaluru,2025-06-28
C103035,25,180000.0,Mass,738,Karnataka,Hyderabad,2020-09-24
C103036,59,180000.0,Mass,740,Gujarat,Ahmedabad,2025-05-27
C103037,53,180000.0,Mass,712,West Bengal,Chennai,2024-11-19
C103038,28,180000.0,Mass,669,Karnataka,Hyderabad,2022-06-15
C103039,33,180000.0,Mass,657,Rajasthan,Delhi,2021-08-30
C103040,29,180000.0,Mass,832,Tamil Nadu,Jaipur,2022-05-12
C103041,37,189000.0,Mass,727,Gujarat,Hyderabad,2023-10-23
C103042,33,180000.0,Mass,793,Karnataka,Mumbai,2024-10-08
C103043,34,180000.0,Mass,810,Tamil Nadu,Hyderabad,2020-03-22
C103044,42,180000.0,Mass,693,Gujarat,Hyderabad,2021-05-21
C103045,29,180000.0,Mass,748,Karnataka,Kolkata,2019-11-09
C103046,56,180000.0,Mass,723,Gujarat,Hyderabad,2025-09-02
C103047,50,180000.0,Mass,645,Karnataka,Kolkata,2021-11-24
C103048,51,180000.0,Mass,708,Rajasthan,Delhi,2020-10-13
C103049,28,180000.0,Mass,758,Maharashtra,Hyderabad,2020-06-12
C103050,49,180000.0,Mass,688,Gujarat,Ahmedabad,2019-07-13
C103051,54,180000.0,Mass,699,Delhi NCR,Ahmedabad,2022-05-10
C103052,28,180000.0,Mass,709,Telangana,Bengaluru,2024-06-30
C103053,51,180000.0,Mass,850,West Bengal,Hyderabad,2021-04-19
C103054,35,180000.0,Mass,601,Rajasthan,Jaipur,2021-11-18
C103055,52,180000.0,Mass,753,Karnataka,Bengaluru,2023-07-13
C103056,40,180000.0,Mass,704,Gujarat,Jaipur,2021-07-14
C103057,53,180000.0,Mass,678,Telangana,Kolkata,2024-04-05
C103058,27,180000.0,Mass,702,Karnataka,Chennai,2021-04-14
C103059,37,180000.0,Mass,763,Telangana,Ahmedabad,2022-03-06
C103060,32,180000.0,Mass,767,Karnataka,Hyderabad,2025-12-24
C103061,31,180000.0,Mass,732,Rajasthan,Kolkata,2024-12-14
C103062,34,180000.0,Mass,791,Telangana,Bengaluru,2023-01-26
C103063,36,180000.0,Mass,802,Tamil Nadu,Chennai,2021-10-15
C103064,26,180000.0,Mass,773,Gujarat,Bengaluru,2026-01-22
C103065,49,180000.0,Mass,684,Rajasthan,Delhi,2022-04-17
C103066,43,180000.0,Mass,752,Delhi NCR,Bengaluru,2021-06-12
C103067,54,180000.0,Mass,752,Delhi NCR,Ahmedabad,2023-03-30
C103068,49,180000.0,Mass,667,Delhi NCR,Delhi,2021-12-12
C103069,27,180000.0,Mass,618,Karnataka,Kolkata,2025-05-01
C103070,24,180000.0,Mass,589,Karnataka,Mumbai,2020-07-04
C103071,38,180000.0,Mass,725,Karnataka,Hyderabad,2019-05-11
C103072,40,180000.0,Mass,739,Telangana,Mumbai,2022-01-23
C103073,31,180000.0,Mass,643,Tamil Nadu,Hyderabad,2025-10-01
C103074,52,180000.0,Mass,788,Maharashtra,Bengaluru,2019-06-11
C103075,44,180000.0,Mass,730,Rajasthan,Kolkata,2024-10-02
C103076,51,180000.0,Mass,808,Karnataka,Bengaluru,2019-01-02
C103077,26,180000.0,Mass,744,Delhi NCR,Hyderabad,2022-12-20
C103078,53,180000.0,Mass,651,Gujarat,Chennai,2022-03-23
C103079,30,180000.0,Mass,750,Gujarat,Mumbai,2020-02-20
C103080,39,180000.0,Mass,764,Karnataka,Hyderabad,2024-04-23
C103081,39,180000.0,Mass,684,Telangana,Mumbai,2020-03-31
C103082,54,180000.0,Mass,626,Delhi NCR,Hyderabad,2022-02-10
C103083,32,180000.0,Mass,727,Maharashtra,Delhi,2022-12-22
C103084,31,180000.0,Mass,655,Tamil Nadu,Chennai,2022-09-08
C103085,35,180000.0,Mass,793,Tamil Nadu,Ahmedabad,2019-03-24
C103086,36,180000.0,Mass,694,Maharashtra,Chennai,2022-03-04
C103087,29,180000.0,Mass,832,Tamil Nadu,Jaipur,2023-08-30
C103088,28,180000.0,Mass,582,Gujarat,Kolkata,2022-10-01
C103089,31,180000.0,Mass,729,West Bengal,Bengaluru,2024-03-13
C103090,40,180000.0,Mass,813,Telangana,Ahmedabad,2024-07-09
C103091,35,180000.0,Mass,662,Karnataka,Bengaluru,2020-04-11
C103092,37,180000.0,Mass,710,Delhi NCR,Mumbai,2024-09-20
C103093,50,180000.0,Mass,694,Maharashtra,Kolkata,2025-05-15
C103094,31,180000.0,Mass,676,Rajasthan,Kolkata,2024-12-18
C103095,57,180000.0,Mass,736,Tamil Nadu,Chennai,2025-01-22
C103096,51,180000.0,Mass,636,Karnataka,Delhi,2020-07-06
C103097,28,180000.0,Mass,713,Delhi NCR,Ahmedabad,2023-08-23
C103098,34,180000.0,Mass,754,Karnataka,Chennai,2022-04-05
C103099,29,180000.0,Mass,706,West Bengal,Kolkata,2026-01-02
C103100,32,180000.0,Mass,655,Rajasthan,Ahmedabad,2024-11-30
C103101,36,180000.0,Mass,787,Telangana,Ahmedabad,2020-02-24
C103102,27,180000.0,Mass,767,Tamil Nadu,Mumbai,2025-09-14
C103103,22,180000.0,Mass,652,Tamil Nadu,Mumbai,2023-12-18
C103104,39,180000.0,Mass,636,Gujarat,Bengaluru,2022-11-12
C103105,49,180000.0,Mass,658,Karnataka,Kolkata,2022-03-05
C103106,33,180000.0,Mass,755,Rajasthan,Kolkata,2022-07-05
C103107,55,180000.0,Mass,738,Maharashtra,Chennai,2024-06-27
C103108,36,180000.0,Mass,771,Maharashtra,Hyderabad,2024-06-10
C103109,57,180000.0,Mass,699,Karnataka,Mumbai,2022-12-06
C103110,31,180000.0,Mass,660,Rajasthan,Bengaluru,2026-01-22
C103111,43,180000.0,Mass,780,Rajasthan,Hyderabad,2020-08-27
C103112,51,180000.0,Mass,684,Maharashtra,Mumbai,2022-01-12
C103113,24,180000.0,Mass,732,Maharashtra,Kolkata,2023-04-06
C103114,58,180000.0,Mass,619,Delhi NCR,Ahmedabad,2020-03-05
C103115,36,180000.0,Mass,683,Gujarat,Delhi,2022-07-20
C103116,41,260000.0,Mass,786,Rajasthan,Ahmedabad,2024-12-09
C103117,46,180000.0,Mass,673,West Bengal,Mumbai,2023-10-23
C103118,47,180000.0,Mass,773,Delhi NCR,Hyderabad,2024-01-22
C103119,22,180000.0,Mass,568,Karnataka,Mumbai,2020-02-25
C103120,55,180000.0,Mass,684,Telangana,Chennai,2020-01-13
C103121,46,180000.0,Mass,709,Rajasthan,Ahmedabad,2022-02-22
C103122,60,180000.0,Mass,833,Maharashtra,Jaipur,2021-04-21
C103123,40,180000.0,Mass,644,West Bengal,Hyderabad,2019-01-27
C103124,45,180000.0,Mass,764,Gujarat,Delhi,2022-12-09
C103125,39,180000.0,Mass,789,Rajasthan,Hyderabad,2024-05-15
C103126,56,180000.0,Mass,673,Telangana,Jaipur,2024-03-16
C103127,54,180000.0,Mass,696,Karnataka,Chennai,2019-09-26
C103128,57,180000.0,Mass,729,Gujarat,Kolkata,2024-07-22
C103129,41,180000.0,Mass,624,Karnataka,Jaipur,2021-09-16
C103130,52,180000.0,Mass,690,Gujarat,Jaipur,2020-02-09
C103131,35,180000.0,Mass,803,Rajasthan,Delhi,2022-05-12
C103132,39,180000.0,Mass,754,Maharashtra,Jaipur,2020-07-17
C103133,51,180000.0,Mass,710,Rajasthan,Delhi,2023-10-16
C103134,25,180000.0,Mass,727,Karnataka,Ahmedabad,2024-04-18
C103135,49,180000.0,Mass,758,Telangana,Mumbai,2024-03-01
C103136,22,180000.0,Mass,770,Rajasthan,Mumbai,2019-10-29
C103137,44,180000.0,Mass,684,Telangana,Hyderabad,2021-06-25
C103138,40,180000.0,Mass,820,West Bengal,Mumbai,2022-07-19
C103139,40,180000.0,Mass,806,Rajasthan,Mumbai,2026-01-04
C103140,41,180000.0,Mass,764,Telangana,Delhi,2022-11-20
C103141,41,180000.0,Mass,665,Delhi NCR,Ahmedabad,2023-08-26
C103142,37,180000.0,Mass,654,Karnataka,Delhi,2021-06-01
C103143,39,180000.0,Mass,699,Gujarat,Jaipur,2021-02-07
C103144,44,180000.0,Mass,724,Maharashtra,Bengaluru,2024-09-01
C103145,51,180000.0,Mass,605,Delhi NCR,Delhi,2024-12-09
C103146,43,180000.0,Mass,752,Telangana,Kolkata,2019-05-25
C103147,47,180000.0,Mass,804,Tamil Nadu,Mumbai,2022-11-01
C103148,54,180000.0,Mass,757,Rajasthan,Kolkata,2024-07-14
C103149,60,180000.0,Mass,676,Karnataka,Hyderabad,2020-02-15
C103150,26,180000.0,Mass,668,Rajasthan,Delhi,2023-08-07
C103151,49,180000.0,Mass,739,Karnataka,Bengaluru,2022-05-16
C103152,30,180000.0,Mass,710,Maharashtra,Chennai,2022-08-11
C103153,29,180000.0,Mass,749,Telangana,Ahmedabad,2023-03-25
C103154,52,180000.0,Mass,759,Maharashtra,Mumbai,2025-03-18
C103155,24,180000.0,Mass,791,Telangana,Kolkata,2019-08-14
C103156,55,180000.0,Mass,646,Delhi NCR,Hyderabad,2020-06-09
C103157,52,180000.0,Mass,734,Delhi NCR,Jaipur,2021-06-16
C103158,60,180000.0,Mass,696,Karnataka,Mumbai,2024-09-13
C103159,48,180000.0,Mass,714,Karnataka,Delhi,2023-03-20
C103160,56,180000.0,Mass,776,Karnataka,Hyderabad,2020-05-03
C103161,26,180000.0,Mass,783,Gujarat,Delhi,2019-03-03
C103162,56,180000.0,Mass,811,Karnataka,Ahmedabad,2026-01-19
C103163,28,180000.0,Mass,748,Maharashtra,Delhi,2019-12-25
C103164,34,180000.0,Mass,713,West Bengal,Mumbai,2019-03-27
C103165,26,180000.0,Mass,704,Rajasthan,Kolkata,2021-11-23
C103166,37,180000.0,Mass,607,Delhi NCR,Chennai,2022-12-09
C103167,51,180000.0,Mass,807,Karnataka,Chennai,2020-11-03
C103168,32,180000.0,Mass,699,Tamil Nadu,Hyderabad,2020-03-12
C103169,54,180000.0,Mass,753,Karnataka,Bengaluru,2019-08-14
C103170,45,180000.0,Mass,764,Maharashtra,Ahmedabad,2021-11-26
C103171,46,180000.0,Mass,639,Gujarat,Mumbai,2025-10-10
C103172,58,180000.0,Mass,660,Rajasthan,Jaipur,2020-01-20
C103173,38,180000.0,Mass,821,Telangana,Chennai,2023-01-29
C103174,35,180000.0,Mass,739,Maharashtra,Bengaluru,2020-05-18
C103175,60,267000.0,Mass,682,Telangana,Bengaluru,2023-10-18
C103176,43,180000.0,Mass,712,Rajasthan,Jaipur,2019-06-08
C103177,45,180000.0,Mass,791,Karnataka,Mumbai,2020-06-12
C103178,33,180000.0,Mass,781,Delhi NCR,Bengaluru,2019-01-21
C103179,30,180000.0,Mass,625,Karnataka,Mumbai,2023-08-13
C103180,28,180000.0,Mass,826,Karnataka,Mumbai,2024-02-14
C103181,30,180000.0,Mass,783,West Bengal,Bengaluru,2020-03-22
C103182,29,180000.0,Mass,710,Karnataka,Jaipur,2022-03-24
C103183,51,180000.0,Mass,643,Delhi NCR,Bengaluru,2021-02-01
C103184,24,190000.0,Mass,789,Karnataka,Delhi,2019-04-29
C103185,46,180000.0,Mass,751,Tamil Nadu,Kolkata,2019-04-07
C103186,59,180000.0,Mass,625,Tamil Nadu,Delhi,2025-09-07
C103187,51,180000.0,Mass,705,West Bengal,Mumbai,2023-08-11
C103188,37,180000.0,Mass,850,Delhi NCR,Delhi,2023-09-27
C103189,24,180000.0,Mass,721,Telangana,Ahmedabad,2021-02-06
C103190,54,180000.0,Mass,672,Maharashtra,Chennai,2020-11-18
C103191,22,180000.0,Mass,654,Karnataka,Ahmedabad,2024-08-28
C103192,48,180000.0,Mass,835,Telangana,Kolkata,2022-02-14
C103193,48,180000.0,Mass,775,Gujarat,Hyderabad,2019-09-23
C103194,29,180000.0,Mass,811,Karnataka,Mumbai,2022-06-26
C103195,50,180000.0,Mass,736,Rajasthan,Chennai,2022-09-18
C103196,28,180000.0,Mass,802,Maharashtra,Kolkata,2023-01-21
C103197,30,180000.0,Mass,665,Karnataka,Jaipur,2022-10-27
C103198,53,180000.0,Mass,731,West Bengal,Jaipur,2025-02-07
C103199,60,180000.0,Mass,739,Tamil Nadu,Mumbai,2020-09-27
C103200,32,180000.0,Mass,810,Delhi NCR,Kolkata,2023-03-14
C103201,57,180000.0,Mass,741,Karnataka,Hyderabad,2025-04-27
C103202,57,180000.0,Mass,679,Gujarat,Delhi,2025-12-19
C103203,52,180000.0,Mass,724,Telangana,Chennai,2025-11-13
C103204,27,180000.0,Mass,611,Maharashtra,Delhi,2024-03-04
C103205,33,180000.0,Mass,569,Telangana,Ahmedabad,2019-10-05
C103206,48,180000.0,Mass,774,Maharashtra,Hyderabad,2026-01-14
C103207,60,180000.0,Mass,696,Karnataka,Mumbai,2019-03-25
C103208,53,180000.0,Mass,703,Karnataka,Chennai,2022-12-02
C103209,38,180000.0,Mass,774,Maharashtra,Chennai,2022-03-07
C103210,31,180000.0,Mass,811,Maharashtra,Kolkata,2023-10-30
C103211,59,180000.0,Mass,755,Delhi NCR,Delhi,2024-07-28
C103212,32,180000.0,Mass,845,Tamil Nadu,Delhi,2024-04-02
C103213,35,180000.0,Mass,753,Karnataka,Ahmedabad,2020-08-12
C103214,59,180000.0,Mass,740,Tamil Nadu,Chennai,2024-05-16
C103215,43,180000.0,Mass,736,Maharashtra,Chennai,2024-05-24
C103216,32,180000.0,Mass,636,Gujarat,Kolkata,2019-03-05
C103217,22,180000.0,Mass,782,West Bengal,Mumbai,2023-07-16
C103218,38,180000.0,Mass,561,Telangana,Bengaluru,2019-11-28
C103219,60,180000.0,Mass,682,Telangana,Hyderabad,2023-01-01
C103220,38,180000.0,Mass,721,Maharashtra,Kolkata,2020-08-15
C103221,49,180000.0,Mass,669,Karnataka,Delhi,2021-07-20
C103222,31,180000.0,Mass,691,Delhi NCR,Kolkata,2020-12-06
C103223,52,180000.0,Mass,840,Tamil Nadu,Chennai,2025-02-19
C103224,52,180000.0,Mass,792,Tamil Nadu,Mumbai,2025-06-11
C103225,45,180000.0,Mass,675,Rajasthan,Delhi,2024-09-06
C103226,52,180000.0,Mass,689,Maharashtra,Bengaluru,2024-02-22
C103227,44,180000.0,Mass,637,Delhi NCR,Jaipur,2021-08-02
C103228,36,180000.0,Mass,766,Tamil Nadu,Delhi,2020-01-08
C103229,50,180000.0,Mass,704,Maharashtra,Hyderabad,2023-01-17
C103230,54,180000.0,Mass,592,Karnataka,Mumbai,2022-01-13
C103231,54,180000.0,Mass,727,Tamil Nadu,Ahmedabad,2021-01-04
C103232,30,180000.0,Mass,749,Maharashtra,Jaipur,2020-09-24
C103233,48,180000.0,Mass,783,Telangana,Bengaluru,2020-02-23
C103234,22,180000.0,Mass,715,Telangana,Bengaluru,2024-11-27
C103235,44,180000.0,Mass,696,Gujarat,Ahmedabad,2021-04-15
C103236,44,188000.0,Mass,849,Tamil Nadu,Mumbai,2025-07-14
C103237,36,180000.0,Mass,720,Tamil Nadu,Delhi,2023-10-08
C103238,60,180000.0,Mass,767,Gujarat,Bengaluru,2020-03-03
C103239,56,180000.0,Mass,685,West Bengal,Kolkata,2019-06-12
C103240,23,180000.0,Mass,765,Karnataka,Kolkata,2021-12-19
C103241,30,180000.0,Mass,625,Rajasthan,Mumbai,2019-08-01
C103242,30,180000.0,Mass,690,Karnataka,Hyderabad,2025-10-13
C103243,57,180000.0,Mass,641,Karnataka,Delhi,2025-06-16
C103244,42,180000.0,Mass,681,Telangana,Kolkata,2023-09-05
C103245,50,180000.0,Mass,801,Karnataka,Delhi,2021-01-31
C103246,53,180000.0,Mass,680,Maharashtra,Jaipur,2025-03-07
C103247,51,180000.0,Mass,767,Karnataka,Bengaluru,2023-08-10
C103248,25,180000.0,Mass,819,Telangana,Hyderabad,2021-07-19
C103249,27,180000.0,Mass,718,Tamil Nadu,Kolkata,2025-04-06
C103250,37,222000.0,Mass,785,Karnataka,Mumbai,2020-06-29
C103251,35,180000.0,Mass,755,Gujarat,Mumbai,2023-01-16
C103252,51,180000.0,Mass,728,Karnataka,Bengaluru,2023-12-03
C103253,28,180000.0,Mass,769,Rajasthan,Jaipur,2025-06-18
C103254,36,180000.0,Mass,840,Karnataka,Kolkata,2019-12-24
C103255,31,180000.0,Mass,679,Tamil Nadu,Bengaluru,2021-01-17
C103256,29,180000.0,Mass,658,Gujarat,Mumbai,2024-12-23
C103257,28,180000.0,Mass,654,Tamil Nadu,Chennai,2022-07-23
C103258,29,180000.0,Mass,785,Rajasthan,Jaipur,2024-05-16
C103259,44,180000.0,Mass,793,Maharashtra,Kolkata,2024-07-04
C103260,37,180000.0,Mass,685,Delhi NCR,Jaipur,2021-03-03
C103261,38,180000.0,Mass,581,Gujarat,Kolkata,2021-05-11
C103262,40,180000.0,Mass,676,Telangana,Delhi,2022-07-20
C103263,50,180000.0,Mass,756,Maharashtra,Ahmedabad,2019-03-14
C103264,55,180000.0,Mass,716,Maharashtra,Hyderabad,2024-09-08
C103265,42,180000.0,Mass,732,Karnataka,Chennai,2019-10-28
C103266,47,180000.0,Mass,686,Karnataka,Jaipur,2025-08-27
C103267,50,180000.0,Mass,786,Rajasthan,Chennai,2024-07-17
C103268,48,272000.0,Mass,742,Delhi NCR,Kolkata,2021-07-04
C103269,27,180000.0,Mass,758,Maharashtra,Mumbai,2019-07-07
C103270,60,180000.0,Mass,730,Tamil Nadu,Delhi,2024-08-15
C103271,28,180000.0,Mass,754,Telangana,Chennai,2022-03-12
C103272,38,180000.0,Mass,750,Maharashtra,Chennai,2020-05-20
C103273,47,180000.0,Mass,660,Gujarat,Kolkata,2022-01-21
C103274,37,180000.0,Mass,744,Telangana,Chennai,2025-06-07
C103275,31,180000.0,Mass,771,Maharashtra,Bengaluru,2023-11-26
C103276,58,180000.0,Mass,795,Tamil Nadu,Chennai,2023-11-20
C103277,24,180000.0,Mass,747,Karnataka,Jaipur,2022-08-30
C103278,31,380000.0,Mass,657,Karnataka,Jaipur,2020-02-02
C103279,60,180000.0,Mass,667,Telangana,Hyderabad,2025-10-04
C103280,50,180000.0,Mass,692,Telangana,Delhi,2024-04-07
C103281,25,180000.0,Mass,732,Rajasthan,Ahmedabad,2022-09-01
C103282,51,180000.0,Mass,712,Karnataka,Kolkata,2024-02-26
C103283,59,180000.0,Mass,647,Delhi NCR,Hyderabad,2021-08-01
C103284,25,180000.0,Mass,647,Rajasthan,Bengaluru,2024-04-13
C103285,38,180000.0,Mass,584,Telangana,Jaipur,2025-11-21
C103286,40,180000.0,Mass,520,Rajasthan,Kolkata,2021-06-15
C103287,27,180000.0,Mass,711,Rajasthan,Bengaluru,2019-01-22
C103288,29,180000.0,Mass,850,Delhi NCR,Chennai,2024-04-07
C103289,28,180000.0,Mass,837,Rajasthan,Delhi,2025-01-24
C103290,29,180000.0,Mass,656,Tamil Nadu,Delhi,2024-11-19
C103291,37,180000.0,Mass,730,Gujarat,Mumbai,2025-12-10
C103292,40,180000.0,Mass,625,Rajasthan,Bengaluru,2021-06-21
C103293,31,180000.0,Mass,635,West Bengal,Jaipur,2025-07-14
C103294,33,180000.0,Mass,642,Karnataka,Jaipur,2020-06-24
C103295,29,180000.0,Mass,705,Maharashtra,Delhi,2023-03-07
C103296,53,180000.0,Mass,708,Maharashtra,Delhi,2025-04-27
C103297,30,180000.0,Mass,736,West Bengal,Delhi,2025-07-08
C103298,57,180000.0,Mass,763,Maharashtra,Chennai,2023-06-02
C103299,43,180000.0,Mass,698,Maharashtra,Delhi,2022-11-20
C103300,53,180000.0,Mass,722,Tamil Nadu,Ahmedabad,2022-04-12
C103301,46,180000.0,Mass,649,Karnataka,Bengaluru,2025-03-05
C103302,32,180000.0,Mass,633,Rajasthan,Ahmedabad,2025-04-06
C103303,45,180000.0,Mass,623,Gujarat,Ahmedabad,2020-09-14
C103304,32,180000.0,Mass,762,Karnataka,Ahmedabad,2019-12-20
C103305,26,180000.0,Mass,698,Maharashtra,Chennai,2024-10-17
C103306,31,180000.0,Mass,598,Delhi NCR,Mumbai,2024-10-08
C103307,32,180000.0,Mass,716,Telangana,Chennai,2019-09-17
C103308,27,180000.0,Mass,639,Gujarat,Chennai,2022-06-30
C103309,22,180000.0,Mass,828,Maharashtra,Mumbai,2022-08-09
C103310,58,180000.0,Mass,682,West Bengal,Chennai,2019-04-21
C103311,42,180000.0,Mass,764,Delhi NCR,Delhi,2023-09-23
C103312,37,180000.0,Mass,791,Telangana,Chennai,2025-12-03
C103313,58,180000.0,Mass,658,Gujarat,Bengaluru,2020-07-03
C103314,30,180000.0,Mass,725,Rajasthan,Delhi,2024-07-15
C103315,37,249000.0,Mass,756,Telangana,Hyderabad,2019-07-30
C103316,55,180000.0,Mass,728,Gujarat,Chennai,2020-07-12
C103317,46,180000.0,Mass,743,Rajasthan,Bengaluru,2023-01-09
C103318,37,191000.0,Mass,634,West Bengal,Bengaluru,2025-07-29
C103319,31,180000.0,Mass,756,Delhi NCR,Bengaluru,2025-04-21
C103320,23,180000.0,Mass,688,Delhi NCR,Kolkata,2025-08-28
C103321,25,180000.0,Mass,743,Gujarat,Ahmedabad,2026-01-11
C103322,28,180000.0,Mass,780,Gujarat,Chennai,2024-09-12
C103323,52,180000.0,Mass,763,Karnataka,Delhi,2021-08-02
C103324,46,180000.0,Mass,743,Tamil Nadu,Delhi,2019-11-27
C103325,38,180000.0,Mass,762,Maharashtra,Bengaluru,2024-11-07
C103326,52,180000.0,Mass,765,Maharashtra,Jaipur,2020-04-29
C103327,28,180000.0,Mass,817,Rajasthan,Ahmedabad,2022-09-15
C103328,30,180000.0,Mass,718,Karnataka,Kolkata,2024-05-14
C103329,37,267000.0,Mass,731,Delhi NCR,Kolkata,2019-04-01
C103330,57,180000.0,Mass,781,Maharashtra,Hyderabad,2025-07-03
C103331,45,180000.0,Mass,688,Karnataka,Mumbai,2021-02-27
C103332,55,180000.0,Mass,633,Karnataka,Hyderabad,2020-07-13
C103333,31,180000.0,Mass,752,Gujarat,Mumbai,2021-08-24
C103334,55,180000.0,Mass,707,Gujarat,Kolkata,2022-04-13
C103335,24,180000.0,Mass,642,Maharashtra,Kolkata,2022-03-27
C103336,30,180000.0,Mass,753,Telangana,Kolkata,2020-02-07
C103337,42,180000.0,Mass,813,Gujarat,Kolkata,2020-05-07
C103338,23,180000.0,Mass,614,Karnataka,Mumbai,2022-05-27
C103339,55,180000.0,Mass,786,Maharashtra,Bengaluru,2020-08-11
C103340,55,180000.0,Mass,555,Karnataka,Delhi,2023-07-29
C103341,43,180000.0,Mass,694,Karnataka,Hyderabad,2025-05-26
C103342,33,180000.0,Mass,840,Karnataka,Kolkata,2019-02-18
C103343,25,180000.0,Mass,699,Telangana,Delhi,2019-04-04
C103344,46,180000.0,Mass,726,Telangana,Kolkata,2023-07-30
C103345,42,180000.0,Mass,770,West Bengal,Ahmedabad,2019-03-16
C103346,51,180000.0,Mass,608,Delhi NCR,Bengaluru,2023-07-22
C103347,45,180000.0,Mass,725,Tamil Nadu,Bengaluru,2022-06-28
C103348,27,180000.0,Mass,724,Maharashtra,Chennai,2022-03-29
C103349,26,180000.0,Mass,841,Karnataka,Bengaluru,2023-04-27
C103350,52,180000.0,Mass,640,Telangana,Hyderabad,2025-05-17
C103351,28,231000.0,Mass,695,Maharashtra,Chennai,2019-11-28
C103352,58,180000.0,Mass,660,Maharashtra,Ahmedabad,2019-12-17
C103353,26,180000.0,Mass,653,Rajasthan,Hyderabad,2023-12-17
C103354,50,180000.0,Mass,793,Karnataka,Delhi,2019-05-14
C103355,60,180000.0,Mass,722,Karnataka,Bengaluru,2022-01-20
C103356,39,180000.0,Mass,684,Rajasthan,Chennai,2022-07-13
C103357,24,180000.0,Mass,686,Maharashtra,Jaipur,2021-10-15
C103358,56,180000.0,Mass,683,Gujarat,Ahmedabad,2022-10-17
C103359,29,180000.0,Mass,689,Karnataka,Kolkata,2019-10-23
C103360,42,180000.0,Mass,638,Gujarat,Ahmedabad,2020-11-24
C103361,60,180000.0,Mass,703,Rajasthan,Ahmedabad,2019-01-14
C103362,51,180000.0,Mass,697,Telangana,Kolkata,2025-11-05
C103363,23,180000.0,Mass,671,Gujarat,Ahmedabad,2024-12-03
C103364,53,180000.0,Mass,730,Maharashtra,Kolkata,2020-10-21
C103365,28,187000.0,Mass,736,Maharashtra,Delhi,2019-04-05
C103366,51,180000.0,Mass,684,Tamil Nadu,Kolkata,2020-12-03
C103367,46,180000.0,Mass,711,Maharashtra,Kolkata,2025-10-21
C103368,33,180000.0,Mass,850,Karnataka,Jaipur,2024-10-09
C103369,38,180000.0,Mass,850,Telangana,Hyderabad,2023-09-10
C103370,26,180000.0,Mass,651,West Bengal,Jaipur,2025-07-27
C103371,60,180000.0,Mass,661,West Bengal,Bengaluru,2020-04-04
C103372,31,180000.0,Mass,651,West Bengal,Chennai,2022-10-25
C103373,34,180000.0,Mass,789,Tamil Nadu,Chennai,2024-08-26
C103374,41,180000.0,Mass,694,Delhi NCR,Bengaluru,2019-02-19
C103375,48,180000.0,Mass,736,Rajasthan,Kolkata,2022-02-05
C103376,41,180000.0,Mass,850,Karnataka,Kolkata,2021-07-13
C103377,41,180000.0,Mass,719,Gujarat,Delhi,2020-04-04
C103378,44,180000.0,Mass,766,Karnataka,Delhi,2020-08-05
C103379,55,180000.0,Mass,754,Rajasthan,Hyderabad,2025-11-22
C103380,37,180000.0,Mass,682,Rajasthan,Chennai,2022-08-21
C103381,54,180000.0,Mass,789,Delhi NCR,Delhi,2019-08-01
C103382,52,266000.0,Mass,665,Maharashtra,Jaipur,2023-11-10
C103383,59,180000.0,Mass,807,Rajasthan,Ahmedabad,2023-03-17
C103384,57,180000.0,Mass,682,Karnataka,Ahmedabad,2021-10-17
C103385,53,180000.0,Mass,689,Karnataka,Bengaluru,2021-10-29
C103386,31,180000.0,Mass,649,Tamil Nadu,Jaipur,2022-10-29
C103387,52,180000.0,Mass,660,Delhi NCR,Hyderabad,2025-08-11
C103388,50,180000.0,Mass,692,West Bengal,Hyderabad,2024-05-29
C103389,33,180000.0,Mass,562,Maharashtra,Ahmedabad,2021-11-07
C103390,48,180000.0,Mass,705,Gujarat,Bengaluru,2020-10-01
C103391,31,180000.0,Mass,687,Gujarat,Kolkata,2019-10-10
C103392,42,180000.0,Mass,771,Karnataka,Kolkata,2020-05-24
C103393,53,180000.0,Mass,747,West Bengal,Ahmedabad,2019-12-24
C103394,29,180000.0,Mass,674,Maharashtra,Kolkata,2024-09-25
C103395,35,180000.0,Mass,690,Karnataka,Hyderabad,2023-02-06
C103396,53,180000.0,Mass,705,Gujarat,Delhi,2019-04-07
C103397,39,180000.0,Mass,817,Telangana,Mumbai,2025-08-05
C103398,59,180000.0,Mass,667,West Bengal,Hyderabad,2020-01-27
C103399,22,180000.0,Mass,673,Karnataka,Mumbai,2023-08-06
C103400,50,180000.0,Mass,647,Karnataka,Mumbai,2019-02-02
C103401,53,180000.0,Mass,624,Rajasthan,Ahmedabad,2023-03-11
C103402,57,180000.0,Mass,740,Tamil Nadu,Mumbai,2022-12-15
C103403,28,180000.0,Mass,733,Maharashtra,Jaipur,2025-06-21
C103404,60,180000.0,Mass,803,Karnataka,Bengaluru,2023-04-10
C103405,37,180000.0,Mass,788,Rajasthan,Jaipur,2022-06-25
C103406,35,180000.0,Mass,850,Telangana,Mumbai,2022-10-12
C103407,35,180000.0,Mass,715,Karnataka,Kolkata,2023-07-05
C103408,46,180000.0,Mass,703,Karnataka,Ahmedabad,2021-12-13
C103409,47,180000.0,Mass,635,Karnataka,Jaipur,2024-01-31
C103410,40,180000.0,Mass,765,Maharashtra,Hyderabad,2022-10-07
C103411,24,180000.0,Mass,728,Karnataka,Chennai,2025-11-24
C103412,60,180000.0,Mass,762,Maharashtra,Mumbai,2020-05-19
C103413,30,180000.0,Mass,646,Karnataka,Chennai,2024-03-10
C103414,25,180000.0,Mass,743,Maharashtra,Hyderabad,2024-11-18
C103415,45,180000.0,Mass,733,Gujarat,Jaipur,2024-02-11
C103416,38,180000.0,Mass,729,Gujarat,Ahmedabad,2025-12-25
C103417,46,180000.0,Mass,676,Delhi NCR,Bengaluru,2022-02-02
C103418,56,180000.0,Mass,797,Maharashtra,Ahmedabad,2022-11-06
C103419,25,180000.0,Mass,850,West Bengal,Mumbai,2020-02-05
C103420,33,180000.0,Mass,648,West Bengal,Jaipur,2021-08-31
C103421,42,180000.0,Mass,767,Rajasthan,Mumbai,2020-02-20
C103422,52,180000.0,Mass,533,Karnataka,Jaipur,2024-08-20
C103423,45,180000.0,Mass,763,Maharashtra,Bengaluru,2024-07-26
C103424,36,201000.0,Mass,598,Tamil Nadu,Kolkata,2020-05-16
C103425,45,180000.0,Mass,686,Karnataka,Chennai,2024-09-18
C103426,60,254000.0,Mass,635,Karnataka,Bengaluru,2021-04-14
C103427,40,180000.0,Mass,706,Karnataka,Hyderabad,2024-03-12
C103428,56,180000.0,Mass,775,Tamil Nadu,Delhi,2025-09-09
C103429,52,180000.0,Mass,599,Delhi NCR,Kolkata,2024-11-26
C103430,33,180000.0,Mass,697,Maharashtra,Mumbai,2020-04-29
C103431,31,180000.0,Mass,687,Rajasthan,Hyderabad,2020-04-13
C103432,52,180000.0,Mass,823,Delhi NCR,Hyderabad,2019-10-19
C103433,30,180000.0,Mass,748,Karnataka,Chennai,2024-12-29
C103434,35,180000.0,Mass,643,Gujarat,Jaipur,2022-11-21
C103435,31,180000.0,Mass,689,Karnataka,Chennai,2020-02-10
C103436,45,180000.0,Mass,821,Rajasthan,Chennai,2023-03-08
C103437,33,180000.0,Mass,766,Delhi NCR,Hyderabad,2022-10-09
C103438,47,180000.0,Mass,660,Telangana,Jaipur,2023-04-02
C103439,58,180000.0,Mass,703,Telangana,Kolkata,2023-07-09
C103440,54,180000.0,Mass,705,Maharashtra,Delhi,2020-03-03
C103441,58,180000.0,Mass,685,Rajasthan,Bengaluru,2021-10-03
C103442,22,196000.0,Mass,609,Rajasthan,Ahmedabad,2024-02-18
C103443,39,180000.0,Mass,676,Delhi NCR,Bengaluru,2025-06-21
C103444,30,180000.0,Mass,810,Gujarat,Bengaluru,2020-09-21
C103445,57,180000.0,Mass,695,Karnataka,Kolkata,2023-01-24
C103446,49,180000.0,Mass,713,Karnataka,Kolkata,2025-10-01
C103447,34,199000.0,Mass,729,Karnataka,Bengaluru,2023-04-13
C103448,43,180000.0,Mass,850,Tamil Nadu,Chennai,2020-08-15
C103449,45,180000.0,Mass,721,Delhi NCR,Ahmedabad,2023-02-26
C103450,41,180000.0,Mass,791,Rajasthan,Bengaluru,2019-02-15
C103451,40,180000.0,Mass,681,Karnataka,Chennai,2022-06-25
C103452,24,180000.0,Mass,703,Maharashtra,Bengaluru,2023-01-16
C103453,39,180000.0,Mass,721,Karnataka,Delhi,2019-05-27
C103454,35,180000.0,Mass,670,Rajasthan,Jaipur,2020-06-11
C103455,53,180000.0,Mass,707,Delhi NCR,Chennai,2026-01-14
C103456,55,180000.0,Mass,778,Gujarat,Mumbai,2023-06-23
C103457,51,180000.0,Mass,668,Tamil Nadu,Chennai,2022-04-07
C103458,23,180000.0,Mass,720,Tamil Nadu,Jaipur,2020-08-18
C103459,54,180000.0,Mass,766,Maharashtra,Mumbai,2019-11-19
C103460,37,180000.0,Mass,666,Karnataka,Delhi,2022-01-18
C103461,38,180000.0,Mass,791,Maharashtra,Bengaluru,2022-11-19
C103462,58,180000.0,Mass,725,Maharashtra,Ahmedabad,2020-04-11
C103463,55,180000.0,Mass,709,Tamil Nadu,Chennai,2024-09-13
C103464,23,180000.0,Mass,589,Maharashtra,Chennai,2022-01-19
C103465,36,180000.0,Mass,696,Telangana,Mumbai,2019-05-26
C103466,51,180000.0,Mass,744,Tamil Nadu,Kolkata,2019-12-21
C103467,43,180000.0,Mass,833,Tamil Nadu,Delhi,2025-02-18
C103468,32,180000.0,Mass,757,Rajasthan,Chennai,2021-05-28
C103469,42,180000.0,Mass,793,Maharashtra,Chennai,2021-08-27
C103470,55,180000.0,Mass,641,Telangana,Bengaluru,2020-06-01
C103471,30,180000.0,Mass,712,Karnataka,Delhi,2024-10-01
C103472,51,180000.0,Mass,799,Delhi NCR,Mumbai,2024-10-22
C103473,50,180000.0,Mass,662,Gujarat,Ahmedabad,2020-09-22
C103474,56,180000.0,Mass,783,Karnataka,Kolkata,2024-03-11
C103475,33,180000.0,Mass,768,Karnataka,Delhi,2022-03-22
C103476,30,180000.0,Mass,738,Telangana,Delhi,2020-03-09
C103477,43,294000.0,Mass,699,Telangana,Ahmedabad,2024-08-31
C103478,42,180000.0,Mass,656,Telangana,Hyderabad,2019-08-04
C103479,37,180000.0,Mass,835,Gujarat,Bengaluru,2025-03-23
C103480,52,180000.0,Mass,761,Telangana,Mumbai,2019-03-08
C103481,53,180000.0,Mass,742,Tamil Nadu,Kolkata,2021-04-19
C103482,31,180000.0,Mass,693,Maharashtra,Chennai,2020-08-12
C103483,53,180000.0,Mass,722,Tamil Nadu,Delhi,2020-09-03
C103484,30,180000.0,Mass,731,Tamil Nadu,Kolkata,2022-06-02
C103485,37,180000.0,Mass,746,Delhi NCR,Jaipur,2024-05-08
C103486,23,180000.0,Mass,768,Gujarat,Bengaluru,2021-11-05
C103487,35,180000.0,Mass,669,Gujarat,Hyderabad,2022-09-03
C103488,59,180000.0,Mass,625,Rajasthan,Jaipur,2025-11-30
C103489,39,180000.0,Mass,725,West Bengal,Mumbai,2022-07-18
C103490,49,180000.0,Mass,606,Maharashtra,Kolkata,2024-08-21
C103491,26,180000.0,Mass,699,Rajasthan,Hyderabad,2021-09-27
C103492,46,180000.0,Mass,687,Karnataka,Ahmedabad,2019-07-23
C103493,36,180000.0,Mass,752,West Bengal,Kolkata,2020-10-27
C103494,51,180000.0,Mass,849,Karnataka,Kolkata,2020-02-18
C103495,58,180000.0,Mass,594,Gujarat,Mumbai,2025-06-16
C103496,42,180000.0,Mass,850,Rajasthan,Delhi,2019-03-11
C103497,26,180000.0,Mass,705,Karnataka,Jaipur,2024-11-08
C103498,40,180000.0,Mass,743,West Bengal,Delhi,2019-12-26
C103499,26,180000.0,Mass,628,Gujarat,Hyderabad,2020-01-27
C103500,39,180000.0,Mass,785,Karnataka,Mumbai,2022-10-08
C103501,24,180000.0,Mass,723,Rajasthan,Chennai,2019-07-30
C103502,46,180000.0,Mass,716,Tamil Nadu,Jaipur,2019-07-19
C103503,34,180000.0,Mass,594,West Bengal,Kolkata,2024-07-09
C103504,29,386000.0,Mass,725,West Bengal,Chennai,2019-06-05
C103505,22,180000.0,Mass,775,Karnataka,Ahmedabad,2023-04-02
C103506,56,180000.0,Mass,705,Maharashtra,Kolkata,2019-11-04
C103507,54,180000.0,Mass,796,Maharashtra,Jaipur,2019-08-11
C103508,53,180000.0,Mass,794,Tamil Nadu,Ahmedabad,2023-10-07
C103509,24,180000.0,Mass,678,Karnataka,Kolkata,2021-10-16
C103510,35,180000.0,Mass,824,Maharashtra,Ahmedabad,2019-02-20
C103511,59,180000.0,Mass,723,Delhi NCR,Kolkata,2023-11-07
C103512,44,180000.0,Mass,723,Karnataka,Jaipur,2025-11-26
C103513,27,180000.0,Mass,726,Telangana,Delhi,2022-12-29
C103514,27,180000.0,Mass,725,Gujarat,Chennai,2021-09-17
C103515,32,180000.0,Mass,549,Karnataka,Ahmedabad,2025-01-02
C103516,59,180000.0,Mass,708,Karnataka,Bengaluru,2021-05-25
C103517,28,180000.0,Mass,631,Karnataka,Bengaluru,2023-05-13
C103518,57,180000.0,Mass,826,Tamil Nadu,Kolkata,2022-05-19
C103519,48,189000.0,Mass,823,Karnataka,Delhi,2024-03-03
C103520,57,180000.0,Mass,775,Delhi NCR,Mumbai,2022-09-08
C103521,54,180000.0,Mass,704,Delhi NCR,Hyderabad,2022-06-06
C103522,34,180000.0,Mass,654,Karnataka,Jaipur,2021-12-28
C103523,54,180000.0,Mass,677,West Bengal,Delhi,2021-02-08
C103524,28,180000.0,Mass,846,Rajasthan,Jaipur,2022-06-18
C103525,33,180000.0,Mass,675,Karnataka,Bengaluru,2019-06-07
C103526,30,180000.0,Mass,567,Rajasthan,Bengaluru,2021-06-02
C103527,27,180000.0,Mass,787,Maharashtra,Delhi,2019-07-18
C103528,25,180000.0,Mass,818,Telangana,Hyderabad,2021-04-17
C103529,29,180000.0,Mass,828,Karnataka,Delhi,2021-07-03
C103530,26,180000.0,Mass,787,Delhi NCR,Jaipur,2019-03-13
C103531,36,180000.0,Mass,798,West Bengal,Bengaluru,2021-02-09
C103532,24,180000.0,Mass,723,Rajasthan,Jaipur,2023-10-13
C103533,24,180000.0,Mass,585,Rajasthan,Bengaluru,2025-11-26
C103534,60,180000.0,Mass,722,Karnataka,Hyderabad,2023-05-24
C103535,25,180000.0,Mass,760,Telangana,Kolkata,2024-01-26
C103536,24,180000.0,Mass,711,Maharashtra,Delhi,2023-10-05
C103537,23,180000.0,Mass,708,Karnataka,Mumbai,2025-09-21
C103538,27,180000.0,Mass,657,Karnataka,Hyderabad,2025-09-12
C103539,42,180000.0,Mass,655,Rajasthan,Jaipur,2019-10-24
C103540,54,180000.0,Mass,839,Telangana,Mumbai,2022-05-15
C103541,50,180000.0,Mass,842,Karnataka,Jaipur,2025-06-18
C103542,44,180000.0,Mass,720,Rajasthan,Delhi,2025-04-11
C103543,25,180000.0,Mass,738,Delhi NCR,Bengaluru,2022-10-21
C103544,52,180000.0,Mass,656,Maharashtra,Ahmedabad,2022-02-28
C103545,23,180000.0,Mass,762,Gujarat,Kolkata,2019-06-01
C103546,46,180000.0,Mass,834,Telangana,Ahmedabad,2022-05-26
C103547,37,180000.0,Mass,621,Telangana,Jaipur,2022-08-09
C103548,56,180000.0,Mass,750,Gujarat,Chennai,2023-07-04
C103549,33,180000.0,Mass,755,Tamil Nadu,Ahmedabad,2022-09-18
C103550,46,180000.0,Mass,754,Karnataka,Kolkata,2020-07-15
C103551,39,180000.0,Mass,827,Gujarat,Kolkata,2025-11-22
C103552,42,180000.0,Mass,850,Maharashtra,Mumbai,2020-07-19
C103553,58,180000.0,Mass,705,Maharashtra,Kolkata,2021-09-21
C103554,49,180000.0,Mass,764,Maharashtra,Ahmedabad,2022-08-18
C103555,38,180000.0,Mass,725,Telangana,Jaipur,2021-02-01
C103556,39,180000.0,Mass,679,Gujarat,Bengaluru,2019-06-28
C103557,49,180000.0,Mass,738,Gujarat,Delhi,2023-05-09
C103558,35,180000.0,Mass,764,Karnataka,Mumbai,2020-09-07
C103559,28,180000.0,Mass,734,Rajasthan,Delhi,2025-04-04
C103560,40,180000.0,Mass,663,Maharashtra,Jaipur,2024-08-24
C103561,24,180000.0,Mass,690,Gujarat,Delhi,2022-01-18
C103562,28,180000.0,Mass,690,Karnataka,Chennai,2022-04-20
C103563,38,180000.0,Mass,665,Telangana,Kolkata,2025-10-05
C103564,53,180000.0,Mass,740,Gujarat,Mumbai,2019-03-11
C103565,52,180000.0,Mass,747,Gujarat,Hyderabad,2021-09-11
C103566,32,180000.0,Mass,784,West Bengal,Jaipur,2019-06-07
C103567,38,180000.0,Mass,664,Delhi NCR,Ahmedabad,2019-12-27
C103568,27,180000.0,Mass,682,Tamil Nadu,Bengaluru,2025-07-18
C103569,51,180000.0,Mass,821,Gujarat,Chennai,2019-09-21
C103570,31,180000.0,Mass,709,Rajasthan,Chennai,2025-10-23
C103571,53,180000.0,Mass,722,Rajasthan,Kolkata,2024-07-30
C103572,54,180000.0,Mass,709,Telangana,Kolkata,2023-07-25
C103573,48,180000.0,Mass,794,Delhi NCR,Ahmedabad,2024-04-13
C103574,34,180000.0,Mass,796,West Bengal,Kolkata,2020-04-25
C103575,59,180000.0,Mass,792,Rajasthan,Mumbai,2019-11-01
C103576,48,180000.0,Mass,722,Karnataka,Mumbai,2021-08-15
C103577,47,180000.0,Mass,663,Rajasthan,Hyderabad,2024-06-10
C103578,55,180000.0,Mass,845,Telangana,Delhi,2021-03-05
C103579,56,180000.0,Mass,776,Tamil Nadu,Kolkata,2020-04-01
C103580,25,180000.0,Mass,690,Gujarat,Hyderabad,2024-08-03
C103581,56,180000.0,Mass,813,Maharashtra,Mumbai,2023-07-07
C103582,51,180000.0,Mass,685,Delhi NCR,Delhi,2022-10-28
C103583,30,180000.0,Mass,812,Telangana,Chennai,2021-12-08
C103584,33,180000.0,Mass,816,Karnataka,Ahmedabad,2024-07-20
C103585,51,180000.0,Mass,660,Tamil Nadu,Ahmedabad,2024-03-24
C103586,30,180000.0,Mass,758,Karnataka,Kolkata,2021-07-26
C103587,39,180000.0,Mass,771,Gujarat,Mumbai,2019-12-03
C103588,48,180000.0,Mass,850,Tamil Nadu,Hyderabad,2025-03-10
C103589,47,180000.0,Mass,672,Telangana,Bengaluru,2019-12-22
C103590,57,180000.0,Mass,813,Karnataka,Delhi,2022-01-20
C103591,26,180000.0,Mass,721,Karnataka,Mumbai,2025-05-18
C103592,33,180000.0,Mass,639,Maharashtra,Jaipur,2021-12-21
C103593,60,180000.0,Mass,712,Tamil Nadu,Jaipur,2024-12-01
C103594,44,180000.0,Mass,720,Rajasthan,Kolkata,2022-06-25
C103595,31,214000.0,Mass,651,Delhi NCR,Ahmedabad,2024-04-21
C103596,33,180000.0,Mass,740,Delhi NCR,Kolkata,2023-03-19
C103597,35,180000.0,Mass,782,Maharashtra,Mumbai,2020-12-29
C103598,43,180000.0,Mass,735,Karnataka,Ahmedabad,2025-05-13
C103599,33,180000.0,Mass,685,West Bengal,Mumbai,2022-04-30
C103600,46,180000.0,Mass,710,Gujarat,Bengaluru,2022-04-05
C103601,39,180000.0,Mass,720,Karnataka,Ahmedabad,2023-09-09
C103602,45,180000.0,Mass,734,Tamil Nadu,Hyderabad,2025-08-15
C103603,28,180000.0,Mass,792,Telangana,Kolkata,2025-03-15
C103604,46,180000.0,Mass,738,Maharashtra,Bengaluru,2021-10-20
C103605,58,180000.0,Mass,629,Karnataka,Chennai,2020-08-24
C103606,27,180000.0,Mass,683,Tamil Nadu,Delhi,2021-04-23
C103607,34,180000.0,Mass,731,Karnataka,Mumbai,2020-11-13
C103608,49,198000.0,Mass,793,Gujarat,Delhi,2021-02-06
C103609,46,180000.0,Mass,804,Delhi NCR,Hyderabad,2022-01-24
C103610,48,180000.0,Mass,835,Rajasthan,Hyderabad,2019-02-24
C103611,43,180000.0,Mass,728,Maharashtra,Bengaluru,2022-10-18
C103612,48,180000.0,Mass,770,Karnataka,Mumbai,2025-01-16
C103613,45,180000.0,Mass,625,Gujarat,Jaipur,2022-01-23
C103614,24,180000.0,Mass,748,Maharashtra,Jaipur,2019-07-26
C103615,51,180000.0,Mass,650,West Bengal,Chennai,2021-10-10
C103616,39,180000.0,Mass,716,Telangana,Hyderabad,2021-05-19
C103617,24,180000.0,Mass,850,Gujarat,Hyderabad,2023-03-26
C103618,37,180000.0,Mass,740,Delhi NCR,Hyderabad,2020-10-13
C103619,38,180000.0,Mass,664,Maharashtra,Delhi,2021-02-21
C103620,25,180000.0,Mass,747,Tamil Nadu,Hyderabad,2024-04-19
C103621,60,180000.0,Mass,686,Rajasthan,Mumbai,2020-04-01
C103622,30,180000.0,Mass,658,Karnataka,Bengaluru,2025-08-21
C103623,34,180000.0,Mass,850,Maharashtra,Kolkata,2021-02-12
C103624,39,180000.0,Mass,789,West Bengal,Delhi,2024-10-24
C103625,54,180000.0,Mass,742,Gujarat,Mumbai,2019-08-02
C103626,50,180000.0,Mass,695,Maharashtra,Bengaluru,2021-04-11
C103627,52,180000.0,Mass,700,Karnataka,Mumbai,2021-09-07
C103628,31,180000.0,Mass,820,Gujarat,Hyderabad,2022-03-30
C103629,54,180000.0,Mass,740,Gujarat,Hyderabad,2019-08-28
C103630,54,180000.0,Mass,520,Gujarat,Mumbai,2020-10-04
C103631,40,205000.0,Mass,850,Maharashtra,Mumbai,2025-03-30
C103632,43,180000.0,Mass,732,Maharashtra,Mumbai,2025-07-30
C103633,23,205000.0,Mass,742,Telangana,Chennai,2022-02-20
C103634,51,180000.0,Mass,791,West Bengal,Mumbai,2019-11-05
C103635,59,180000.0,Mass,750,Telangana,Chennai,2020-12-17
C103636,40,180000.0,Mass,769,Telangana,Bengaluru,2025-10-11
C103637,43,180000.0,Mass,692,Delhi NCR,Jaipur,2025-07-17
C103638,41,180000.0,Mass,640,Karnataka,Jaipur,2024-10-16
C103639,25,180000.0,Mass,738,Maharashtra,Ahmedabad,2025-02-21
C103640,46,180000.0,Mass,813,Karnataka,Kolkata,2024-01-25
C103641,50,180000.0,Mass,678,Maharashtra,Hyderabad,2023-06-09
C103642,58,180000.0,Mass,673,Rajasthan,Bengaluru,2024-07-05
C103643,58,180000.0,Mass,799,Maharashtra,Ahmedabad,2023-08-08
C103644,41,180000.0,Mass,690,West Bengal,Bengaluru,2021-06-01
C103645,59,180000.0,Mass,693,Karnataka,Delhi,2023-07-26
C103646,42,180000.0,Mass,696,Gujarat,Kolkata,2021-02-08
C103647,47,180000.0,Mass,716,Maharashtra,Hyderabad,2023-06-14
C103648,45,180000.0,Mass,618,Karnataka,Bengaluru,2021-09-18
C103649,60,180000.0,Mass,685,Maharashtra,Mumbai,2022-06-21
C103650,50,180000.0,Mass,735,Telangana,Chennai,2020-04-17
C103651,26,180000.0,Mass,735,Gujarat,Mumbai,2025-10-24
C103652,24,180000.0,Mass,795,West Bengal,Bengaluru,2024-04-24
C103653,37,180000.0,Mass,840,West Bengal,Ahmedabad,2019-10-06
C103654,42,180000.0,Mass,818,Gujarat,Hyderabad,2022-05-20
C103655,48,180000.0,Mass,779,Rajasthan,Bengaluru,2022-03-27
C103656,40,180000.0,Mass,710,Karnataka,Jaipur,2025-04-22
C103657,42,180000.0,Mass,680,Maharashtra,Chennai,2024-05-17
C103658,57,180000.0,Mass,721,Gujarat,Mumbai,2025-04-02
C103659,35,180000.0,Mass,758,Tamil Nadu,Bengaluru,2022-04-28
C103660,41,180000.0,Mass,773,Tamil Nadu,Jaipur,2020-02-10
C103661,43,180000.0,Mass,761,Tamil Nadu,Hyderabad,2024-02-19
C103662,40,254000.0,Mass,712,West Bengal,Kolkata,2020-07-22
C103663,59,180000.0,Mass,771,Maharashtra,Kolkata,2023-07-14
C103664,59,180000.0,Mass,802,Delhi NCR,Jaipur,2021-12-03
C103665,42,180000.0,Mass,777,Tamil Nadu,Jaipur,2021-06-28
C103666,39,180000.0,Mass,718,Gujarat,Kolkata,2019-11-05
C103667,44,180000.0,Mass,666,Maharashtra,Kolkata,2024-09-11
C103668,29,180000.0,Mass,664,Maharashtra,Kolkata,2023-11-28
C103669,38,180000.0,Mass,676,Maharashtra,Ahmedabad,2021-06-08
C103670,30,180000.0,Mass,737,Delhi NCR,Hyderabad,2024-04-01
C103671,27,180000.0,Mass,754,Gujarat,Jaipur,2026-01-08
C103672,25,180000.0,Mass,628,Karnataka,Kolkata,2024-02-19
C103673,44,180000.0,Mass,687,Delhi NCR,Bengaluru,2025-10-04
C103674,22,180000.0,Mass,736,Telangana,Bengaluru,2022-05-07
C103675,47,199000.0,Mass,662,Rajasthan,Mumbai,2021-09-06
C103676,38,180000.0,Mass,748,Tamil Nadu,Delhi,2025-01-01
C103677,36,180000.0,Mass,700,Telangana,Chennai,2023-09-20
C103678,52,180000.0,Mass,673,Gujarat,Delhi,2023-04-25
C103679,43,180000.0,Mass,723,Telangana,Mumbai,2023-07-28
C103680,50,180000.0,Mass,745,Gujarat,Bengaluru,2026-01-27
C103681,49,180000.0,Mass,665,Karnataka,Kolkata,2023-11-23
C103682,23,180000.0,Mass,704,Rajasthan,Ahmedabad,2024-10-21
C103683,30,180000.0,Mass,750,Telangana,Bengaluru,2019-04-04
C103684,44,180000.0,Mass,670,Tamil Nadu,Mumbai,2024-02-21
C103685,60,180000.0,Mass,612,Gujarat,Ahmedabad,2021-04-06
C103686,28,180000.0,Mass,620,Telangana,Chennai,2019-11-17
C103687,26,180000.0,Mass,693,Karnataka,Jaipur,2020-12-19
C103688,58,180000.0,Mass,634,Maharashtra,Mumbai,2024-12-04
C103689,59,180000.0,Mass,697,Karnataka,Hyderabad,2024-10-26
C103690,28,180000.0,Mass,828,Karnataka,Ahmedabad,2021-03-05
C103691,37,180000.0,Mass,630,Karnataka,Chennai,2020-05-14
C103692,46,180000.0,Mass,702,Delhi NCR,Ahmedabad,2021-12-25
C103693,29,180000.0,Mass,850,Maharashtra,Ahmedabad,2021-05-12
C103694,34,180000.0,Mass,747,West Bengal,Hyderabad,2022-04-18
C103695,37,180000.0,Mass,696,West Bengal,Hyderabad,2024-07-31
C103696,47,180000.0,Mass,710,Karnataka,Mumbai,2021-05-11
C103697,34,195000.0,Mass,748,Telangana,Mumbai,2020-03-27
C103698,38,180000.0,Mass,830,Gujarat,Mumbai,2019-10-09
C103699,33,180000.0,Mass,685,Rajasthan,Jaipur,2023-11-17
C103700,51,180000.0,Mass,671,Gujarat,Ahmedabad,2020-06-02
C103701,27,180000.0,Mass,630,Maharashtra,Hyderabad,2020-07-25
C103702,30,180000.0,Mass,727,Maharashtra,Chennai,2024-09-20
C103703,31,180000.0,Mass,629,West Bengal,Ahmedabad,2019-08-30
C103704,57,180000.0,Mass,690,Maharashtra,Bengaluru,2023-08-23
C103705,58,180000.0,Mass,661,Delhi NCR,Chennai,2019-01-30
C103706,41,180000.0,Mass,790,Karnataka,Jaipur,2025-09-17
C103707,28,180000.0,Mass,687,Telangana,Jaipur,2024-01-30
C103708,51,180000.0,Mass,746,Gujarat,Ahmedabad,2024-11-04
C103709,41,180000.0,Mass,616,Karnataka,Hyderabad,2023-09-29
C103710,55,209000.0,Mass,729,Karnataka,Ahmedabad,2021-11-11
C103711,36,180000.0,Mass,642,Maharashtra,Jaipur,2026-01-31
C103712,60,180000.0,Mass,692,Delhi NCR,Hyderabad,2024-08-06
C103713,53,180000.0,Mass,850,Telangana,Jaipur,2019-08-19
C103714,30,180000.0,Mass,781,Karnataka,Kolkata,2023-02-07
C103715,50,180000.0,Mass,712,Gujarat,Ahmedabad,2022-11-11
C103716,33,180000.0,Mass,850,Karnataka,Chennai,2021-01-14
C103717,35,180000.0,Mass,661,Telangana,Hyderabad,2022-03-31
C103718,31,180000.0,Mass,796,Delhi NCR,Mumbai,2025-12-10
C103719,48,180000.0,Mass,620,West Bengal,Kolkata,2019-08-13
C103720,32,180000.0,Mass,704,West Bengal,Hyderabad,2025-08-11
C103721,46,180000.0,Mass,632,Maharashtra,Mumbai,2023-12-26
C103722,44,180000.0,Mass,737,Maharashtra,Chennai,2019-10-19
C103723,51,180000.0,Mass,724,West Bengal,Kolkata,2021-03-04
C103724,60,208000.0,Mass,700,Karnataka,Chennai,2024-12-22
C103725,22,180000.0,Mass,791,Karnataka,Delhi,2024-01-04
C103726,60,180000.0,Mass,683,Maharashtra,Jaipur,2019-07-21
C103727,26,180000.0,Mass,741,Delhi NCR,Ahmedabad,2020-01-19
C103728,42,180000.0,Mass,773,Telangana,Jaipur,2025-08-11
C103729,35,180000.0,Mass,624,Rajasthan,Chennai,2020-02-14
C103730,46,180000.0,Mass,671,Maharashtra,Hyderabad,2023-06-11
C103731,50,180000.0,Mass,724,Maharashtra,Kolkata,2026-02-01
C103732,55,180000.0,Mass,761,Maharashtra,Bengaluru,2020-03-09
C103733,37,180000.0,Mass,812,Delhi NCR,Delhi,2019-04-26
C103734,58,180000.0,Mass,706,Karnataka,Hyderabad,2024-10-25
C103735,34,180000.0,Mass,699,Rajasthan,Delhi,2025-10-05
C103736,29,180000.0,Mass,663,Tamil Nadu,Jaipur,2022-09-03
C103737,36,180000.0,Mass,741,Delhi NCR,Chennai,2020-08-29
C103738,42,180000.0,Mass,701,Delhi NCR,Jaipur,2019-06-04
C103739,48,180000.0,Mass,702,Gujarat,Hyderabad,2025-06-27
C103740,54,180000.0,Mass,714,Delhi NCR,Mumbai,2024-09-06
C103741,30,180000.0,Mass,756,Maharashtra,Delhi,2025-05-19
C103742,33,180000.0,Mass,683,Delhi NCR,Mumbai,2024-08-11
C103743,58,180000.0,Mass,670,Delhi NCR,Jaipur,2022-01-30
C103744,39,180000.0,Mass,748,Tamil Nadu,Mumbai,2022-06-07
C103745,31,180000.0,Mass,523,Karnataka,Chennai,2021-09-21
C103746,60,180000.0,Mass,681,Rajasthan,Kolkata,2024-03-15
C103747,39,180000.0,Mass,645,Rajasthan,Bengaluru,2019-09-18
C103748,60,180000.0,Mass,798,Tamil Nadu,Chennai,2019-04-15
C103749,57,180000.0,Mass,691,Rajasthan,Hyderabad,2025-11-04
C103750,57,180000.0,Mass,684,Gujarat,Ahmedabad,2021-04-07
C103751,44,180000.0,Mass,717,Maharashtra,Delhi,2019-04-01
C103752,53,180000.0,Mass,681,Gujarat,Ahmedabad,2023-10-17
C103753,59,180000.0,Mass,694,Karnataka,Ahmedabad,2021-11-03
C103754,32,180000.0,Mass,726,Tamil Nadu,Ahmedabad,2020-08-22
C103755,23,180000.0,Mass,693,Telangana,Hyderabad,2022-02-03
C103756,34,180000.0,Mass,692,Karnataka,Jaipur,2022-03-17
C103757,46,180000.0,Mass,654,Maharashtra,Mumbai,2023-05-11
C103758,43,180000.0,Mass,645,Telangana,Chennai,2025-08-20
C103759,25,180000.0,Mass,724,Delhi NCR,Mumbai,2025-04-09
C103760,43,180000.0,Mass,740,Rajasthan,Mumbai,2024-11-19
C103761,28,180000.0,Mass,627,Maharashtra,Jaipur,2022-07-03
C103762,41,180000.0,Mass,769,West Bengal,Delhi,2022-12-21
C103763,44,180000.0,Mass,770,Karnataka,Jaipur,2019-12-10
C103764,46,180000.0,Mass,783,Karnataka,Delhi,2023-02-08
C103765,38,180000.0,Mass,739,Telangana,Delhi,2023-10-12
C103766,37,180000.0,Mass,761,Gujarat,Delhi,2025-04-25
C103767,48,180000.0,Mass,850,Delhi NCR,Delhi,2019-05-01
C103768,51,180000.0,Mass,700,Maharashtra,Kolkata,2025-02-21
C103769,53,180000.0,Mass,652,Karnataka,Ahmedabad,2022-09-09
C103770,35,180000.0,Mass,620,Tamil Nadu,Bengaluru,2019-08-18
C103771,38,180000.0,Mass,834,Karnataka,Chennai,2026-02-01
C103772,34,180000.0,Mass,835,Maharashtra,Bengaluru,2022-04-25
C103773,42,180000.0,Mass,660,Karnataka,Bengaluru,2021-12-05
C103774,26,180000.0,Mass,673,Maharashtra,Bengaluru,2020-05-11
C103775,38,180000.0,Mass,699,Delhi NCR,Bengaluru,2019-07-10
C103776,29,180000.0,Mass,800,Karnataka,Delhi,2019-08-05
C103777,42,180000.0,Mass,636,Tamil Nadu,Hyderabad,2020-11-25
C103778,55,180000.0,Mass,592,Tamil Nadu,Jaipur,2021-01-30
C103779,60,180000.0,Mass,850,Tamil Nadu,Ahmedabad,2022-04-19
C103780,39,180000.0,Mass,740,Gujarat,Ahmedabad,2023-05-07
C103781,24,180000.0,Mass,750,Telangana,Chennai,2026-01-22
C103782,30,180000.0,Mass,707,West Bengal,Kolkata,2024-08-27
C103783,26,180000.0,Mass,750,Karnataka,Jaipur,2022-06-17
C103784,51,180000.0,Mass,622,Delhi NCR,Delhi,2025-06-30
C103785,60,180000.0,Mass,665,Karnataka,Hyderabad,2022-12-21
C103786,43,180000.0,Mass,727,Gujarat,Jaipur,2022-01-04
C103787,28,180000.0,Mass,572,Tamil Nadu,Mumbai,2020-07-19
C103788,22,180000.0,Mass,700,Karnataka,Chennai,2022-01-03
C103789,60,180000.0,Mass,696,Karnataka,Mumbai,2019-04-17
C103790,34,180000.0,Mass,700,Karnataka,Mumbai,2020-02-03
C103791,26,180000.0,Mass,684,Karnataka,Chennai,2025-09-22
C103792,28,180000.0,Mass,655,Tamil Nadu,Kolkata,2020-05-21
C103793,31,180000.0,Mass,602,Karnataka,Ahmedabad,2023-01-14
C103794,47,180000.0,Mass,729,Delhi NCR,Kolkata,2019-09-24
C103795,56,180000.0,Mass,700,West Bengal,Hyderabad,2023-04-13
C103796,32,180000.0,Mass,631,Maharashtra,Delhi,2025-12-12
C103797,48,180000.0,Mass,724,Karnataka,Mumbai,2022-04-05
C103798,24,180000.0,Mass,701,Gujarat,Kolkata,2019-11-28
C103799,22,180000.0,Mass,690,West Bengal,Mumbai,2019-03-01
C103800,24,180000.0,Mass,580,Gujarat,Ahmedabad,2024-05-21
C103801,58,180000.0,Mass,764,Karnataka,Kolkata,2019-09-25
C103802,44,180000.0,Mass,640,Rajasthan,Delhi,2021-04-06
C103803,53,180000.0,Mass,724,Gujarat,Ahmedabad,2025-01-01
C103804,22,180000.0,Mass,667,Maharashtra,Ahmedabad,2022-10-28
C103805,22,180000.0,Mass,695,West Bengal,Chennai,2025-03-19
C103806,55,180000.0,Mass,795,Rajasthan,Chennai,2025-03-19
C103807,26,180000.0,Mass,755,Gujarat,Bengaluru,2023-09-16
C103808,28,180000.0,Mass,793,Maharashtra,Mumbai,2025-08-31
C103809,42,180000.0,Mass,741,Gujarat,Mumbai,2019-04-05
C103810,45,180000.0,Mass,746,Karnataka,Mumbai,2020-09-16
C103811,30,180000.0,Mass,604,Gujarat,Ahmedabad,2020-12-21
C103812,39,180000.0,Mass,699,Maharashtra,Bengaluru,2025-06-27
C103813,48,180000.0,Mass,705,Tamil Nadu,Delhi,2023-06-05
C103814,39,180000.0,Mass,800,Delhi NCR,Delhi,2020-10-17
C103815,36,180000.0,Mass,687,Rajasthan,Mumbai,2020-06-26
C103816,24,180000.0,Mass,737,West Bengal,Jaipur,2024-09-23
C103817,39,180000.0,Mass,735,Karnataka,Hyderabad,2025-02-11
C103818,53,180000.0,Mass,795,Karnataka,Ahmedabad,2019-02-09
C103819,46,180000.0,Mass,711,Tamil Nadu,Mumbai,2021-08-07
C103820,56,180000.0,Mass,774,Maharashtra,Chennai,2022-10-23
C103821,26,180000.0,Mass,609,Karnataka,Jaipur,2020-09-03
C103822,22,180000.0,Mass,615,Delhi NCR,Bengaluru,2024-03-02
C103823,43,180000.0,Mass,572,Maharashtra,Bengaluru,2024-05-24
C103824,28,180000.0,Mass,771,Karnataka,Chennai,2024-12-21
C103825,45,180000.0,Mass,764,Gujarat,Jaipur,2024-08-05
C103826,57,180000.0,Mass,778,Rajasthan,Ahmedabad,2024-12-26
C103827,35,180000.0,Mass,676,Telangana,Delhi,2021-08-08
C103828,43,364000.0,Mass,683,Karnataka,Hyderabad,2021-02-16
C103829,48,180000.0,Mass,712,Tamil Nadu,Mumbai,2021-04-01
C103830,27,180000.0,Mass,814,West Bengal,Jaipur,2025-01-27
C103831,56,180000.0,Mass,830,Karnataka,Mumbai,2023-08-15
C103832,29,180000.0,Mass,772,Telangana,Hyderabad,2021-04-21
C103833,53,180000.0,Mass,742,Telangana,Delhi,2024-02-19
C103834,47,180000.0,Mass,807,Telangana,Delhi,2020-08-30
C103835,27,180000.0,Mass,703,Karnataka,Kolkata,2020-11-23
C103836,50,272000.0,Mass,695,West Bengal,Delhi,2019-01-04
C103837,29,180000.0,Mass,712,Maharashtra,Delhi,2025-11-17
C103838,45,180000.0,Mass,656,Karnataka,Mumbai,2020-09-04
C103839,59,180000.0,Mass,709,Karnataka,Ahmedabad,2024-05-09
C103840,59,180000.0,Mass,647,Gujarat,Ahmedabad,2019-11-04
C103841,55,180000.0,Mass,787,Karnataka,Ahmedabad,2019-04-04
C103842,41,180000.0,Mass,755,Delhi NCR,Bengaluru,2023-10-21
C103843,43,180000.0,Mass,813,West Bengal,Bengaluru,2019-09-13
C103844,33,180000.0,Mass,614,Karnataka,Chennai,2020-01-12
C103845,57,180000.0,Mass,844,Delhi NCR,Delhi,2021-05-08
C103846,40,180000.0,Mass,618,Rajasthan,Jaipur,2023-03-02
C103847,52,180000.0,Mass,642,Karnataka,Jaipur,2019-02-17
C103848,36,180000.0,Mass,680,Telangana,Chennai,2019-11-25
C103849,50,180000.0,Mass,805,Rajasthan,Jaipur,2021-05-28
C103850,30,180000.0,Mass,735,Delhi NCR,Chennai,2024-01-06
C103851,50,180000.0,Mass,704,Gujarat,Chennai,2019-09-11
C103852,23,180000.0,Mass,668,West Bengal,Mumbai,2021-01-12
C103853,26,180000.0,Mass,631,Telangana,Delhi,2020-05-16
C103854,35,180000.0,Mass,794,Maharashtra,Ahmedabad,2021-03-13
C103855,40,180000.0,Mass,772,Maharashtra,Chennai,2020-11-01
C103856,49,180000.0,Mass,808,Tamil Nadu,Jaipur,2023-07-24
C103857,36,180000.0,Mass,746,Maharashtra,Hyderabad,2019-06-24
C103858,22,180000.0,Mass,548,Maharashtra,Ahmedabad,2025-09-07
C103859,34,180000.0,Mass,639,Karnataka,Delhi,2020-09-27
C103860,39,210000.0,Mass,750,West Bengal,Delhi,2026-01-22
C103861,43,180000.0,Mass,696,Telangana,Hyderabad,2024-03-11
C103862,47,180000.0,Mass,684,Maharashtra,Bengaluru,2021-07-17
C103863,31,180000.0,Mass,648,Maharashtra,Mumbai,2021-02-25
C103864,45,180000.0,Mass,782,Karnataka,Mumbai,2025-09-26
C103865,46,180000.0,Mass,750,Karnataka,Jaipur,2026-02-03
C103866,52,180000.0,Mass,753,Tamil Nadu,Ahmedabad,2023-05-12
C103867,42,180000.0,Mass,679,Karnataka,Chennai,2019-05-03
C103868,53,180000.0,Mass,731,Rajasthan,Jaipur,2025-06-14
C103869,30,180000.0,Mass,633,Maharashtra,Jaipur,2022-05-24
C103870,49,193000.0,Mass,712,Karnataka,Mumbai,2019-03-14
C103871,23,180000.0,Mass,556,West Bengal,Kolkata,2024-09-15
C103872,26,180000.0,Mass,618,Maharashtra,Delhi,2019-03-28
C103873,55,180000.0,Mass,699,Maharashtra,Hyderabad,2021-08-24
C103874,40,180000.0,Mass,850,Karnataka,Mumbai,2019-07-13
C103875,46,180000.0,Mass,603,Telangana,Delhi,2022-02-10
C103876,45,180000.0,Mass,639,Maharashtra,Hyderabad,2024-09-22
C103877,49,180000.0,Mass,734,Delhi NCR,Chennai,2019-12-02
C103878,31,180000.0,Mass,835,Telangana,Hyderabad,2019-12-25
C103879,28,180000.0,Mass,733,West Bengal,Mumbai,2025-10-23
C103880,23,271000.0,Mass,766,Tamil Nadu,Hyderabad,2020-04-04
C103881,55,180000.0,Mass,698,Delhi NCR,Mumbai,2019-10-20
C103882,30,180000.0,Mass,687,Telangana,Ahmedabad,2023-03-03
C103883,44,180000.0,Mass,725,Gujarat,Chennai,2020-12-20
C103884,39,180000.0,Mass,677,Telangana,Mumbai,2025-10-25
C103885,28,180000.0,Mass,767,Telangana,Jaipur,2020-03-01
C103886,38,180000.0,Mass,616,Karnataka,Jaipur,2023-01-14
C103887,25,180000.0,Mass,778,Telangana,Chennai,2025-07-22
C103888,28,180000.0,Mass,723,Maharashtra,Hyderabad,2024-03-19
C103889,27,180000.0,Mass,706,Tamil Nadu,Ahmedabad,2019-03-17
C103890,54,180000.0,Mass,613,Karnataka,Mumbai,2020-05-03
C103891,44,180000.0,Mass,656,Karnataka,Jaipur,2019-11-22
C103892,58,180000.0,Mass,798,Karnataka,Chennai,2025-07-04
C103893,39,180000.0,Mass,706,Karnataka,Jaipur,2020-06-08
C103894,29,180000.0,Mass,738,Karnataka,Bengaluru,2019-05-26
C103895,45,180000.0,Mass,663,Karnataka,Bengaluru,2021-09-21
C103896,58,180000.0,Mass,718,Tamil Nadu,Chennai,2021-01-05
C103897,42,180000.0,Mass,631,Gujarat,Kolkata,2020-03-01
C103898,22,180000.0,Mass,726,Rajasthan,Chennai,2022-03-25
C103899,33,180000.0,Mass,744,Delhi NCR,Kolkata,2025-05-30
C103900,58,180000.0,Mass,741,Karnataka,Mumbai,2020-08-11
C103901,42,180000.0,Mass,661,Gujarat,Kolkata,2025-12-26
C103902,59,180000.0,Mass,698,Gujarat,Chennai,2023-09-22
C103903,41,180000.0,Mass,755,Maharashtra,Ahmedabad,2021-09-20
C103904,22,180000.0,Mass,706,Gujarat,Delhi,2023-10-31
C103905,56,180000.0,Mass,701,Telangana,Kolkata,2021-06-24
C103906,51,180000.0,Mass,844,Telangana,Jaipur,2020-07-04
C103907,49,207000.0,Mass,658,Maharashtra,Bengaluru,2020-09-01
C103908,59,180000.0,Mass,790,Telangana,Delhi,2019-01-23
C103909,29,180000.0,Mass,645,Maharashtra,Ahmedabad,2023-08-14
C103910,57,180000.0,Mass,763,West Bengal,Hyderabad,2019-07-13
C103911,31,180000.0,Mass,766,Rajasthan,Chennai,2020-05-31
C103912,59,180000.0,Mass,687,Maharashtra,Kolkata,2019-01-02
C103913,29,180000.0,Mass,641,Delhi NCR,Chennai,2019-06-19
C103914,43,180000.0,Mass,592,Delhi NCR,Ahmedabad,2025-06-12
C103915,52,180000.0,Mass,680,Gujarat,Chennai,2019-03-03
C103916,25,183000.0,Mass,754,Karnataka,Delhi,2023-06-05
C103917,24,180000.0,Mass,650,Delhi NCR,Kolkata,2021-05-02
C103918,55,180000.0,Mass,726,Gujarat,Bengaluru,2019-12-26
C103919,24,180000.0,Mass,624,Karnataka,Hyderabad,2021-02-18
C103920,45,180000.0,Mass,705,Tamil Nadu,Bengaluru,2019-08-29
C103921,58,180000.0,Mass,645,Gujarat,Hyderabad,2021-03-24
C103922,45,180000.0,Mass,715,Karnataka,Hyderabad,2024-10-26
C103923,40,180000.0,Mass,687,Rajasthan,Kolkata,2023-06-02
C103924,38,180000.0,Mass,643,Maharashtra,Mumbai,2024-10-09
C103925,46,180000.0,Mass,677,Tamil Nadu,Kolkata,2023-12-17
C103926,44,212000.0,Mass,659,Telangana,Delhi,2025-08-08
C103927,41,180000.0,Mass,635,Karnataka,Delhi,2019-10-08
C103928,27,180000.0,Mass,790,Delhi NCR,Delhi,2020-02-19
C103929,47,180000.0,Mass,697,Telangana,Hyderabad,2021-12-05
C103930,50,180000.0,Mass,577,Gujarat,Bengaluru,2022-09-19
C103931,49,180000.0,Mass,679,Tamil Nadu,Kolkata,2024-07-31
C103932,24,180000.0,Mass,779,Rajasthan,Chennai,2019-11-12
C103933,49,180000.0,Mass,671,Rajasthan,Bengaluru,2019-10-15
C103934,50,180000.0,Mass,817,Karnataka,Hyderabad,2024-08-30
C103935,29,180000.0,Mass,664,Maharashtra,Jaipur,2022-11-29
C103936,55,180000.0,Mass,753,Tamil Nadu,Delhi,2021-12-08
C103937,42,180000.0,Mass,787,Rajasthan,Mumbai,2020-07-31
C103938,40,180000.0,Mass,749,Delhi NCR,Kolkata,2023-12-15
C103939,50,180000.0,Mass,631,Maharashtra,Kolkata,2024-09-16
C103940,41,207000.0,Mass,659,West Bengal,Ahmedabad,2019-03-20
C103941,43,180000.0,Mass,796,Maharashtra,Hyderabad,2019-05-21
C103942,34,180000.0,Mass,668,Maharashtra,Kolkata,2024-07-15
C103943,58,180000.0,Mass,783,Tamil Nadu,Mumbai,2025-04-16
C103944,59,180000.0,Mass,692,Maharashtra,Ahmedabad,2020-08-19
C103945,27,180000.0,Mass,729,Tamil Nadu,Chennai,2024-01-10
C103946,50,180000.0,Mass,630,Gujarat,Bengaluru,2024-12-31
C103947,22,180000.0,Mass,680,Delhi NCR,Mumbai,2019-10-22
C103948,36,180000.0,Mass,663,Rajasthan,Hyderabad,2020-04-28
C103949,59,190000.0,Mass,735,Maharashtra,Ahmedabad,2019-12-06
C103950,28,180000.0,Mass,726,Tamil Nadu,Mumbai,2024-08-16
C103951,36,180000.0,Mass,750,Telangana,Ahmedabad,2024-06-28
C103952,30,180000.0,Mass,688,Karnataka,Bengaluru,2019-12-15
C103953,50,180000.0,Mass,660,Delhi NCR,Delhi,2020-03-29
C103954,40,180000.0,Mass,732,Tamil Nadu,Ahmedabad,2023-09-21
C103955,45,180000.0,Mass,653,Karnataka,Delhi,2025-05-22
C103956,58,180000.0,Mass,790,West Bengal,Kolkata,2024-07-19
C103957,42,180000.0,Mass,713,Gujarat,Chennai,2020-03-11
C103958,50,180000.0,Mass,699,Karnataka,Jaipur,2021-10-01
C103959,25,180000.0,Mass,750,Karnataka,Mumbai,2019-06-22
C103960,30,180000.0,Mass,715,Delhi NCR,Jaipur,2020-09-27
C103961,58,180000.0,Mass,612,Rajasthan,Ahmedabad,2023-01-04
C103962,55,180000.0,Mass,651,Maharashtra,Ahmedabad,2021-06-14
C103963,47,180000.0,Mass,789,Karnataka,Jaipur,2023-04-27
C103964,36,180000.0,Mass,725,Karnataka,Chennai,2021-02-10
C103965,29,180000.0,Mass,611,Telangana,Delhi,2023-01-05
C103966,55,180000.0,Mass,743,Maharashtra,Kolkata,2023-07-04
C103967,52,180000.0,Mass,684,Gujarat,Chennai,2020-05-20
C103968,31,180000.0,Mass,663,Maharashtra,Ahmedabad,2019-04-26
C103969,45,180000.0,Mass,646,Gujarat,Chennai,2021-05-28
C103970,46,180000.0,Mass,785,Telangana,Chennai,2019-04-18
C103971,40,180000.0,Mass,592,Tamil Nadu,Chennai,2020-02-19
C103972,58,180000.0,Mass,666,Karnataka,Mumbai,2021-01-18
C103973,26,187000.0,Mass,728,Gujarat,Jaipur,2021-05-29
C103974,32,180000.0,Mass,823,Gujarat,Hyderabad,2020-12-21
C103975,25,180000.0,Mass,756,Tamil Nadu,Kolkata,2019-05-20
C103976,49,180000.0,Mass,665,Karnataka,Delhi,2020-04-05
C103977,47,180000.0,Mass,819,Karnataka,Ahmedabad,2025-04-13
C103978,60,180000.0,Mass,632,Tamil Nadu,Ahmedabad,2024-02-07
C103979,43,180000.0,Mass,737,Maharashtra,Jaipur,2022-03-01
C103980,27,180000.0,Mass,752,Tamil Nadu,Bengaluru,2019-03-03
C103981,39,180000.0,Mass,663,Maharashtra,Ahmedabad,2021-07-19
C103982,25,180000.0,Mass,765,Maharashtra,Delhi,2025-07-31
C103983,48,180000.0,Mass,687,Telangana,Hyderabad,2024-10-05
C103984,48,180000.0,Mass,765,Gujarat,Hyderabad,2024-05-23
C103985,55,180000.0,Mass,600,Karnataka,Bengaluru,2020-10-08
C103986,35,180000.0,Mass,742,Delhi NCR,Mumbai,2021-11-13
C103987,34,180000.0,Mass,693,Gujarat,Hyderabad,2019-03-16
C103988,24,180000.0,Mass,795,Rajasthan,Ahmedabad,2025-02-11
C103989,38,180000.0,Mass,717,Karnataka,Chennai,2019-10-21
C103990,40,180000.0,Mass,801,West Bengal,Jaipur,2023-05-27
C103991,51,180000.0,Mass,753,Delhi NCR,Delhi,2021-01-03
C103992,51,180000.0,Mass,712,Karnataka,Delhi,2023-01-22
C103993,27,180000.0,Mass,771,Tamil Nadu,Mumbai,2024-11-20
C103994,33,180000.0,Mass,772,Telangana,Hyderabad,2021-03-24
C103995,41,180000.0,Mass,751,Gujarat,Jaipur,2019-02-13
C103996,35,180000.0,Mass,571,Gujarat,Delhi,2023-09-21
C103997,22,180000.0,Mass,656,Rajasthan,Kolkata,2022-10-15
C103998,54,180000.0,Mass,810,Telangana,Jaipur,2019-12-30
C103999,50,180000.0,Mass,638,Rajasthan,Jaipur,2019-05-06
C104000,42,180000.0,Mass,777,West Bengal,Ahmedabad,2022-09-26
C104001,34,180000.0,Mass,766,Delhi NCR,Ahmedabad,2023-05-14
C104002,54,180000.0,Mass,673,Telangana,Ahmedabad,2019-10-29
C104003,23,180000.0,Mass,590,Telangana,Kolkata,2023-04-07
C104004,39,180000.0,Mass,683,West Bengal,Chennai,2022-03-03
C104005,53,180000.0,Mass,850,Tamil Nadu,Kolkata,2019-12-23
C104006,59,180000.0,Mass,664,Karnataka,Kolkata,2023-05-22
C104007,31,180000.0,Mass,668,Tamil Nadu,Delhi,2023-08-06
C104008,47,180000.0,Mass,655,Karnataka,Bengaluru,2020-02-09
C104009,29,180000.0,Mass,799,Rajasthan,Delhi,2023-10-18
C104010,26,180000.0,Mass,704,Telangana,Mumbai,2020-07-31
C104011,35,180000.0,Mass,679,Tamil Nadu,Hyderabad,2023-04-02
C104012,56,180000.0,Mass,812,Karnataka,Mumbai,2024-10-15
C104013,48,180000.0,Mass,758,Tamil Nadu,Bengaluru,2025-09-02
C104014,41,180000.0,Mass,660,Maharashtra,Delhi,2020-10-26
C104015,33,180000.0,Mass,640,Telangana,Chennai,2021-05-30
C104016,27,180000.0,Mass,795,Tamil Nadu,Delhi,2019-09-06
C104017,32,180000.0,Mass,721,Gujarat,Chennai,2025-11-24
C104018,27,180000.0,Mass,619,Maharashtra,Ahmedabad,2021-05-09
C104019,29,180000.0,Mass,604,Tamil Nadu,Bengaluru,2024-09-16
C104020,48,180000.0,Mass,647,Gujarat,Ahmedabad,2025-08-28
C104021,27,180000.0,Mass,639,West Bengal,Jaipur,2022-05-21
C104022,23,180000.0,Mass,587,West Bengal,Kolkata,2023-12-09
C104023,43,276000.0,Mass,649,Delhi NCR,Chennai,2022-05-12
C104024,33,180000.0,Mass,660,Maharashtra,Bengaluru,2023-02-05
C104025,39,180000.0,Mass,690,Karnataka,Jaipur,2020-10-10
C104026,27,180000.0,Mass,830,Rajasthan,Delhi,2024-12-25
C104027,30,180000.0,Mass,703,Rajasthan,Bengaluru,2019-11-16
C104028,39,180000.0,Mass,709,Karnataka,Mumbai,2023-09-13
C104029,48,180000.0,Mass,753,Telangana,Mumbai,2025-07-19
C104030,38,180000.0,Mass,705,Gujarat,Jaipur,2024-10-09
C104031,43,180000.0,Mass,746,Karnataka,Jaipur,2024-05-26
C104032,42,180000.0,Mass,738,Rajasthan,Chennai,2023-09-05
C104033,32,180000.0,Mass,728,Rajasthan,Mumbai,2025-09-24
C104034,32,180000.0,Mass,850,Rajasthan,Delhi,2025-02-25
C104035,38,180000.0,Mass,779,Karnataka,Ahmedabad,2020-12-15
C104036,23,180000.0,Mass,650,Gujarat,Bengaluru,2023-06-11
C104037,48,180000.0,Mass,744,West Bengal,Ahmedabad,2022-01-19
C104038,45,180000.0,Mass,669,Telangana,Ahmedabad,2020-11-19
C104039,33,180000.0,Mass,749,Gujarat,Bengaluru,2024-10-28
C104040,36,180000.0,Mass,631,Tamil Nadu,Delhi,2019-04-17
C104041,34,180000.0,Mass,648,Karnataka,Ahmedabad,2019-11-30
C104042,47,180000.0,Mass,742,Tamil Nadu,Hyderabad,2019-10-01
C104043,51,180000.0,Mass,785,West Bengal,Hyderabad,2020-06-09
C104044,26,180000.0,Mass,753,Karnataka,Kolkata,2022-08-25
C104045,38,180000.0,Mass,776,Karnataka,Kolkata,2025-09-16
C104046,22,180000.0,Mass,744,Tamil Nadu,Hyderabad,2025-12-01
C104047,39,180000.0,Mass,731,Tamil Nadu,Kolkata,2025-05-29
C104048,31,180000.0,Mass,687,Maharashtra,Hyderabad,2024-05-28
C104049,35,180000.0,Mass,773,Karnataka,Bengaluru,2022-04-10
C104050,39,180000.0,Mass,787,Delhi NCR,Kolkata,2024-07-09
C104051,34,180000.0,Mass,716,Maharashtra,Kolkata,2020-11-28
C104052,37,180000.0,Mass,712,Telangana,Chennai,2023-09-22
C104053,51,180000.0,Mass,823,Tamil Nadu,Chennai,2019-01-22
C104054,53,226000.0,Mass,719,Gujarat,Jaipur,2025-06-07
C104055,22,180000.0,Mass,725,Tamil Nadu,Chennai,2025-12-01
C104056,36,180000.0,Mass,751,Telangana,Ahmedabad,2024-03-27
C104057,55,309000.0,Mass,714,Tamil Nadu,Delhi,2020-03-30
C104058,42,180000.0,Mass,667,Tamil Nadu,Ahmedabad,2020-11-02
C104059,30,180000.0,Mass,745,Gujarat,Chennai,2024-04-07
C104060,45,180000.0,Mass,717,Gujarat,Kolkata,2022-07-22
C104061,27,180000.0,Mass,840,Gujarat,Mumbai,2022-11-24
C104062,22,180000.0,Mass,771,Gujarat,Bengaluru,2021-11-17
C104063,46,180000.0,Mass,681,Gujarat,Ahmedabad,2024-12-12
C104064,42,180000.0,Mass,767,Karnataka,Mumbai,2020-03-06
C104065,51,180000.0,Mass,740,Telangana,Ahmedabad,2022-02-22
C104066,35,180000.0,Mass,805,Karnataka,Bengaluru,2020-08-01
C104067,55,180000.0,Mass,686,West Bengal,Hyderabad,2023-12-04
C104068,38,180000.0,Mass,732,Tamil Nadu,Hyderabad,2021-01-11
C104069,50,180000.0,Mass,714,Karnataka,Ahmedabad,2021-02-17
C104070,25,180000.0,Mass,724,Telangana,Delhi,2020-03-27
C104071,25,180000.0,Mass,662,Maharashtra,Mumbai,2025-02-23
C104072,52,180000.0,Mass,757,Rajasthan,Bengaluru,2020-07-19
C104073,54,180000.0,Mass,747,Rajasthan,Chennai,2025-03-08
C104074,58,180000.0,Mass,804,West Bengal,Mumbai,2025-07-10
C104075,34,180000.0,Mass,719,Tamil Nadu,Kolkata,2025-11-11
C104076,22,180000.0,Mass,693,Rajasthan,Ahmedabad,2021-06-11
C104077,60,180000.0,Mass,771,Telangana,Chennai,2023-08-30
C104078,45,180000.0,Mass,668,West Bengal,Ahmedabad,2024-11-21
C104079,31,180000.0,Mass,791,Karnataka,Chennai,2019-07-23
C104080,51,180000.0,Mass,790,West Bengal,Bengaluru,2019-06-17
C104081,57,180000.0,Mass,802,Telangana,Jaipur,2020-06-22
C104082,33,180000.0,Mass,744,Maharashtra,Mumbai,2025-12-27
C104083,52,180000.0,Mass,688,Rajasthan,Chennai,2019-08-22
C104084,52,180000.0,Mass,727,Telangana,Kolkata,2024-06-11
C104085,41,180000.0,Mass,745,West Bengal,Chennai,2024-12-21
C104086,46,180000.0,Mass,684,Karnataka,Delhi,2025-06-15
C104087,32,180000.0,Mass,807,Tamil Nadu,Bengaluru,2022-10-06
C104088,58,180000.0,Mass,758,Telangana,Ahmedabad,2022-09-29
C104089,60,180000.0,Mass,662,Karnataka,Kolkata,2024-04-14
C104090,60,180000.0,Mass,842,Delhi NCR,Ahmedabad,2023-07-08
C104091,50,180000.0,Mass,726,Telangana,Chennai,2024-08-07
C104092,23,180000.0,Mass,649,Maharashtra,Bengaluru,2021-07-27
C104093,36,180000.0,Mass,666,Telangana,Hyderabad,2025-08-24
C104094,39,180000.0,Mass,817,Karnataka,Ahmedabad,2022-01-28
C104095,59,180000.0,Mass,839,Delhi NCR,Kolkata,2020-10-07
C104096,43,180000.0,Mass,786,West Bengal,Chennai,2024-05-05
C104097,42,180000.0,Mass,806,Gujarat,Kolkata,2023-06-03
C104098,27,180000.0,Mass,799,Gujarat,Jaipur,2019-05-10
C104099,52,180000.0,Mass,756,Gujarat,Kolkata,2020-03-08
C104100,35,180000.0,Mass,741,Maharashtra,Delhi,2019-04-06
C104101,25,180000.0,Mass,755,West Bengal,Hyderabad,2023-02-06
C104102,60,180000.0,Mass,768,Maharashtra,Chennai,2025-03-24
C104103,29,180000.0,Mass,672,Gujarat,Bengaluru,2021-04-18
C104104,22,180000.0,Mass,768,Maharashtra,Mumbai,2019-10-14
C104105,25,180000.0,Mass,815,Telangana,Chennai,2025-01-22
C104106,39,180000.0,Mass,707,Delhi NCR,Delhi,2024-02-18
C104107,26,180000.0,Mass,700,Karnataka,Bengaluru,2022-11-18
C104108,54,180000.0,Mass,751,Maharashtra,Jaipur,2020-06-02
C104109,41,180000.0,Mass,678,Karnataka,Jaipur,2023-10-14
C104110,34,180000.0,Mass,634,Karnataka,Bengaluru,2021-08-10
C104111,22,180000.0,Mass,795,Gujarat,Bengaluru,2020-09-29
C104112,40,180000.0,Mass,691,Delhi NCR,Kolkata,2021-02-02
C104113,27,180000.0,Mass,721,Tamil Nadu,Mumbai,2019-06-09
C104114,60,180000.0,Mass,680,Karnataka,Mumbai,2022-06-28
C104115,33,180000.0,Mass,803,Tamil Nadu,Mumbai,2024-05-12
C104116,40,180000.0,Mass,775,Delhi NCR,Delhi,2024-11-19
C104117,22,180000.0,Mass,704,Gujarat,Mumbai,2024-02-26
C104118,27,180000.0,Mass,643,Maharashtra,Mumbai,2025-03-26
C104119,30,180000.0,Mass,697,Delhi NCR,Chennai,2025-11-10
C104120,24,180000.0,Mass,757,Karnataka,Hyderabad,2020-07-31
C104121,50,180000.0,Mass,732,Delhi NCR,Jaipur,2022-02-01
C104122,58,180000.0,Mass,727,Delhi NCR,Mumbai,2021-05-27
C104123,60,180000.0,Mass,734,West Bengal,Ahmedabad,2023-11-16
C104124,32,180000.0,Mass,769,Karnataka,Hyderabad,2024-12-15
C104125,52,180000.0,Mass,717,Karnataka,Chennai,2025-05-02
C104126,41,180000.0,Mass,749,West Bengal,Hyderabad,2019-08-22
C104127,23,180000.0,Mass,656,Gujarat,Mumbai,2022-08-31
C104128,25,180000.0,Mass,850,Gujarat,Hyderabad,2019-10-31
C104129,43,180000.0,Mass,702,Tamil Nadu,Jaipur,2021-05-07
C104130,38,180000.0,Mass,733,Karnataka,Delhi,2022-05-31
C104131,22,180000.0,Mass,757,Telangana,Delhi,2023-05-31
C104132,58,180000.0,Mass,693,Rajasthan,Bengaluru,2024-08-16
C104133,50,180000.0,Mass,721,Telangana,Jaipur,2026-01-29
C104134,41,180000.0,Mass,720,Gujarat,Delhi,2021-05-23
C104135,60,180000.0,Mass,661,Rajasthan,Delhi,2022-12-25
C104136,59,180000.0,Mass,749,Telangana,Mumbai,2019-06-30
C104137,59,180000.0,Mass,613,Karnataka,Hyderabad,2019-10-18
C104138,32,180000.0,Mass,834,Telangana,Delhi,2025-11-21
C104139,56,180000.0,Mass,772,Karnataka,Hyderabad,2025-09-05
C104140,41,180000.0,Mass,762,Maharashtra,Bengaluru,2025-09-07
C104141,50,180000.0,Mass,607,Tamil Nadu,Bengaluru,2020-11-10
C104142,55,180000.0,Mass,668,Karnataka,Chennai,2023-08-22
C104143,28,180000.0,Mass,810,Karnataka,Delhi,2020-08-18
C104144,39,180000.0,Mass,850,Tamil Nadu,Chennai,2023-11-08
C104145,27,180000.0,Mass,798,Maharashtra,Delhi,2022-06-14
C104146,32,180000.0,Mass,787,Tamil Nadu,Jaipur,2025-08-24
C104147,38,180000.0,Mass,754,Maharashtra,Jaipur,2021-08-29
C104148,55,180000.0,Mass,665,Telangana,Delhi,2023-08-02
C104149,55,180000.0,Mass,785,West Bengal,Delhi,2023-09-11
C104150,37,180000.0,Mass,648,Karnataka,Bengaluru,2024-08-11
C104151,34,180000.0,Mass,641,Delhi NCR,Bengaluru,2019-05-16
C104152,42,180000.0,Mass,637,Karnataka,Delhi,2022-04-20
C104153,57,180000.0,Mass,783,Maharashtra,Kolkata,2022-03-21
C104154,60,180000.0,Mass,716,Maharashtra,Mumbai,2020-08-15
C104155,30,180000.0,Mass,727,Karnataka,Hyderabad,2024-09-23
C104156,29,180000.0,Mass,719,Karnataka,Ahmedabad,2024-12-04
C104157,49,180000.0,Mass,647,Delhi NCR,Bengaluru,2019-08-01
C104158,33,180000.0,Mass,676,Delhi NCR,Chennai,2023-11-15
C104159,29,180000.0,Mass,680,Rajasthan,Chennai,2025-02-18
C104160,23,180000.0,Mass,629,Rajasthan,Kolkata,2021-01-22
C104161,37,180000.0,Mass,687,Gujarat,Kolkata,2023-07-02
C104162,37,180000.0,Mass,650,Karnataka,Jaipur,2023-06-09
C104163,43,180000.0,Mass,758,Karnataka,Bengaluru,2019-02-18
C104164,29,180000.0,Mass,763,Tamil Nadu,Jaipur,2024-10-23
C104165,49,180000.0,Mass,636,West Bengal,Hyderabad,2024-05-04
C104166,48,180000.0,Mass,701,Maharashtra,Mumbai,2020-12-03
C104167,40,180000.0,Mass,841,Karnataka,Delhi,2021-03-27
C104168,29,180000.0,Mass,656,Gujarat,Bengaluru,2024-06-20
C104169,41,180000.0,Mass,748,West Bengal,Chennai,2024-09-15
C104170,48,180000.0,Mass,727,Gujarat,Kolkata,2019-07-08
C104171,36,180000.0,Mass,791,Telangana,Jaipur,2021-07-22
C104172,32,180000.0,Mass,739,Gujarat,Ahmedabad,2023-06-13
C104173,41,180000.0,Mass,692,Maharashtra,Mumbai,2019-11-27
C104174,35,180000.0,Mass,724,Gujarat,Hyderabad,2026-02-10
C104175,37,180000.0,Mass,725,Delhi NCR,Mumbai,2020-06-27
C104176,35,180000.0,Mass,714,Delhi NCR,Jaipur,2025-03-02
C104177,33,180000.0,Mass,634,Gujarat,Ahmedabad,2019-06-17
C104178,49,180000.0,Mass,801,Maharashtra,Mumbai,2025-03-26
C104179,39,180000.0,Mass,789,Karnataka,Mumbai,2019-04-15
C104180,40,180000.0,Mass,652,Karnataka,Ahmedabad,2023-11-04
C104181,47,180000.0,Mass,700,Karnataka,Delhi,2021-07-25
C104182,36,180000.0,Mass,705,Karnataka,Kolkata,2022-04-14
C104183,25,180000.0,Mass,645,Telangana,Delhi,2019-10-10
C104184,55,180000.0,Mass,599,Delhi NCR,Delhi,2023-10-27
C104185,24,180000.0,Mass,676,Delhi NCR,Ahmedabad,2023-06-07
C104186,44,180000.0,Mass,697,Telangana,Jaipur,2021-04-15
C104187,32,180000.0,Mass,626,Rajasthan,Jaipur,2022-05-12
C104188,30,180000.0,Mass,732,Rajasthan,Delhi,2022-12-08
C104189,23,180000.0,Mass,796,Maharashtra,Kolkata,2023-11-24
C104190,57,180000.0,Mass,775,Karnataka,Ahmedabad,2022-11-04
C104191,38,180000.0,Mass,712,Karnataka,Chennai,2019-06-03
C104192,35,180000.0,Mass,600,West Bengal,Kolkata,2022-11-14
C104193,50,180000.0,Mass,767,Karnataka,Chennai,2021-06-25
C104194,23,180000.0,Mass,730,Maharashtra,Kolkata,2021-12-07
C104195,44,180000.0,Mass,748,Tamil Nadu,Kolkata,2021-08-21
C104196,41,180000.0,Mass,846,Tamil Nadu,Jaipur,2021-07-06
C104197,43,180000.0,Mass,666,Tamil Nadu,Ahmedabad,2020-09-06
C104198,26,180000.0,Mass,533,Delhi NCR,Chennai,2021-05-08
C104199,59,180000.0,Mass,652,Tamil Nadu,Chennai,2024-01-27
C104200,31,180000.0,Mass,752,West Bengal,Hyderabad,2020-08-07
C104201,48,180000.0,Mass,722,Karnataka,Delhi,2024-05-27
C104202,51,180000.0,Mass,641,West Bengal,Ahmedabad,2022-02-14
C104203,35,180000.0,Mass,628,Tamil Nadu,Mumbai,2023-05-07
C104204,27,180000.0,Mass,697,Maharashtra,Ahmedabad,2019-11-03
C104205,33,180000.0,Mass,639,Rajasthan,Kolkata,2020-06-22
C104206,53,180000.0,Mass,754,Rajasthan,Jaipur,2025-06-02
C104207,57,180000.0,Mass,693,West Bengal,Bengaluru,2024-11-30
C104208,58,180000.0,Mass,679,Rajasthan,Jaipur,2019-07-01
C104209,30,180000.0,Mass,671,Maharashtra,Bengaluru,2025-06-06
C104210,45,180000.0,Mass,737,Maharashtra,Hyderabad,2024-12-17
C104211,27,180000.0,Mass,723,Karnataka,Mumbai,2019-12-23
C104212,49,180000.0,Mass,733,West Bengal,Jaipur,2020-09-19
C104213,38,180000.0,Mass,732,Delhi NCR,Kolkata,2020-04-06
C104214,49,180000.0,Mass,715,Rajasthan,Ahmedabad,2025-01-27
C104215,48,195000.0,Mass,653,West Bengal,Delhi,2025-01-28
C104216,60,254000.0,Mass,673,Telangana,Kolkata,2024-02-16
C104217,41,180000.0,Mass,694,Karnataka,Mumbai,2020-10-12
C104218,35,180000.0,Mass,850,Karnataka,Delhi,2025-07-22
C104219,42,180000.0,Mass,632,Gujarat,Ahmedabad,2025-01-12
C104220,28,180000.0,Mass,693,Delhi NCR,Delhi,2025-03-12
C104221,26,180000.0,Mass,726,Karnataka,Hyderabad,2021-07-24
C104222,42,180000.0,Mass,700,Rajasthan,Delhi,2023-12-28
C104223,54,180000.0,Mass,790,Telangana,Delhi,2023-10-22
C104224,42,180000.0,Mass,700,Maharashtra,Delhi,2020-01-30
C104225,52,180000.0,Mass,705,West Bengal,Bengaluru,2023-02-24
C104226,28,180000.0,Mass,773,Tamil Nadu,Kolkata,2022-11-28
C104227,39,180000.0,Mass,838,Delhi NCR,Mumbai,2023-03-01
C104228,45,180000.0,Mass,811,Maharashtra,Chennai,2021-06-02
C104229,35,198000.0,Mass,711,Gujarat,Hyderabad,2023-10-07
C104230,22,180000.0,Mass,717,Karnataka,Kolkata,2025-04-22
C104231,24,180000.0,Mass,723,Tamil Nadu,Delhi,2023-04-22
C104232,58,180000.0,Mass,730,Delhi NCR,Mumbai,2025-03-17
C104233,45,180000.0,Mass,665,Rajasthan,Ahmedabad,2024-06-29
C104234,32,180000.0,Mass,781,West Bengal,Mumbai,2021-03-27
C104235,32,180000.0,Mass,733,Karnataka,Hyderabad,2024-03-28
C104236,23,180000.0,Mass,717,Rajasthan,Delhi,2023-10-13
C104237,58,180000.0,Mass,637,Karnataka,Delhi,2025-09-19
C104238,26,180000.0,Mass,724,Karnataka,Kolkata,2021-05-29
C104239,51,180000.0,Mass,597,Delhi NCR,Delhi,2020-03-01
C104240,31,180000.0,Mass,682,West Bengal,Jaipur,2023-10-30
C104241,35,180000.0,Mass,683,Rajasthan,Jaipur,2023-07-02
C104242,32,180000.0,Mass,739,Delhi NCR,Ahmedabad,2023-05-16
C104243,54,180000.0,Mass,842,Karnataka,Ahmedabad,2024-04-07
C104244,23,180000.0,Mass,757,Karnataka,Bengaluru,2022-08-21
C104245,35,180000.0,Mass,814,Karnataka,Ahmedabad,2019-03-20
C104246,32,180000.0,Mass,762,Tamil Nadu,Hyderabad,2025-04-02
C104247,32,180000.0,Mass,793,Gujarat,Delhi,2020-12-22
C104248,29,180000.0,Mass,841,Karnataka,Jaipur,2020-10-01
C104249,57,180000.0,Mass,672,Gujarat,Hyderabad,2024-10-17
C104250,36,180000.0,Mass,668,Tamil Nadu,Jaipur,2024-09-04
C104251,38,180000.0,Mass,763,Telangana,Hyderabad,2022-08-07
C104252,37,180000.0,Mass,720,Gujarat,Kolkata,2023-11-28
C104253,60,180000.0,Mass,734,Maharashtra,Kolkata,2019-07-29
C104254,35,180000.0,Mass,704,Telangana,Chennai,2021-01-01
C104255,35,180000.0,Mass,681,Telangana,Kolkata,2020-09-23
C104256,34,180000.0,Mass,825,Maharashtra,Kolkata,2022-01-01
C104257,34,180000.0,Mass,649,Karnataka,Ahmedabad,2021-07-17
C104258,25,180000.0,Mass,765,Rajasthan,Mumbai,2019-06-29
C104259,45,180000.0,Mass,754,Delhi NCR,Bengaluru,2023-11-26
C104260,22,180000.0,Mass,617,Karnataka,Jaipur,2023-04-03
C104261,30,180000.0,Mass,666,Tamil Nadu,Chennai,2021-09-13
C104262,29,180000.0,Mass,677,Tamil Nadu,Hyderabad,2025-04-27
C104263,33,180000.0,Mass,757,Karnataka,Ahmedabad,2021-07-27
C104264,51,180000.0,Mass,696,Karnataka,Chennai,2019-11-03
C104265,45,180000.0,Mass,714,Rajasthan,Chennai,2025-01-13
C104266,60,180000.0,Mass,625,Gujarat,Hyderabad,2019-12-10
C104267,35,180000.0,Mass,850,Karnataka,Mumbai,2019-07-05
C104268,58,180000.0,Mass,725,Delhi NCR,Kolkata,2022-05-18
C104269,23,180000.0,Mass,752,Gujarat,Chennai,2023-02-14
C104270,41,180000.0,Mass,685,Telangana,Mumbai,2021-01-01
C104271,53,180000.0,Mass,678,Maharashtra,Bengaluru,2024-12-21
C104272,42,180000.0,Mass,844,Karnataka,Bengaluru,2020-12-21
C104273,58,180000.0,Mass,595,Karnataka,Ahmedabad,2025-11-10
C104274,34,180000.0,Mass,738,Rajasthan,Delhi,2023-07-19
C104275,23,180000.0,Mass,641,Tamil Nadu,Kolkata,2020-04-24
C104276,52,180000.0,Mass,694,West Bengal,Jaipur,2021-12-02
C104277,24,180000.0,Mass,679,Karnataka,Ahmedabad,2019-07-17
C104278,51,180000.0,Mass,656,Delhi NCR,Delhi,2025-01-05
C104279,50,180000.0,Mass,722,Gujarat,Ahmedabad,2023-08-12
C104280,54,180000.0,Mass,553,Telangana,Mumbai,2022-01-20
C104281,40,180000.0,Mass,699,Maharashtra,Hyderabad,2023-11-01
C104282,56,180000.0,Mass,714,Tamil Nadu,Delhi,2023-05-19
C104283,28,181000.0,Mass,632,Karnataka,Kolkata,2023-04-09
C104284,38,180000.0,Mass,818,Karnataka,Bengaluru,2021-10-31
C104285,26,180000.0,Mass,681,Delhi NCR,Delhi,2021-07-02
C104286,51,180000.0,Mass,705,Karnataka,Ahmedabad,2020-10-27
C104287,49,180000.0,Mass,682,Karnataka,Ahmedabad,2024-08-07
C104288,53,180000.0,Mass,715,Rajasthan,Bengaluru,2022-05-10
C104289,51,180000.0,Mass,805,Maharashtra,Mumbai,2022-05-04
C104290,34,180000.0,Mass,850,Tamil Nadu,Chennai,2024-02-17
C104291,24,180000.0,Mass,768,West Bengal,Mumbai,2022-10-12
C104292,58,180000.0,Mass,791,Delhi NCR,Ahmedabad,2025-10-13
C104293,41,180000.0,Mass,832,Karnataka,Hyderabad,2020-09-17
C104294,25,180000.0,Mass,736,Tamil Nadu,Bengaluru,2019-04-20
C104295,58,180000.0,Mass,822,Tamil Nadu,Jaipur,2021-12-31
C104296,60,180000.0,Mass,772,Maharashtra,Ahmedabad,2022-10-14
C104297,39,180000.0,Mass,729,Delhi NCR,Kolkata,2024-11-05
C104298,52,180000.0,Mass,743,Rajasthan,Delhi,2023-07-12
C104299,23,180000.0,Mass,602,Karnataka,Kolkata,2025-09-08
C104300,25,180000.0,Mass,739,Karnataka,Ahmedabad,2019-08-11
C104301,32,180000.0,Mass,620,Delhi NCR,Mumbai,2022-10-29
C104302,47,180000.0,Mass,614,Gujarat,Mumbai,2024-11-25
C104303,27,180000.0,Mass,733,Delhi NCR,Mumbai,2022-07-29
C104304,23,180000.0,Mass,648,Karnataka,Hyderabad,2020-12-18
C104305,48,180000.0,Mass,720,Karnataka,Hyderabad,2024-06-21
C104306,52,180000.0,Mass,729,Telangana,Kolkata,2025-03-24
C104307,50,180000.0,Mass,732,Rajasthan,Jaipur,2020-11-04
C104308,53,180000.0,Mass,661,Karnataka,Kolkata,2022-12-07
C104309,53,180000.0,Mass,778,West Bengal,Ahmedabad,2024-09-23
C104310,45,180000.0,Mass,714,Maharashtra,Chennai,2020-01-31
C104311,42,180000.0,Mass,749,Karnataka,Jaipur,2019-01-29
C104312,55,180000.0,Mass,642,Tamil Nadu,Delhi,2024-04-05
C104313,35,180000.0,Mass,708,Maharashtra,Chennai,2024-05-09
C104314,25,180000.0,Mass,791,Telangana,Kolkata,2020-02-13
C104315,51,180000.0,Mass,783,Maharashtra,Mumbai,2023-04-02
C104316,32,180000.0,Mass,668,Gujarat,Delhi,2024-02-16
C104317,60,180000.0,Mass,685,Karnataka,Jaipur,2025-11-08
C104318,38,180000.0,Mass,656,Delhi NCR,Hyderabad,2024-10-02
C104319,55,180000.0,Mass,677,Rajasthan,Hyderabad,2020-07-25
C104320,23,180000.0,Mass,629,Gujarat,Bengaluru,2023-02-05
C104321,47,185000.0,Mass,711,Gujarat,Hyderabad,2024-03-21
C104322,39,180000.0,Mass,761,Rajasthan,Ahmedabad,2020-12-05
C104323,40,180000.0,Mass,669,Karnataka,Jaipur,2020-02-28
C104324,32,180000.0,Mass,714,Delhi NCR,Ahmedabad,2022-02-11
C104325,59,180000.0,Mass,706,Tamil Nadu,Ahmedabad,2024-02-14
C104326,37,207000.0,Mass,789,West Bengal,Chennai,2022-10-04
C104327,55,180000.0,Mass,680,Maharashtra,Delhi,2023-04-21
C104328,38,180000.0,Mass,683,Maharashtra,Jaipur,2023-09-28
C104329,23,180000.0,Mass,665,Maharashtra,Ahmedabad,2025-10-20
C104330,56,180000.0,Mass,646,Karnataka,Mumbai,2023-07-07
C104331,29,180000.0,Mass,754,Karnataka,Kolkata,2019-12-17
C104332,32,180000.0,Mass,711,Rajasthan,Hyderabad,2021-11-07
C104333,55,180000.0,Mass,724,Maharashtra,Chennai,2020-03-17
C104334,56,180000.0,Mass,803,Karnataka,Jaipur,2024-05-25
C104335,57,180000.0,Mass,807,Maharashtra,Chennai,2026-02-05
C104336,38,180000.0,Mass,613,Gujarat,Hyderabad,2024-06-28
C104337,51,180000.0,Mass,762,Tamil Nadu,Jaipur,2020-10-01
C104338,34,180000.0,Mass,735,Karnataka,Mumbai,2023-12-16
C104339,50,180000.0,Mass,690,Delhi NCR,Jaipur,2019-02-24
C104340,41,180000.0,Mass,741,Delhi NCR,Jaipur,2020-12-08
C104341,24,180000.0,Mass,608,Karnataka,Chennai,2021-02-27
C104342,38,180000.0,Mass,815,Delhi NCR,Ahmedabad,2022-05-05
C104343,40,180000.0,Mass,753,Maharashtra,Mumbai,2021-04-13
C104344,32,180000.0,Mass,664,Gujarat,Bengaluru,2022-01-30
C104345,36,180000.0,Mass,682,Rajasthan,Jaipur,2019-01-26
C104346,41,180000.0,Mass,609,West Bengal,Chennai,2024-10-24
C104347,23,180000.0,Mass,700,Maharashtra,Delhi,2021-10-25
C104348,27,180000.0,Mass,689,Gujarat,Mumbai,2024-10-02
C104349,51,180000.0,Mass,634,Maharashtra,Ahmedabad,2019-05-31
C104350,35,190000.0,Mass,770,Tamil Nadu,Kolkata,2025-03-01
C104351,45,180000.0,Mass,803,Telangana,Delhi,2023-06-17
C104352,44,180000.0,Mass,718,Karnataka,Mumbai,2020-08-24
C104353,43,180000.0,Mass,700,Rajasthan,Bengaluru,2024-05-10
C104354,38,180000.0,Mass,748,Telangana,Kolkata,2024-04-29
C104355,40,180000.0,Mass,719,Karnataka,Bengaluru,2024-03-03
C104356,54,180000.0,Mass,650,West Bengal,Bengaluru,2025-03-13
C104357,59,180000.0,Mass,678,Delhi NCR,Ahmedabad,2025-10-16
C104358,32,180000.0,Mass,701,Maharashtra,Jaipur,2020-03-08
C104359,48,180000.0,Mass,736,Tamil Nadu,Delhi,2021-01-04
C104360,59,180000.0,Mass,721,West Bengal,Bengaluru,2019-04-14
C104361,22,180000.0,Mass,734,Rajasthan,Jaipur,2019-06-23
C104362,52,180000.0,Mass,621,Maharashtra,Jaipur,2019-10-02
C104363,41,180000.0,Mass,763,Telangana,Delhi,2023-12-05
C104364,59,180000.0,Mass,720,West Bengal,Bengaluru,2023-04-26
C104365,44,180000.0,Mass,850,Rajasthan,Bengaluru,2019-04-01
C104366,54,180000.0,Mass,695,Karnataka,Kolkata,2022-01-01
C104367,28,180000.0,Mass,741,Gujarat,Kolkata,2019-10-15
C104368,27,180000.0,Mass,850,West Bengal,Kolkata,2020-05-22
C104369,58,180000.0,Mass,733,Karnataka,Chennai,2019-05-25
C104370,42,180000.0,Mass,716,Gujarat,Hyderabad,2022-10-05
C104371,43,180000.0,Mass,656,Tamil Nadu,Mumbai,2019-07-31
C104372,28,180000.0,Mass,819,Tamil Nadu,Bengaluru,2024-08-04
C104373,30,180000.0,Mass,645,Delhi NCR,Mumbai,2025-08-20
C104374,53,180000.0,Mass,748,Karnataka,Hyderabad,2025-02-03
C104375,33,180000.0,Mass,689,Delhi NCR,Chennai,2024-11-11
C104376,44,180000.0,Mass,708,Maharashtra,Hyderabad,2024-05-08
C104377,34,240000.0,Mass,627,Delhi NCR,Chennai,2025-06-25
C104378,32,180000.0,Mass,807,Gujarat,Hyderabad,2025-04-21
C104379,28,180000.0,Mass,702,Karnataka,Jaipur,2020-07-16
C104380,58,180000.0,Mass,641,Rajasthan,Delhi,2023-04-20
C104381,58,180000.0,Mass,801,Delhi NCR,Jaipur,2021-03-06
C104382,26,180000.0,Mass,687,Maharashtra,Jaipur,2024-12-16
C104383,35,180000.0,Mass,742,Maharashtra,Hyderabad,2019-01-28
C104384,43,180000.0,Mass,775,Tamil Nadu,Jaipur,2021-12-20
C104385,36,180000.0,Mass,751,Rajasthan,Mumbai,2021-09-12
C104386,50,180000.0,Mass,577,Maharashtra,Hyderabad,2025-01-25
C104387,32,180000.0,Mass,765,Rajasthan,Bengaluru,2021-02-04
C104388,24,180000.0,Mass,713,Maharashtra,Bengaluru,2025-05-18
C104389,35,180000.0,Mass,699,Telangana,Mumbai,2022-07-14
C104390,45,180000.0,Mass,713,Maharashtra,Mumbai,2023-11-20
C104391,29,180000.0,Mass,615,Karnataka,Chennai,2022-10-11
C104392,53,180000.0,Mass,732,Rajasthan,Delhi,2022-01-25
C104393,22,180000.0,Mass,631,Karnataka,Jaipur,2021-03-01
C104394,24,180000.0,Mass,701,Rajasthan,Jaipur,2021-01-02
C104395,41,180000.0,Mass,730,Karnataka,Mumbai,2023-07-23
C104396,41,180000.0,Mass,790,Maharashtra,Chennai,2021-04-25
C104397,33,180000.0,Mass,667,Rajasthan,Chennai,2025-02-24
C104398,32,180000.0,Mass,814,Telangana,Bengaluru,2019-12-11
C104399,24,180000.0,Mass,782,Karnataka,Bengaluru,2020-07-14
C104400,47,180000.0,Mass,692,Tamil Nadu,Ahmedabad,2019-05-03
C104401,36,180000.0,Mass,648,Karnataka,Kolkata,2025-02-23
C104402,26,180000.0,Mass,626,West Bengal,Chennai,2021-12-13
C104403,37,180000.0,Mass,738,Karnataka,Chennai,2019-04-02
C104404,58,180000.0,Mass,672,Tamil Nadu,Jaipur,2019-04-21
C104405,32,180000.0,Mass,798,Karnataka,Chennai,2025-07-14
C104406,56,187000.0,Mass,676,Telangana,Delhi,2025-04-08
C104407,32,180000.0,Mass,661,Rajasthan,Jaipur,2020-12-20
C104408,29,180000.0,Mass,735,West Bengal,Bengaluru,2023-08-17
C104409,32,180000.0,Mass,675,Maharashtra,Hyderabad,2020-10-18
C104410,34,180000.0,Mass,721,Maharashtra,Ahmedabad,2025-01-02
C104411,26,180000.0,Mass,784,Karnataka,Bengaluru,2024-02-04
C104412,44,180000.0,Mass,728,West Bengal,Bengaluru,2022-03-01
C104413,35,227000.0,Mass,728,Karnataka,Delhi,2025-08-11
C104414,50,180000.0,Mass,733,Tamil Nadu,Delhi,2020-08-05
C104415,41,180000.0,Mass,610,Maharashtra,Hyderabad,2026-02-04
C104416,39,180000.0,Mass,745,Rajasthan,Delhi,2021-01-24
C104417,40,180000.0,Mass,730,Gujarat,Delhi,2025-04-29
C104418,28,180000.0,Mass,778,Tamil Nadu,Bengaluru,2025-01-31
C104419,49,180000.0,Mass,759,Rajasthan,Bengaluru,2023-01-03
C104420,26,180000.0,Mass,707,Rajasthan,Ahmedabad,2019-11-13
C104421,50,180000.0,Mass,787,Tamil Nadu,Hyderabad,2024-05-06
C104422,60,180000.0,Mass,701,Delhi NCR,Jaipur,2023-12-21
C104423,51,180000.0,Mass,736,Telangana,Jaipur,2025-02-27
C104424,39,180000.0,Mass,700,Gujarat,Kolkata,2020-08-09
C104425,34,180000.0,Mass,750,Karnataka,Ahmedabad,2020-09-14
C104426,56,180000.0,Mass,696,Telangana,Hyderabad,2021-07-07
C104427,32,180000.0,Mass,827,Telangana,Bengaluru,2021-08-16
C104428,40,180000.0,Mass,850,Karnataka,Chennai,2019-01-08
C104429,52,180000.0,Mass,777,Maharashtra,Bengaluru,2020-02-04
C104430,57,180000.0,Mass,820,Delhi NCR,Jaipur,2022-05-30
C104431,57,180000.0,Mass,620,Karnataka,Chennai,2025-11-19
C104432,25,180000.0,Mass,628,Telangana,Delhi,2019-11-30
C104433,57,180000.0,Mass,699,Telangana,Bengaluru,2020-09-18
C104434,26,180000.0,Mass,723,Maharashtra,Jaipur,2025-02-13
C104435,44,180000.0,Mass,707,Maharashtra,Hyderabad,2019-04-12
C104436,58,180000.0,Mass,613,Maharashtra,Bengaluru,2019-09-12
C104437,47,180000.0,Mass,795,Maharashtra,Ahmedabad,2025-05-02
C104438,58,180000.0,Mass,850,Tamil Nadu,Mumbai,2020-10-12
C104439,35,180000.0,Mass,803,Delhi NCR,Bengaluru,2021-03-11
C104440,34,180000.0,Mass,791,West Bengal,Bengaluru,2019-02-08
C104441,34,180000.0,Mass,735,Karnataka,Delhi,2021-11-22
C104442,35,180000.0,Mass,665,Telangana,Kolkata,2026-01-25
C104443,48,180000.0,Mass,725,Maharashtra,Delhi,2026-01-06
C104444,39,180000.0,Mass,850,West Bengal,Delhi,2023-07-26
C104445,50,180000.0,Mass,697,Karnataka,Bengaluru,2023-10-22
C104446,38,180000.0,Mass,690,Tamil Nadu,Mumbai,2023-08-01
C104447,34,180000.0,Mass,792,Tamil Nadu,Bengaluru,2023-12-12
C104448,29,180000.0,Mass,796,Maharashtra,Jaipur,2022-09-11
C104449,43,180000.0,Mass,665,Rajasthan,Delhi,2020-06-18
C104450,57,180000.0,Mass,703,Karnataka,Jaipur,2025-03-06
C104451,55,180000.0,Mass,687,Karnataka,Jaipur,2025-04-05
C104452,31,180000.0,Mass,725,Telangana,Mumbai,2020-01-10
C104453,40,180000.0,Mass,792,Tamil Nadu,Hyderabad,2019-09-03
C104454,49,180000.0,Mass,668,Maharashtra,Delhi,2024-08-23
C104455,45,180000.0,Mass,791,Maharashtra,Delhi,2019-05-04
C104456,24,180000.0,Mass,727,Karnataka,Delhi,2024-09-29
C104457,45,180000.0,Mass,850,West Bengal,Chennai,2025-12-27
C104458,23,180000.0,Mass,741,Tamil Nadu,Bengaluru,2019-04-04
C104459,26,180000.0,Mass,714,Maharashtra,Jaipur,2024-09-08
C104460,47,180000.0,Mass,757,Gujarat,Delhi,2019-12-11
C104461,25,180000.0,Mass,698,West Bengal,Kolkata,2021-01-24
C104462,35,180000.0,Mass,603,West Bengal,Mumbai,2022-11-23
C104463,44,180000.0,Mass,704,Karnataka,Bengaluru,2023-11-04
C104464,47,238000.0,Mass,703,Telangana,Jaipur,2019-08-23
C104465,39,180000.0,Mass,616,Karnataka,Kolkata,2019-10-12
C104466,25,180000.0,Mass,715,Karnataka,Kolkata,2021-01-04
C104467,53,180000.0,Mass,586,West Bengal,Chennai,2023-11-08
C104468,59,214000.0,Mass,697,West Bengal,Jaipur,2021-11-15
C104469,56,180000.0,Mass,736,Karnataka,Mumbai,2020-12-17
C104470,51,180000.0,Mass,726,West Bengal,Kolkata,2020-02-13
C104471,37,180000.0,Mass,693,Telangana,Chennai,2025-11-22
C104472,56,180000.0,Mass,714,Delhi NCR,Mumbai,2024-01-05
C104473,41,180000.0,Mass,669,Delhi NCR,Delhi,2026-01-07
C104474,27,180000.0,Mass,721,Gujarat,Ahmedabad,2022-07-11
C104475,55,180000.0,Mass,724,Rajasthan,Mumbai,2024-10-29
C104476,34,180000.0,Mass,661,Karnataka,Delhi,2023-07-22
C104477,58,180000.0,Mass,737,Gujarat,Kolkata,2022-09-27
C104478,36,180000.0,Mass,737,Maharashtra,Ahmedabad,2022-05-18
C104479,55,180000.0,Mass,709,Delhi NCR,Jaipur,2022-07-24
C104480,42,180000.0,Mass,850,Karnataka,Delhi,2021-12-08
C104481,40,180000.0,Mass,711,Gujarat,Bengaluru,2023-07-22
C104482,33,180000.0,Mass,702,Delhi NCR,Ahmedabad,2022-07-04
C104483,54,180000.0,Mass,693,Maharashtra,Jaipur,2025-11-28
C104484,24,180000.0,Mass,657,Maharashtra,Mumbai,2025-05-27
C104485,40,180000.0,Mass,765,Maharashtra,Jaipur,2022-04-22
C104486,36,180000.0,Mass,675,Telangana,Hyderabad,2021-10-26
C104487,43,180000.0,Mass,683,Maharashtra,Delhi,2024-05-27
C104488,31,180000.0,Mass,685,Gujarat,Delhi,2023-07-28
C104489,47,180000.0,Mass,656,Tamil Nadu,Hyderabad,2020-08-25
C104490,37,180000.0,Mass,606,Rajasthan,Hyderabad,2024-12-08
C104491,29,180000.0,Mass,690,Delhi NCR,Hyderabad,2023-11-09
C104492,29,180000.0,Mass,777,Karnataka,Delhi,2023-06-03
C104493,49,180000.0,Mass,733,West Bengal,Delhi,2024-07-26
C104494,32,180000.0,Mass,821,West Bengal,Chennai,2020-08-10
C104495,33,180000.0,Mass,769,Delhi NCR,Chennai,2024-09-10
C104496,46,180000.0,Mass,754,Tamil Nadu,Kolkata,2019-11-14
C104497,34,180000.0,Mass,842,Karnataka,Kolkata,2024-08-25
C104498,37,180000.0,Mass,714,Telangana,Delhi,2023-03-17
C104499,31,180000.0,Mass,724,Tamil Nadu,Chennai,2023-02-22
C104500,35,180000.0,Mass,719,Maharashtra,Hyderabad,2024-03-06
C104501,49,194000.0,Mass,820,Karnataka,Hyderabad,2021-03-18
C104502,42,180000.0,Mass,720,Maharashtra,Chennai,2024-06-21
C104503,60,180000.0,Mass,678,Tamil Nadu,Mumbai,2019-03-08
C104504,52,180000.0,Mass,758,Karnataka,Hyderabad,2023-12-09
C104505,22,180000.0,Mass,667,Telangana,Chennai,2024-08-27
C104506,36,183000.0,Mass,755,Delhi NCR,Bengaluru,2019-01-09
C104507,33,180000.0,Mass,747,Maharashtra,Jaipur,2023-12-11
C104508,44,180000.0,Mass,708,Karnataka,Delhi,2024-07-04
C104509,32,180000.0,Mass,757,Karnataka,Bengaluru,2022-09-19
C104510,59,180000.0,Mass,623,Maharashtra,Mumbai,2023-04-22
C104511,33,180000.0,Mass,731,Delhi NCR,Hyderabad,2019-06-04
C104512,42,180000.0,Mass,690,Telangana,Kolkata,2026-01-13
C104513,26,180000.0,Mass,850,West Bengal,Chennai,2025-11-18
C104514,57,180000.0,Mass,730,Rajasthan,Kolkata,2024-06-10
C104515,57,180000.0,Mass,681,Karnataka,Mumbai,2019-02-09
C104516,52,180000.0,Mass,630,Telangana,Hyderabad,2022-01-23
C104517,35,180000.0,Mass,805,Gujarat,Kolkata,2024-10-27
C104518,24,180000.0,Mass,697,Gujarat,Kolkata,2023-10-24
C104519,49,180000.0,Mass,669,Maharashtra,Mumbai,2025-06-10
C104520,38,180000.0,Mass,742,Maharashtra,Delhi,2023-05-21
C104521,60,180000.0,Mass,762,Telangana,Bengaluru,2024-01-30
C104522,49,180000.0,Mass,761,Tamil Nadu,Mumbai,2021-05-27
C104523,43,247000.0,Mass,721,Maharashtra,Jaipur,2024-10-14
C104524,60,180000.0,Mass,730,Karnataka,Delhi,2022-10-19
C104525,53,180000.0,Mass,735,Tamil Nadu,Mumbai,2024-09-11
C104526,39,180000.0,Mass,742,Delhi NCR,Jaipur,2020-06-15
C104527,22,180000.0,Mass,748,Tamil Nadu,Jaipur,2020-11-28
C104528,25,180000.0,Mass,791,Karnataka,Bengaluru,2019-08-17
C104529,39,180000.0,Mass,724,Maharashtra,Bengaluru,2023-10-22
C104530,43,180000.0,Mass,667,Delhi NCR,Mumbai,2024-03-20
C104531,23,180000.0,Mass,711,Delhi NCR,Kolkata,2021-01-07
C104532,26,180000.0,Mass,769,Karnataka,Hyderabad,2021-09-25
C104533,49,195000.0,Mass,604,Gujarat,Hyderabad,2023-01-20
C104534,51,180000.0,Mass,604,Gujarat,Chennai,2024-05-18
C104535,23,180000.0,Mass,780,Telangana,Chennai,2021-02-26
C104536,41,180000.0,Mass,819,Karnataka,Delhi,2022-06-23
C104537,25,180000.0,Mass,638,Tamil Nadu,Bengaluru,2020-04-27
C104538,50,180000.0,Mass,727,Rajasthan,Hyderabad,2024-10-06
C104539,54,180000.0,Mass,694,Maharashtra,Mumbai,2025-03-20
C104540,55,180000.0,Mass,703,Maharashtra,Kolkata,2024-04-06
C104541,45,180000.0,Mass,740,Karnataka,Mumbai,2024-10-21
C104542,46,180000.0,Mass,636,Karnataka,Bengaluru,2024-06-09
C104543,58,180000.0,Mass,648,Rajasthan,Chennai,2024-12-12
C104544,45,180000.0,Mass,700,Rajasthan,Chennai,2022-01-21
C104545,39,180000.0,Mass,711,Karnataka,Hyderabad,2020-06-18
C104546,51,180000.0,Mass,647,West Bengal,Kolkata,2025-11-04
C104547,45,180000.0,Mass,771,Karnataka,Delhi,2019-01-07
C104548,54,180000.0,Mass,693,Tamil Nadu,Ahmedabad,2021-11-19
C104549,42,180000.0,Mass,693,Telangana,Delhi,2024-03-03
C104550,55,180000.0,Mass,738,Maharashtra,Hyderabad,2024-08-24
C104551,23,180000.0,Mass,712,Tamil Nadu,Mumbai,2023-11-18
C104552,23,180000.0,Mass,774,Tamil Nadu,Bengaluru,2022-06-26
C104553,25,180000.0,Mass,659,Karnataka,Bengaluru,2025-07-26
C104554,43,180000.0,Mass,629,Rajasthan,Mumbai,2020-09-03
C104555,49,180000.0,Mass,700,Karnataka,Kolkata,2020-01-05
C104556,30,180000.0,Mass,724,Karnataka,Chennai,2023-06-24
C104557,28,180000.0,Mass,639,Rajasthan,Chennai,2021-04-13
C104558,55,180000.0,Mass,630,Gujarat,Chennai,2022-05-04
C104559,51,180000.0,Mass,732,Gujarat,Ahmedabad,2022-04-02
C104560,47,180000.0,Mass,671,Maharashtra,Delhi,2020-11-17
C104561,41,180000.0,Mass,626,Karnataka,Bengaluru,2026-02-08
C104562,38,180000.0,Mass,783,Maharashtra,Hyderabad,2021-09-21
C104563,22,180000.0,Mass,679,Gujarat,Jaipur,2023-10-10
C104564,29,180000.0,Mass,795,Tamil Nadu,Jaipur,2020-02-20
C104565,56,180000.0,Mass,722,Gujarat,Ahmedabad,2026-01-20
C104566,35,180000.0,Mass,739,West Bengal,Kolkata,2026-01-10
C104567,49,180000.0,Mass,706,Rajasthan,Mumbai,2019-06-29
C104568,49,180000.0,Mass,547,Maharashtra,Mumbai,2023-07-31
C104569,34,180000.0,Mass,646,Rajasthan,Ahmedabad,2023-03-26
C104570,29,180000.0,Mass,712,West Bengal,Bengaluru,2020-03-27
C104571,48,180000.0,Mass,744,Rajasthan,Ahmedabad,2024-06-23
C104572,25,180000.0,Mass,604,Telangana,Kolkata,2024-06-10
C104573,41,180000.0,Mass,717,Karnataka,Kolkata,2025-01-03
C104574,56,180000.0,Mass,647,Karnataka,Ahmedabad,2023-04-14
C104575,49,180000.0,Mass,735,West Bengal,Ahmedabad,2024-01-13
C104576,51,180000.0,Mass,719,Gujarat,Ahmedabad,2024-02-22
C104577,25,180000.0,Mass,768,West Bengal,Bengaluru,2024-06-18
C104578,29,180000.0,Mass,789,Telangana,Mumbai,2023-02-28
C104579,32,180000.0,Mass,750,Karnataka,Jaipur,2024-04-20
C104580,33,180000.0,Mass,776,Maharashtra,Delhi,2019-06-07
C104581,29,180000.0,Mass,697,Rajasthan,Delhi,2023-05-25
C104582,59,180000.0,Mass,850,Karnataka,Ahmedabad,2020-06-12
C104583,28,180000.0,Mass,641,Telangana,Kolkata,2021-11-24
C104584,49,180000.0,Mass,686,Rajasthan,Mumbai,2024-06-21
C104585,44,180000.0,Mass,779,Karnataka,Jaipur,2019-10-23
C104586,45,180000.0,Mass,769,Maharashtra,Hyderabad,2024-05-15
C104587,30,180000.0,Mass,752,Tamil Nadu,Ahmedabad,2020-11-05
C104588,33,180000.0,Mass,764,West Bengal,Kolkata,2024-05-14
C104589,45,180000.0,Mass,585,Gujarat,Chennai,2024-06-16
C104590,33,180000.0,Mass,823,Karnataka,Ahmedabad,2019-02-09
C104591,49,180000.0,Mass,707,Karnataka,Delhi,2020-08-30
C104592,23,180000.0,Mass,801,Maharashtra,Delhi,2024-09-24
C104593,24,180000.0,Mass,588,Maharashtra,Hyderabad,2021-06-08
C104594,50,180000.0,Mass,737,Karnataka,Chennai,2022-02-15
C104595,46,180000.0,Mass,683,West Bengal,Ahmedabad,2019-02-10
C104596,23,180000.0,Mass,757,Karnataka,Chennai,2023-12-09
C104597,57,180000.0,Mass,741,Delhi NCR,Kolkata,2019-08-31
C104598,22,201000.0,Mass,744,Rajasthan,Ahmedabad,2020-12-08
C104599,59,180000.0,Mass,651,Telangana,Jaipur,2022-05-24
C104600,50,180000.0,Mass,716,Tamil Nadu,Mumbai,2024-06-23
C104601,60,180000.0,Mass,708,Karnataka,Mumbai,2022-07-19
C104602,59,180000.0,Mass,752,Tamil Nadu,Ahmedabad,2025-12-28
C104603,34,180000.0,Mass,784,Maharashtra,Bengaluru,2022-09-19
C104604,51,180000.0,Mass,730,Maharashtra,Jaipur,2020-10-21
C104605,30,180000.0,Mass,637,Tamil Nadu,Ahmedabad,2020-05-11
C104606,40,180000.0,Mass,727,Karnataka,Bengaluru,2024-07-31
C104607,31,180000.0,Mass,850,Maharashtra,Hyderabad,2022-04-09
C104608,40,195000.0,Mass,827,Telangana,Jaipur,2023-04-22
C104609,56,180000.0,Mass,527,Gujarat,Jaipur,2021-08-20
C104610,39,180000.0,Mass,724,Karnataka,Bengaluru,2020-12-11
C104611,25,278000.0,Mass,781,Karnataka,Kolkata,2023-04-09
C104612,34,180000.0,Mass,708,Maharashtra,Ahmedabad,2021-02-04
C104613,52,180000.0,Mass,690,Tamil Nadu,Kolkata,2026-02-12
C104614,42,180000.0,Mass,703,Tamil Nadu,Hyderabad,2024-03-17
C104615,43,180000.0,Mass,756,Karnataka,Delhi,2024-10-31
C104616,38,180000.0,Mass,645,Tamil Nadu,Kolkata,2021-01-09
C104617,33,180000.0,Mass,797,Rajasthan,Jaipur,2019-03-18
C104618,45,180000.0,Mass,716,Tamil Nadu,Mumbai,2019-05-05
C104619,46,180000.0,Mass,659,Tamil Nadu,Delhi,2025-02-11
C104620,57,180000.0,Mass,793,Tamil Nadu,Mumbai,2025-03-22
C104621,46,180000.0,Mass,620,West Bengal,Jaipur,2023-11-02
C104622,60,180000.0,Mass,684,Rajasthan,Delhi,2023-03-12
C104623,54,180000.0,Mass,683,Karnataka,Mumbai,2020-06-27
C104624,25,180000.0,Mass,850,Karnataka,Ahmedabad,2024-05-26
C104625,37,180000.0,Mass,675,Karnataka,Jaipur,2022-09-04
C104626,37,180000.0,Mass,580,Delhi NCR,Delhi,2023-04-18
C104627,22,180000.0,Mass,682,Karnataka,Mumbai,2019-03-04
C104628,29,180000.0,Mass,750,West Bengal,Kolkata,2022-09-04
C104629,51,180000.0,Mass,771,Karnataka,Delhi,2023-12-09
C104630,35,180000.0,Mass,850,Tamil Nadu,Bengaluru,2024-06-24
C104631,27,180000.0,Mass,811,Maharashtra,Ahmedabad,2020-01-14
C104632,33,180000.0,Mass,732,Gujarat,Kolkata,2019-03-25
C104633,32,180000.0,Mass,662,Gujarat,Ahmedabad,2025-02-02
C104634,28,180000.0,Mass,826,Delhi NCR,Bengaluru,2021-03-21
C104635,25,180000.0,Mass,696,Gujarat,Hyderabad,2022-05-14
C104636,51,180000.0,Mass,677,Gujarat,Jaipur,2023-06-20
C104637,54,180000.0,Mass,693,Delhi NCR,Hyderabad,2022-07-01
C104638,41,180000.0,Mass,639,Rajasthan,Jaipur,2025-09-20
C104639,46,180000.0,Mass,690,Delhi NCR,Bengaluru,2024-12-29
C104640,57,180000.0,Mass,705,Delhi NCR,Delhi,2021-10-20
C104641,54,180000.0,Mass,767,Gujarat,Delhi,2020-05-11
C104642,23,180000.0,Mass,695,West Bengal,Jaipur,2025-12-10
C104643,59,180000.0,Mass,638,Gujarat,Hyderabad,2024-01-16
C104644,24,180000.0,Mass,616,Rajasthan,Kolkata,2024-05-17
C104645,23,180000.0,Mass,734,Delhi NCR,Mumbai,2022-04-21
C104646,37,180000.0,Mass,725,Karnataka,Bengaluru,2022-06-14
C104647,51,180000.0,Mass,684,Karnataka,Delhi,2020-04-17
C104648,25,180000.0,Mass,690,Delhi NCR,Bengaluru,2022-01-20
C104649,33,180000.0,Mass,745,Telangana,Kolkata,2022-11-11
C104650,32,180000.0,Mass,810,Tamil Nadu,Bengaluru,2019-12-03
C104651,37,180000.0,Mass,669,Rajasthan,Delhi,2023-07-11
C104652,60,180000.0,Mass,726,Tamil Nadu,Chennai,2023-05-19
C104653,34,180000.0,Mass,782,Maharashtra,Delhi,2024-12-26
C104654,30,180000.0,Mass,670,Tamil Nadu,Hyderabad,2019-05-17
C104655,26,180000.0,Mass,719,Karnataka,Chennai,2020-08-09
C104656,29,180000.0,Mass,718,Tamil Nadu,Chennai,2022-01-20
C104657,27,180000.0,Mass,635,West Bengal,Hyderabad,2025-04-06
C104658,44,180000.0,Mass,731,Karnataka,Delhi,2020-09-10
C104659,38,180000.0,Mass,722,West Bengal,Delhi,2025-12-02
C104660,41,180000.0,Mass,756,Delhi NCR,Chennai,2025-10-22
C104661,54,180000.0,Mass,643,Karnataka,Ahmedabad,2019-09-04
C104662,44,180000.0,Mass,721,West Bengal,Bengaluru,2021-08-02
C104663,28,180000.0,Mass,810,Delhi NCR,Kolkata,2020-11-04
C104664,36,180000.0,Mass,850,Gujarat,Mumbai,2022-06-26
C104665,34,180000.0,Mass,803,Maharashtra,Chennai,2025-07-31
C104666,54,180000.0,Mass,643,Maharashtra,Jaipur,2021-09-03
C104667,33,180000.0,Mass,749,Tamil Nadu,Kolkata,2023-09-20
C104668,27,180000.0,Mass,689,Maharashtra,Ahmedabad,2019-12-23
C104669,50,180000.0,Mass,738,Maharashtra,Chennai,2023-01-22
C104670,38,180000.0,Mass,670,Rajasthan,Ahmedabad,2021-07-05
C104671,25,180000.0,Mass,609,Telangana,Delhi,2025-07-14
C104672,48,180000.0,Mass,698,Delhi NCR,Mumbai,2024-07-18
C104673,30,180000.0,Mass,767,Rajasthan,Jaipur,2020-07-13
C104674,55,180000.0,Mass,739,Karnataka,Jaipur,2023-06-04
C104675,54,180000.0,Mass,746,Maharashtra,Ahmedabad,2021-06-08
C104676,36,180000.0,Mass,734,Telangana,Mumbai,2022-02-11
C104677,43,180000.0,Mass,746,Gujarat,Hyderabad,2022-04-17
C104678,44,180000.0,Mass,754,Karnataka,Delhi,2024-11-03
C104679,47,180000.0,Mass,702,Delhi NCR,Delhi,2021-01-24
C104680,24,180000.0,Mass,725,Karnataka,Bengaluru,2019-01-11
C104681,34,180000.0,Mass,833,Tamil Nadu,Delhi,2020-05-16
C104682,28,180000.0,Mass,729,Tamil Nadu,Bengaluru,2024-11-19
C104683,49,180000.0,Mass,723,Telangana,Ahmedabad,2021-02-10
C104684,24,180000.0,Mass,727,Maharashtra,Delhi,2019-06-04
C104685,42,180000.0,Mass,706,Karnataka,Jaipur,2021-11-06
C104686,50,180000.0,Mass,692,West Bengal,Delhi,2025-03-12
C104687,58,180000.0,Mass,734,Rajasthan,Mumbai,2025-03-20
C104688,33,180000.0,Mass,687,Gujarat,Delhi,2025-09-29
C104689,22,180000.0,Mass,711,Karnataka,Bengaluru,2023-11-14
C104690,50,263000.0,Mass,669,Tamil Nadu,Mumbai,2024-10-30
C104691,22,180000.0,Mass,727,Maharashtra,Bengaluru,2024-07-02
C104692,24,180000.0,Mass,758,Karnataka,Jaipur,2019-02-20
C104693,60,405000.0,Mass,706,Karnataka,Ahmedabad,2021-12-22
C104694,55,180000.0,Mass,589,Karnataka,Hyderabad,2022-09-30
C104695,49,180000.0,Mass,758,Maharashtra,Kolkata,2022-04-20
C104696,54,180000.0,Mass,728,Maharashtra,Jaipur,2024-11-24
C104697,24,180000.0,Mass,655,West Bengal,Jaipur,2025-12-28
C104698,25,180000.0,Mass,770,Gujarat,Mumbai,2022-11-18
C104699,33,180000.0,Mass,629,Gujarat,Chennai,2019-09-08
C104700,22,180000.0,Mass,788,Karnataka,Chennai,2021-07-24
C104701,56,180000.0,Mass,716,West Bengal,Kolkata,2020-05-29
C104702,24,180000.0,Mass,573,Karnataka,Ahmedabad,2022-05-08
C104703,43,180000.0,Mass,732,Maharashtra,Mumbai,2020-08-31
C104704,55,180000.0,Mass,694,Tamil Nadu,Kolkata,2019-07-29
C104705,50,180000.0,Mass,684,Telangana,Chennai,2020-03-22
C104706,31,180000.0,Mass,672,Delhi NCR,Delhi,2022-07-14
C104707,40,180000.0,Mass,712,Gujarat,Chennai,2020-01-03
C104708,43,180000.0,Mass,688,Maharashtra,Chennai,2019-03-14
C104709,51,180000.0,Mass,599,Maharashtra,Bengaluru,2020-12-30
C104710,38,180000.0,Mass,803,Tamil Nadu,Bengaluru,2023-08-02
C104711,33,180000.0,Mass,704,Maharashtra,Bengaluru,2023-06-28
C104712,53,180000.0,Mass,672,Maharashtra,Mumbai,2021-10-12
C104713,56,180000.0,Mass,647,Karnataka,Ahmedabad,2023-09-21
C104714,41,180000.0,Mass,770,Rajasthan,Bengaluru,2020-05-12
C104715,23,180000.0,Mass,636,Karnataka,Mumbai,2024-02-22
C104716,41,180000.0,Mass,729,Maharashtra,Kolkata,2019-02-15
C104717,56,180000.0,Mass,682,Rajasthan,Kolkata,2019-12-18
C104718,60,180000.0,Mass,686,Delhi NCR,Ahmedabad,2025-07-25
C104719,37,180000.0,Mass,648,Tamil Nadu,Jaipur,2022-05-01
C104720,27,180000.0,Mass,680,Telangana,Bengaluru,2022-12-17
C104721,44,180000.0,Mass,721,Karnataka,Bengaluru,2021-10-30
C104722,54,180000.0,Mass,735,Delhi NCR,Ahmedabad,2023-08-10
C104723,58,180000.0,Mass,669,Maharashtra,Ahmedabad,2024-04-28
C104724,24,180000.0,Mass,714,Rajasthan,Bengaluru,2024-07-19
C104725,33,180000.0,Mass,778,Maharashtra,Kolkata,2020-10-09
C104726,40,180000.0,Mass,612,Tamil Nadu,Jaipur,2023-06-18
C104727,25,180000.0,Mass,720,Tamil Nadu,Ahmedabad,2024-08-01
C104728,56,180000.0,Mass,658,Karnataka,Ahmedabad,2021-12-10
C104729,26,180000.0,Mass,652,Maharashtra,Delhi,2021-09-20
C104730,47,180000.0,Mass,737,Delhi NCR,Jaipur,2023-06-20
C104731,57,180000.0,Mass,685,Karnataka,Ahmedabad,2023-01-31
C104732,48,180000.0,Mass,641,Rajasthan,Delhi,2020-10-18
C104733,51,180000.0,Mass,806,Maharashtra,Bengaluru,2025-10-26
C104734,32,180000.0,Mass,780,Tamil Nadu,Hyderabad,2022-12-30
C104735,54,180000.0,Mass,594,Tamil Nadu,Jaipur,2023-01-07
C104736,38,180000.0,Mass,624,Gujarat,Chennai,2020-06-18
C104737,24,180000.0,Mass,759,Telangana,Delhi,2023-10-22
C104738,36,180000.0,Mass,701,Delhi NCR,Delhi,2025-07-13
C104739,35,180000.0,Mass,818,Tamil Nadu,Delhi,2024-03-02
C104740,42,180000.0,Mass,760,Tamil Nadu,Delhi,2022-08-17
C104741,32,180000.0,Mass,739,Tamil Nadu,Jaipur,2023-07-14
C104742,40,180000.0,Mass,654,Gujarat,Bengaluru,2020-08-30
C104743,38,180000.0,Mass,752,Karnataka,Jaipur,2019-06-07
C104744,34,180000.0,Mass,637,Karnataka,Jaipur,2023-07-22
C104745,49,180000.0,Mass,805,Tamil Nadu,Jaipur,2020-04-17
C104746,33,180000.0,Mass,747,Rajasthan,Ahmedabad,2019-08-23
C104747,51,180000.0,Mass,666,Karnataka,Hyderabad,2024-07-07
C104748,31,180000.0,Mass,772,Tamil Nadu,Ahmedabad,2022-02-02
C104749,55,180000.0,Mass,850,Maharashtra,Kolkata,2025-01-27
C104750,36,180000.0,Mass,706,Tamil Nadu,Chennai,2025-03-01
C104751,23,180000.0,Mass,756,Delhi NCR,Ahmedabad,2019-11-16
C104752,27,180000.0,Mass,692,Delhi NCR,Delhi,2024-06-19
C104753,53,180000.0,Mass,726,Telangana,Bengaluru,2021-05-20
C104754,56,180000.0,Mass,622,Delhi NCR,Chennai,2024-01-03
C104755,30,180000.0,Mass,720,Karnataka,Mumbai,2019-04-25
C104756,45,180000.0,Mass,723,Gujarat,Ahmedabad,2022-05-08
C104757,44,180000.0,Mass,837,Maharashtra,Chennai,2023-06-23
C104758,27,180000.0,Mass,603,Rajasthan,Bengaluru,2022-03-07
C104759,39,180000.0,Mass,702,Delhi NCR,Kolkata,2022-12-05
C104760,49,180000.0,Mass,804,Karnataka,Chennai,2019-01-30
C104761,59,180000.0,Mass,704,Maharashtra,Ahmedabad,2019-01-20
C104762,55,180000.0,Mass,709,Gujarat,Mumbai,2023-04-10
C104763,25,180000.0,Mass,666,Rajasthan,Jaipur,2021-12-17
C104764,31,180000.0,Mass,659,Karnataka,Kolkata,2023-02-09
C104765,39,180000.0,Mass,601,Tamil Nadu,Chennai,2021-07-23
C104766,27,180000.0,Mass,679,Maharashtra,Ahmedabad,2019-01-14
C104767,44,180000.0,Mass,656,Telangana,Chennai,2023-12-26
C104768,22,180000.0,Mass,728,Telangana,Jaipur,2019-12-23
C104769,26,180000.0,Mass,669,Maharashtra,Mumbai,2024-08-02
C104770,23,180000.0,Mass,689,Delhi NCR,Delhi,2019-02-02
C104771,33,180000.0,Mass,691,Karnataka,Jaipur,2025-08-12
C104772,51,180000.0,Mass,717,Delhi NCR,Kolkata,2020-10-20
C104773,28,180000.0,Mass,686,Karnataka,Kolkata,2025-05-09
C104774,60,180000.0,Mass,651,Tamil Nadu,Jaipur,2019-01-11
C104775,32,180000.0,Mass,726,Maharashtra,Bengaluru,2022-03-16
C104776,23,180000.0,Mass,789,Tamil Nadu,Mumbai,2021-12-21
C104777,35,180000.0,Mass,728,Maharashtra,Mumbai,2020-03-03
C104778,51,180000.0,Mass,680,Tamil Nadu,Hyderabad,2022-05-23
C104779,26,180000.0,Mass,712,Karnataka,Chennai,2020-07-13
C104780,24,180000.0,Mass,587,Maharashtra,Bengaluru,2022-02-10
C104781,55,180000.0,Mass,711,Delhi NCR,Hyderabad,2021-08-31
C104782,45,180000.0,Mass,694,Gujarat,Bengaluru,2020-06-02
C104783,35,180000.0,Mass,659,Gujarat,Chennai,2024-08-12
C104784,51,180000.0,Mass,671,Tamil Nadu,Ahmedabad,2022-09-23
C104785,54,180000.0,Mass,693,Gujarat,Jaipur,2024-12-19
C104786,36,180000.0,Mass,785,West Bengal,Delhi,2024-10-17
C104787,43,180000.0,Mass,791,Gujarat,Hyderabad,2020-11-13
C104788,22,180000.0,Mass,660,Rajasthan,Kolkata,2021-01-27
C104789,33,180000.0,Mass,686,West Bengal,Mumbai,2025-10-09
C104790,45,180000.0,Mass,688,Gujarat,Ahmedabad,2021-03-23
C104791,29,180000.0,Mass,773,Maharashtra,Kolkata,2019-09-04
C104792,60,180000.0,Mass,729,Telangana,Delhi,2022-11-12
C104793,59,182000.0,Mass,726,Delhi NCR,Bengaluru,2025-11-18
C104794,32,180000.0,Mass,755,Karnataka,Mumbai,2020-08-30
C104795,37,180000.0,Mass,681,Maharashtra,Mumbai,2023-07-16
C104796,29,180000.0,Mass,809,Karnataka,Bengaluru,2021-05-28
C104797,41,180000.0,Mass,720,Delhi NCR,Delhi,2021-09-27
C104798,26,180000.0,Mass,664,Telangana,Bengaluru,2022-03-22
C104799,37,180000.0,Mass,705,Karnataka,Kolkata,2020-01-08
C104800,43,180000.0,Mass,800,Tamil Nadu,Hyderabad,2021-10-01
C104801,45,180000.0,Mass,692,Delhi NCR,Kolkata,2020-12-10
C104802,45,180000.0,Mass,782,Rajasthan,Chennai,2024-10-28
C104803,30,180000.0,Mass,679,Karnataka,Jaipur,2020-08-15
C104804,52,180000.0,Mass,670,Maharashtra,Ahmedabad,2025-01-16
C104805,48,180000.0,Mass,763,Maharashtra,Hyderabad,2019-02-13
C104806,51,180000.0,Mass,663,Tamil Nadu,Bengaluru,2021-11-13
C104807,40,180000.0,Mass,773,Karnataka,Kolkata,2020-11-28
C104808,56,180000.0,Mass,743,Karnataka,Hyderabad,2022-03-10
C104809,37,180000.0,Mass,663,Delhi NCR,Mumbai,2024-06-27
C104810,53,180000.0,Mass,715,Tamil Nadu,Kolkata,2025-10-23
C104811,29,180000.0,Mass,684,Karnataka,Jaipur,2024-03-07
C104812,31,180000.0,Mass,743,Maharashtra,Bengaluru,2022-08-01
C104813,42,180000.0,Mass,843,Karnataka,Kolkata,2022-08-25
C104814,43,180000.0,Mass,696,Maharashtra,Delhi,2026-01-25
C104815,51,180000.0,Mass,755,Gujarat,Ahmedabad,2026-01-21
C104816,33,180000.0,Mass,722,Karnataka,Delhi,2024-06-06
C104817,56,180000.0,Mass,722,Karnataka,Kolkata,2020-03-03
C104818,34,180000.0,Mass,709,West Bengal,Chennai,2020-11-18
C104819,42,180000.0,Mass,664,West Bengal,Delhi,2020-12-09
C104820,58,180000.0,Mass,742,Karnataka,Bengaluru,2020-08-18
C104821,43,180000.0,Mass,701,Telangana,Jaipur,2025-11-20
C104822,48,180000.0,Mass,661,Karnataka,Jaipur,2020-02-18
C104823,57,184000.0,Mass,786,Delhi NCR,Mumbai,2025-01-26
C104824,60,180000.0,Mass,726,West Bengal,Chennai,2024-09-26
C104825,41,180000.0,Mass,705,Tamil Nadu,Mumbai,2022-10-06
C104826,38,180000.0,Mass,807,Tamil Nadu,Chennai,2021-03-08
C104827,29,180000.0,Mass,601,Maharashtra,Ahmedabad,2020-11-22
C104828,42,180000.0,Mass,803,Maharashtra,Kolkata,2023-10-24
C104829,57,180000.0,Mass,663,Gujarat,Delhi,2023-10-12
C104830,40,180000.0,Mass,734,Karnataka,Kolkata,2022-11-05
C104831,35,217000.0,Mass,682,Telangana,Kolkata,2023-01-17
C104832,26,180000.0,Mass,660,Gujarat,Delhi,2024-11-17
C104833,37,180000.0,Mass,805,Karnataka,Mumbai,2024-05-15
C104834,31,180000.0,Mass,841,Tamil Nadu,Kolkata,2024-05-06
C104835,60,180000.0,Mass,706,Delhi NCR,Kolkata,2020-12-29
C104836,42,180000.0,Mass,742,Tamil Nadu,Bengaluru,2019-06-15
C104837,27,180000.0,Mass,724,Tamil Nadu,Bengaluru,2022-04-07
C104838,24,180000.0,Mass,832,West Bengal,Kolkata,2021-05-29
C104839,55,180000.0,Mass,583,Karnataka,Chennai,2021-05-20
C104840,58,180000.0,Mass,745,Tamil Nadu,Ahmedabad,2022-09-14
C104841,51,180000.0,Mass,673,Gujarat,Chennai,2025-08-02
C104842,26,180000.0,Mass,567,Karnataka,Kolkata,2024-09-20
C104843,25,180000.0,Mass,697,Rajasthan,Ahmedabad,2023-10-22
C104844,29,180000.0,Mass,840,Gujarat,Ahmedabad,2024-01-31
C104845,51,180000.0,Mass,677,Maharashtra,Chennai,2021-12-11
C104846,51,180000.0,Mass,771,Karnataka,Bengaluru,2022-11-29
C104847,54,180000.0,Mass,798,Rajasthan,Bengaluru,2022-02-01
C104848,25,180000.0,Mass,719,West Bengal,Chennai,2024-10-02
C104849,27,180000.0,Mass,728,Karnataka,Bengaluru,2026-01-18
C104850,57,180000.0,Mass,608,Tamil Nadu,Kolkata,2022-02-04
C104851,58,180000.0,Mass,673,Karnataka,Chennai,2024-02-18
C104852,50,180000.0,Mass,779,Telangana,Hyderabad,2019-05-25
C104853,26,180000.0,Mass,724,Gujarat,Ahmedabad,2021-11-10
C104854,24,180000.0,Mass,744,Karnataka,Kolkata,2025-03-13
C104855,24,180000.0,Mass,729,Tamil Nadu,Chennai,2023-11-20
C104856,48,180000.0,Mass,850,Rajasthan,Bengaluru,2022-10-01
C104857,54,180000.0,Mass,692,Maharashtra,Chennai,2020-07-09
C104858,46,180000.0,Mass,824,Karnataka,Mumbai,2024-10-02
C104859,32,180000.0,Mass,729,Rajasthan,Hyderabad,2025-11-28
C104860,51,180000.0,Mass,830,Karnataka,Hyderabad,2021-10-16
C104861,24,180000.0,Mass,640,Gujarat,Chennai,2024-10-05
C104862,54,180000.0,Mass,732,Tamil Nadu,Chennai,2023-03-11
C104863,56,180000.0,Mass,694,Maharashtra,Hyderabad,2021-10-30
C104864,50,180000.0,Mass,729,Karnataka,Delhi,2021-05-10
C104865,56,180000.0,Mass,799,Karnataka,Jaipur,2022-07-31
C104866,44,180000.0,Mass,745,Karnataka,Jaipur,2021-11-30
C104867,40,180000.0,Mass,799,Gujarat,Bengaluru,2023-05-24
C104868,34,180000.0,Mass,676,West Bengal,Delhi,2020-01-19
C104869,57,180000.0,Mass,667,Karnataka,Bengaluru,2022-05-25
C104870,49,180000.0,Mass,721,Telangana,Chennai,2024-04-12
C104871,29,180000.0,Mass,717,Gujarat,Delhi,2025-01-06
C104872,59,180000.0,Mass,708,Karnataka,Hyderabad,2020-12-29
C104873,24,180000.0,Mass,658,Tamil Nadu,Kolkata,2023-04-10
C104874,44,180000.0,Mass,798,Maharashtra,Jaipur,2021-02-23
C104875,29,180000.0,Mass,696,Tamil Nadu,Jaipur,2024-08-15
C104876,47,180000.0,Mass,813,Maharashtra,Delhi,2021-07-09
C104877,38,180000.0,Mass,721,Telangana,Delhi,2023-10-18
C104878,39,180000.0,Mass,762,Rajasthan,Kolkata,2022-01-28
C104879,48,180000.0,Mass,756,Maharashtra,Mumbai,2020-11-25
C104880,51,180000.0,Mass,666,Rajasthan,Ahmedabad,2023-02-07
C104881,36,180000.0,Mass,744,Karnataka,Ahmedabad,2023-06-11
C104882,60,180000.0,Mass,845,Karnataka,Delhi,2023-11-11
C104883,41,180000.0,Mass,736,Karnataka,Ahmedabad,2024-08-19
C104884,28,180000.0,Mass,779,Delhi NCR,Mumbai,2023-10-23
C104885,22,180000.0,Mass,765,Telangana,Kolkata,2025-01-22
C104886,29,261000.0,Mass,740,Rajasthan,Delhi,2022-01-06
C104887,48,180000.0,Mass,732,Telangana,Hyderabad,2022-08-15
C104888,43,196000.0,Mass,756,Gujarat,Jaipur,2022-06-06
C104889,35,180000.0,Mass,770,West Bengal,Kolkata,2023-02-12
C104890,40,180000.0,Mass,632,Rajasthan,Jaipur,2019-12-31
C104891,54,180000.0,Mass,736,Delhi NCR,Ahmedabad,2025-01-29
C104892,44,180000.0,Mass,708,Tamil Nadu,Bengaluru,2022-09-17
C104893,24,180000.0,Mass,695,Delhi NCR,Ahmedabad,2022-12-09
C104894,23,180000.0,Mass,804,Karnataka,Kolkata,2025-03-30
C104895,40,180000.0,Mass,672,West Bengal,Jaipur,2022-04-23
C104896,37,180000.0,Mass,629,Rajasthan,Bengaluru,2022-04-12
C104897,55,180000.0,Mass,772,Telangana,Kolkata,2023-01-09
C104898,44,180000.0,Mass,628,Karnataka,Chennai,2025-09-04
C104899,51,180000.0,Mass,595,Karnataka,Kolkata,2020-10-20
C104900,44,180000.0,Mass,779,Rajasthan,Delhi,2020-02-10
C104901,35,180000.0,Mass,730,West Bengal,Bengaluru,2019-10-08
C104902,47,180000.0,Mass,751,Delhi NCR,Chennai,2024-03-30
C104903,46,180000.0,Mass,691,Rajasthan,Bengaluru,2019-01-28
C104904,50,180000.0,Mass,630,Gujarat,Ahmedabad,2024-01-15
C104905,29,180000.0,Mass,643,West Bengal,Kolkata,2025-04-18
C104906,47,180000.0,Mass,702,Karnataka,Delhi,2023-11-07
C104907,33,180000.0,Mass,637,Karnataka,Delhi,2020-03-19
C104908,52,180000.0,Mass,740,Tamil Nadu,Delhi,2023-09-20
C104909,53,180000.0,Mass,690,Maharashtra,Bengaluru,2022-02-25
C104910,46,180000.0,Mass,732,Gujarat,Hyderabad,2019-02-28
C104911,58,180000.0,Mass,730,Delhi NCR,Chennai,2020-05-28
C104912,42,180000.0,Mass,745,Karnataka,Hyderabad,2024-04-13
C104913,22,180000.0,Mass,752,Telangana,Mumbai,2022-12-29
C104914,45,180000.0,Mass,698,Karnataka,Delhi,2022-07-23
C104915,52,180000.0,Mass,732,West Bengal,Hyderabad,2024-07-11
C104916,25,180000.0,Mass,735,Karnataka,Chennai,2022-09-24
C104917,26,180000.0,Mass,562,Delhi NCR,Bengaluru,2025-11-22
C104918,32,180000.0,Mass,762,Tamil Nadu,Bengaluru,2019-05-13
C104919,54,180000.0,Mass,730,Maharashtra,Ahmedabad,2021-01-14
C104920,42,180000.0,Mass,757,Maharashtra,Hyderabad,2020-05-04
C104921,60,180000.0,Mass,636,Karnataka,Jaipur,2021-12-12
C104922,56,180000.0,Mass,699,Maharashtra,Delhi,2025-06-26
C104923,43,180000.0,Mass,649,Karnataka,Chennai,2021-11-30
C104924,48,180000.0,Mass,768,Karnataka,Ahmedabad,2021-03-31
C104925,34,180000.0,Mass,629,Delhi NCR,Mumbai,2019-08-08
C104926,25,180000.0,Mass,660,Karnataka,Mumbai,2021-10-21
C104927,37,180000.0,Mass,755,Maharashtra,Bengaluru,2020-08-17
C104928,45,180000.0,Mass,679,Maharashtra,Jaipur,2020-05-06
C104929,29,180000.0,Mass,660,Gujarat,Bengaluru,2019-12-14
C104930,30,180000.0,Mass,779,Tamil Nadu,Kolkata,2023-07-02
C104931,22,180000.0,Mass,782,Telangana,Hyderabad,2024-01-18
C104932,50,180000.0,Mass,767,Tamil Nadu,Hyderabad,2024-04-09
C104933,57,180000.0,Mass,775,Gujarat,Jaipur,2019-05-20
C104934,54,180000.0,Mass,705,Gujarat,Kolkata,2025-07-23
C104935,36,180000.0,Mass,707,Maharashtra,Mumbai,2022-08-11
C104936,45,180000.0,Mass,678,Telangana,Jaipur,2023-01-01
C104937,59,180000.0,Mass,731,Maharashtra,Mumbai,2025-03-31
C104938,45,180000.0,Mass,686,West Bengal,Hyderabad,2020-12-17
C104939,33,180000.0,Mass,692,Tamil Nadu,Delhi,2022-08-01
C104940,35,180000.0,Mass,759,Telangana,Mumbai,2019-07-04
C104941,50,180000.0,Mass,797,Gujarat,Delhi,2022-07-04
C104942,39,180000.0,Mass,746,Rajasthan,Delhi,2020-11-22
C104943,54,180000.0,Mass,837,Gujarat,Jaipur,2020-04-19
C104944,55,180000.0,Mass,674,Gujarat,Jaipur,2023-05-27
C104945,23,180000.0,Mass,601,West Bengal,Chennai,2019-12-05
C104946,50,180000.0,Mass,766,Tamil Nadu,Delhi,2025-12-07
C104947,36,180000.0,Mass,670,Gujarat,Kolkata,2020-08-27
C104948,42,180000.0,Mass,702,Maharashtra,Bengaluru,2019-07-25
C104949,32,180000.0,Mass,605,Maharashtra,Delhi,2022-03-07
C104950,36,180000.0,Mass,662,Delhi NCR,Jaipur,2021-10-06
C104951,34,180000.0,Mass,622,Maharashtra,Bengaluru,2023-09-07
C104952,23,180000.0,Mass,692,Karnataka,Kolkata,2023-10-01
C104953,52,180000.0,Mass,694,Karnataka,Bengaluru,2023-03-20
C104954,27,180000.0,Mass,726,Rajasthan,Chennai,2023-02-02
C104955,36,180000.0,Mass,801,Tamil Nadu,Kolkata,2024-07-13
C104956,29,180000.0,Mass,764,Gujarat,Jaipur,2023-08-22
C104957,28,180000.0,Mass,615,Rajasthan,Delhi,2019-12-29
C104958,36,180000.0,Mass,760,Maharashtra,Delhi,2022-04-19
C104959,57,309000.0,Mass,727,Delhi NCR,Ahmedabad,2023-11-24
C104960,58,180000.0,Mass,714,Telangana,Kolkata,2020-11-25
C104961,36,180000.0,Mass,719,Gujarat,Delhi,2025-02-23
C104962,41,180000.0,Mass,733,Delhi NCR,Jaipur,2022-06-09
C104963,60,180000.0,Mass,675,Rajasthan,Hyderabad,2021-04-15
C104964,31,180000.0,Mass,708,Karnataka,Bengaluru,2021-09-18
C104965,58,180000.0,Mass,797,Karnataka,Hyderabad,2023-05-29
C104966,26,180000.0,Mass,674,Delhi NCR,Kolkata,2024-01-19
C104967,30,180000.0,Mass,653,Gujarat,Kolkata,2020-10-26
C104968,35,180000.0,Mass,716,Tamil Nadu,Chennai,2020-03-22
C104969,23,180000.0,Mass,647,Maharashtra,Mumbai,2019-08-27
C104970,53,180000.0,Mass,608,West Bengal,Kolkata,2022-07-13
C104971,55,180000.0,Mass,698,Telangana,Kolkata,2025-08-07
C104972,36,180000.0,Mass,814,Rajasthan,Jaipur,2025-10-29
C104973,54,180000.0,Mass,717,Gujarat,Delhi,2022-12-26
C104974,52,180000.0,Mass,732,Rajasthan,Kolkata,2022-10-14
C104975,53,180000.0,Mass,582,Tamil Nadu,Chennai,2022-08-01
C104976,53,180000.0,Mass,748,Tamil Nadu,Kolkata,2020-09-08
C104977,44,180000.0,Mass,726,Telangana,Chennai,2021-12-17
C104978,26,180000.0,Mass,677,Gujarat,Kolkata,2025-08-30
C104979,58,180000.0,Mass,732,Tamil Nadu,Mumbai,2023-05-21
C104980,45,180000.0,Mass,731,Maharashtra,Ahmedabad,2020-09-26
C104981,57,180000.0,Mass,651,Maharashtra,Mumbai,2019-08-16
C104982,59,180000.0,Mass,742,Telangana,Chennai,2024-05-07
C104983,29,180000.0,Mass,798,Karnataka,Kolkata,2025-06-05
C104984,37,180000.0,Mass,705,Telangana,Bengaluru,2019-10-12
C104985,29,180000.0,Mass,664,Maharashtra,Delhi,2021-09-02
C104986,23,180000.0,Mass,708,Maharashtra,Kolkata,2025-01-24
C104987,59,180000.0,Mass,776,Telangana,Delhi,2020-10-20
C104988,58,180000.0,Mass,640,Karnataka,Delhi,2020-04-14
C104989,58,180000.0,Mass,758,Rajasthan,Mumbai,2021-10-21
C104990,56,180000.0,Mass,676,Rajasthan,Hyderabad,2021-10-21
C104991,47,180000.0,Mass,736,Gujarat,Mumbai,2022-06-05
C104992,42,180000.0,Mass,683,Gujarat,Mumbai,2025-11-15
C104993,60,180000.0,Mass,683,Karnataka,Kolkata,2025-12-03
C104994,43,180000.0,Mass,819,Delhi NCR,Hyderabad,2023-02-15
C104995,47,180000.0,Mass,628,Karnataka,Jaipur,2019-07-15
C104996,30,180000.0,Mass,752,Rajasthan,Chennai,2020-11-17
C104997,51,180000.0,Mass,833,Rajasthan,Ahmedabad,2020-04-14
C104998,53,180000.0,Mass,765,Karnataka,Jaipur,2019-01-02
C104999,48,180000.0,Mass,633,Telangana,Hyderabad,2021-09-22
C105000,41,180000.0,Mass,637,Gujarat,Kolkata,2019-01-18
