policy_id,customer_id,policy_type,annual_premium,policy_active
P500001,C100001,Health,0.0,False
P500002,C100002,Personal Accident,0.0,False
P500003,C100003,Life,32510.0,True
P500004,C100004,Health,0.0,False
P500005,C100005,Personal Accident,0.0,False
P500006,C100006,Motor,0.0,False
P500007,C100007,Personal Accident,36302.0,True
P500008,C100008,Motor,0.0,False
P500009,C100009,Personal Accident,18160.0,True
P500010,C100010,Life,0.0,False
P500011,C100011,Life,0.0,False
P500012,C100012,Health,38308.0,True
P500013,C100013,Motor,22999.0,True
P500014,C100014,Life,0.0,False
P500015,C100015,Life,0.0,False
P500016,C100016,Life,0.0,False
P500017,C100017,Life,19815.0,True
P500018,C100018,Health,0.0,False
P500019,C100019,Life,21778.0,True
P500020,C100020,Motor,0.0,False
P500021,C100021,Personal Accident,0.0,False
P500022,C100022,Personal Accident,12046.0,True
P500023,C100023,Health,10209.0,True
P500024,C100024,Life,13485.0,True
P500025,C100025,Health,0.0,False
P500026,C100026,Personal Accident,8623.0,True
P500027,C100027,Personal Accident,0.0,False
P500028,C100028,Personal Accident,18588.0,True
P500029,C100029,Motor,22321.0,True
P500030,C100030,Health,0.0,False
P500031,C100031,Motor,0.0,False
P500032,C100032,Health,0.0,False
P500033,C100033,Motor,0.0,False
P500034,C100034,Personal Accident,37382.0,True
P500035,C100035,Health,0.0,False
P500036,C100036,Personal Accident,0.0,False
P500037,C100037,Personal Accident,0.0,False
P500038,C100038,Life,0.0,False
P500039,C100039,Life,36178.0,True
P500040,C100040,Health,0.0,False
P500041,C100041,Life,0.0,False
P500042,C100042,Motor,0.0,False
P500043,C100043,Health,0.0,False
P500044,C100044,Health,11787.0,True
P500045,C100045,Life,5377.0,True
P500046,C100046,Health,43037.0,True
P500047,C100047,Motor,0.0,False
P500048,C100048,Motor,0.0,False
P500049,C100049,Life,32782.0,True
P500050,C100050,Health,0.0,False
P500051,C100051,Personal Accident,0.0,False
P500052,C100052,Life,21250.0,True
P500053,C100053,Motor,12914.0,True
P500054,C100054,Motor,0.0,False
P500055,C100055,Motor,0.0,False
P500056,C100056,Personal Accident,0.0,False
P500057,C100057,Life,0.0,False
P500058,C100058,Motor,0.0,False
P500059,C100059,Motor,0.0,False
P500060,C100060,Health,0.0,False
P500061,C100061,Personal Accident,0.0,False
P500062,C100062,Personal Accident,0.0,False
P500063,C100063,Life,0.0,False
P500064,C100064,Life,0.0,False
P500065,C100065,Health,0.0,False
P500066,C100066,Motor,0.0,False
P500067,C100067,Health,0.0,False
P500068,C100068,Personal Accident,0.0,False
P500069,C100069,Health,0.0,False
P500070,C100070,Motor,25349.0,True
P500071,C100071,Personal Accident,0.0,False
P500072,C100072,Life,0.0,False
P500073,C100073,Life,0.0,False
P500074,C100074,Health,0.0,False
P500075,C100075,Personal Accident,0.0,False
P500076,C100076,Life,30160.0,True
P500077,C100077,Motor,0.0,False
P500078,C100078,Life,0.0,False
P500079,C100079,Motor,0.0,False
P500080,C100080,Motor,0.0,False
P500081,C100081,Life,0.0,False
P500082,C100082,Health,0.0,False
P500083,C100083,Health,19658.0,True
P500084,C100084,Life,0.0,False
P500085,C100085,Life,0.0,False
P500086,C100086,Health,38836.0,True
P500087,C100087,Health,7723.0,True
P500088,C100088,Health,11235.0,True
P500089,C100089,Personal Accident,0.0,False
P500090,C100090,Personal Accident,17108.0,True
P500091,C100091,Motor,8981.0,True
P500092,C100092,Health,0.0,False
P500093,C100093,Personal Accident,0.0,False
P500094,C100094,Personal Accident,0.0,False
P500095,C100095,Life,0.0,False
P500096,C100096,Life,0.0,False
P500097,C100097,Health,0.0,False
P500098,C100098,Health,0.0,False
P500099,C100099,Health,0.0,False
P500100,C100100,Life,20090.0,True
P500101,C100101,Motor,0.0,False
P500102,C100102,Motor,0.0,False
P500103,C100103,Health,0.0,False
P500104,C100104,Motor,0.0,False
P500105,C100105,Personal Accident,0.0,False
P500106,C100106,Life,0.0,False
P500107,C100107,Health,0.0,False
P500108,C100108,Health,0.0,False
P500109,C100109,Health,0.0,False
P500110,C100110,Life,0.0,False
P500111,C100111,Life,38597.0,True
P500112,C100112,Life,0.0,False
P500113,C100113,Health,0.0,False
P500114,C100114,Personal Accident,33460.0,True
P500115,C100115,Life,0.0,False
P500116,C100116,Personal Accident,0.0,False
P500117,C100117,Health,0.0,False
P500118,C100118,Health,0.0,False
P500119,C100119,Health,0.0,False
P500120,C100120,Life,11439.0,True
P500121,C100121,Motor,9864.0,True
P500122,C100122,Motor,0.0,False
P500123,C100123,Life,0.0,False
P500124,C100124,Health,0.0,False
P500125,C100125,Health,9983.0,True
P500126,C100126,Personal Accident,0.0,False
P500127,C100127,Health,0.0,False
P500128,C100128,Motor,0.0,False
P500129,C100129,Motor,9636.0,True
P500130,C100130,Motor,0.0,False
P500131,C100131,Health,0.0,False
P500132,C100132,Life,28186.0,True
P500133,C100133,Motor,0.0,False
P500134,C100134,Personal Accident,0.0,False
P500135,C100135,Motor,23832.0,True
P500136,C100136,Life,0.0,False
P500137,C100137,Health,0.0,False
P500138,C100138,Personal Accident,0.0,False
P500139,C100139,Life,21728.0,True
P500140,C100140,Health,27015.0,True
P500141,C100141,Life,0.0,False
P500142,C100142,Life,0.0,False
P500143,C100143,Life,0.0,False
P500144,C100144,Motor,0.0,False
P500145,C100145,Life,9397.0,True
P500146,C100146,Health,0.0,False
P500147,C100147,Life,23046.0,True
P500148,C100148,Motor,24420.0,True
P500149,C100149,Life,0.0,False
P500150,C100150,Personal Accident,0.0,False
P500151,C100151,Motor,32582.0,True
P500152,C100152,Life,0.0,False
P500153,C100153,Life,0.0,False
P500154,C100154,Motor,0.0,False
P500155,C100155,Health,0.0,False
P500156,C100156,Motor,10048.0,True
P500157,C100157,Health,0.0,False
P500158,C100158,Motor,0.0,False
P500159,C100159,Health,0.0,False
P500160,C100160,Life,0.0,False
P500161,C100161,Motor,0.0,False
P500162,C100162,Life,23117.0,True
P500163,C100163,Life,0.0,False
P500164,C100164,Motor,0.0,False
P500165,C100165,Health,0.0,False
P500166,C100166,Life,0.0,False
P500167,C100167,Health,8284.0,True
P500168,C100168,Life,9817.0,True
P500169,C100169,Personal Accident,0.0,False
P500170,C100170,Life,0.0,False
P500171,C100171,Personal Accident,10629.0,True
P500172,C100172,Personal Accident,41051.0,True
P500173,C100173,Life,0.0,False
P500174,C100174,Personal Accident,42034.0,True
P500175,C100175,Life,0.0,False
P500176,C100176,Health,0.0,False
P500177,C100177,Motor,0.0,False
P500178,C100178,Personal Accident,33424.0,True
P500179,C100179,Health,0.0,False
P500180,C100180,Health,0.0,False
P500181,C100181,Life,29509.0,True
P500182,C100182,Personal Accident,0.0,False
P500183,C100183,Health,0.0,False
P500184,C100184,Motor,0.0,False
P500185,C100185,Health,0.0,False
P500186,C100186,Health,33200.0,True
P500187,C100187,Personal Accident,0.0,False
P500188,C100188,Health,9521.0,True
P500189,C100189,Health,0.0,False
P500190,C100190,Motor,0.0,False
P500191,C100191,Personal Accident,0.0,False
P500192,C100192,Motor,0.0,False
P500193,C100193,Health,8683.0,True
P500194,C100194,Personal Accident,13304.0,True
P500195,C100195,Life,0.0,False
P500196,C100196,Personal Accident,15147.0,True
P500197,C100197,Life,22393.0,True
P500198,C100198,Personal Accident,0.0,False
P500199,C100199,Personal Accident,0.0,False
P500200,C100200,Health,0.0,False
P500201,C100201,Life,0.0,False
P500202,C100202,Life,0.0,False
P500203,C100203,Personal Accident,0.0,False
P500204,C100204,Health,23862.0,True
P500205,C100205,Motor,0.0,False
P500206,C100206,Health,0.0,False
P500207,C100207,Life,0.0,False
P500208,C100208,Health,10907.0,True
P500209,C100209,Life,0.0,False
P500210,C100210,Life,0.0,False
P500211,C100211,Personal Accident,0.0,False
P500212,C100212,Life,0.0,False
P500213,C100213,Health,0.0,False
P500214,C100214,Personal Accident,0.0,False
P500215,C100215,Health,0.0,False
P500216,C100216,Motor,0.0,False
P500217,C100217,Motor,0.0,False
P500218,C100218,Health,0.0,False
P500219,C100219,Health,12291.0,True
P500220,C100220,Motor,0.0,False
P500221,C100221,Life,25556.0,True
P500222,C100222,Life,0.0,False
P500223,C100223,Motor,0.0,False
P500224,C100224,Health,42650.0,True
P500225,C100225,Life,5071.0,True
P500226,C100226,Motor,0.0,False
P500227,C100227,Health,0.0,False
P500228,C100228,Health,0.0,False
P500229,C100229,Personal Accident,0.0,False
P500230,C100230,Personal Accident,0.0,False
P500231,C100231,Life,0.0,False
P500232,C100232,Health,0.0,False
P500233,C100233,Life,0.0,False
P500234,C100234,Motor,0.0,False
P500235,C100235,Motor,7888.0,True
P500236,C100236,Health,8270.0,True
P500237,C100237,Motor,8174.0,True
P500238,C100238,Motor,0.0,False
P500239,C100239,Health,0.0,False
P500240,C100240,Motor,0.0,False
P500241,C100241,Life,0.0,False
P500242,C100242,Personal Accident,0.0,False
P500243,C100243,Health,4992.0,True
P500244,C100244,Motor,0.0,False
P500245,C100245,Personal Accident,0.0,False
P500246,C100246,Health,0.0,False
P500247,C100247,Health,0.0,False
P500248,C100248,Life,0.0,False
P500249,C100249,Health,24210.0,True
P500250,C100250,Personal Accident,0.0,False
P500251,C100251,Personal Accident,0.0,False
P500252,C100252,Personal Accident,0.0,False
P500253,C100253,Motor,0.0,False
P500254,C100254,Personal Accident,0.0,False
P500255,C100255,Personal Accident,0.0,False
P500256,C100256,Motor,16778.0,True
P500257,C100257,Life,0.0,False
P500258,C100258,Life,0.0,False
P500259,C100259,Personal Accident,17902.0,True
P500260,C100260,Life,0.0,False
P500261,C100261,Health,0.0,False
P500262,C100262,Life,23751.0,True
P500263,C100263,Personal Accident,0.0,False
P500264,C100264,Health,0.0,False
P500265,C100265,Personal Accident,20364.0,True
P500266,C100266,Personal Accident,0.0,False
P500267,C100267,Motor,31238.0,True
P500268,C100268,Life,0.0,False
P500269,C100269,Motor,0.0,False
P500270,C100270,Personal Accident,0.0,False
P500271,C100271,Motor,0.0,False
P500272,C100272,Life,0.0,False
P500273,C100273,Personal Accident,0.0,False
P500274,C100274,Health,4346.0,True
P500275,C100275,Motor,0.0,False
P500276,C100276,Life,0.0,False
P500277,C100277,Motor,0.0,False
P500278,C100278,Motor,0.0,False
P500279,C100279,Life,0.0,False
P500280,C100280,Personal Accident,36338.0,True
P500281,C100281,Personal Accident,0.0,False
P500282,C100282,Life,0.0,False
P500283,C100283,Health,0.0,False
P500284,C100284,Life,0.0,False
P500285,C100285,Motor,0.0,False
P500286,C100286,Health,0.0,False
P500287,C100287,Health,0.0,False
P500288,C100288,Personal Accident,0.0,False
P500289,C100289,Life,0.0,False
P500290,C100290,Motor,0.0,False
P500291,C100291,Life,34375.0,True
P500292,C100292,Health,17964.0,True
P500293,C100293,Health,0.0,False
P500294,C100294,Health,7575.0,True
P500295,C100295,Personal Accident,0.0,False
P500296,C100296,Motor,0.0,False
P500297,C100297,Health,0.0,False
P500298,C100298,Motor,0.0,False
P500299,C100299,Life,35784.0,True
P500300,C100300,Personal Accident,4312.0,True
P500301,C100301,Life,0.0,False
P500302,C100302,Health,8458.0,True
P500303,C100303,Personal Accident,0.0,False
P500304,C100304,Health,22980.0,True
P500305,C100305,Health,0.0,False
P500306,C100306,Life,0.0,False
P500307,C100307,Motor,0.0,False
P500308,C100308,Motor,0.0,False
P500309,C100309,Life,33276.0,True
P500310,C100310,Motor,0.0,False
P500311,C100311,Health,0.0,False
P500312,C100312,Personal Accident,0.0,False
P500313,C100313,Motor,22141.0,True
P500314,C100314,Motor,0.0,False
P500315,C100315,Health,42829.0,True
P500316,C100316,Life,38778.0,True
P500317,C100317,Personal Accident,0.0,False
P500318,C100318,Motor,0.0,False
P500319,C100319,Motor,0.0,False
P500320,C100320,Personal Accident,0.0,False
P500321,C100321,Health,11444.0,True
P500322,C100322,Motor,0.0,False
P500323,C100323,Health,0.0,False
P500324,C100324,Personal Accident,0.0,False
P500325,C100325,Health,0.0,False
P500326,C100326,Motor,38307.0,True
P500327,C100327,Life,0.0,False
P500328,C100328,Life,0.0,False
P500329,C100329,Motor,30539.0,True
P500330,C100330,Health,0.0,False
P500331,C100331,Health,27224.0,True
P500332,C100332,Life,0.0,False
P500333,C100333,Life,0.0,False
P500334,C100334,Personal Accident,0.0,False
P500335,C100335,Motor,17103.0,True
P500336,C100336,Health,21072.0,True
P500337,C100337,Motor,0.0,False
P500338,C100338,Personal Accident,0.0,False
P500339,C100339,Personal Accident,41132.0,True
P500340,C100340,Personal Accident,0.0,False
P500341,C100341,Health,4357.0,True
P500342,C100342,Motor,44903.0,True
P500343,C100343,Health,0.0,False
P500344,C100344,Motor,15100.0,True
P500345,C100345,Personal Accident,19176.0,True
P500346,C100346,Personal Accident,0.0,False
P500347,C100347,Personal Accident,0.0,False
P500348,C100348,Motor,0.0,False
P500349,C100349,Life,0.0,False
P500350,C100350,Life,0.0,False
P500351,C100351,Motor,0.0,False
P500352,C100352,Motor,0.0,False
P500353,C100353,Personal Accident,26968.0,True
P500354,C100354,Personal Accident,0.0,False
P500355,C100355,Health,0.0,False
P500356,C100356,Personal Accident,0.0,False
P500357,C100357,Motor,41875.0,True
P500358,C100358,Personal Accident,0.0,False
P500359,C100359,Personal Accident,0.0,False
P500360,C100360,Motor,0.0,False
P500361,C100361,Personal Accident,0.0,False
P500362,C100362,Motor,0.0,False
P500363,C100363,Life,0.0,False
P500364,C100364,Life,0.0,False
P500365,C100365,Personal Accident,0.0,False
P500366,C100366,Health,0.0,False
P500367,C100367,Motor,0.0,False
P500368,C100368,Life,0.0,False
P500369,C100369,Health,0.0,False
P500370,C100370,Life,9234.0,True
P500371,C100371,Motor,0.0,False
P500372,C100372,Personal Accident,0.0,False
P500373,C100373,Health,0.0,False
P500374,C100374,Personal Accident,0.0,False
P500375,C100375,Motor,0.0,False
P500376,C100376,Personal Accident,0.0,False
P500377,C100377,Personal Accident,0.0,False
P500378,C100378,Personal Accident,0.0,False
P500379,C100379,Life,0.0,False
P500380,C100380,Health,0.0,False
P500381,C100381,Motor,0.0,False
P500382,C100382,Personal Accident,0.0,False
P500383,C100383,Health,15212.0,True
P500384,C100384,Health,0.0,False
P500385,C100385,Personal Accident,0.0,False
P500386,C100386,Motor,18671.0,True
P500387,C100387,Motor,42783.0,True
P500388,C100388,Life,15862.0,True
P500389,C100389,Health,0.0,False
P500390,C100390,Health,29102.0,True
P500391,C100391,Life,0.0,False
P500392,C100392,Personal Accident,0.0,False
P500393,C100393,Health,0.0,False
P500394,C100394,Personal Accident,14419.0,True
P500395,C100395,Life,0.0,False
P500396,C100396,Motor,39402.0,True
P500397,C100397,Personal Accident,0.0,False
P500398,C100398,Life,0.0,False
P500399,C100399,Personal Accident,0.0,False
P500400,C100400,Health,0.0,False
P500401,C100401,Life,0.0,False
P500402,C100402,Motor,10900.0,True
P500403,C100403,Life,0.0,False
P500404,C100404,Motor,0.0,False
P500405,C100405,Personal Accident,40806.0,True
P500406,C100406,Personal Accident,0.0,False
P500407,C100407,Life,0.0,False
P500408,C100408,Health,0.0,False
P500409,C100409,Life,31509.0,True
P500410,C100410,Motor,21407.0,True
P500411,C100411,Life,0.0,False
P500412,C100412,Health,7713.0,True
P500413,C100413,Personal Accident,0.0,False
P500414,C100414,Life,0.0,False
P500415,C100415,Personal Accident,0.0,False
P500416,C100416,Health,0.0,False
P500417,C100417,Motor,0.0,False
P500418,C100418,Motor,0.0,False
P500419,C100419,Motor,0.0,False
P500420,C100420,Motor,0.0,False
P500421,C100421,Life,30572.0,True
P500422,C100422,Life,42796.0,True
P500423,C100423,Motor,0.0,False
P500424,C100424,Life,7257.0,True
P500425,C100425,Motor,0.0,False
P500426,C100426,Life,13602.0,True
P500427,C100427,Personal Accident,0.0,False
P500428,C100428,Personal Accident,0.0,False
P500429,C100429,Motor,0.0,False
P500430,C100430,Health,0.0,False
P500431,C100431,Health,0.0,False
P500432,C100432,Health,0.0,False
P500433,C100433,Motor,0.0,False
P500434,C100434,Health,0.0,False
P500435,C100435,Motor,34139.0,True
P500436,C100436,Health,0.0,False
P500437,C100437,Life,0.0,False
P500438,C100438,Health,0.0,False
P500439,C100439,Life,0.0,False
P500440,C100440,Life,0.0,False
P500441,C100441,Motor,0.0,False
P500442,C100442,Health,0.0,False
P500443,C100443,Life,30080.0,True
P500444,C100444,Personal Accident,25325.0,True
P500445,C100445,Personal Accident,0.0,False
P500446,C100446,Personal Accident,9453.0,True
P500447,C100447,Life,34244.0,True
P500448,C100448,Health,23633.0,True
P500449,C100449,Life,9696.0,True
P500450,C100450,Motor,0.0,False
P500451,C100451,Motor,0.0,False
P500452,C100452,Personal Accident,0.0,False
P500453,C100453,Life,0.0,False
P500454,C100454,Health,0.0,False
P500455,C100455,Personal Accident,7021.0,True
P500456,C100456,Personal Accident,0.0,False
P500457,C100457,Health,0.0,False
P500458,C100458,Life,4101.0,True
P500459,C100459,Health,0.0,False
P500460,C100460,Health,37502.0,True
P500461,C100461,Life,0.0,False
P500462,C100462,Motor,0.0,False
P500463,C100463,Motor,0.0,False
P500464,C100464,Motor,18198.0,True
P500465,C100465,Personal Accident,0.0,False
P500466,C100466,Health,38785.0,True
P500467,C100467,Health,0.0,False
P500468,C100468,Motor,22537.0,True
P500469,C100469,Personal Accident,0.0,False
P500470,C100470,Motor,0.0,False
P500471,C100471,Life,0.0,False
P500472,C100472,Motor,0.0,False
P500473,C100473,Life,0.0,False
P500474,C100474,Personal Accident,0.0,False
P500475,C100475,Life,4739.0,True
P500476,C100476,Health,20032.0,True
P500477,C100477,Motor,0.0,False
P500478,C100478,Health,0.0,False
P500479,C100479,Health,0.0,False
P500480,C100480,Motor,8593.0,True
P500481,C100481,Life,0.0,False
P500482,C100482,Personal Accident,0.0,False
P500483,C100483,Motor,38373.0,True
P500484,C100484,Life,0.0,False
P500485,C100485,Personal Accident,0.0,False
P500486,C100486,Motor,25803.0,True
P500487,C100487,Personal Accident,17611.0,True
P500488,C100488,Personal Accident,0.0,False
P500489,C100489,Health,0.0,False
P500490,C100490,Personal Accident,0.0,False
P500491,C100491,Health,0.0,False
P500492,C100492,Motor,0.0,False
P500493,C100493,Motor,0.0,False
P500494,C100494,Motor,5490.0,True
P500495,C100495,Personal Accident,0.0,False
P500496,C100496,Health,0.0,False
P500497,C100497,Motor,0.0,False
P500498,C100498,Health,0.0,False
P500499,C100499,Life,0.0,False
P500500,C100500,Motor,0.0,False
P500501,C100501,Motor,0.0,False
P500502,C100502,Life,0.0,False
P500503,C100503,Personal Accident,0.0,False
P500504,C100504,Life,44787.0,True
P500505,C100505,Life,0.0,False
P500506,C100506,Motor,0.0,False
P500507,C100507,Life,0.0,False
P500508,C100508,Motor,0.0,False
P500509,C100509,Health,16821.0,True
P500510,C100510,Health,0.0,False
P500511,C100511,Life,0.0,False
P500512,C100512,Motor,0.0,False
P500513,C100513,Motor,0.0,False
P500514,C100514,Personal Accident,9308.0,True
P500515,C100515,Life,0.0,False
P500516,C100516,Personal Accident,20464.0,True
P500517,C100517,Personal Accident,0.0,False
P500518,C100518,Personal Accident,27720.0,True
P500519,C100519,Health,0.0,False
P500520,C100520,Life,0.0,False
P500521,C100521,Life,0.0,False
P500522,C100522,Motor,0.0,False
P500523,C100523,Motor,0.0,False
P500524,C100524,Health,0.0,False
P500525,C100525,Health,0.0,False
P500526,C100526,Motor,0.0,False
P500527,C100527,Motor,0.0,False
P500528,C100528,Life,0.0,False
P500529,C100529,Motor,0.0,False
P500530,C100530,Health,0.0,False
P500531,C100531,Personal Accident,0.0,False
P500532,C100532,Life,0.0,False
P500533,C100533,Life,0.0,False
P500534,C100534,Life,0.0,False
P500535,C100535,Personal Accident,0.0,False
P500536,C100536,Personal Accident,0.0,False
P500537,C100537,Health,0.0,False
P500538,C100538,Personal Accident,22298.0,True
P500539,C100539,Life,0.0,False
P500540,C100540,Health,0.0,False
P500541,C100541,Life,0.0,False
P500542,C100542,Motor,0.0,False
P500543,C100543,Personal Accident,0.0,False
P500544,C100544,Health,0.0,False
P500545,C100545,Health,0.0,False
P500546,C100546,Life,0.0,False
P500547,C100547,Health,0.0,False
P500548,C100548,Life,21334.0,True
P500549,C100549,Life,5809.0,True
P500550,C100550,Personal Accident,0.0,False
P500551,C100551,Life,0.0,False
P500552,C100552,Personal Accident,39674.0,True
P500553,C100553,Health,22035.0,True
P500554,C100554,Health,21329.0,True
P500555,C100555,Personal Accident,20301.0,True
P500556,C100556,Motor,0.0,False
P500557,C100557,Motor,9186.0,True
P500558,C100558,Motor,6183.0,True
P500559,C100559,Health,15339.0,True
P500560,C100560,Personal Accident,0.0,False
P500561,C100561,Life,0.0,False
P500562,C100562,Motor,0.0,False
P500563,C100563,Motor,0.0,False
P500564,C100564,Health,0.0,False
P500565,C100565,Health,26089.0,True
P500566,C100566,Motor,0.0,False
P500567,C100567,Life,37937.0,True
P500568,C100568,Motor,4676.0,True
P500569,C100569,Health,0.0,False
P500570,C100570,Life,0.0,False
P500571,C100571,Motor,27894.0,True
P500572,C100572,Health,0.0,False
P500573,C100573,Life,0.0,False
P500574,C100574,Motor,0.0,False
P500575,C100575,Motor,0.0,False
P500576,C100576,Personal Accident,0.0,False
P500577,C100577,Life,0.0,False
P500578,C100578,Life,0.0,False
P500579,C100579,Life,0.0,False
P500580,C100580,Health,26172.0,True
P500581,C100581,Life,0.0,False
P500582,C100582,Motor,0.0,False
P500583,C100583,Health,19624.0,True
P500584,C100584,Motor,7040.0,True
P500585,C100585,Personal Accident,0.0,False
P500586,C100586,Personal Accident,36779.0,True
P500587,C100587,Health,0.0,False
P500588,C100588,Personal Accident,0.0,False
P500589,C100589,Health,0.0,False
P500590,C100590,Life,0.0,False
P500591,C100591,Motor,27738.0,True
P500592,C100592,Personal Accident,0.0,False
P500593,C100593,Health,0.0,False
P500594,C100594,Personal Accident,0.0,False
P500595,C100595,Life,0.0,False
P500596,C100596,Personal Accident,43810.0,True
P500597,C100597,Health,0.0,False
P500598,C100598,Life,0.0,False
P500599,C100599,Motor,0.0,False
P500600,C100600,Motor,0.0,False
P500601,C100601,Personal Accident,0.0,False
P500602,C100602,Health,44429.0,True
P500603,C100603,Health,0.0,False
P500604,C100604,Life,0.0,False
P500605,C100605,Personal Accident,0.0,False
P500606,C100606,Life,0.0,False
P500607,C100607,Personal Accident,0.0,False
P500608,C100608,Life,22933.0,True
P500609,C100609,Health,0.0,False
P500610,C100610,Personal Accident,0.0,False
P500611,C100611,Motor,0.0,False
P500612,C100612,Personal Accident,0.0,False
P500613,C100613,Motor,0.0,False
P500614,C100614,Life,0.0,False
P500615,C100615,Motor,0.0,False
P500616,C100616,Motor,0.0,False
P500617,C100617,Life,0.0,False
P500618,C100618,Motor,41357.0,True
P500619,C100619,Personal Accident,0.0,False
P500620,C100620,Health,13382.0,True
P500621,C100621,Health,0.0,False
P500622,C100622,Motor,0.0,False
P500623,C100623,Motor,0.0,False
P500624,C100624,Health,0.0,False
P500625,C100625,Life,0.0,False
P500626,C100626,Personal Accident,0.0,False
P500627,C100627,Life,26799.0,True
P500628,C100628,Motor,0.0,False
P500629,C100629,Health,0.0,False
P500630,C100630,Motor,0.0,False
P500631,C100631,Motor,0.0,False
P500632,C100632,Motor,0.0,False
P500633,C100633,Personal Accident,0.0,False
P500634,C100634,Personal Accident,23104.0,True
P500635,C100635,Health,15302.0,True
P500636,C100636,Personal Accident,0.0,False
P500637,C100637,Personal Accident,0.0,False
P500638,C100638,Health,0.0,False
P500639,C100639,Life,0.0,False
P500640,C100640,Motor,0.0,False
P500641,C100641,Motor,0.0,False
P500642,C100642,Health,0.0,False
P500643,C100643,Life,0.0,False
P500644,C100644,Life,0.0,False
P500645,C100645,Life,41466.0,True
P500646,C100646,Health,0.0,False
P500647,C100647,Motor,0.0,False
P500648,C100648,Personal Accident,23038.0,True
P500649,C100649,Life,0.0,False
P500650,C100650,Health,20565.0,True
P500651,C100651,Motor,0.0,False
P500652,C100652,Life,0.0,False
P500653,C100653,Health,22824.0,True
P500654,C100654,Life,0.0,False
P500655,C100655,Life,32826.0,True
P500656,C100656,Personal Accident,0.0,False
P500657,C100657,Motor,0.0,False
P500658,C100658,Personal Accident,0.0,False
P500659,C100659,Health,0.0,False
P500660,C100660,Health,0.0,False
P500661,C100661,Motor,0.0,False
P500662,C100662,Life,37488.0,True
P500663,C100663,Health,15530.0,True
P500664,C100664,Motor,4258.0,True
P500665,C100665,Life,0.0,False
P500666,C100666,Motor,12915.0,True
P500667,C100667,Life,0.0,False
P500668,C100668,Personal Accident,0.0,False
P500669,C100669,Motor,0.0,False
P500670,C100670,Motor,0.0,False
P500671,C100671,Health,37381.0,True
P500672,C100672,Health,0.0,False
P500673,C100673,Health,0.0,False
P500674,C100674,Life,0.0,False
P500675,C100675,Personal Accident,0.0,False
P500676,C100676,Personal Accident,0.0,False
P500677,C100677,Motor,35135.0,True
P500678,C100678,Personal Accident,0.0,False
P500679,C100679,Life,0.0,False
P500680,C100680,Personal Accident,35275.0,True
P500681,C100681,Personal Accident,12859.0,True
P500682,C100682,Health,0.0,False
P500683,C100683,Personal Accident,24880.0,True
P500684,C100684,Motor,0.0,False
P500685,C100685,Personal Accident,32002.0,True
P500686,C100686,Personal Accident,0.0,False
P500687,C100687,Personal Accident,9497.0,True
P500688,C100688,Personal Accident,0.0,False
P500689,C100689,Personal Accident,0.0,False
P500690,C100690,Personal Accident,0.0,False
P500691,C100691,Life,0.0,False
P500692,C100692,Health,18316.0,True
P500693,C100693,Motor,0.0,False
P500694,C100694,Personal Accident,0.0,False
P500695,C100695,Health,26388.0,True
P500696,C100696,Motor,0.0,False
P500697,C100697,Health,12995.0,True
P500698,C100698,Life,0.0,False
P500699,C100699,Health,0.0,False
P500700,C100700,Health,0.0,False
P500701,C100701,Life,0.0,False
P500702,C100702,Health,0.0,False
P500703,C100703,Health,0.0,False
P500704,C100704,Motor,0.0,False
P500705,C100705,Motor,0.0,False
P500706,C100706,Personal Accident,10133.0,True
P500707,C100707,Motor,0.0,False
P500708,C100708,Personal Accident,0.0,False
P500709,C100709,Life,0.0,False
P500710,C100710,Personal Accident,0.0,False
P500711,C100711,Health,0.0,False
P500712,C100712,Life,0.0,False
P500713,C100713,Motor,36532.0,True
P500714,C100714,Personal Accident,0.0,False
P500715,C100715,Personal Accident,0.0,False
P500716,C100716,Motor,32644.0,True
P500717,C100717,Life,0.0,False
P500718,C100718,Motor,0.0,False
P500719,C100719,Health,0.0,False
P500720,C100720,Life,0.0,False
P500721,C100721,Personal Accident,23219.0,True
P500722,C100722,Personal Accident,0.0,False
P500723,C100723,Motor,14636.0,True
P500724,C100724,Health,0.0,False
P500725,C100725,Life,0.0,False
P500726,C100726,Motor,0.0,False
P500727,C100727,Personal Accident,0.0,False
P500728,C100728,Personal Accident,23474.0,True
P500729,C100729,Motor,0.0,False
P500730,C100730,Health,0.0,False
P500731,C100731,Personal Accident,0.0,False
P500732,C100732,Personal Accident,0.0,False
P500733,C100733,Health,0.0,False
P500734,C100734,Motor,11916.0,True
P500735,C100735,Motor,0.0,False
P500736,C100736,Motor,35358.0,True
P500737,C100737,Motor,0.0,False
P500738,C100738,Motor,9310.0,True
P500739,C100739,Motor,0.0,False
P500740,C100740,Life,0.0,False
P500741,C100741,Life,0.0,False
P500742,C100742,Health,0.0,False
P500743,C100743,Life,20497.0,True
P500744,C100744,Life,10962.0,True
P500745,C100745,Personal Accident,30361.0,True
P500746,C100746,Personal Accident,36062.0,True
P500747,C100747,Personal Accident,0.0,False
P500748,C100748,Health,0.0,False
P500749,C100749,Personal Accident,0.0,False
P500750,C100750,Personal Accident,0.0,False
P500751,C100751,Life,40370.0,True
P500752,C100752,Health,0.0,False
P500753,C100753,Personal Accident,42318.0,True
P500754,C100754,Life,14551.0,True
P500755,C100755,Health,36661.0,True
P500756,C100756,Motor,0.0,False
P500757,C100757,Personal Accident,0.0,False
P500758,C100758,Motor,16498.0,True
P500759,C100759,Health,18549.0,True
P500760,C100760,Personal Accident,0.0,False
P500761,C100761,Motor,0.0,False
P500762,C100762,Health,14158.0,True
P500763,C100763,Life,36536.0,True
P500764,C100764,Life,0.0,False
P500765,C100765,Life,0.0,False
P500766,C100766,Life,0.0,False
P500767,C100767,Health,0.0,False
P500768,C100768,Motor,0.0,False
P500769,C100769,Life,0.0,False
P500770,C100770,Motor,30343.0,True
P500771,C100771,Health,0.0,False
P500772,C100772,Life,0.0,False
P500773,C100773,Personal Accident,0.0,False
P500774,C100774,Life,0.0,False
P500775,C100775,Life,0.0,False
P500776,C100776,Life,38076.0,True
P500777,C100777,Motor,0.0,False
P500778,C100778,Personal Accident,4986.0,True
P500779,C100779,Life,0.0,False
P500780,C100780,Health,0.0,False
P500781,C100781,Health,0.0,False
P500782,C100782,Health,0.0,False
P500783,C100783,Life,0.0,False
P500784,C100784,Health,0.0,False
P500785,C100785,Health,0.0,False
P500786,C100786,Personal Accident,0.0,False
P500787,C100787,Health,22430.0,True
P500788,C100788,Health,0.0,False
P500789,C100789,Life,0.0,False
P500790,C100790,Motor,0.0,False
P500791,C100791,Health,0.0,False
P500792,C100792,Health,0.0,False
P500793,C100793,Motor,0.0,False
P500794,C100794,Health,0.0,False
P500795,C100795,Health,0.0,False
P500796,C100796,Personal Accident,26115.0,True
P500797,C100797,Life,0.0,False
P500798,C100798,Motor,0.0,False
P500799,C100799,Personal Accident,0.0,False
P500800,C100800,Motor,37119.0,True
P500801,C100801,Life,25594.0,True
P500802,C100802,Health,0.0,False
P500803,C100803,Life,0.0,False
P500804,C100804,Motor,0.0,False
P500805,C100805,Personal Accident,38011.0,True
P500806,C100806,Life,0.0,False
P500807,C100807,Life,0.0,False
P500808,C100808,Personal Accident,0.0,False
P500809,C100809,Motor,0.0,False
P500810,C100810,Health,31803.0,True
P500811,C100811,Life,40495.0,True
P500812,C100812,Life,0.0,False
P500813,C100813,Health,0.0,False
P500814,C100814,Personal Accident,0.0,False
P500815,C100815,Health,0.0,False
P500816,C100816,Life,37144.0,True
P500817,C100817,Motor,27821.0,True
P500818,C100818,Life,16199.0,True
P500819,C100819,Life,0.0,False
P500820,C100820,Motor,0.0,False
P500821,C100821,Motor,32650.0,True
P500822,C100822,Life,0.0,False
P500823,C100823,Motor,0.0,False
P500824,C100824,Motor,32827.0,True
P500825,C100825,Motor,0.0,False
P500826,C100826,Health,0.0,False
P500827,C100827,Life,21204.0,True
P500828,C100828,Health,0.0,False
P500829,C100829,Life,0.0,False
P500830,C100830,Health,0.0,False
P500831,C100831,Personal Accident,22706.0,True
P500832,C100832,Life,0.0,False
P500833,C100833,Personal Accident,0.0,False
P500834,C100834,Life,16808.0,True
P500835,C100835,Life,0.0,False
P500836,C100836,Health,0.0,False
P500837,C100837,Motor,0.0,False
P500838,C100838,Personal Accident,0.0,False
P500839,C100839,Personal Accident,0.0,False
P500840,C100840,Health,0.0,False
P500841,C100841,Life,0.0,False
P500842,C100842,Personal Accident,0.0,False
P500843,C100843,Personal Accident,41646.0,True
P500844,C100844,Personal Accident,0.0,False
P500845,C100845,Life,0.0,False
P500846,C100846,Personal Accident,0.0,False
P500847,C100847,Life,0.0,False
P500848,C100848,Health,0.0,False
P500849,C100849,Health,0.0,False
P500850,C100850,Health,0.0,False
P500851,C100851,Personal Accident,0.0,False
P500852,C100852,Health,0.0,False
P500853,C100853,Personal Accident,0.0,False
P500854,C100854,Life,0.0,False
P500855,C100855,Motor,0.0,False
P500856,C100856,Health,0.0,False
P500857,C100857,Motor,0.0,False
P500858,C100858,Health,12457.0,True
P500859,C100859,Health,35688.0,True
P500860,C100860,Personal Accident,0.0,False
P500861,C100861,Health,0.0,False
P500862,C100862,Health,0.0,False
P500863,C100863,Health,0.0,False
P500864,C100864,Health,0.0,False
P500865,C100865,Life,0.0,False
P500866,C100866,Life,0.0,False
P500867,C100867,Life,0.0,False
P500868,C100868,Motor,28200.0,True
P500869,C100869,Motor,0.0,False
P500870,C100870,Life,13491.0,True
P500871,C100871,Motor,27271.0,True
P500872,C100872,Health,0.0,False
P500873,C100873,Motor,33920.0,True
P500874,C100874,Life,0.0,False
P500875,C100875,Life,7040.0,True
P500876,C100876,Personal Accident,0.0,False
P500877,C100877,Personal Accident,0.0,False
P500878,C100878,Motor,0.0,False
P500879,C100879,Personal Accident,0.0,False
P500880,C100880,Personal Accident,0.0,False
P500881,C100881,Health,0.0,False
P500882,C100882,Health,0.0,False
P500883,C100883,Personal Accident,0.0,False
P500884,C100884,Health,0.0,False
P500885,C100885,Personal Accident,6094.0,True
P500886,C100886,Health,24766.0,True
P500887,C100887,Life,0.0,False
P500888,C100888,Personal Accident,33267.0,True
P500889,C100889,Personal Accident,0.0,False
P500890,C100890,Personal Accident,34811.0,True
P500891,C100891,Life,0.0,False
P500892,C100892,Personal Accident,0.0,False
P500893,C100893,Motor,0.0,False
P500894,C100894,Life,0.0,False
P500895,C100895,Personal Accident,0.0,False
P500896,C100896,Health,0.0,False
P500897,C100897,Personal Accident,0.0,False
P500898,C100898,Personal Accident,41233.0,True
P500899,C100899,Motor,0.0,False
P500900,C100900,Personal Accident,0.0,False
P500901,C100901,Health,0.0,False
P500902,C100902,Life,0.0,False
P500903,C100903,Health,0.0,False
P500904,C100904,Life,0.0,False
P500905,C100905,Life,0.0,False
P500906,C100906,Motor,0.0,False
P500907,C100907,Health,0.0,False
P500908,C100908,Life,0.0,False
P500909,C100909,Health,29193.0,True
P500910,C100910,Motor,0.0,False
P500911,C100911,Motor,19949.0,True
P500912,C100912,Motor,0.0,False
P500913,C100913,Motor,0.0,False
P500914,C100914,Life,0.0,False
P500915,C100915,Motor,7601.0,True
P500916,C100916,Personal Accident,0.0,False
P500917,C100917,Health,0.0,False
P500918,C100918,Personal Accident,0.0,False
P500919,C100919,Personal Accident,0.0,False
P500920,C100920,Health,0.0,False
P500921,C100921,Personal Accident,0.0,False
P500922,C100922,Motor,0.0,False
P500923,C100923,Health,36487.0,True
P500924,C100924,Personal Accident,22417.0,True
P500925,C100925,Health,19916.0,True
P500926,C100926,Motor,0.0,False
P500927,C100927,Health,0.0,False
P500928,C100928,Health,0.0,False
P500929,C100929,Health,0.0,False
P500930,C100930,Life,0.0,False
P500931,C100931,Motor,0.0,False
P500932,C100932,Life,0.0,False
P500933,C100933,Health,0.0,False
P500934,C100934,Health,41162.0,True
P500935,C100935,Life,23113.0,True
P500936,C100936,Personal Accident,26582.0,True
P500937,C100937,Health,12158.0,True
P500938,C100938,Motor,40463.0,True
P500939,C100939,Personal Accident,6925.0,True
P500940,C100940,Health,0.0,False
P500941,C100941,Personal Accident,0.0,False
P500942,C100942,Personal Accident,0.0,False
P500943,C100943,Health,0.0,False
P500944,C100944,Personal Accident,0.0,False
P500945,C100945,Personal Accident,0.0,False
P500946,C100946,Health,0.0,False
P500947,C100947,Motor,0.0,False
P500948,C100948,Health,0.0,False
P500949,C100949,Motor,0.0,False
P500950,C100950,Motor,16087.0,True
P500951,C100951,Life,0.0,False
P500952,C100952,Health,0.0,False
P500953,C100953,Personal Accident,0.0,False
P500954,C100954,Life,6402.0,True
P500955,C100955,Personal Accident,37986.0,True
P500956,C100956,Health,0.0,False
P500957,C100957,Life,0.0,False
P500958,C100958,Motor,33453.0,True
P500959,C100959,Health,16067.0,True
P500960,C100960,Personal Accident,29723.0,True
P500961,C100961,Motor,0.0,False
P500962,C100962,Motor,6667.0,True
P500963,C100963,Health,0.0,False
P500964,C100964,Health,0.0,False
P500965,C100965,Motor,0.0,False
P500966,C100966,Motor,0.0,False
P500967,C100967,Life,0.0,False
P500968,C100968,Health,0.0,False
P500969,C100969,Personal Accident,0.0,False
P500970,C100970,Health,23261.0,True
P500971,C100971,Health,0.0,False
P500972,C100972,Personal Accident,0.0,False
P500973,C100973,Life,0.0,False
P500974,C100974,Personal Accident,0.0,False
P500975,C100975,Health,44330.0,True
P500976,C100976,Personal Accident,9186.0,True
P500977,C100977,Health,0.0,False
P500978,C100978,Personal Accident,12184.0,True
P500979,C100979,Life,24398.0,True
P500980,C100980,Personal Accident,24283.0,True
P500981,C100981,Health,29398.0,True
P500982,C100982,Personal Accident,0.0,False
P500983,C100983,Life,32930.0,True
P500984,C100984,Personal Accident,20167.0,True
P500985,C100985,Health,0.0,False
P500986,C100986,Personal Accident,14791.0,True
P500987,C100987,Motor,0.0,False
P500988,C100988,Motor,0.0,False
P500989,C100989,Life,0.0,False
P500990,C100990,Personal Accident,4668.0,True
P500991,C100991,Life,0.0,False
P500992,C100992,Life,0.0,False
P500993,C100993,Personal Accident,0.0,False
P500994,C100994,Personal Accident,0.0,False
P500995,C100995,Health,25858.0,True
P500996,C100996,Health,17221.0,True
P500997,C100997,Motor,23984.0,True
P500998,C100998,Personal Accident,0.0,False
P500999,C100999,Personal Accident,0.0,False
P501000,C101000,Personal Accident,0.0,False
P501001,C101001,Personal Accident,0.0,False
P501002,C101002,Life,0.0,False
P501003,C101003,Personal Accident,0.0,False
P501004,C101004,Personal Accident,24357.0,True
P501005,C101005,Motor,8016.0,True
P501006,C101006,Life,14105.0,True
P501007,C101007,Personal Accident,0.0,False
P501008,C101008,Motor,0.0,False
P501009,C101009,Motor,0.0,False
P501010,C101010,Personal Accident,24282.0,True
P501011,C101011,Motor,0.0,False
P501012,C101012,Life,22410.0,True
P501013,C101013,Personal Accident,25962.0,True
P501014,C101014,Health,0.0,False
P501015,C101015,Motor,0.0,False
P501016,C101016,Health,36309.0,True
P501017,C101017,Personal Accident,0.0,False
P501018,C101018,Motor,0.0,False
P501019,C101019,Health,22782.0,True
P501020,C101020,Personal Accident,0.0,False
P501021,C101021,Health,31170.0,True
P501022,C101022,Life,19040.0,True
P501023,C101023,Motor,7971.0,True
P501024,C101024,Health,0.0,False
P501025,C101025,Life,0.0,False
P501026,C101026,Motor,27579.0,True
P501027,C101027,Motor,0.0,False
P501028,C101028,Personal Accident,0.0,False
P501029,C101029,Health,0.0,False
P501030,C101030,Health,0.0,False
P501031,C101031,Life,26695.0,True
P501032,C101032,Health,25751.0,True
P501033,C101033,Life,9603.0,True
P501034,C101034,Personal Accident,0.0,False
P501035,C101035,Personal Accident,0.0,False
P501036,C101036,Personal Accident,0.0,False
P501037,C101037,Motor,0.0,False
P501038,C101038,Life,17724.0,True
P501039,C101039,Health,0.0,False
P501040,C101040,Personal Accident,0.0,False
P501041,C101041,Motor,25955.0,True
P501042,C101042,Personal Accident,0.0,False
P501043,C101043,Health,0.0,False
P501044,C101044,Motor,0.0,False
P501045,C101045,Health,20897.0,True
P501046,C101046,Health,8053.0,True
P501047,C101047,Health,0.0,False
P501048,C101048,Motor,12109.0,True
P501049,C101049,Health,5938.0,True
P501050,C101050,Personal Accident,40940.0,True
P501051,C101051,Personal Accident,42271.0,True
P501052,C101052,Health,0.0,False
P501053,C101053,Motor,0.0,False
P501054,C101054,Health,0.0,False
P501055,C101055,Personal Accident,22469.0,True
P501056,C101056,Motor,0.0,False
P501057,C101057,Life,0.0,False
P501058,C101058,Life,26381.0,True
P501059,C101059,Life,15998.0,True
P501060,C101060,Health,0.0,False
P501061,C101061,Motor,0.0,False
P501062,C101062,Health,0.0,False
P501063,C101063,Health,0.0,False
P501064,C101064,Personal Accident,29563.0,True
P501065,C101065,Life,0.0,False
P501066,C101066,Life,0.0,False
P501067,C101067,Personal Accident,35873.0,True
P501068,C101068,Motor,0.0,False
P501069,C101069,Motor,0.0,False
P501070,C101070,Motor,6281.0,True
P501071,C101071,Health,32457.0,True
P501072,C101072,Health,0.0,False
P501073,C101073,Health,28063.0,True
P501074,C101074,Life,0.0,False
P501075,C101075,Motor,0.0,False
P501076,C101076,Personal Accident,36390.0,True
P501077,C101077,Personal Accident,0.0,False
P501078,C101078,Personal Accident,0.0,False
P501079,C101079,Motor,0.0,False
P501080,C101080,Life,11918.0,True
P501081,C101081,Personal Accident,0.0,False
P501082,C101082,Motor,0.0,False
P501083,C101083,Health,0.0,False
P501084,C101084,Motor,18803.0,True
P501085,C101085,Health,18422.0,True
P501086,C101086,Motor,0.0,False
P501087,C101087,Motor,0.0,False
P501088,C101088,Life,17897.0,True
P501089,C101089,Personal Accident,0.0,False
P501090,C101090,Health,0.0,False
P501091,C101091,Health,4620.0,True
P501092,C101092,Personal Accident,0.0,False
P501093,C101093,Motor,10523.0,True
P501094,C101094,Health,8241.0,True
P501095,C101095,Motor,33786.0,True
P501096,C101096,Health,0.0,False
P501097,C101097,Life,0.0,False
P501098,C101098,Life,27842.0,True
P501099,C101099,Life,0.0,False
P501100,C101100,Motor,0.0,False
P501101,C101101,Motor,0.0,False
P501102,C101102,Personal Accident,0.0,False
P501103,C101103,Motor,0.0,False
P501104,C101104,Health,0.0,False
P501105,C101105,Life,0.0,False
P501106,C101106,Motor,0.0,False
P501107,C101107,Life,15136.0,True
P501108,C101108,Life,0.0,False
P501109,C101109,Life,21931.0,True
P501110,C101110,Life,0.0,False
P501111,C101111,Life,33016.0,True
P501112,C101112,Life,36539.0,True
P501113,C101113,Health,0.0,False
P501114,C101114,Life,40078.0,True
P501115,C101115,Health,0.0,False
P501116,C101116,Life,0.0,False
P501117,C101117,Health,25654.0,True
P501118,C101118,Personal Accident,38705.0,True
P501119,C101119,Life,0.0,False
P501120,C101120,Personal Accident,0.0,False
P501121,C101121,Personal Accident,0.0,False
P501122,C101122,Life,0.0,False
P501123,C101123,Health,0.0,False
P501124,C101124,Life,34508.0,True
P501125,C101125,Health,0.0,False
P501126,C101126,Motor,0.0,False
P501127,C101127,Motor,0.0,False
P501128,C101128,Motor,0.0,False
P501129,C101129,Health,0.0,False
P501130,C101130,Motor,36450.0,True
P501131,C101131,Life,0.0,False
P501132,C101132,Life,26961.0,True
P501133,C101133,Personal Accident,43462.0,True
P501134,C101134,Motor,0.0,False
P501135,C101135,Personal Accident,21356.0,True
P501136,C101136,Health,11613.0,True
P501137,C101137,Personal Accident,0.0,False
P501138,C101138,Health,0.0,False
P501139,C101139,Personal Accident,0.0,False
P501140,C101140,Life,0.0,False
P501141,C101141,Motor,0.0,False
P501142,C101142,Health,24926.0,True
P501143,C101143,Health,0.0,False
P501144,C101144,Health,0.0,False
P501145,C101145,Motor,0.0,False
P501146,C101146,Personal Accident,10437.0,True
P501147,C101147,Personal Accident,0.0,False
P501148,C101148,Personal Accident,31766.0,True
P501149,C101149,Health,0.0,False
P501150,C101150,Personal Accident,44822.0,True
P501151,C101151,Motor,21089.0,True
P501152,C101152,Health,0.0,False
P501153,C101153,Health,0.0,False
P501154,C101154,Life,0.0,False
P501155,C101155,Life,0.0,False
P501156,C101156,Motor,0.0,False
P501157,C101157,Motor,44494.0,True
P501158,C101158,Personal Accident,0.0,False
P501159,C101159,Life,25438.0,True
P501160,C101160,Motor,37273.0,True
P501161,C101161,Health,40666.0,True
P501162,C101162,Personal Accident,43898.0,True
P501163,C101163,Life,0.0,False
P501164,C101164,Life,0.0,False
P501165,C101165,Motor,0.0,False
P501166,C101166,Personal Accident,0.0,False
P501167,C101167,Life,0.0,False
P501168,C101168,Health,0.0,False
P501169,C101169,Health,0.0,False
P501170,C101170,Personal Accident,0.0,False
P501171,C101171,Life,25116.0,True
P501172,C101172,Life,0.0,False
P501173,C101173,Life,0.0,False
P501174,C101174,Health,6738.0,True
P501175,C101175,Health,36181.0,True
P501176,C101176,Health,0.0,False
P501177,C101177,Life,32244.0,True
P501178,C101178,Health,0.0,False
P501179,C101179,Health,0.0,False
P501180,C101180,Motor,0.0,False
P501181,C101181,Motor,32023.0,True
P501182,C101182,Motor,0.0,False
P501183,C101183,Motor,0.0,False
P501184,C101184,Life,9711.0,True
P501185,C101185,Health,0.0,False
P501186,C101186,Motor,28207.0,True
P501187,C101187,Personal Accident,0.0,False
P501188,C101188,Personal Accident,0.0,False
P501189,C101189,Motor,0.0,False
P501190,C101190,Life,12749.0,True
P501191,C101191,Personal Accident,0.0,False
P501192,C101192,Personal Accident,30114.0,True
P501193,C101193,Health,32014.0,True
P501194,C101194,Life,32584.0,True
P501195,C101195,Health,0.0,False
P501196,C101196,Motor,23440.0,True
P501197,C101197,Personal Accident,0.0,False
P501198,C101198,Health,0.0,False
P501199,C101199,Life,0.0,False
P501200,C101200,Personal Accident,20356.0,True
P501201,C101201,Motor,35885.0,True
P501202,C101202,Life,38071.0,True
P501203,C101203,Motor,0.0,False
P501204,C101204,Life,0.0,False
P501205,C101205,Motor,0.0,False
P501206,C101206,Motor,0.0,False
P501207,C101207,Health,0.0,False
P501208,C101208,Life,0.0,False
P501209,C101209,Health,0.0,False
P501210,C101210,Life,29054.0,True
P501211,C101211,Health,0.0,False
P501212,C101212,Health,0.0,False
P501213,C101213,Life,0.0,False
P501214,C101214,Motor,5960.0,True
P501215,C101215,Personal Accident,0.0,False
P501216,C101216,Health,0.0,False
P501217,C101217,Health,0.0,False
P501218,C101218,Motor,0.0,False
P501219,C101219,Health,0.0,False
P501220,C101220,Life,0.0,False
P501221,C101221,Motor,0.0,False
P501222,C101222,Motor,33233.0,True
P501223,C101223,Personal Accident,0.0,False
P501224,C101224,Personal Accident,0.0,False
P501225,C101225,Personal Accident,0.0,False
P501226,C101226,Health,0.0,False
P501227,C101227,Motor,0.0,False
P501228,C101228,Personal Accident,15809.0,True
P501229,C101229,Life,0.0,False
P501230,C101230,Motor,0.0,False
P501231,C101231,Personal Accident,0.0,False
P501232,C101232,Motor,22241.0,True
P501233,C101233,Life,31719.0,True
P501234,C101234,Life,0.0,False
P501235,C101235,Personal Accident,28882.0,True
P501236,C101236,Health,0.0,False
P501237,C101237,Life,0.0,False
P501238,C101238,Health,0.0,False
P501239,C101239,Life,22202.0,True
P501240,C101240,Personal Accident,0.0,False
P501241,C101241,Motor,14749.0,True
P501242,C101242,Motor,0.0,False
P501243,C101243,Motor,0.0,False
P501244,C101244,Motor,8514.0,True
P501245,C101245,Health,43324.0,True
P501246,C101246,Life,6113.0,True
P501247,C101247,Health,0.0,False
P501248,C101248,Personal Accident,4731.0,True
P501249,C101249,Motor,10999.0,True
P501250,C101250,Health,0.0,False
P501251,C101251,Motor,0.0,False
P501252,C101252,Life,0.0,False
P501253,C101253,Personal Accident,0.0,False
P501254,C101254,Life,0.0,False
P501255,C101255,Life,0.0,False
P501256,C101256,Life,0.0,False
P501257,C101257,Motor,0.0,False
P501258,C101258,Personal Accident,0.0,False
P501259,C101259,Health,0.0,False
P501260,C101260,Health,0.0,False
P501261,C101261,Life,0.0,False
P501262,C101262,Health,43831.0,True
P501263,C101263,Health,44366.0,True
P501264,C101264,Motor,7128.0,True
P501265,C101265,Life,0.0,False
P501266,C101266,Motor,0.0,False
P501267,C101267,Motor,0.0,False
P501268,C101268,Motor,12341.0,True
P501269,C101269,Life,11372.0,True
P501270,C101270,Motor,10033.0,True
P501271,C101271,Motor,0.0,False
P501272,C101272,Motor,0.0,False
P501273,C101273,Personal Accident,0.0,False
P501274,C101274,Health,0.0,False
P501275,C101275,Health,29374.0,True
P501276,C101276,Life,0.0,False
P501277,C101277,Personal Accident,31834.0,True
P501278,C101278,Personal Accident,0.0,False
P501279,C101279,Personal Accident,11705.0,True
P501280,C101280,Life,0.0,False
P501281,C101281,Personal Accident,0.0,False
P501282,C101282,Personal Accident,14411.0,True
P501283,C101283,Motor,0.0,False
P501284,C101284,Life,0.0,False
P501285,C101285,Life,0.0,False
P501286,C101286,Life,43166.0,True
P501287,C101287,Motor,0.0,False
P501288,C101288,Personal Accident,0.0,False
P501289,C101289,Health,0.0,False
P501290,C101290,Health,0.0,False
P501291,C101291,Personal Accident,0.0,False
P501292,C101292,Personal Accident,0.0,False
P501293,C101293,Life,0.0,False
P501294,C101294,Health,0.0,False
P501295,C101295,Health,0.0,False
P501296,C101296,Life,0.0,False
P501297,C101297,Motor,0.0,False
P501298,C101298,Motor,14425.0,True
P501299,C101299,Health,11867.0,True
P501300,C101300,Personal Accident,0.0,False
P501301,C101301,Motor,0.0,False
P501302,C101302,Life,0.0,False
P501303,C101303,Personal Accident,27049.0,True
P501304,C101304,Life,0.0,False
P501305,C101305,Motor,0.0,False
P501306,C101306,Health,12588.0,True
P501307,C101307,Motor,0.0,False
P501308,C101308,Personal Accident,0.0,False
P501309,C101309,Personal Accident,0.0,False
P501310,C101310,Health,0.0,False
P501311,C101311,Motor,0.0,False
P501312,C101312,Health,0.0,False
P501313,C101313,Health,0.0,False
P501314,C101314,Personal Accident,13592.0,True
P501315,C101315,Personal Accident,0.0,False
P501316,C101316,Life,0.0,False
P501317,C101317,Motor,0.0,False
P501318,C101318,Life,0.0,False
P501319,C101319,Personal Accident,0.0,False
P501320,C101320,Personal Accident,0.0,False
P501321,C101321,Motor,0.0,False
P501322,C101322,Motor,0.0,False
P501323,C101323,Life,0.0,False
P501324,C101324,Motor,11020.0,True
P501325,C101325,Health,0.0,False
P501326,C101326,Health,0.0,False
P501327,C101327,Motor,0.0,False
P501328,C101328,Personal Accident,0.0,False
P501329,C101329,Life,0.0,False
P501330,C101330,Motor,0.0,False
P501331,C101331,Personal Accident,0.0,False
P501332,C101332,Personal Accident,0.0,False
P501333,C101333,Personal Accident,13344.0,True
P501334,C101334,Life,20790.0,True
P501335,C101335,Personal Accident,0.0,False
P501336,C101336,Health,0.0,False
P501337,C101337,Personal Accident,0.0,False
P501338,C101338,Life,0.0,False
P501339,C101339,Personal Accident,38298.0,True
P501340,C101340,Motor,0.0,False
P501341,C101341,Personal Accident,0.0,False
P501342,C101342,Personal Accident,0.0,False
P501343,C101343,Motor,0.0,False
P501344,C101344,Personal Accident,0.0,False
P501345,C101345,Personal Accident,0.0,False
P501346,C101346,Personal Accident,24671.0,True
P501347,C101347,Life,0.0,False
P501348,C101348,Personal Accident,0.0,False
P501349,C101349,Life,0.0,False
P501350,C101350,Life,27411.0,True
P501351,C101351,Health,0.0,False
P501352,C101352,Motor,28580.0,True
P501353,C101353,Personal Accident,40150.0,True
P501354,C101354,Health,0.0,False
P501355,C101355,Personal Accident,0.0,False
P501356,C101356,Health,44828.0,True
P501357,C101357,Motor,0.0,False
P501358,C101358,Motor,28952.0,True
P501359,C101359,Personal Accident,15949.0,True
P501360,C101360,Personal Accident,39920.0,True
P501361,C101361,Personal Accident,0.0,False
P501362,C101362,Motor,0.0,False
P501363,C101363,Personal Accident,0.0,False
P501364,C101364,Health,0.0,False
P501365,C101365,Life,16170.0,True
P501366,C101366,Life,0.0,False
P501367,C101367,Motor,0.0,False
P501368,C101368,Personal Accident,41095.0,True
P501369,C101369,Motor,0.0,False
P501370,C101370,Personal Accident,0.0,False
P501371,C101371,Personal Accident,40957.0,True
P501372,C101372,Health,39806.0,True
P501373,C101373,Life,0.0,False
P501374,C101374,Motor,0.0,False
P501375,C101375,Life,0.0,False
P501376,C101376,Life,0.0,False
P501377,C101377,Motor,17272.0,True
P501378,C101378,Personal Accident,0.0,False
P501379,C101379,Life,0.0,False
P501380,C101380,Health,0.0,False
P501381,C101381,Personal Accident,12335.0,True
P501382,C101382,Motor,35519.0,True
P501383,C101383,Motor,0.0,False
P501384,C101384,Health,36624.0,True
P501385,C101385,Personal Accident,31329.0,True
P501386,C101386,Motor,0.0,False
P501387,C101387,Life,0.0,False
P501388,C101388,Motor,0.0,False
P501389,C101389,Health,0.0,False
P501390,C101390,Health,0.0,False
P501391,C101391,Life,0.0,False
P501392,C101392,Personal Accident,28808.0,True
P501393,C101393,Personal Accident,0.0,False
P501394,C101394,Personal Accident,0.0,False
P501395,C101395,Motor,0.0,False
P501396,C101396,Life,0.0,False
P501397,C101397,Health,0.0,False
P501398,C101398,Personal Accident,0.0,False
P501399,C101399,Personal Accident,0.0,False
P501400,C101400,Motor,0.0,False
P501401,C101401,Personal Accident,0.0,False
P501402,C101402,Motor,0.0,False
P501403,C101403,Personal Accident,0.0,False
P501404,C101404,Life,13143.0,True
P501405,C101405,Personal Accident,43968.0,True
P501406,C101406,Life,32823.0,True
P501407,C101407,Health,0.0,False
P501408,C101408,Motor,0.0,False
P501409,C101409,Personal Accident,0.0,False
P501410,C101410,Life,0.0,False
P501411,C101411,Personal Accident,0.0,False
P501412,C101412,Personal Accident,17892.0,True
P501413,C101413,Health,0.0,False
P501414,C101414,Life,37996.0,True
P501415,C101415,Health,0.0,False
P501416,C101416,Life,0.0,False
P501417,C101417,Life,0.0,False
P501418,C101418,Motor,20328.0,True
P501419,C101419,Personal Accident,22666.0,True
P501420,C101420,Life,31949.0,True
P501421,C101421,Life,0.0,False
P501422,C101422,Motor,27608.0,True
P501423,C101423,Health,8118.0,True
P501424,C101424,Motor,0.0,False
P501425,C101425,Motor,0.0,False
P501426,C101426,Motor,0.0,False
P501427,C101427,Personal Accident,0.0,False
P501428,C101428,Motor,35507.0,True
P501429,C101429,Health,27734.0,True
P501430,C101430,Health,0.0,False
P501431,C101431,Health,22477.0,True
P501432,C101432,Life,0.0,False
P501433,C101433,Life,0.0,False
P501434,C101434,Health,0.0,False
P501435,C101435,Personal Accident,0.0,False
P501436,C101436,Health,0.0,False
P501437,C101437,Life,0.0,False
P501438,C101438,Life,21470.0,True
P501439,C101439,Personal Accident,0.0,False
P501440,C101440,Motor,0.0,False
P501441,C101441,Personal Accident,0.0,False
P501442,C101442,Motor,0.0,False
P501443,C101443,Life,0.0,False
P501444,C101444,Motor,0.0,False
P501445,C101445,Motor,0.0,False
P501446,C101446,Health,0.0,False
P501447,C101447,Life,11568.0,True
P501448,C101448,Personal Accident,15280.0,True
P501449,C101449,Life,0.0,False
P501450,C101450,Personal Accident,0.0,False
P501451,C101451,Personal Accident,40221.0,True
P501452,C101452,Personal Accident,0.0,False
P501453,C101453,Motor,0.0,False
P501454,C101454,Life,0.0,False
P501455,C101455,Personal Accident,11554.0,True
P501456,C101456,Life,0.0,False
P501457,C101457,Health,0.0,False
P501458,C101458,Life,30797.0,True
P501459,C101459,Motor,0.0,False
P501460,C101460,Life,7741.0,True
P501461,C101461,Health,0.0,False
P501462,C101462,Life,0.0,False
P501463,C101463,Life,35963.0,True
P501464,C101464,Life,35574.0,True
P501465,C101465,Motor,38377.0,True
P501466,C101466,Health,0.0,False
P501467,C101467,Personal Accident,0.0,False
P501468,C101468,Life,16814.0,True
P501469,C101469,Personal Accident,0.0,False
P501470,C101470,Motor,15623.0,True
P501471,C101471,Motor,0.0,False
P501472,C101472,Health,0.0,False
P501473,C101473,Health,0.0,False
P501474,C101474,Health,0.0,False
P501475,C101475,Life,0.0,False
P501476,C101476,Motor,0.0,False
P501477,C101477,Health,44893.0,True
P501478,C101478,Personal Accident,44322.0,True
P501479,C101479,Motor,0.0,False
P501480,C101480,Life,0.0,False
P501481,C101481,Motor,37305.0,True
P501482,C101482,Personal Accident,0.0,False
P501483,C101483,Motor,0.0,False
P501484,C101484,Health,0.0,False
P501485,C101485,Health,0.0,False
P501486,C101486,Personal Accident,0.0,False
P501487,C101487,Life,0.0,False
P501488,C101488,Life,0.0,False
P501489,C101489,Life,23960.0,True
P501490,C101490,Personal Accident,34647.0,True
P501491,C101491,Motor,0.0,False
P501492,C101492,Life,0.0,False
P501493,C101493,Motor,0.0,False
P501494,C101494,Motor,0.0,False
P501495,C101495,Motor,0.0,False
P501496,C101496,Health,5299.0,True
P501497,C101497,Motor,7713.0,True
P501498,C101498,Life,32336.0,True
P501499,C101499,Life,37810.0,True
P501500,C101500,Health,0.0,False
P501501,C101501,Health,0.0,False
P501502,C101502,Personal Accident,0.0,False
P501503,C101503,Personal Accident,0.0,False
P501504,C101504,Personal Accident,28977.0,True
P501505,C101505,Health,0.0,False
P501506,C101506,Health,0.0,False
P501507,C101507,Life,0.0,False
P501508,C101508,Motor,0.0,False
P501509,C101509,Motor,0.0,False
P501510,C101510,Personal Accident,0.0,False
P501511,C101511,Motor,0.0,False
P501512,C101512,Motor,44967.0,True
P501513,C101513,Health,0.0,False
P501514,C101514,Motor,0.0,False
P501515,C101515,Health,0.0,False
P501516,C101516,Motor,0.0,False
P501517,C101517,Motor,29836.0,True
P501518,C101518,Motor,14656.0,True
P501519,C101519,Personal Accident,0.0,False
P501520,C101520,Motor,21851.0,True
P501521,C101521,Life,12984.0,True
P501522,C101522,Life,0.0,False
P501523,C101523,Health,0.0,False
P501524,C101524,Personal Accident,0.0,False
P501525,C101525,Health,0.0,False
P501526,C101526,Life,0.0,False
P501527,C101527,Motor,0.0,False
P501528,C101528,Health,0.0,False
P501529,C101529,Personal Accident,33270.0,True
P501530,C101530,Personal Accident,0.0,False
P501531,C101531,Life,20872.0,True
P501532,C101532,Motor,0.0,False
P501533,C101533,Life,0.0,False
P501534,C101534,Health,0.0,False
P501535,C101535,Health,0.0,False
P501536,C101536,Health,0.0,False
P501537,C101537,Life,30142.0,True
P501538,C101538,Personal Accident,0.0,False
P501539,C101539,Motor,25305.0,True
P501540,C101540,Health,0.0,False
P501541,C101541,Health,0.0,False
P501542,C101542,Motor,0.0,False
P501543,C101543,Personal Accident,25856.0,True
P501544,C101544,Personal Accident,0.0,False
P501545,C101545,Motor,14916.0,True
P501546,C101546,Life,4892.0,True
P501547,C101547,Motor,0.0,False
P501548,C101548,Life,0.0,False
P501549,C101549,Motor,0.0,False
P501550,C101550,Health,0.0,False
P501551,C101551,Life,0.0,False
P501552,C101552,Health,0.0,False
P501553,C101553,Life,4406.0,True
P501554,C101554,Health,0.0,False
P501555,C101555,Personal Accident,0.0,False
P501556,C101556,Motor,0.0,False
P501557,C101557,Personal Accident,0.0,False
P501558,C101558,Life,0.0,False
P501559,C101559,Personal Accident,0.0,False
P501560,C101560,Personal Accident,0.0,False
P501561,C101561,Personal Accident,0.0,False
P501562,C101562,Life,0.0,False
P501563,C101563,Life,23445.0,True
P501564,C101564,Motor,12097.0,True
P501565,C101565,Personal Accident,0.0,False
P501566,C101566,Life,44350.0,True
P501567,C101567,Health,0.0,False
P501568,C101568,Motor,32108.0,True
P501569,C101569,Life,0.0,False
P501570,C101570,Health,0.0,False
P501571,C101571,Personal Accident,11552.0,True
P501572,C101572,Motor,30441.0,True
P501573,C101573,Health,11716.0,True
P501574,C101574,Life,0.0,False
P501575,C101575,Personal Accident,0.0,False
P501576,C101576,Motor,41873.0,True
P501577,C101577,Health,0.0,False
P501578,C101578,Life,0.0,False
P501579,C101579,Personal Accident,0.0,False
P501580,C101580,Life,0.0,False
P501581,C101581,Personal Accident,0.0,False
P501582,C101582,Life,0.0,False
P501583,C101583,Health,0.0,False
P501584,C101584,Personal Accident,0.0,False
P501585,C101585,Motor,0.0,False
P501586,C101586,Life,0.0,False
P501587,C101587,Personal Accident,0.0,False
P501588,C101588,Health,6672.0,True
P501589,C101589,Personal Accident,0.0,False
P501590,C101590,Personal Accident,0.0,False
P501591,C101591,Motor,4137.0,True
P501592,C101592,Motor,13697.0,True
P501593,C101593,Health,0.0,False
P501594,C101594,Health,0.0,False
P501595,C101595,Personal Accident,0.0,False
P501596,C101596,Personal Accident,0.0,False
P501597,C101597,Personal Accident,0.0,False
P501598,C101598,Health,16104.0,True
P501599,C101599,Motor,0.0,False
P501600,C101600,Motor,0.0,False
P501601,C101601,Life,0.0,False
P501602,C101602,Motor,29657.0,True
P501603,C101603,Life,0.0,False
P501604,C101604,Personal Accident,9678.0,True
P501605,C101605,Motor,0.0,False
P501606,C101606,Motor,0.0,False
P501607,C101607,Life,0.0,False
P501608,C101608,Personal Accident,12791.0,True
P501609,C101609,Motor,8355.0,True
P501610,C101610,Life,0.0,False
P501611,C101611,Motor,0.0,False
P501612,C101612,Personal Accident,0.0,False
P501613,C101613,Motor,28667.0,True
P501614,C101614,Motor,22955.0,True
P501615,C101615,Motor,0.0,False
P501616,C101616,Life,0.0,False
P501617,C101617,Health,0.0,False
P501618,C101618,Life,0.0,False
P501619,C101619,Life,5061.0,True
P501620,C101620,Health,0.0,False
P501621,C101621,Personal Accident,13259.0,True
P501622,C101622,Motor,8620.0,True
P501623,C101623,Motor,0.0,False
P501624,C101624,Health,0.0,False
P501625,C101625,Health,0.0,False
P501626,C101626,Health,0.0,False
P501627,C101627,Health,0.0,False
P501628,C101628,Motor,0.0,False
P501629,C101629,Personal Accident,0.0,False
P501630,C101630,Life,4277.0,True
P501631,C101631,Health,22102.0,True
P501632,C101632,Personal Accident,0.0,False
P501633,C101633,Health,0.0,False
P501634,C101634,Motor,0.0,False
P501635,C101635,Health,0.0,False
P501636,C101636,Health,0.0,False
P501637,C101637,Motor,0.0,False
P501638,C101638,Personal Accident,0.0,False
P501639,C101639,Health,0.0,False
P501640,C101640,Health,0.0,False
P501641,C101641,Health,26364.0,True
P501642,C101642,Personal Accident,0.0,False
P501643,C101643,Personal Accident,35569.0,True
P501644,C101644,Motor,0.0,False
P501645,C101645,Personal Accident,0.0,False
P501646,C101646,Health,0.0,False
P501647,C101647,Health,0.0,False
P501648,C101648,Life,0.0,False
P501649,C101649,Motor,0.0,False
P501650,C101650,Motor,0.0,False
P501651,C101651,Health,0.0,False
P501652,C101652,Personal Accident,22992.0,True
P501653,C101653,Motor,0.0,False
P501654,C101654,Health,0.0,False
P501655,C101655,Life,26882.0,True
P501656,C101656,Personal Accident,0.0,False
P501657,C101657,Motor,0.0,False
P501658,C101658,Motor,0.0,False
P501659,C101659,Motor,0.0,False
P501660,C101660,Life,31296.0,True
P501661,C101661,Life,0.0,False
P501662,C101662,Health,0.0,False
P501663,C101663,Motor,0.0,False
P501664,C101664,Motor,0.0,False
P501665,C101665,Personal Accident,0.0,False
P501666,C101666,Motor,0.0,False
P501667,C101667,Life,0.0,False
P501668,C101668,Life,0.0,False
P501669,C101669,Motor,0.0,False
P501670,C101670,Life,0.0,False
P501671,C101671,Life,0.0,False
P501672,C101672,Health,0.0,False
P501673,C101673,Motor,0.0,False
P501674,C101674,Personal Accident,0.0,False
P501675,C101675,Motor,0.0,False
P501676,C101676,Personal Accident,0.0,False
P501677,C101677,Health,0.0,False
P501678,C101678,Health,0.0,False
P501679,C101679,Motor,0.0,False
P501680,C101680,Motor,0.0,False
P501681,C101681,Health,23377.0,True
P501682,C101682,Life,0.0,False
P501683,C101683,Motor,0.0,False
P501684,C101684,Personal Accident,0.0,False
P501685,C101685,Health,0.0,False
P501686,C101686,Life,0.0,False
P501687,C101687,Life,0.0,False
P501688,C101688,Motor,0.0,False
P501689,C101689,Personal Accident,32456.0,True
P501690,C101690,Personal Accident,28200.0,True
P501691,C101691,Life,0.0,False
P501692,C101692,Personal Accident,0.0,False
P501693,C101693,Health,0.0,False
P501694,C101694,Motor,0.0,False
P501695,C101695,Health,27348.0,True
P501696,C101696,Motor,0.0,False
P501697,C101697,Personal Accident,0.0,False
P501698,C101698,Health,34098.0,True
P501699,C101699,Life,0.0,False
P501700,C101700,Health,5235.0,True
P501701,C101701,Health,0.0,False
P501702,C101702,Life,0.0,False
P501703,C101703,Life,31769.0,True
P501704,C101704,Personal Accident,0.0,False
P501705,C101705,Life,26671.0,True
P501706,C101706,Health,0.0,False
P501707,C101707,Health,0.0,False
P501708,C101708,Motor,0.0,False
P501709,C101709,Life,0.0,False
P501710,C101710,Motor,0.0,False
P501711,C101711,Health,0.0,False
P501712,C101712,Life,9075.0,True
P501713,C101713,Life,0.0,False
P501714,C101714,Motor,0.0,False
P501715,C101715,Health,0.0,False
P501716,C101716,Personal Accident,30322.0,True
P501717,C101717,Personal Accident,0.0,False
P501718,C101718,Life,0.0,False
P501719,C101719,Life,0.0,False
P501720,C101720,Motor,5043.0,True
P501721,C101721,Motor,0.0,False
P501722,C101722,Life,0.0,False
P501723,C101723,Life,15662.0,True
P501724,C101724,Motor,28778.0,True
P501725,C101725,Life,36361.0,True
P501726,C101726,Health,39180.0,True
P501727,C101727,Motor,0.0,False
P501728,C101728,Health,0.0,False
P501729,C101729,Motor,0.0,False
P501730,C101730,Life,0.0,False
P501731,C101731,Life,0.0,False
P501732,C101732,Health,17481.0,True
P501733,C101733,Motor,0.0,False
P501734,C101734,Life,14495.0,True
P501735,C101735,Health,0.0,False
P501736,C101736,Life,0.0,False
P501737,C101737,Health,0.0,False
P501738,C101738,Life,0.0,False
P501739,C101739,Motor,0.0,False
P501740,C101740,Health,0.0,False
P501741,C101741,Health,6378.0,True
P501742,C101742,Personal Accident,0.0,False
P501743,C101743,Motor,0.0,False
P501744,C101744,Motor,0.0,False
P501745,C101745,Health,42865.0,True
P501746,C101746,Personal Accident,0.0,False
P501747,C101747,Personal Accident,9967.0,True
P501748,C101748,Motor,0.0,False
P501749,C101749,Life,0.0,False
P501750,C101750,Health,0.0,False
P501751,C101751,Motor,0.0,False
P501752,C101752,Health,22840.0,True
P501753,C101753,Personal Accident,17406.0,True
P501754,C101754,Personal Accident,0.0,False
P501755,C101755,Health,0.0,False
P501756,C101756,Life,0.0,False
P501757,C101757,Health,32212.0,True
P501758,C101758,Personal Accident,0.0,False
P501759,C101759,Health,0.0,False
P501760,C101760,Personal Accident,0.0,False
P501761,C101761,Life,20712.0,True
P501762,C101762,Life,15625.0,True
P501763,C101763,Life,0.0,False
P501764,C101764,Health,0.0,False
P501765,C101765,Personal Accident,0.0,False
P501766,C101766,Life,0.0,False
P501767,C101767,Personal Accident,0.0,False
P501768,C101768,Life,0.0,False
P501769,C101769,Personal Accident,0.0,False
P501770,C101770,Health,0.0,False
P501771,C101771,Personal Accident,0.0,False
P501772,C101772,Health,0.0,False
P501773,C101773,Health,0.0,False
P501774,C101774,Personal Accident,0.0,False
P501775,C101775,Life,0.0,False
P501776,C101776,Personal Accident,0.0,False
P501777,C101777,Life,0.0,False
P501778,C101778,Personal Accident,0.0,False
P501779,C101779,Health,0.0,False
P501780,C101780,Motor,0.0,False
P501781,C101781,Personal Accident,0.0,False
P501782,C101782,Personal Accident,0.0,False
P501783,C101783,Motor,0.0,False
P501784,C101784,Personal Accident,7212.0,True
P501785,C101785,Personal Accident,0.0,False
P501786,C101786,Motor,0.0,False
P501787,C101787,Health,0.0,False
P501788,C101788,Health,0.0,False
P501789,C101789,Life,30196.0,True
P501790,C101790,Personal Accident,0.0,False
P501791,C101791,Health,0.0,False
P501792,C101792,Personal Accident,0.0,False
P501793,C101793,Life,0.0,False
P501794,C101794,Personal Accident,0.0,False
P501795,C101795,Health,0.0,False
P501796,C101796,Health,6171.0,True
P501797,C101797,Life,0.0,False
P501798,C101798,Life,0.0,False
P501799,C101799,Personal Accident,0.0,False
P501800,C101800,Motor,0.0,False
P501801,C101801,Personal Accident,20103.0,True
P501802,C101802,Health,0.0,False
P501803,C101803,Personal Accident,0.0,False
P501804,C101804,Personal Accident,0.0,False
P501805,C101805,Motor,34186.0,True
P501806,C101806,Life,15827.0,True
P501807,C101807,Personal Accident,0.0,False
P501808,C101808,Life,0.0,False
P501809,C101809,Health,0.0,False
P501810,C101810,Life,32857.0,True
P501811,C101811,Motor,0.0,False
P501812,C101812,Personal Accident,0.0,False
P501813,C101813,Motor,0.0,False
P501814,C101814,Personal Accident,0.0,False
P501815,C101815,Life,0.0,False
P501816,C101816,Health,0.0,False
P501817,C101817,Personal Accident,0.0,False
P501818,C101818,Life,0.0,False
P501819,C101819,Motor,0.0,False
P501820,C101820,Life,0.0,False
P501821,C101821,Motor,28427.0,True
P501822,C101822,Life,0.0,False
P501823,C101823,Health,36485.0,True
P501824,C101824,Health,0.0,False
P501825,C101825,Health,33892.0,True
P501826,C101826,Personal Accident,0.0,False
P501827,C101827,Life,0.0,False
P501828,C101828,Motor,0.0,False
P501829,C101829,Personal Accident,32447.0,True
P501830,C101830,Personal Accident,0.0,False
P501831,C101831,Life,6353.0,True
P501832,C101832,Health,0.0,False
P501833,C101833,Health,0.0,False
P501834,C101834,Health,0.0,False
P501835,C101835,Personal Accident,0.0,False
P501836,C101836,Life,24869.0,True
P501837,C101837,Life,0.0,False
P501838,C101838,Health,0.0,False
P501839,C101839,Personal Accident,0.0,False
P501840,C101840,Life,0.0,False
P501841,C101841,Life,0.0,False
P501842,C101842,Personal Accident,0.0,False
P501843,C101843,Life,0.0,False
P501844,C101844,Personal Accident,0.0,False
P501845,C101845,Life,0.0,False
P501846,C101846,Health,0.0,False
P501847,C101847,Personal Accident,6175.0,True
P501848,C101848,Health,0.0,False
P501849,C101849,Personal Accident,0.0,False
P501850,C101850,Life,0.0,False
P501851,C101851,Personal Accident,0.0,False
P501852,C101852,Health,0.0,False
P501853,C101853,Health,0.0,False
P501854,C101854,Motor,30220.0,True
P501855,C101855,Life,17466.0,True
P501856,C101856,Life,0.0,False
P501857,C101857,Health,16070.0,True
P501858,C101858,Personal Accident,36740.0,True
P501859,C101859,Motor,0.0,False
P501860,C101860,Motor,0.0,False
P501861,C101861,Health,0.0,False
P501862,C101862,Personal Accident,0.0,False
P501863,C101863,Personal Accident,41744.0,True
P501864,C101864,Motor,0.0,False
P501865,C101865,Health,0.0,False
P501866,C101866,Health,0.0,False
P501867,C101867,Health,9466.0,True
P501868,C101868,Motor,0.0,False
P501869,C101869,Life,20286.0,True
P501870,C101870,Health,0.0,False
P501871,C101871,Personal Accident,16675.0,True
P501872,C101872,Motor,0.0,False
P501873,C101873,Life,0.0,False
P501874,C101874,Personal Accident,0.0,False
P501875,C101875,Life,0.0,False
P501876,C101876,Health,0.0,False
P501877,C101877,Personal Accident,0.0,False
P501878,C101878,Motor,0.0,False
P501879,C101879,Motor,0.0,False
P501880,C101880,Life,0.0,False
P501881,C101881,Life,0.0,False
P501882,C101882,Personal Accident,22158.0,True
P501883,C101883,Life,0.0,False
P501884,C101884,Motor,0.0,False
P501885,C101885,Health,0.0,False
P501886,C101886,Health,0.0,False
P501887,C101887,Personal Accident,15062.0,True
P501888,C101888,Health,44075.0,True
P501889,C101889,Health,0.0,False
P501890,C101890,Life,0.0,False
P501891,C101891,Health,6248.0,True
P501892,C101892,Life,0.0,False
P501893,C101893,Personal Accident,0.0,False
P501894,C101894,Life,0.0,False
P501895,C101895,Health,0.0,False
P501896,C101896,Health,36411.0,True
P501897,C101897,Life,0.0,False
P501898,C101898,Health,27774.0,True
P501899,C101899,Life,0.0,False
P501900,C101900,Motor,0.0,False
P501901,C101901,Personal Accident,20532.0,True
P501902,C101902,Health,0.0,False
P501903,C101903,Health,0.0,False
P501904,C101904,Life,0.0,False
P501905,C101905,Life,12700.0,True
P501906,C101906,Health,0.0,False
P501907,C101907,Health,0.0,False
P501908,C101908,Personal Accident,18725.0,True
P501909,C101909,Life,0.0,False
P501910,C101910,Health,0.0,False
P501911,C101911,Personal Accident,0.0,False
P501912,C101912,Health,0.0,False
P501913,C101913,Personal Accident,0.0,False
P501914,C101914,Health,0.0,False
P501915,C101915,Motor,0.0,False
P501916,C101916,Life,0.0,False
P501917,C101917,Health,10411.0,True
P501918,C101918,Motor,0.0,False
P501919,C101919,Life,34849.0,True
P501920,C101920,Motor,0.0,False
P501921,C101921,Personal Accident,0.0,False
P501922,C101922,Motor,0.0,False
P501923,C101923,Health,38872.0,True
P501924,C101924,Life,29577.0,True
P501925,C101925,Life,8437.0,True
P501926,C101926,Personal Accident,0.0,False
P501927,C101927,Health,0.0,False
P501928,C101928,Health,0.0,False
P501929,C101929,Health,0.0,False
P501930,C101930,Personal Accident,0.0,False
P501931,C101931,Personal Accident,0.0,False
P501932,C101932,Motor,0.0,False
P501933,C101933,Life,39213.0,True
P501934,C101934,Personal Accident,0.0,False
P501935,C101935,Health,36535.0,True
P501936,C101936,Life,17294.0,True
P501937,C101937,Motor,0.0,False
P501938,C101938,Life,39215.0,True
P501939,C101939,Motor,0.0,False
P501940,C101940,Motor,0.0,False
P501941,C101941,Motor,0.0,False
P501942,C101942,Motor,23891.0,True
P501943,C101943,Motor,39058.0,True
P501944,C101944,Motor,0.0,False
P501945,C101945,Motor,0.0,False
P501946,C101946,Motor,0.0,False
P501947,C101947,Life,0.0,False
P501948,C101948,Motor,7765.0,True
P501949,C101949,Life,0.0,False
P501950,C101950,Life,0.0,False
P501951,C101951,Personal Accident,0.0,False
P501952,C101952,Health,6455.0,True
P501953,C101953,Personal Accident,4010.0,True
P501954,C101954,Health,0.0,False
P501955,C101955,Health,0.0,False
P501956,C101956,Personal Accident,0.0,False
P501957,C101957,Motor,0.0,False
P501958,C101958,Health,0.0,False
P501959,C101959,Personal Accident,0.0,False
P501960,C101960,Motor,0.0,False
P501961,C101961,Health,0.0,False
P501962,C101962,Motor,0.0,False
P501963,C101963,Motor,0.0,False
P501964,C101964,Motor,0.0,False
P501965,C101965,Personal Accident,0.0,False
P501966,C101966,Life,0.0,False
P501967,C101967,Life,0.0,False
P501968,C101968,Personal Accident,0.0,False
P501969,C101969,Personal Accident,32685.0,True
P501970,C101970,Life,0.0,False
P501971,C101971,Motor,0.0,False
P501972,C101972,Life,0.0,False
P501973,C101973,Health,0.0,False
P501974,C101974,Life,0.0,False
P501975,C101975,Personal Accident,22962.0,True
P501976,C101976,Health,0.0,False
P501977,C101977,Personal Accident,21364.0,True
P501978,C101978,Personal Accident,0.0,False
P501979,C101979,Personal Accident,0.0,False
P501980,C101980,Life,0.0,False
P501981,C101981,Motor,10100.0,True
P501982,C101982,Health,37593.0,True
P501983,C101983,Motor,0.0,False
P501984,C101984,Personal Accident,0.0,False
P501985,C101985,Health,0.0,False
P501986,C101986,Health,0.0,False
P501987,C101987,Motor,0.0,False
P501988,C101988,Life,31371.0,True
P501989,C101989,Motor,28091.0,True
P501990,C101990,Motor,0.0,False
P501991,C101991,Life,0.0,False
P501992,C101992,Life,9527.0,True
P501993,C101993,Motor,0.0,False
P501994,C101994,Personal Accident,0.0,False
P501995,C101995,Personal Accident,9724.0,True
P501996,C101996,Health,41600.0,True
P501997,C101997,Life,42560.0,True
P501998,C101998,Life,0.0,False
P501999,C101999,Motor,10476.0,True
P502000,C102000,Motor,0.0,False
P502001,C102001,Life,0.0,False
P502002,C102002,Motor,0.0,False
P502003,C102003,Personal Accident,0.0,False
P502004,C102004,Motor,0.0,False
P502005,C102005,Health,0.0,False
P502006,C102006,Personal Accident,21068.0,True
P502007,C102007,Health,0.0,False
P502008,C102008,Motor,20527.0,True
P502009,C102009,Motor,0.0,False
P502010,C102010,Health,10456.0,True
P502011,C102011,Life,35526.0,True
P502012,C102012,Health,0.0,False
P502013,C102013,Life,0.0,False
P502014,C102014,Personal Accident,6715.0,True
P502015,C102015,Life,0.0,False
P502016,C102016,Health,0.0,False
P502017,C102017,Personal Accident,14316.0,True
P502018,C102018,Life,0.0,False
P502019,C102019,Life,0.0,False
P502020,C102020,Health,0.0,False
P502021,C102021,Motor,0.0,False
P502022,C102022,Life,23019.0,True
P502023,C102023,Health,23667.0,True
P502024,C102024,Personal Accident,0.0,False
P502025,C102025,Personal Accident,0.0,False
P502026,C102026,Health,0.0,False
P502027,C102027,Life,0.0,False
P502028,C102028,Personal Accident,0.0,False
P502029,C102029,Personal Accident,0.0,False
P502030,C102030,Health,0.0,False
P502031,C102031,Personal Accident,0.0,False
P502032,C102032,Motor,22523.0,True
P502033,C102033,Personal Accident,0.0,False
P502034,C102034,Life,31089.0,True
P502035,C102035,Life,0.0,False
P502036,C102036,Motor,0.0,False
P502037,C102037,Health,0.0,False
P502038,C102038,Motor,40445.0,True
P502039,C102039,Motor,26122.0,True
P502040,C102040,Motor,23464.0,True
P502041,C102041,Life,0.0,False
P502042,C102042,Health,0.0,False
P502043,C102043,Life,5338.0,True
P502044,C102044,Life,0.0,False
P502045,C102045,Health,30919.0,True
P502046,C102046,Health,0.0,False
P502047,C102047,Health,0.0,False
P502048,C102048,Personal Accident,0.0,False
P502049,C102049,Health,0.0,False
P502050,C102050,Personal Accident,39646.0,True
P502051,C102051,Health,0.0,False
P502052,C102052,Life,0.0,False
P502053,C102053,Health,0.0,False
P502054,C102054,Motor,21243.0,True
P502055,C102055,Personal Accident,0.0,False
P502056,C102056,Health,25536.0,True
P502057,C102057,Motor,0.0,False
P502058,C102058,Health,0.0,False
P502059,C102059,Life,0.0,False
P502060,C102060,Motor,32375.0,True
P502061,C102061,Health,0.0,False
P502062,C102062,Health,0.0,False
P502063,C102063,Life,29899.0,True
P502064,C102064,Motor,0.0,False
P502065,C102065,Life,0.0,False
P502066,C102066,Health,0.0,False
P502067,C102067,Motor,0.0,False
P502068,C102068,Motor,0.0,False
P502069,C102069,Personal Accident,0.0,False
P502070,C102070,Life,0.0,False
P502071,C102071,Health,0.0,False
P502072,C102072,Life,30009.0,True
P502073,C102073,Personal Accident,0.0,False
P502074,C102074,Motor,0.0,False
P502075,C102075,Motor,43864.0,True
P502076,C102076,Motor,0.0,False
P502077,C102077,Motor,0.0,False
P502078,C102078,Personal Accident,19317.0,True
P502079,C102079,Life,0.0,False
P502080,C102080,Health,0.0,False
P502081,C102081,Personal Accident,29849.0,True
P502082,C102082,Life,0.0,False
P502083,C102083,Motor,0.0,False
P502084,C102084,Health,0.0,False
P502085,C102085,Health,11062.0,True
P502086,C102086,Motor,0.0,False
P502087,C102087,Health,15807.0,True
P502088,C102088,Health,0.0,False
P502089,C102089,Life,0.0,False
P502090,C102090,Health,0.0,False
P502091,C102091,Life,29191.0,True
P502092,C102092,Health,0.0,False
P502093,C102093,Personal Accident,0.0,False
P502094,C102094,Life,0.0,False
P502095,C102095,Motor,0.0,False
P502096,C102096,Life,0.0,False
P502097,C102097,Life,27758.0,True
P502098,C102098,Health,13110.0,True
P502099,C102099,Motor,0.0,False
P502100,C102100,Personal Accident,0.0,False
P502101,C102101,Health,0.0,False
P502102,C102102,Motor,0.0,False
P502103,C102103,Health,5224.0,True
P502104,C102104,Motor,0.0,False
P502105,C102105,Personal Accident,0.0,False
P502106,C102106,Motor,0.0,False
P502107,C102107,Life,0.0,False
P502108,C102108,Motor,0.0,False
P502109,C102109,Personal Accident,0.0,False
P502110,C102110,Life,0.0,False
P502111,C102111,Personal Accident,21775.0,True
P502112,C102112,Motor,17265.0,True
P502113,C102113,Health,0.0,False
P502114,C102114,Life,0.0,False
P502115,C102115,Life,0.0,False
P502116,C102116,Motor,0.0,False
P502117,C102117,Motor,0.0,False
P502118,C102118,Life,0.0,False
P502119,C102119,Health,7563.0,True
P502120,C102120,Personal Accident,0.0,False
P502121,C102121,Life,14734.0,True
P502122,C102122,Health,21885.0,True
P502123,C102123,Life,0.0,False
P502124,C102124,Motor,0.0,False
P502125,C102125,Personal Accident,0.0,False
P502126,C102126,Motor,24478.0,True
P502127,C102127,Motor,6327.0,True
P502128,C102128,Motor,29627.0,True
P502129,C102129,Motor,0.0,False
P502130,C102130,Life,35006.0,True
P502131,C102131,Life,0.0,False
P502132,C102132,Health,28335.0,True
P502133,C102133,Life,34317.0,True
P502134,C102134,Health,24634.0,True
P502135,C102135,Life,0.0,False
P502136,C102136,Life,0.0,False
P502137,C102137,Health,7558.0,True
P502138,C102138,Life,0.0,False
P502139,C102139,Motor,11941.0,True
P502140,C102140,Life,8751.0,True
P502141,C102141,Motor,24262.0,True
P502142,C102142,Motor,0.0,False
P502143,C102143,Health,0.0,False
P502144,C102144,Personal Accident,0.0,False
P502145,C102145,Personal Accident,23633.0,True
P502146,C102146,Life,0.0,False
P502147,C102147,Personal Accident,0.0,False
P502148,C102148,Health,0.0,False
P502149,C102149,Personal Accident,40320.0,True
P502150,C102150,Personal Accident,0.0,False
P502151,C102151,Motor,26265.0,True
P502152,C102152,Motor,0.0,False
P502153,C102153,Motor,0.0,False
P502154,C102154,Personal Accident,0.0,False
P502155,C102155,Motor,11415.0,True
P502156,C102156,Personal Accident,0.0,False
P502157,C102157,Health,14043.0,True
P502158,C102158,Motor,0.0,False
P502159,C102159,Personal Accident,0.0,False
P502160,C102160,Motor,0.0,False
P502161,C102161,Motor,0.0,False
P502162,C102162,Health,0.0,False
P502163,C102163,Life,0.0,False
P502164,C102164,Motor,0.0,False
P502165,C102165,Life,0.0,False
P502166,C102166,Life,5129.0,True
P502167,C102167,Life,0.0,False
P502168,C102168,Personal Accident,0.0,False
P502169,C102169,Personal Accident,7166.0,True
P502170,C102170,Personal Accident,20194.0,True
P502171,C102171,Health,0.0,False
P502172,C102172,Life,0.0,False
P502173,C102173,Life,0.0,False
P502174,C102174,Life,0.0,False
P502175,C102175,Life,0.0,False
P502176,C102176,Motor,0.0,False
P502177,C102177,Personal Accident,0.0,False
P502178,C102178,Personal Accident,0.0,False
P502179,C102179,Health,0.0,False
P502180,C102180,Personal Accident,19367.0,True
P502181,C102181,Health,10971.0,True
P502182,C102182,Life,0.0,False
P502183,C102183,Personal Accident,0.0,False
P502184,C102184,Personal Accident,0.0,False
P502185,C102185,Motor,0.0,False
P502186,C102186,Personal Accident,0.0,False
P502187,C102187,Health,0.0,False
P502188,C102188,Health,0.0,False
P502189,C102189,Motor,0.0,False
P502190,C102190,Health,17409.0,True
P502191,C102191,Personal Accident,30028.0,True
P502192,C102192,Personal Accident,0.0,False
P502193,C102193,Personal Accident,0.0,False
P502194,C102194,Health,0.0,False
P502195,C102195,Motor,0.0,False
P502196,C102196,Health,15553.0,True
P502197,C102197,Life,0.0,False
P502198,C102198,Health,0.0,False
P502199,C102199,Personal Accident,0.0,False
P502200,C102200,Life,0.0,False
P502201,C102201,Motor,0.0,False
P502202,C102202,Health,0.0,False
P502203,C102203,Health,0.0,False
P502204,C102204,Personal Accident,4879.0,True
P502205,C102205,Motor,0.0,False
P502206,C102206,Personal Accident,0.0,False
P502207,C102207,Personal Accident,24589.0,True
P502208,C102208,Health,0.0,False
P502209,C102209,Health,0.0,False
P502210,C102210,Personal Accident,0.0,False
P502211,C102211,Life,31481.0,True
P502212,C102212,Motor,0.0,False
P502213,C102213,Life,34022.0,True
P502214,C102214,Personal Accident,0.0,False
P502215,C102215,Motor,37563.0,True
P502216,C102216,Personal Accident,0.0,False
P502217,C102217,Motor,17664.0,True
P502218,C102218,Motor,0.0,False
P502219,C102219,Motor,0.0,False
P502220,C102220,Health,28858.0,True
P502221,C102221,Personal Accident,0.0,False
P502222,C102222,Life,0.0,False
P502223,C102223,Health,17521.0,True
P502224,C102224,Personal Accident,0.0,False
P502225,C102225,Motor,14897.0,True
P502226,C102226,Health,0.0,False
P502227,C102227,Life,0.0,False
P502228,C102228,Life,0.0,False
P502229,C102229,Life,0.0,False
P502230,C102230,Life,0.0,False
P502231,C102231,Health,0.0,False
P502232,C102232,Personal Accident,6755.0,True
P502233,C102233,Personal Accident,0.0,False
P502234,C102234,Motor,0.0,False
P502235,C102235,Motor,0.0,False
P502236,C102236,Life,0.0,False
P502237,C102237,Motor,0.0,False
P502238,C102238,Personal Accident,0.0,False
P502239,C102239,Motor,0.0,False
P502240,C102240,Health,21242.0,True
P502241,C102241,Health,0.0,False
P502242,C102242,Life,0.0,False
P502243,C102243,Life,0.0,False
P502244,C102244,Health,13755.0,True
P502245,C102245,Life,38254.0,True
P502246,C102246,Motor,0.0,False
P502247,C102247,Motor,0.0,False
P502248,C102248,Motor,0.0,False
P502249,C102249,Motor,0.0,False
P502250,C102250,Health,0.0,False
P502251,C102251,Life,11667.0,True
P502252,C102252,Health,17340.0,True
P502253,C102253,Life,0.0,False
P502254,C102254,Health,9713.0,True
P502255,C102255,Life,0.0,False
P502256,C102256,Life,0.0,False
P502257,C102257,Personal Accident,0.0,False
P502258,C102258,Life,0.0,False
P502259,C102259,Life,0.0,False
P502260,C102260,Personal Accident,0.0,False
P502261,C102261,Health,0.0,False
P502262,C102262,Personal Accident,0.0,False
P502263,C102263,Health,21069.0,True
P502264,C102264,Personal Accident,0.0,False
P502265,C102265,Motor,0.0,False
P502266,C102266,Life,0.0,False
P502267,C102267,Motor,0.0,False
P502268,C102268,Motor,0.0,False
P502269,C102269,Health,20103.0,True
P502270,C102270,Life,0.0,False
P502271,C102271,Life,0.0,False
P502272,C102272,Health,28451.0,True
P502273,C102273,Health,0.0,False
P502274,C102274,Life,0.0,False
P502275,C102275,Health,0.0,False
P502276,C102276,Health,0.0,False
P502277,C102277,Motor,0.0,False
P502278,C102278,Health,0.0,False
P502279,C102279,Health,0.0,False
P502280,C102280,Health,41584.0,True
P502281,C102281,Personal Accident,0.0,False
P502282,C102282,Health,0.0,False
P502283,C102283,Personal Accident,0.0,False
P502284,C102284,Personal Accident,27294.0,True
P502285,C102285,Health,0.0,False
P502286,C102286,Health,0.0,False
P502287,C102287,Health,39817.0,True
P502288,C102288,Health,0.0,False
P502289,C102289,Personal Accident,36135.0,True
P502290,C102290,Motor,22000.0,True
P502291,C102291,Personal Accident,0.0,False
P502292,C102292,Health,0.0,False
P502293,C102293,Health,0.0,False
P502294,C102294,Personal Accident,0.0,False
P502295,C102295,Life,13395.0,True
P502296,C102296,Health,0.0,False
P502297,C102297,Life,35222.0,True
P502298,C102298,Personal Accident,17092.0,True
P502299,C102299,Health,0.0,False
P502300,C102300,Personal Accident,0.0,False
P502301,C102301,Motor,0.0,False
P502302,C102302,Personal Accident,24966.0,True
P502303,C102303,Personal Accident,7229.0,True
P502304,C102304,Motor,20279.0,True
P502305,C102305,Motor,0.0,False
P502306,C102306,Life,0.0,False
P502307,C102307,Personal Accident,0.0,False
P502308,C102308,Life,42663.0,True
P502309,C102309,Life,0.0,False
P502310,C102310,Life,0.0,False
P502311,C102311,Life,0.0,False
P502312,C102312,Motor,43154.0,True
P502313,C102313,Health,0.0,False
P502314,C102314,Life,6122.0,True
P502315,C102315,Life,0.0,False
P502316,C102316,Motor,0.0,False
P502317,C102317,Personal Accident,0.0,False
P502318,C102318,Motor,31927.0,True
P502319,C102319,Health,0.0,False
P502320,C102320,Life,0.0,False
P502321,C102321,Life,0.0,False
P502322,C102322,Motor,0.0,False
P502323,C102323,Health,19207.0,True
P502324,C102324,Motor,0.0,False
P502325,C102325,Personal Accident,0.0,False
P502326,C102326,Personal Accident,20050.0,True
P502327,C102327,Health,0.0,False
P502328,C102328,Health,27048.0,True
P502329,C102329,Motor,29200.0,True
P502330,C102330,Motor,0.0,False
P502331,C102331,Personal Accident,0.0,False
P502332,C102332,Motor,0.0,False
P502333,C102333,Life,0.0,False
P502334,C102334,Personal Accident,41310.0,True
P502335,C102335,Motor,0.0,False
P502336,C102336,Life,0.0,False
P502337,C102337,Personal Accident,41545.0,True
P502338,C102338,Motor,0.0,False
P502339,C102339,Health,0.0,False
P502340,C102340,Personal Accident,0.0,False
P502341,C102341,Motor,0.0,False
P502342,C102342,Health,11254.0,True
P502343,C102343,Motor,0.0,False
P502344,C102344,Life,0.0,False
P502345,C102345,Motor,30808.0,True
P502346,C102346,Motor,0.0,False
P502347,C102347,Life,0.0,False
P502348,C102348,Motor,0.0,False
P502349,C102349,Health,31440.0,True
P502350,C102350,Motor,0.0,False
P502351,C102351,Motor,0.0,False
P502352,C102352,Personal Accident,30339.0,True
P502353,C102353,Health,0.0,False
P502354,C102354,Life,18834.0,True
P502355,C102355,Health,0.0,False
P502356,C102356,Life,25022.0,True
P502357,C102357,Personal Accident,0.0,False
P502358,C102358,Health,0.0,False
P502359,C102359,Health,0.0,False
P502360,C102360,Motor,0.0,False
P502361,C102361,Personal Accident,0.0,False
P502362,C102362,Health,26765.0,True
P502363,C102363,Life,0.0,False
P502364,C102364,Health,43917.0,True
P502365,C102365,Motor,0.0,False
P502366,C102366,Motor,40928.0,True
P502367,C102367,Life,0.0,False
P502368,C102368,Motor,30250.0,True
P502369,C102369,Motor,0.0,False
P502370,C102370,Health,0.0,False
P502371,C102371,Personal Accident,0.0,False
P502372,C102372,Health,0.0,False
P502373,C102373,Life,14813.0,True
P502374,C102374,Life,0.0,False
P502375,C102375,Health,0.0,False
P502376,C102376,Motor,0.0,False
P502377,C102377,Life,4989.0,True
P502378,C102378,Personal Accident,0.0,False
P502379,C102379,Health,9224.0,True
P502380,C102380,Motor,0.0,False
P502381,C102381,Personal Accident,16486.0,True
P502382,C102382,Life,0.0,False
P502383,C102383,Personal Accident,0.0,False
P502384,C102384,Health,0.0,False
P502385,C102385,Health,44085.0,True
P502386,C102386,Motor,0.0,False
P502387,C102387,Life,0.0,False
P502388,C102388,Personal Accident,0.0,False
P502389,C102389,Health,0.0,False
P502390,C102390,Health,0.0,False
P502391,C102391,Motor,0.0,False
P502392,C102392,Personal Accident,4275.0,True
P502393,C102393,Personal Accident,0.0,False
P502394,C102394,Personal Accident,0.0,False
P502395,C102395,Life,16887.0,True
P502396,C102396,Personal Accident,0.0,False
P502397,C102397,Life,0.0,False
P502398,C102398,Life,0.0,False
P502399,C102399,Motor,0.0,False
P502400,C102400,Health,41241.0,True
P502401,C102401,Personal Accident,0.0,False
P502402,C102402,Life,0.0,False
P502403,C102403,Health,39129.0,True
P502404,C102404,Personal Accident,0.0,False
P502405,C102405,Health,0.0,False
P502406,C102406,Health,0.0,False
P502407,C102407,Motor,10925.0,True
P502408,C102408,Health,0.0,False
P502409,C102409,Life,0.0,False
P502410,C102410,Health,0.0,False
P502411,C102411,Personal Accident,18568.0,True
P502412,C102412,Health,0.0,False
P502413,C102413,Health,0.0,False
P502414,C102414,Health,0.0,False
P502415,C102415,Health,0.0,False
P502416,C102416,Health,0.0,False
P502417,C102417,Motor,0.0,False
P502418,C102418,Motor,0.0,False
P502419,C102419,Life,6632.0,True
P502420,C102420,Life,0.0,False
P502421,C102421,Motor,0.0,False
P502422,C102422,Personal Accident,0.0,False
P502423,C102423,Health,0.0,False
P502424,C102424,Health,0.0,False
P502425,C102425,Personal Accident,36732.0,True
P502426,C102426,Health,0.0,False
P502427,C102427,Health,0.0,False
P502428,C102428,Personal Accident,26047.0,True
P502429,C102429,Health,0.0,False
P502430,C102430,Health,0.0,False
P502431,C102431,Personal Accident,11766.0,True
P502432,C102432,Health,0.0,False
P502433,C102433,Motor,0.0,False
P502434,C102434,Life,0.0,False
P502435,C102435,Personal Accident,0.0,False
P502436,C102436,Motor,40052.0,True
P502437,C102437,Health,17178.0,True
P502438,C102438,Health,0.0,False
P502439,C102439,Health,0.0,False
P502440,C102440,Life,10033.0,True
P502441,C102441,Motor,0.0,False
P502442,C102442,Personal Accident,0.0,False
P502443,C102443,Life,0.0,False
P502444,C102444,Personal Accident,7904.0,True
P502445,C102445,Motor,0.0,False
P502446,C102446,Life,0.0,False
P502447,C102447,Health,0.0,False
P502448,C102448,Health,0.0,False
P502449,C102449,Life,0.0,False
P502450,C102450,Health,0.0,False
P502451,C102451,Motor,7485.0,True
P502452,C102452,Life,25763.0,True
P502453,C102453,Life,20748.0,True
P502454,C102454,Personal Accident,34016.0,True
P502455,C102455,Personal Accident,0.0,False
P502456,C102456,Personal Accident,0.0,False
P502457,C102457,Personal Accident,0.0,False
P502458,C102458,Personal Accident,0.0,False
P502459,C102459,Motor,23039.0,True
P502460,C102460,Personal Accident,0.0,False
P502461,C102461,Personal Accident,0.0,False
P502462,C102462,Health,0.0,False
P502463,C102463,Personal Accident,0.0,False
P502464,C102464,Life,0.0,False
P502465,C102465,Life,0.0,False
P502466,C102466,Health,41997.0,True
P502467,C102467,Motor,0.0,False
P502468,C102468,Life,0.0,False
P502469,C102469,Personal Accident,0.0,False
P502470,C102470,Motor,0.0,False
P502471,C102471,Motor,0.0,False
P502472,C102472,Life,24275.0,True
P502473,C102473,Life,0.0,False
P502474,C102474,Life,0.0,False
P502475,C102475,Life,0.0,False
P502476,C102476,Life,0.0,False
P502477,C102477,Health,5316.0,True
P502478,C102478,Personal Accident,0.0,False
P502479,C102479,Life,0.0,False
P502480,C102480,Health,0.0,False
P502481,C102481,Personal Accident,12249.0,True
P502482,C102482,Personal Accident,0.0,False
P502483,C102483,Personal Accident,0.0,False
P502484,C102484,Motor,40810.0,True
P502485,C102485,Personal Accident,36852.0,True
P502486,C102486,Motor,0.0,False
P502487,C102487,Personal Accident,0.0,False
P502488,C102488,Motor,0.0,False
P502489,C102489,Life,25162.0,True
P502490,C102490,Personal Accident,16315.0,True
P502491,C102491,Personal Accident,0.0,False
P502492,C102492,Personal Accident,0.0,False
P502493,C102493,Motor,0.0,False
P502494,C102494,Motor,0.0,False
P502495,C102495,Health,0.0,False
P502496,C102496,Motor,0.0,False
P502497,C102497,Health,0.0,False
P502498,C102498,Motor,0.0,False
P502499,C102499,Life,0.0,False
P502500,C102500,Motor,25495.0,True
P502501,C102501,Motor,0.0,False
P502502,C102502,Motor,12611.0,True
P502503,C102503,Motor,44081.0,True
P502504,C102504,Personal Accident,27288.0,True
P502505,C102505,Life,21839.0,True
P502506,C102506,Personal Accident,0.0,False
P502507,C102507,Personal Accident,0.0,False
P502508,C102508,Personal Accident,0.0,False
P502509,C102509,Health,0.0,False
P502510,C102510,Health,0.0,False
P502511,C102511,Personal Accident,0.0,False
P502512,C102512,Life,0.0,False
P502513,C102513,Motor,0.0,False
P502514,C102514,Life,0.0,False
P502515,C102515,Health,0.0,False
P502516,C102516,Personal Accident,0.0,False
P502517,C102517,Life,0.0,False
P502518,C102518,Personal Accident,0.0,False
P502519,C102519,Life,41392.0,True
P502520,C102520,Health,0.0,False
P502521,C102521,Health,20857.0,True
P502522,C102522,Life,0.0,False
P502523,C102523,Motor,0.0,False
P502524,C102524,Personal Accident,0.0,False
P502525,C102525,Health,0.0,False
P502526,C102526,Motor,26039.0,True
P502527,C102527,Life,0.0,False
P502528,C102528,Health,0.0,False
P502529,C102529,Life,38277.0,True
P502530,C102530,Health,0.0,False
P502531,C102531,Motor,15955.0,True
P502532,C102532,Motor,15282.0,True
P502533,C102533,Personal Accident,0.0,False
P502534,C102534,Life,0.0,False
P502535,C102535,Health,35211.0,True
P502536,C102536,Personal Accident,0.0,False
P502537,C102537,Personal Accident,0.0,False
P502538,C102538,Life,0.0,False
P502539,C102539,Personal Accident,9566.0,True
P502540,C102540,Personal Accident,0.0,False
P502541,C102541,Motor,0.0,False
P502542,C102542,Motor,11361.0,True
P502543,C102543,Life,9400.0,True
P502544,C102544,Personal Accident,0.0,False
P502545,C102545,Personal Accident,9974.0,True
P502546,C102546,Personal Accident,0.0,False
P502547,C102547,Motor,0.0,False
P502548,C102548,Health,0.0,False
P502549,C102549,Personal Accident,0.0,False
P502550,C102550,Health,10175.0,True
P502551,C102551,Life,0.0,False
P502552,C102552,Life,0.0,False
P502553,C102553,Health,33708.0,True
P502554,C102554,Motor,7044.0,True
P502555,C102555,Health,6873.0,True
P502556,C102556,Health,0.0,False
P502557,C102557,Motor,16556.0,True
P502558,C102558,Personal Accident,0.0,False
P502559,C102559,Health,38750.0,True
P502560,C102560,Motor,39987.0,True
P502561,C102561,Motor,0.0,False
P502562,C102562,Life,7390.0,True
P502563,C102563,Health,39628.0,True
P502564,C102564,Personal Accident,0.0,False
P502565,C102565,Motor,0.0,False
P502566,C102566,Personal Accident,0.0,False
P502567,C102567,Motor,22335.0,True
P502568,C102568,Motor,0.0,False
P502569,C102569,Motor,0.0,False
P502570,C102570,Personal Accident,8910.0,True
P502571,C102571,Motor,0.0,False
P502572,C102572,Life,0.0,False
P502573,C102573,Life,0.0,False
P502574,C102574,Personal Accident,0.0,False
P502575,C102575,Personal Accident,0.0,False
P502576,C102576,Life,0.0,False
P502577,C102577,Personal Accident,13517.0,True
P502578,C102578,Personal Accident,18134.0,True
P502579,C102579,Motor,0.0,False
P502580,C102580,Personal Accident,33927.0,True
P502581,C102581,Life,0.0,False
P502582,C102582,Motor,0.0,False
P502583,C102583,Personal Accident,0.0,False
P502584,C102584,Life,0.0,False
P502585,C102585,Health,0.0,False
P502586,C102586,Health,0.0,False
P502587,C102587,Health,0.0,False
P502588,C102588,Health,17682.0,True
P502589,C102589,Motor,0.0,False
P502590,C102590,Motor,0.0,False
P502591,C102591,Personal Accident,44282.0,True
P502592,C102592,Personal Accident,0.0,False
P502593,C102593,Life,0.0,False
P502594,C102594,Motor,7039.0,True
P502595,C102595,Life,0.0,False
P502596,C102596,Life,41530.0,True
P502597,C102597,Health,0.0,False
P502598,C102598,Life,0.0,False
P502599,C102599,Life,0.0,False
P502600,C102600,Life,0.0,False
P502601,C102601,Personal Accident,0.0,False
P502602,C102602,Life,0.0,False
P502603,C102603,Personal Accident,26679.0,True
P502604,C102604,Health,0.0,False
P502605,C102605,Motor,0.0,False
P502606,C102606,Health,0.0,False
P502607,C102607,Life,0.0,False
P502608,C102608,Life,0.0,False
P502609,C102609,Health,0.0,False
P502610,C102610,Personal Accident,34947.0,True
P502611,C102611,Motor,0.0,False
P502612,C102612,Motor,0.0,False
P502613,C102613,Life,0.0,False
P502614,C102614,Motor,0.0,False
P502615,C102615,Motor,16922.0,True
P502616,C102616,Health,41563.0,True
P502617,C102617,Personal Accident,0.0,False
P502618,C102618,Motor,0.0,False
P502619,C102619,Health,0.0,False
P502620,C102620,Motor,0.0,False
P502621,C102621,Motor,0.0,False
P502622,C102622,Personal Accident,0.0,False
P502623,C102623,Health,0.0,False
P502624,C102624,Personal Accident,5374.0,True
P502625,C102625,Life,0.0,False
P502626,C102626,Health,0.0,False
P502627,C102627,Life,0.0,False
P502628,C102628,Motor,0.0,False
P502629,C102629,Life,0.0,False
P502630,C102630,Health,0.0,False
P502631,C102631,Motor,8479.0,True
P502632,C102632,Motor,0.0,False
P502633,C102633,Motor,38441.0,True
P502634,C102634,Motor,43148.0,True
P502635,C102635,Life,0.0,False
P502636,C102636,Life,0.0,False
P502637,C102637,Life,6579.0,True
P502638,C102638,Health,11682.0,True
P502639,C102639,Motor,0.0,False
P502640,C102640,Motor,0.0,False
P502641,C102641,Personal Accident,12894.0,True
P502642,C102642,Life,0.0,False
P502643,C102643,Health,5728.0,True
P502644,C102644,Personal Accident,0.0,False
P502645,C102645,Personal Accident,0.0,False
P502646,C102646,Life,22731.0,True
P502647,C102647,Personal Accident,0.0,False
P502648,C102648,Motor,21093.0,True
P502649,C102649,Life,0.0,False
P502650,C102650,Health,0.0,False
P502651,C102651,Life,0.0,False
P502652,C102652,Life,0.0,False
P502653,C102653,Motor,0.0,False
P502654,C102654,Motor,22150.0,True
P502655,C102655,Health,29165.0,True
P502656,C102656,Motor,0.0,False
P502657,C102657,Life,27969.0,True
P502658,C102658,Personal Accident,0.0,False
P502659,C102659,Life,6132.0,True
P502660,C102660,Life,0.0,False
P502661,C102661,Life,0.0,False
P502662,C102662,Personal Accident,0.0,False
P502663,C102663,Motor,0.0,False
P502664,C102664,Personal Accident,0.0,False
P502665,C102665,Motor,0.0,False
P502666,C102666,Personal Accident,0.0,False
P502667,C102667,Motor,0.0,False
P502668,C102668,Health,0.0,False
P502669,C102669,Health,0.0,False
P502670,C102670,Motor,0.0,False
P502671,C102671,Health,0.0,False
P502672,C102672,Health,0.0,False
P502673,C102673,Life,32461.0,True
P502674,C102674,Personal Accident,0.0,False
P502675,C102675,Motor,0.0,False
P502676,C102676,Life,0.0,False
P502677,C102677,Personal Accident,9027.0,True
P502678,C102678,Life,32996.0,True
P502679,C102679,Personal Accident,0.0,False
P502680,C102680,Personal Accident,0.0,False
P502681,C102681,Personal Accident,5587.0,True
P502682,C102682,Life,43137.0,True
P502683,C102683,Personal Accident,0.0,False
P502684,C102684,Health,0.0,False
P502685,C102685,Health,0.0,False
P502686,C102686,Life,0.0,False
P502687,C102687,Personal Accident,25484.0,True
P502688,C102688,Personal Accident,0.0,False
P502689,C102689,Personal Accident,0.0,False
P502690,C102690,Life,21783.0,True
P502691,C102691,Motor,0.0,False
P502692,C102692,Health,0.0,False
P502693,C102693,Motor,22166.0,True
P502694,C102694,Motor,0.0,False
P502695,C102695,Personal Accident,0.0,False
P502696,C102696,Health,0.0,False
P502697,C102697,Motor,0.0,False
P502698,C102698,Health,21938.0,True
P502699,C102699,Motor,0.0,False
P502700,C102700,Health,13991.0,True
P502701,C102701,Life,26798.0,True
P502702,C102702,Life,0.0,False
P502703,C102703,Health,0.0,False
P502704,C102704,Life,0.0,False
P502705,C102705,Personal Accident,0.0,False
P502706,C102706,Motor,0.0,False
P502707,C102707,Motor,0.0,False
P502708,C102708,Personal Accident,0.0,False
P502709,C102709,Personal Accident,13360.0,True
P502710,C102710,Health,0.0,False
P502711,C102711,Personal Accident,0.0,False
P502712,C102712,Health,16541.0,True
P502713,C102713,Life,0.0,False
P502714,C102714,Personal Accident,35267.0,True
P502715,C102715,Life,0.0,False
P502716,C102716,Health,29360.0,True
P502717,C102717,Motor,0.0,False
P502718,C102718,Health,0.0,False
P502719,C102719,Motor,0.0,False
P502720,C102720,Life,0.0,False
P502721,C102721,Life,0.0,False
P502722,C102722,Health,0.0,False
P502723,C102723,Personal Accident,0.0,False
P502724,C102724,Personal Accident,0.0,False
P502725,C102725,Life,0.0,False
P502726,C102726,Life,8967.0,True
P502727,C102727,Motor,0.0,False
P502728,C102728,Life,0.0,False
P502729,C102729,Motor,0.0,False
P502730,C102730,Health,0.0,False
P502731,C102731,Motor,28349.0,True
P502732,C102732,Personal Accident,6163.0,True
P502733,C102733,Personal Accident,0.0,False
P502734,C102734,Personal Accident,44618.0,True
P502735,C102735,Personal Accident,0.0,False
P502736,C102736,Health,0.0,False
P502737,C102737,Health,0.0,False
P502738,C102738,Motor,26923.0,True
P502739,C102739,Motor,39894.0,True
P502740,C102740,Personal Accident,0.0,False
P502741,C102741,Personal Accident,0.0,False
P502742,C102742,Health,0.0,False
P502743,C102743,Health,22131.0,True
P502744,C102744,Life,0.0,False
P502745,C102745,Health,0.0,False
P502746,C102746,Health,28496.0,True
P502747,C102747,Personal Accident,0.0,False
P502748,C102748,Motor,12803.0,True
P502749,C102749,Motor,27028.0,True
P502750,C102750,Life,0.0,False
P502751,C102751,Motor,0.0,False
P502752,C102752,Life,39579.0,True
P502753,C102753,Health,19609.0,True
P502754,C102754,Personal Accident,25042.0,True
P502755,C102755,Life,12692.0,True
P502756,C102756,Personal Accident,0.0,False
P502757,C102757,Health,0.0,False
P502758,C102758,Personal Accident,0.0,False
P502759,C102759,Health,28138.0,True
P502760,C102760,Personal Accident,11024.0,True
P502761,C102761,Motor,0.0,False
P502762,C102762,Motor,0.0,False
P502763,C102763,Personal Accident,0.0,False
P502764,C102764,Health,0.0,False
P502765,C102765,Motor,0.0,False
P502766,C102766,Motor,0.0,False
P502767,C102767,Motor,37904.0,True
P502768,C102768,Life,0.0,False
P502769,C102769,Motor,0.0,False
P502770,C102770,Health,0.0,False
P502771,C102771,Personal Accident,36975.0,True
P502772,C102772,Health,0.0,False
P502773,C102773,Health,0.0,False
P502774,C102774,Motor,4285.0,True
P502775,C102775,Health,0.0,False
P502776,C102776,Motor,0.0,False
P502777,C102777,Motor,0.0,False
P502778,C102778,Life,0.0,False
P502779,C102779,Life,0.0,False
P502780,C102780,Life,27864.0,True
P502781,C102781,Personal Accident,0.0,False
P502782,C102782,Life,0.0,False
P502783,C102783,Motor,0.0,False
P502784,C102784,Life,0.0,False
P502785,C102785,Health,27938.0,True
P502786,C102786,Life,0.0,False
P502787,C102787,Life,0.0,False
P502788,C102788,Personal Accident,24169.0,True
P502789,C102789,Health,0.0,False
P502790,C102790,Motor,0.0,False
P502791,C102791,Personal Accident,0.0,False
P502792,C102792,Motor,0.0,False
P502793,C102793,Personal Accident,0.0,False
P502794,C102794,Life,0.0,False
P502795,C102795,Life,0.0,False
P502796,C102796,Health,0.0,False
P502797,C102797,Personal Accident,0.0,False
P502798,C102798,Health,0.0,False
P502799,C102799,Personal Accident,17137.0,True
P502800,C102800,Personal Accident,15667.0,True
P502801,C102801,Motor,0.0,False
P502802,C102802,Health,0.0,False
P502803,C102803,Life,0.0,False
P502804,C102804,Personal Accident,0.0,False
P502805,C102805,Life,0.0,False
P502806,C102806,Personal Accident,0.0,False
P502807,C102807,Motor,0.0,False
P502808,C102808,Health,0.0,False
P502809,C102809,Life,32148.0,True
P502810,C102810,Motor,41595.0,True
P502811,C102811,Life,0.0,False
P502812,C102812,Health,0.0,False
P502813,C102813,Personal Accident,0.0,False
P502814,C102814,Life,0.0,False
P502815,C102815,Motor,35759.0,True
P502816,C102816,Personal Accident,0.0,False
P502817,C102817,Life,0.0,False
P502818,C102818,Personal Accident,0.0,False
P502819,C102819,Motor,0.0,False
P502820,C102820,Motor,0.0,False
P502821,C102821,Health,10463.0,True
P502822,C102822,Motor,0.0,False
P502823,C102823,Personal Accident,0.0,False
P502824,C102824,Motor,0.0,False
P502825,C102825,Motor,31297.0,True
P502826,C102826,Personal Accident,0.0,False
P502827,C102827,Health,0.0,False
P502828,C102828,Motor,26322.0,True
P502829,C102829,Health,28379.0,True
P502830,C102830,Personal Accident,0.0,False
P502831,C102831,Life,0.0,False
P502832,C102832,Health,0.0,False
P502833,C102833,Health,0.0,False
P502834,C102834,Personal Accident,0.0,False
P502835,C102835,Health,8827.0,True
P502836,C102836,Life,0.0,False
P502837,C102837,Health,26711.0,True
P502838,C102838,Personal Accident,11776.0,True
P502839,C102839,Personal Accident,0.0,False
P502840,C102840,Motor,0.0,False
P502841,C102841,Motor,0.0,False
P502842,C102842,Life,0.0,False
P502843,C102843,Personal Accident,44509.0,True
P502844,C102844,Life,42543.0,True
P502845,C102845,Personal Accident,11392.0,True
P502846,C102846,Life,0.0,False
P502847,C102847,Health,0.0,False
P502848,C102848,Motor,0.0,False
P502849,C102849,Personal Accident,42429.0,True
P502850,C102850,Health,0.0,False
P502851,C102851,Motor,0.0,False
P502852,C102852,Motor,0.0,False
P502853,C102853,Personal Accident,0.0,False
P502854,C102854,Life,23378.0,True
P502855,C102855,Motor,0.0,False
P502856,C102856,Health,0.0,False
P502857,C102857,Life,0.0,False
P502858,C102858,Health,0.0,False
P502859,C102859,Health,24810.0,True
P502860,C102860,Personal Accident,0.0,False
P502861,C102861,Personal Accident,0.0,False
P502862,C102862,Health,0.0,False
P502863,C102863,Personal Accident,0.0,False
P502864,C102864,Motor,0.0,False
P502865,C102865,Life,0.0,False
P502866,C102866,Personal Accident,0.0,False
P502867,C102867,Personal Accident,0.0,False
P502868,C102868,Life,41866.0,True
P502869,C102869,Motor,0.0,False
P502870,C102870,Personal Accident,0.0,False
P502871,C102871,Personal Accident,18849.0,True
P502872,C102872,Motor,0.0,False
P502873,C102873,Life,20318.0,True
P502874,C102874,Personal Accident,0.0,False
P502875,C102875,Motor,0.0,False
P502876,C102876,Health,15694.0,True
P502877,C102877,Life,32930.0,True
P502878,C102878,Motor,0.0,False
P502879,C102879,Motor,0.0,False
P502880,C102880,Life,25069.0,True
P502881,C102881,Motor,0.0,False
P502882,C102882,Health,40144.0,True
P502883,C102883,Life,26806.0,True
P502884,C102884,Personal Accident,42510.0,True
P502885,C102885,Personal Accident,0.0,False
P502886,C102886,Health,23605.0,True
P502887,C102887,Motor,0.0,False
P502888,C102888,Life,0.0,False
P502889,C102889,Health,0.0,False
P502890,C102890,Personal Accident,0.0,False
P502891,C102891,Motor,0.0,False
P502892,C102892,Health,0.0,False
P502893,C102893,Personal Accident,0.0,False
P502894,C102894,Life,17789.0,True
P502895,C102895,Personal Accident,0.0,False
P502896,C102896,Health,0.0,False
P502897,C102897,Personal Accident,18014.0,True
P502898,C102898,Health,25820.0,True
P502899,C102899,Personal Accident,0.0,False
P502900,C102900,Motor,0.0,False
P502901,C102901,Personal Accident,39737.0,True
P502902,C102902,Health,0.0,False
P502903,C102903,Life,24212.0,True
P502904,C102904,Health,0.0,False
P502905,C102905,Life,0.0,False
P502906,C102906,Life,8899.0,True
P502907,C102907,Life,0.0,False
P502908,C102908,Health,0.0,False
P502909,C102909,Motor,0.0,False
P502910,C102910,Motor,42441.0,True
P502911,C102911,Personal Accident,0.0,False
P502912,C102912,Life,0.0,False
P502913,C102913,Health,25283.0,True
P502914,C102914,Life,0.0,False
P502915,C102915,Motor,0.0,False
P502916,C102916,Life,0.0,False
P502917,C102917,Personal Accident,0.0,False
P502918,C102918,Health,0.0,False
P502919,C102919,Life,0.0,False
P502920,C102920,Health,42711.0,True
P502921,C102921,Personal Accident,20782.0,True
P502922,C102922,Health,34344.0,True
P502923,C102923,Personal Accident,43750.0,True
P502924,C102924,Motor,0.0,False
P502925,C102925,Health,0.0,False
P502926,C102926,Health,0.0,False
P502927,C102927,Personal Accident,0.0,False
P502928,C102928,Health,0.0,False
P502929,C102929,Health,33831.0,True
P502930,C102930,Life,0.0,False
P502931,C102931,Personal Accident,0.0,False
P502932,C102932,Health,0.0,False
P502933,C102933,Motor,21449.0,True
P502934,C102934,Health,19461.0,True
P502935,C102935,Health,42775.0,True
P502936,C102936,Health,24739.0,True
P502937,C102937,Personal Accident,0.0,False
P502938,C102938,Motor,0.0,False
P502939,C102939,Personal Accident,35577.0,True
P502940,C102940,Personal Accident,0.0,False
P502941,C102941,Personal Accident,35887.0,True
P502942,C102942,Personal Accident,0.0,False
P502943,C102943,Motor,0.0,False
P502944,C102944,Health,0.0,False
P502945,C102945,Life,0.0,False
P502946,C102946,Motor,29278.0,True
P502947,C102947,Health,32503.0,True
P502948,C102948,Motor,0.0,False
P502949,C102949,Motor,0.0,False
P502950,C102950,Health,0.0,False
P502951,C102951,Motor,0.0,False
P502952,C102952,Personal Accident,21147.0,True
P502953,C102953,Motor,0.0,False
P502954,C102954,Life,0.0,False
P502955,C102955,Life,0.0,False
P502956,C102956,Motor,0.0,False
P502957,C102957,Motor,4465.0,True
P502958,C102958,Personal Accident,0.0,False
P502959,C102959,Personal Accident,13274.0,True
P502960,C102960,Health,0.0,False
P502961,C102961,Motor,0.0,False
P502962,C102962,Health,0.0,False
P502963,C102963,Personal Accident,0.0,False
P502964,C102964,Health,18002.0,True
P502965,C102965,Personal Accident,0.0,False
P502966,C102966,Life,0.0,False
P502967,C102967,Personal Accident,41078.0,True
P502968,C102968,Health,0.0,False
P502969,C102969,Personal Accident,40214.0,True
P502970,C102970,Health,0.0,False
P502971,C102971,Personal Accident,0.0,False
P502972,C102972,Health,0.0,False
P502973,C102973,Life,41931.0,True
P502974,C102974,Personal Accident,0.0,False
P502975,C102975,Personal Accident,0.0,False
P502976,C102976,Life,0.0,False
P502977,C102977,Motor,21810.0,True
P502978,C102978,Personal Accident,0.0,False
P502979,C102979,Motor,0.0,False
P502980,C102980,Personal Accident,9555.0,True
P502981,C102981,Motor,0.0,False
P502982,C102982,Personal Accident,38918.0,True
P502983,C102983,Health,0.0,False
P502984,C102984,Life,0.0,False
P502985,C102985,Health,0.0,False
P502986,C102986,Motor,0.0,False
P502987,C102987,Health,0.0,False
P502988,C102988,Personal Accident,0.0,False
P502989,C102989,Motor,18077.0,True
P502990,C102990,Motor,0.0,False
P502991,C102991,Personal Accident,24059.0,True
P502992,C102992,Motor,0.0,False
P502993,C102993,Health,0.0,False
P502994,C102994,Health,0.0,False
P502995,C102995,Life,40453.0,True
P502996,C102996,Personal Accident,0.0,False
P502997,C102997,Health,0.0,False
P502998,C102998,Life,10637.0,True
P502999,C102999,Life,0.0,False
P503000,C103000,Health,0.0,False
P503001,C103001,Life,16190.0,True
P503002,C103002,Life,0.0,False
P503003,C103003,Health,17841.0,True
P503004,C103004,Motor,27569.0,True
P503005,C103005,Life,0.0,False
P503006,C103006,Personal Accident,0.0,False
P503007,C103007,Personal Accident,13944.0,True
P503008,C103008,Health,35053.0,True
P503009,C103009,Personal Accident,0.0,False
P503010,C103010,Personal Accident,0.0,False
P503011,C103011,Motor,33168.0,True
P503012,C103012,Life,0.0,False
P503013,C103013,Personal Accident,0.0,False
P503014,C103014,Health,21856.0,True
P503015,C103015,Health,0.0,False
P503016,C103016,Life,0.0,False
P503017,C103017,Life,0.0,False
P503018,C103018,Life,0.0,False
P503019,C103019,Motor,0.0,False
P503020,C103020,Personal Accident,38524.0,True
P503021,C103021,Life,29800.0,True
P503022,C103022,Personal Accident,12376.0,True
P503023,C103023,Life,0.0,False
P503024,C103024,Motor,37237.0,True
P503025,C103025,Personal Accident,0.0,False
P503026,C103026,Health,0.0,False
P503027,C103027,Motor,0.0,False
P503028,C103028,Motor,0.0,False
P503029,C103029,Personal Accident,36776.0,True
P503030,C103030,Personal Accident,0.0,False
P503031,C103031,Motor,29920.0,True
P503032,C103032,Motor,0.0,False
P503033,C103033,Motor,0.0,False
P503034,C103034,Personal Accident,0.0,False
P503035,C103035,Motor,0.0,False
P503036,C103036,Motor,0.0,False
P503037,C103037,Personal Accident,37866.0,True
P503038,C103038,Life,0.0,False
P503039,C103039,Health,0.0,False
P503040,C103040,Motor,0.0,False
P503041,C103041,Motor,29509.0,True
P503042,C103042,Health,0.0,False
P503043,C103043,Life,0.0,False
P503044,C103044,Motor,0.0,False
P503045,C103045,Life,0.0,False
P503046,C103046,Life,0.0,False
P503047,C103047,Personal Accident,0.0,False
P503048,C103048,Life,0.0,False
P503049,C103049,Motor,0.0,False
P503050,C103050,Motor,0.0,False
P503051,C103051,Motor,0.0,False
P503052,C103052,Life,0.0,False
P503053,C103053,Motor,0.0,False
P503054,C103054,Personal Accident,0.0,False
P503055,C103055,Personal Accident,0.0,False
P503056,C103056,Health,0.0,False
P503057,C103057,Life,34013.0,True
P503058,C103058,Health,0.0,False
P503059,C103059,Personal Accident,0.0,False
P503060,C103060,Motor,0.0,False
P503061,C103061,Personal Accident,0.0,False
P503062,C103062,Motor,42347.0,True
P503063,C103063,Motor,0.0,False
P503064,C103064,Motor,0.0,False
P503065,C103065,Health,0.0,False
P503066,C103066,Health,0.0,False
P503067,C103067,Personal Accident,0.0,False
P503068,C103068,Life,0.0,False
P503069,C103069,Motor,0.0,False
P503070,C103070,Personal Accident,0.0,False
P503071,C103071,Life,0.0,False
P503072,C103072,Life,0.0,False
P503073,C103073,Motor,0.0,False
P503074,C103074,Life,0.0,False
P503075,C103075,Life,0.0,False
P503076,C103076,Motor,0.0,False
P503077,C103077,Health,0.0,False
P503078,C103078,Personal Accident,0.0,False
P503079,C103079,Life,0.0,False
P503080,C103080,Personal Accident,0.0,False
P503081,C103081,Motor,0.0,False
P503082,C103082,Life,0.0,False
P503083,C103083,Health,43094.0,True
P503084,C103084,Motor,23605.0,True
P503085,C103085,Life,0.0,False
P503086,C103086,Life,0.0,False
P503087,C103087,Motor,0.0,False
P503088,C103088,Motor,15825.0,True
P503089,C103089,Personal Accident,0.0,False
P503090,C103090,Health,0.0,False
P503091,C103091,Life,0.0,False
P503092,C103092,Health,40808.0,True
P503093,C103093,Motor,0.0,False
P503094,C103094,Health,26553.0,True
P503095,C103095,Life,0.0,False
P503096,C103096,Life,0.0,False
P503097,C103097,Personal Accident,0.0,False
P503098,C103098,Motor,0.0,False
P503099,C103099,Life,9638.0,True
P503100,C103100,Personal Accident,0.0,False
P503101,C103101,Motor,0.0,False
P503102,C103102,Motor,0.0,False
P503103,C103103,Health,6522.0,True
P503104,C103104,Life,0.0,False
P503105,C103105,Personal Accident,0.0,False
P503106,C103106,Health,0.0,False
P503107,C103107,Personal Accident,0.0,False
P503108,C103108,Health,30438.0,True
P503109,C103109,Personal Accident,0.0,False
P503110,C103110,Personal Accident,0.0,False
P503111,C103111,Life,12680.0,True
P503112,C103112,Motor,0.0,False
P503113,C103113,Personal Accident,42541.0,True
P503114,C103114,Personal Accident,0.0,False
P503115,C103115,Motor,0.0,False
P503116,C103116,Life,15924.0,True
P503117,C103117,Health,0.0,False
P503118,C103118,Life,0.0,False
P503119,C103119,Health,0.0,False
P503120,C103120,Personal Accident,37887.0,True
P503121,C103121,Motor,0.0,False
P503122,C103122,Life,0.0,False
P503123,C103123,Personal Accident,0.0,False
P503124,C103124,Health,17321.0,True
P503125,C103125,Health,17941.0,True
P503126,C103126,Motor,0.0,False
P503127,C103127,Health,17929.0,True
P503128,C103128,Motor,7297.0,True
P503129,C103129,Health,0.0,False
P503130,C103130,Personal Accident,0.0,False
P503131,C103131,Personal Accident,0.0,False
P503132,C103132,Life,6569.0,True
P503133,C103133,Personal Accident,14120.0,True
P503134,C103134,Life,0.0,False
P503135,C103135,Motor,0.0,False
P503136,C103136,Personal Accident,0.0,False
P503137,C103137,Personal Accident,0.0,False
P503138,C103138,Life,0.0,False
P503139,C103139,Motor,32769.0,True
P503140,C103140,Life,28077.0,True
P503141,C103141,Life,0.0,False
P503142,C103142,Life,39765.0,True
P503143,C103143,Life,16436.0,True
P503144,C103144,Personal Accident,4942.0,True
P503145,C103145,Life,0.0,False
P503146,C103146,Life,30226.0,True
P503147,C103147,Motor,0.0,False
P503148,C103148,Health,0.0,False
P503149,C103149,Motor,0.0,False
P503150,C103150,Personal Accident,11161.0,True
P503151,C103151,Life,0.0,False
P503152,C103152,Personal Accident,0.0,False
P503153,C103153,Health,0.0,False
P503154,C103154,Life,0.0,False
P503155,C103155,Personal Accident,0.0,False
P503156,C103156,Motor,26484.0,True
P503157,C103157,Motor,0.0,False
P503158,C103158,Health,0.0,False
P503159,C103159,Personal Accident,0.0,False
P503160,C103160,Life,0.0,False
P503161,C103161,Personal Accident,0.0,False
P503162,C103162,Life,11007.0,True
P503163,C103163,Personal Accident,34664.0,True
P503164,C103164,Personal Accident,0.0,False
P503165,C103165,Life,0.0,False
P503166,C103166,Health,0.0,False
P503167,C103167,Personal Accident,0.0,False
P503168,C103168,Personal Accident,0.0,False
P503169,C103169,Life,0.0,False
P503170,C103170,Life,0.0,False
P503171,C103171,Motor,0.0,False
P503172,C103172,Motor,0.0,False
P503173,C103173,Life,14348.0,True
P503174,C103174,Life,0.0,False
P503175,C103175,Life,0.0,False
P503176,C103176,Personal Accident,41105.0,True
P503177,C103177,Life,0.0,False
P503178,C103178,Life,14997.0,True
P503179,C103179,Personal Accident,0.0,False
P503180,C103180,Personal Accident,0.0,False
P503181,C103181,Personal Accident,6140.0,True
P503182,C103182,Personal Accident,23443.0,True
P503183,C103183,Life,0.0,False
P503184,C103184,Motor,0.0,False
P503185,C103185,Health,0.0,False
P503186,C103186,Motor,0.0,False
P503187,C103187,Life,0.0,False
P503188,C103188,Motor,0.0,False
P503189,C103189,Life,30495.0,True
P503190,C103190,Personal Accident,0.0,False
P503191,C103191,Motor,0.0,False
P503192,C103192,Personal Accident,0.0,False
P503193,C103193,Life,27198.0,True
P503194,C103194,Motor,0.0,False
P503195,C103195,Personal Accident,0.0,False
P503196,C103196,Life,41905.0,True
P503197,C103197,Health,0.0,False
P503198,C103198,Life,0.0,False
P503199,C103199,Health,23968.0,True
P503200,C103200,Personal Accident,0.0,False
P503201,C103201,Life,0.0,False
P503202,C103202,Health,4730.0,True
P503203,C103203,Personal Accident,27185.0,True
P503204,C103204,Life,28290.0,True
P503205,C103205,Health,0.0,False
P503206,C103206,Health,7212.0,True
P503207,C103207,Motor,37293.0,True
P503208,C103208,Health,0.0,False
P503209,C103209,Life,5674.0,True
P503210,C103210,Motor,0.0,False
P503211,C103211,Motor,0.0,False
P503212,C103212,Personal Accident,8136.0,True
P503213,C103213,Personal Accident,0.0,False
P503214,C103214,Health,0.0,False
P503215,C103215,Health,0.0,False
P503216,C103216,Health,5815.0,True
P503217,C103217,Health,0.0,False
P503218,C103218,Personal Accident,0.0,False
P503219,C103219,Motor,0.0,False
P503220,C103220,Personal Accident,0.0,False
P503221,C103221,Life,0.0,False
P503222,C103222,Motor,0.0,False
P503223,C103223,Health,0.0,False
P503224,C103224,Life,0.0,False
P503225,C103225,Motor,0.0,False
P503226,C103226,Motor,0.0,False
P503227,C103227,Life,0.0,False
P503228,C103228,Health,0.0,False
P503229,C103229,Motor,0.0,False
P503230,C103230,Personal Accident,0.0,False
P503231,C103231,Health,0.0,False
P503232,C103232,Life,0.0,False
P503233,C103233,Health,0.0,False
P503234,C103234,Motor,0.0,False
P503235,C103235,Health,0.0,False
P503236,C103236,Motor,0.0,False
P503237,C103237,Personal Accident,0.0,False
P503238,C103238,Motor,10376.0,True
P503239,C103239,Motor,17032.0,True
P503240,C103240,Health,0.0,False
P503241,C103241,Motor,26338.0,True
P503242,C103242,Health,28411.0,True
P503243,C103243,Life,44008.0,True
P503244,C103244,Health,9088.0,True
P503245,C103245,Life,0.0,False
P503246,C103246,Personal Accident,0.0,False
P503247,C103247,Health,0.0,False
P503248,C103248,Health,0.0,False
P503249,C103249,Personal Accident,0.0,False
P503250,C103250,Motor,0.0,False
P503251,C103251,Personal Accident,0.0,False
P503252,C103252,Personal Accident,23888.0,True
P503253,C103253,Personal Accident,0.0,False
P503254,C103254,Motor,0.0,False
P503255,C103255,Health,0.0,False
P503256,C103256,Life,0.0,False
P503257,C103257,Health,0.0,False
P503258,C103258,Health,0.0,False
P503259,C103259,Life,13272.0,True
P503260,C103260,Health,0.0,False
P503261,C103261,Personal Accident,0.0,False
P503262,C103262,Personal Accident,0.0,False
P503263,C103263,Motor,0.0,False
P503264,C103264,Life,11737.0,True
P503265,C103265,Life,0.0,False
P503266,C103266,Personal Accident,0.0,False
P503267,C103267,Life,0.0,False
P503268,C103268,Personal Accident,0.0,False
P503269,C103269,Motor,0.0,False
P503270,C103270,Life,0.0,False
P503271,C103271,Life,42535.0,True
P503272,C103272,Personal Accident,0.0,False
P503273,C103273,Life,34720.0,True
P503274,C103274,Health,0.0,False
P503275,C103275,Life,0.0,False
P503276,C103276,Personal Accident,0.0,False
P503277,C103277,Health,0.0,False
P503278,C103278,Personal Accident,31711.0,True
P503279,C103279,Health,0.0,False
P503280,C103280,Life,23762.0,True
P503281,C103281,Life,44433.0,True
P503282,C103282,Life,41841.0,True
P503283,C103283,Motor,0.0,False
P503284,C103284,Personal Accident,0.0,False
P503285,C103285,Health,0.0,False
P503286,C103286,Personal Accident,0.0,False
P503287,C103287,Motor,0.0,False
P503288,C103288,Motor,0.0,False
P503289,C103289,Motor,0.0,False
P503290,C103290,Motor,0.0,False
P503291,C103291,Motor,0.0,False
P503292,C103292,Motor,10556.0,True
P503293,C103293,Life,0.0,False
P503294,C103294,Life,13205.0,True
P503295,C103295,Life,0.0,False
P503296,C103296,Personal Accident,0.0,False
P503297,C103297,Personal Accident,0.0,False
P503298,C103298,Health,0.0,False
P503299,C103299,Motor,0.0,False
P503300,C103300,Motor,31625.0,True
P503301,C103301,Life,0.0,False
P503302,C103302,Life,0.0,False
P503303,C103303,Health,0.0,False
P503304,C103304,Motor,0.0,False
P503305,C103305,Motor,0.0,False
P503306,C103306,Health,19530.0,True
P503307,C103307,Health,10343.0,True
P503308,C103308,Life,4131.0,True
P503309,C103309,Motor,0.0,False
P503310,C103310,Health,0.0,False
P503311,C103311,Health,0.0,False
P503312,C103312,Health,0.0,False
P503313,C103313,Health,0.0,False
P503314,C103314,Personal Accident,0.0,False
P503315,C103315,Life,30718.0,True
P503316,C103316,Personal Accident,19700.0,True
P503317,C103317,Personal Accident,0.0,False
P503318,C103318,Health,13756.0,True
P503319,C103319,Health,0.0,False
P503320,C103320,Personal Accident,41442.0,True
P503321,C103321,Health,0.0,False
P503322,C103322,Life,0.0,False
P503323,C103323,Personal Accident,0.0,False
P503324,C103324,Motor,0.0,False
P503325,C103325,Health,4806.0,True
P503326,C103326,Motor,0.0,False
P503327,C103327,Life,44954.0,True
P503328,C103328,Life,29499.0,True
P503329,C103329,Personal Accident,0.0,False
P503330,C103330,Life,41438.0,True
P503331,C103331,Health,0.0,False
P503332,C103332,Life,0.0,False
P503333,C103333,Health,0.0,False
P503334,C103334,Life,17411.0,True
P503335,C103335,Motor,38573.0,True
P503336,C103336,Health,0.0,False
P503337,C103337,Motor,0.0,False
P503338,C103338,Life,41682.0,True
P503339,C103339,Personal Accident,0.0,False
P503340,C103340,Life,0.0,False
P503341,C103341,Health,36575.0,True
P503342,C103342,Life,0.0,False
P503343,C103343,Life,0.0,False
P503344,C103344,Life,0.0,False
P503345,C103345,Life,0.0,False
P503346,C103346,Motor,32079.0,True
P503347,C103347,Health,0.0,False
P503348,C103348,Life,0.0,False
P503349,C103349,Life,0.0,False
P503350,C103350,Motor,0.0,False
P503351,C103351,Motor,0.0,False
P503352,C103352,Motor,0.0,False
P503353,C103353,Personal Accident,0.0,False
P503354,C103354,Motor,0.0,False
P503355,C103355,Health,0.0,False
P503356,C103356,Motor,0.0,False
P503357,C103357,Personal Accident,0.0,False
P503358,C103358,Personal Accident,0.0,False
P503359,C103359,Health,7882.0,True
P503360,C103360,Health,0.0,False
P503361,C103361,Life,0.0,False
P503362,C103362,Health,0.0,False
P503363,C103363,Motor,4194.0,True
P503364,C103364,Personal Accident,27682.0,True
P503365,C103365,Health,0.0,False
P503366,C103366,Health,0.0,False
P503367,C103367,Life,0.0,False
P503368,C103368,Motor,0.0,False
P503369,C103369,Life,12651.0,True
P503370,C103370,Motor,0.0,False
P503371,C103371,Motor,0.0,False
P503372,C103372,Health,30226.0,True
P503373,C103373,Motor,39488.0,True
P503374,C103374,Life,11702.0,True
P503375,C103375,Personal Accident,0.0,False
P503376,C103376,Motor,0.0,False
P503377,C103377,Motor,0.0,False
P503378,C103378,Motor,12643.0,True
P503379,C103379,Life,0.0,False
P503380,C103380,Motor,39251.0,True
P503381,C103381,Life,13888.0,True
P503382,C103382,Health,19070.0,True
P503383,C103383,Personal Accident,0.0,False
P503384,C103384,Life,0.0,False
P503385,C103385,Motor,32214.0,True
P503386,C103386,Personal Accident,0.0,False
P503387,C103387,Motor,40853.0,True
P503388,C103388,Health,0.0,False
P503389,C103389,Personal Accident,0.0,False
P503390,C103390,Personal Accident,0.0,False
P503391,C103391,Motor,0.0,False
P503392,C103392,Personal Accident,0.0,False
P503393,C103393,Life,0.0,False
P503394,C103394,Personal Accident,0.0,False
P503395,C103395,Life,0.0,False
P503396,C103396,Life,0.0,False
P503397,C103397,Life,5906.0,True
P503398,C103398,Life,0.0,False
P503399,C103399,Motor,32380.0,True
P503400,C103400,Motor,44267.0,True
P503401,C103401,Life,0.0,False
P503402,C103402,Motor,0.0,False
P503403,C103403,Life,0.0,False
P503404,C103404,Life,0.0,False
P503405,C103405,Motor,0.0,False
P503406,C103406,Motor,0.0,False
P503407,C103407,Personal Accident,0.0,False
P503408,C103408,Motor,42716.0,True
P503409,C103409,Personal Accident,0.0,False
P503410,C103410,Life,29001.0,True
P503411,C103411,Personal Accident,0.0,False
P503412,C103412,Life,0.0,False
P503413,C103413,Life,0.0,False
P503414,C103414,Health,6516.0,True
P503415,C103415,Life,0.0,False
P503416,C103416,Health,0.0,False
P503417,C103417,Health,0.0,False
P503418,C103418,Motor,41814.0,True
P503419,C103419,Health,17251.0,True
P503420,C103420,Motor,0.0,False
P503421,C103421,Health,0.0,False
P503422,C103422,Motor,0.0,False
P503423,C103423,Motor,0.0,False
P503424,C103424,Life,32953.0,True
P503425,C103425,Personal Accident,0.0,False
P503426,C103426,Health,0.0,False
P503427,C103427,Health,8724.0,True
P503428,C103428,Motor,0.0,False
P503429,C103429,Health,31610.0,True
P503430,C103430,Health,42835.0,True
P503431,C103431,Life,0.0,False
P503432,C103432,Personal Accident,14921.0,True
P503433,C103433,Health,42973.0,True
P503434,C103434,Motor,0.0,False
P503435,C103435,Life,0.0,False
P503436,C103436,Life,0.0,False
P503437,C103437,Motor,0.0,False
P503438,C103438,Personal Accident,0.0,False
P503439,C103439,Personal Accident,24560.0,True
P503440,C103440,Life,0.0,False
P503441,C103441,Personal Accident,0.0,False
P503442,C103442,Health,32015.0,True
P503443,C103443,Personal Accident,0.0,False
P503444,C103444,Health,0.0,False
P503445,C103445,Motor,0.0,False
P503446,C103446,Personal Accident,0.0,False
P503447,C103447,Life,0.0,False
P503448,C103448,Life,0.0,False
P503449,C103449,Personal Accident,0.0,False
P503450,C103450,Life,0.0,False
P503451,C103451,Life,0.0,False
P503452,C103452,Health,0.0,False
P503453,C103453,Health,0.0,False
P503454,C103454,Motor,0.0,False
P503455,C103455,Motor,0.0,False
P503456,C103456,Health,33547.0,True
P503457,C103457,Health,0.0,False
P503458,C103458,Life,11644.0,True
P503459,C103459,Motor,0.0,False
P503460,C103460,Life,0.0,False
P503461,C103461,Life,0.0,False
P503462,C103462,Personal Accident,0.0,False
P503463,C103463,Personal Accident,4238.0,True
P503464,C103464,Health,44924.0,True
P503465,C103465,Personal Accident,0.0,False
P503466,C103466,Personal Accident,0.0,False
P503467,C103467,Health,0.0,False
P503468,C103468,Personal Accident,28562.0,True
P503469,C103469,Motor,0.0,False
P503470,C103470,Personal Accident,0.0,False
P503471,C103471,Health,0.0,False
P503472,C103472,Motor,9122.0,True
P503473,C103473,Personal Accident,0.0,False
P503474,C103474,Life,0.0,False
P503475,C103475,Personal Accident,44583.0,True
P503476,C103476,Personal Accident,32599.0,True
P503477,C103477,Personal Accident,0.0,False
P503478,C103478,Health,11916.0,True
P503479,C103479,Health,0.0,False
P503480,C103480,Health,0.0,False
P503481,C103481,Life,0.0,False
P503482,C103482,Life,0.0,False
P503483,C103483,Personal Accident,0.0,False
P503484,C103484,Motor,0.0,False
P503485,C103485,Motor,0.0,False
P503486,C103486,Personal Accident,0.0,False
P503487,C103487,Personal Accident,0.0,False
P503488,C103488,Life,0.0,False
P503489,C103489,Life,23005.0,True
P503490,C103490,Motor,0.0,False
P503491,C103491,Personal Accident,0.0,False
P503492,C103492,Health,0.0,False
P503493,C103493,Health,0.0,False
P503494,C103494,Personal Accident,0.0,False
P503495,C103495,Personal Accident,0.0,False
P503496,C103496,Personal Accident,0.0,False
P503497,C103497,Personal Accident,0.0,False
P503498,C103498,Personal Accident,0.0,False
P503499,C103499,Personal Accident,0.0,False
P503500,C103500,Motor,0.0,False
P503501,C103501,Personal Accident,6940.0,True
P503502,C103502,Life,0.0,False
P503503,C103503,Health,0.0,False
P503504,C103504,Motor,0.0,False
P503505,C103505,Motor,0.0,False
P503506,C103506,Life,0.0,False
P503507,C103507,Personal Accident,0.0,False
P503508,C103508,Motor,0.0,False
P503509,C103509,Life,0.0,False
P503510,C103510,Motor,25923.0,True
P503511,C103511,Life,0.0,False
P503512,C103512,Life,23203.0,True
P503513,C103513,Health,0.0,False
P503514,C103514,Personal Accident,0.0,False
P503515,C103515,Personal Accident,0.0,False
P503516,C103516,Personal Accident,0.0,False
P503517,C103517,Motor,0.0,False
P503518,C103518,Motor,0.0,False
P503519,C103519,Health,0.0,False
P503520,C103520,Life,33357.0,True
P503521,C103521,Health,0.0,False
P503522,C103522,Life,8816.0,True
P503523,C103523,Motor,7146.0,True
P503524,C103524,Life,15207.0,True
P503525,C103525,Life,0.0,False
P503526,C103526,Motor,36325.0,True
P503527,C103527,Health,0.0,False
P503528,C103528,Health,0.0,False
P503529,C103529,Life,0.0,False
P503530,C103530,Personal Accident,32704.0,True
P503531,C103531,Health,0.0,False
P503532,C103532,Motor,0.0,False
P503533,C103533,Personal Accident,0.0,False
P503534,C103534,Life,0.0,False
P503535,C103535,Health,0.0,False
P503536,C103536,Motor,0.0,False
P503537,C103537,Motor,0.0,False
P503538,C103538,Personal Accident,0.0,False
P503539,C103539,Motor,0.0,False
P503540,C103540,Personal Accident,0.0,False
P503541,C103541,Life,0.0,False
P503542,C103542,Personal Accident,0.0,False
P503543,C103543,Personal Accident,0.0,False
P503544,C103544,Personal Accident,16800.0,True
P503545,C103545,Personal Accident,12107.0,True
P503546,C103546,Health,0.0,False
P503547,C103547,Health,0.0,False
P503548,C103548,Motor,44848.0,True
P503549,C103549,Health,0.0,False
P503550,C103550,Life,36118.0,True
P503551,C103551,Health,5140.0,True
P503552,C103552,Motor,23331.0,True
P503553,C103553,Motor,0.0,False
P503554,C103554,Motor,25452.0,True
P503555,C103555,Personal Accident,0.0,False
P503556,C103556,Life,0.0,False
P503557,C103557,Personal Accident,0.0,False
P503558,C103558,Life,0.0,False
P503559,C103559,Personal Accident,0.0,False
P503560,C103560,Motor,0.0,False
P503561,C103561,Motor,24141.0,True
P503562,C103562,Health,0.0,False
P503563,C103563,Motor,40069.0,True
P503564,C103564,Personal Accident,32461.0,True
P503565,C103565,Motor,8867.0,True
P503566,C103566,Personal Accident,0.0,False
P503567,C103567,Life,0.0,False
P503568,C103568,Personal Accident,0.0,False
P503569,C103569,Life,0.0,False
P503570,C103570,Health,0.0,False
P503571,C103571,Motor,0.0,False
P503572,C103572,Motor,0.0,False
P503573,C103573,Personal Accident,0.0,False
P503574,C103574,Life,37857.0,True
P503575,C103575,Life,36832.0,True
P503576,C103576,Personal Accident,0.0,False
P503577,C103577,Life,0.0,False
P503578,C103578,Motor,33455.0,True
P503579,C103579,Life,0.0,False
P503580,C103580,Health,0.0,False
P503581,C103581,Personal Accident,0.0,False
P503582,C103582,Health,0.0,False
P503583,C103583,Personal Accident,36739.0,True
P503584,C103584,Health,0.0,False
P503585,C103585,Personal Accident,0.0,False
P503586,C103586,Motor,23044.0,True
P503587,C103587,Health,0.0,False
P503588,C103588,Health,0.0,False
P503589,C103589,Health,14859.0,True
P503590,C103590,Health,0.0,False
P503591,C103591,Life,0.0,False
P503592,C103592,Life,43381.0,True
P503593,C103593,Personal Accident,0.0,False
P503594,C103594,Health,0.0,False
P503595,C103595,Health,0.0,False
P503596,C103596,Personal Accident,0.0,False
P503597,C103597,Personal Accident,0.0,False
P503598,C103598,Health,0.0,False
P503599,C103599,Life,0.0,False
P503600,C103600,Health,0.0,False
P503601,C103601,Health,0.0,False
P503602,C103602,Life,0.0,False
P503603,C103603,Motor,0.0,False
P503604,C103604,Life,0.0,False
P503605,C103605,Life,14982.0,True
P503606,C103606,Personal Accident,0.0,False
P503607,C103607,Motor,0.0,False
P503608,C103608,Personal Accident,36636.0,True
P503609,C103609,Personal Accident,0.0,False
P503610,C103610,Personal Accident,0.0,False
P503611,C103611,Life,0.0,False
P503612,C103612,Health,0.0,False
P503613,C103613,Life,19921.0,True
P503614,C103614,Personal Accident,0.0,False
P503615,C103615,Health,0.0,False
P503616,C103616,Life,0.0,False
P503617,C103617,Life,18157.0,True
P503618,C103618,Personal Accident,0.0,False
P503619,C103619,Health,0.0,False
P503620,C103620,Motor,0.0,False
P503621,C103621,Health,0.0,False
P503622,C103622,Life,0.0,False
P503623,C103623,Personal Accident,0.0,False
P503624,C103624,Life,0.0,False
P503625,C103625,Personal Accident,0.0,False
P503626,C103626,Health,0.0,False
P503627,C103627,Personal Accident,30772.0,True
P503628,C103628,Motor,0.0,False
P503629,C103629,Health,32003.0,True
P503630,C103630,Motor,0.0,False
P503631,C103631,Personal Accident,0.0,False
P503632,C103632,Health,34056.0,True
P503633,C103633,Life,0.0,False
P503634,C103634,Life,0.0,False
P503635,C103635,Life,0.0,False
P503636,C103636,Motor,0.0,False
P503637,C103637,Motor,0.0,False
P503638,C103638,Life,0.0,False
P503639,C103639,Life,0.0,False
P503640,C103640,Life,0.0,False
P503641,C103641,Personal Accident,0.0,False
P503642,C103642,Life,9107.0,True
P503643,C103643,Motor,0.0,False
P503644,C103644,Motor,0.0,False
P503645,C103645,Life,0.0,False
P503646,C103646,Motor,21846.0,True
P503647,C103647,Motor,0.0,False
P503648,C103648,Life,24977.0,True
P503649,C103649,Personal Accident,0.0,False
P503650,C103650,Personal Accident,0.0,False
P503651,C103651,Personal Accident,0.0,False
P503652,C103652,Motor,4215.0,True
P503653,C103653,Personal Accident,15587.0,True
P503654,C103654,Personal Accident,0.0,False
P503655,C103655,Motor,0.0,False
P503656,C103656,Life,0.0,False
P503657,C103657,Personal Accident,8141.0,True
P503658,C103658,Life,0.0,False
P503659,C103659,Personal Accident,27175.0,True
P503660,C103660,Health,0.0,False
P503661,C103661,Personal Accident,0.0,False
P503662,C103662,Health,0.0,False
P503663,C103663,Health,0.0,False
P503664,C103664,Life,40772.0,True
P503665,C103665,Health,0.0,False
P503666,C103666,Motor,36503.0,True
P503667,C103667,Motor,0.0,False
P503668,C103668,Personal Accident,0.0,False
P503669,C103669,Health,0.0,False
P503670,C103670,Health,0.0,False
P503671,C103671,Motor,0.0,False
P503672,C103672,Health,0.0,False
P503673,C103673,Life,0.0,False
P503674,C103674,Personal Accident,30904.0,True
P503675,C103675,Motor,0.0,False
P503676,C103676,Health,0.0,False
P503677,C103677,Personal Accident,0.0,False
P503678,C103678,Personal Accident,0.0,False
P503679,C103679,Health,0.0,False
P503680,C103680,Health,39027.0,True
P503681,C103681,Life,0.0,False
P503682,C103682,Life,0.0,False
P503683,C103683,Life,4416.0,True
P503684,C103684,Life,0.0,False
P503685,C103685,Motor,41294.0,True
P503686,C103686,Personal Accident,0.0,False
P503687,C103687,Health,0.0,False
P503688,C103688,Personal Accident,0.0,False
P503689,C103689,Motor,0.0,False
P503690,C103690,Personal Accident,0.0,False
P503691,C103691,Motor,26715.0,True
P503692,C103692,Health,37578.0,True
P503693,C103693,Life,0.0,False
P503694,C103694,Health,14656.0,True
P503695,C103695,Life,0.0,False
P503696,C103696,Motor,0.0,False
P503697,C103697,Personal Accident,0.0,False
P503698,C103698,Life,0.0,False
P503699,C103699,Health,0.0,False
P503700,C103700,Health,27650.0,True
P503701,C103701,Personal Accident,42218.0,True
P503702,C103702,Motor,0.0,False
P503703,C103703,Motor,22796.0,True
P503704,C103704,Life,0.0,False
P503705,C103705,Personal Accident,0.0,False
P503706,C103706,Personal Accident,0.0,False
P503707,C103707,Health,4088.0,True
P503708,C103708,Life,0.0,False
P503709,C103709,Personal Accident,40245.0,True
P503710,C103710,Motor,38144.0,True
P503711,C103711,Health,0.0,False
P503712,C103712,Health,0.0,False
P503713,C103713,Motor,21340.0,True
P503714,C103714,Health,0.0,False
P503715,C103715,Motor,0.0,False
P503716,C103716,Motor,0.0,False
P503717,C103717,Health,0.0,False
P503718,C103718,Motor,0.0,False
P503719,C103719,Health,0.0,False
P503720,C103720,Personal Accident,0.0,False
P503721,C103721,Life,24549.0,True
P503722,C103722,Personal Accident,0.0,False
P503723,C103723,Personal Accident,0.0,False
P503724,C103724,Health,0.0,False
P503725,C103725,Health,0.0,False
P503726,C103726,Life,0.0,False
P503727,C103727,Motor,8149.0,True
P503728,C103728,Personal Accident,25638.0,True
P503729,C103729,Personal Accident,21057.0,True
P503730,C103730,Life,0.0,False
P503731,C103731,Motor,0.0,False
P503732,C103732,Life,5050.0,True
P503733,C103733,Motor,0.0,False
P503734,C103734,Health,0.0,False
P503735,C103735,Health,19693.0,True
P503736,C103736,Life,35150.0,True
P503737,C103737,Life,0.0,False
P503738,C103738,Life,38485.0,True
P503739,C103739,Health,33477.0,True
P503740,C103740,Personal Accident,0.0,False
P503741,C103741,Personal Accident,0.0,False
P503742,C103742,Motor,26343.0,True
P503743,C103743,Motor,0.0,False
P503744,C103744,Health,18585.0,True
P503745,C103745,Life,0.0,False
P503746,C103746,Life,25778.0,True
P503747,C103747,Personal Accident,0.0,False
P503748,C103748,Motor,0.0,False
P503749,C103749,Life,0.0,False
P503750,C103750,Personal Accident,35550.0,True
P503751,C103751,Health,0.0,False
P503752,C103752,Life,0.0,False
P503753,C103753,Personal Accident,42560.0,True
P503754,C103754,Personal Accident,44645.0,True
P503755,C103755,Health,0.0,False
P503756,C103756,Life,37559.0,True
P503757,C103757,Motor,25930.0,True
P503758,C103758,Motor,0.0,False
P503759,C103759,Personal Accident,0.0,False
P503760,C103760,Health,0.0,False
P503761,C103761,Health,15304.0,True
P503762,C103762,Health,14098.0,True
P503763,C103763,Motor,29602.0,True
P503764,C103764,Life,0.0,False
P503765,C103765,Personal Accident,0.0,False
P503766,C103766,Personal Accident,0.0,False
P503767,C103767,Health,0.0,False
P503768,C103768,Personal Accident,0.0,False
P503769,C103769,Personal Accident,10984.0,True
P503770,C103770,Health,0.0,False
P503771,C103771,Health,10549.0,True
P503772,C103772,Life,0.0,False
P503773,C103773,Life,0.0,False
P503774,C103774,Life,0.0,False
P503775,C103775,Motor,0.0,False
P503776,C103776,Motor,0.0,False
P503777,C103777,Life,34749.0,True
P503778,C103778,Motor,31302.0,True
P503779,C103779,Motor,18099.0,True
P503780,C103780,Health,0.0,False
P503781,C103781,Motor,0.0,False
P503782,C103782,Health,0.0,False
P503783,C103783,Health,23750.0,True
P503784,C103784,Life,6335.0,True
P503785,C103785,Motor,28483.0,True
P503786,C103786,Health,0.0,False
P503787,C103787,Life,11073.0,True
P503788,C103788,Personal Accident,0.0,False
P503789,C103789,Motor,29019.0,True
P503790,C103790,Motor,0.0,False
P503791,C103791,Life,0.0,False
P503792,C103792,Personal Accident,12944.0,True
P503793,C103793,Personal Accident,26105.0,True
P503794,C103794,Motor,0.0,False
P503795,C103795,Personal Accident,0.0,False
P503796,C103796,Life,0.0,False
P503797,C103797,Personal Accident,15888.0,True
P503798,C103798,Personal Accident,32499.0,True
P503799,C103799,Motor,42578.0,True
P503800,C103800,Personal Accident,0.0,False
P503801,C103801,Health,0.0,False
P503802,C103802,Motor,0.0,False
P503803,C103803,Personal Accident,0.0,False
P503804,C103804,Life,0.0,False
P503805,C103805,Life,0.0,False
P503806,C103806,Motor,0.0,False
P503807,C103807,Personal Accident,0.0,False
P503808,C103808,Motor,0.0,False
P503809,C103809,Personal Accident,11906.0,True
P503810,C103810,Life,25977.0,True
P503811,C103811,Motor,0.0,False
P503812,C103812,Life,0.0,False
P503813,C103813,Life,7627.0,True
P503814,C103814,Health,32362.0,True
P503815,C103815,Personal Accident,0.0,False
P503816,C103816,Personal Accident,0.0,False
P503817,C103817,Life,30649.0,True
P503818,C103818,Health,14901.0,True
P503819,C103819,Personal Accident,23023.0,True
P503820,C103820,Health,0.0,False
P503821,C103821,Health,29814.0,True
P503822,C103822,Health,37206.0,True
P503823,C103823,Health,0.0,False
P503824,C103824,Life,0.0,False
P503825,C103825,Health,19796.0,True
P503826,C103826,Life,0.0,False
P503827,C103827,Health,24982.0,True
P503828,C103828,Health,0.0,False
P503829,C103829,Life,0.0,False
P503830,C103830,Personal Accident,0.0,False
P503831,C103831,Motor,0.0,False
P503832,C103832,Motor,22942.0,True
P503833,C103833,Personal Accident,23015.0,True
P503834,C103834,Personal Accident,0.0,False
P503835,C103835,Life,0.0,False
P503836,C103836,Health,0.0,False
P503837,C103837,Personal Accident,0.0,False
P503838,C103838,Personal Accident,0.0,False
P503839,C103839,Life,8246.0,True
P503840,C103840,Personal Accident,30018.0,True
P503841,C103841,Life,0.0,False
P503842,C103842,Life,0.0,False
P503843,C103843,Personal Accident,7376.0,True
P503844,C103844,Motor,0.0,False
P503845,C103845,Life,0.0,False
P503846,C103846,Motor,0.0,False
P503847,C103847,Life,0.0,False
P503848,C103848,Personal Accident,0.0,False
P503849,C103849,Health,0.0,False
P503850,C103850,Life,0.0,False
P503851,C103851,Health,0.0,False
P503852,C103852,Life,24440.0,True
P503853,C103853,Health,0.0,False
P503854,C103854,Health,0.0,False
P503855,C103855,Personal Accident,0.0,False
P503856,C103856,Motor,0.0,False
P503857,C103857,Life,0.0,False
P503858,C103858,Personal Accident,0.0,False
P503859,C103859,Personal Accident,0.0,False
P503860,C103860,Personal Accident,0.0,False
P503861,C103861,Health,0.0,False
P503862,C103862,Personal Accident,0.0,False
P503863,C103863,Health,0.0,False
P503864,C103864,Motor,0.0,False
P503865,C103865,Personal Accident,0.0,False
P503866,C103866,Motor,0.0,False
P503867,C103867,Motor,0.0,False
P503868,C103868,Health,9071.0,True
P503869,C103869,Life,0.0,False
P503870,C103870,Motor,0.0,False
P503871,C103871,Life,0.0,False
P503872,C103872,Motor,0.0,False
P503873,C103873,Life,0.0,False
P503874,C103874,Life,0.0,False
P503875,C103875,Personal Accident,0.0,False
P503876,C103876,Motor,31584.0,True
P503877,C103877,Personal Accident,0.0,False
P503878,C103878,Life,0.0,False
P503879,C103879,Motor,0.0,False
P503880,C103880,Personal Accident,0.0,False
P503881,C103881,Personal Accident,0.0,False
P503882,C103882,Life,44946.0,True
P503883,C103883,Health,0.0,False
P503884,C103884,Health,0.0,False
P503885,C103885,Health,0.0,False
P503886,C103886,Motor,0.0,False
P503887,C103887,Personal Accident,30790.0,True
P503888,C103888,Motor,24474.0,True
P503889,C103889,Personal Accident,0.0,False
P503890,C103890,Health,21856.0,True
P503891,C103891,Health,0.0,False
P503892,C103892,Personal Accident,25064.0,True
P503893,C103893,Motor,0.0,False
P503894,C103894,Personal Accident,0.0,False
P503895,C103895,Health,0.0,False
P503896,C103896,Life,0.0,False
P503897,C103897,Personal Accident,0.0,False
P503898,C103898,Life,0.0,False
P503899,C103899,Motor,23470.0,True
P503900,C103900,Motor,0.0,False
P503901,C103901,Motor,0.0,False
P503902,C103902,Personal Accident,0.0,False
P503903,C103903,Motor,0.0,False
P503904,C103904,Health,0.0,False
P503905,C103905,Personal Accident,8367.0,True
P503906,C103906,Health,0.0,False
P503907,C103907,Motor,0.0,False
P503908,C103908,Motor,8046.0,True
P503909,C103909,Personal Accident,0.0,False
P503910,C103910,Motor,0.0,False
P503911,C103911,Life,0.0,False
P503912,C103912,Life,0.0,False
P503913,C103913,Personal Accident,15056.0,True
P503914,C103914,Life,0.0,False
P503915,C103915,Personal Accident,25475.0,True
P503916,C103916,Health,30727.0,True
P503917,C103917,Health,0.0,False
P503918,C103918,Life,0.0,False
P503919,C103919,Life,13002.0,True
P503920,C103920,Personal Accident,0.0,False
P503921,C103921,Life,0.0,False
P503922,C103922,Personal Accident,0.0,False
P503923,C103923,Life,0.0,False
P503924,C103924,Motor,0.0,False
P503925,C103925,Motor,0.0,False
P503926,C103926,Life,0.0,False
P503927,C103927,Motor,0.0,False
P503928,C103928,Motor,0.0,False
P503929,C103929,Life,0.0,False
P503930,C103930,Health,44911.0,True
P503931,C103931,Motor,0.0,False
P503932,C103932,Life,11039.0,True
P503933,C103933,Life,0.0,False
P503934,C103934,Personal Accident,0.0,False
P503935,C103935,Life,0.0,False
P503936,C103936,Health,0.0,False
P503937,C103937,Health,27159.0,True
P503938,C103938,Life,0.0,False
P503939,C103939,Personal Accident,30072.0,True
P503940,C103940,Life,24359.0,True
P503941,C103941,Life,21303.0,True
P503942,C103942,Health,0.0,False
P503943,C103943,Health,0.0,False
P503944,C103944,Personal Accident,13962.0,True
P503945,C103945,Motor,10875.0,True
P503946,C103946,Motor,13712.0,True
P503947,C103947,Health,0.0,False
P503948,C103948,Health,0.0,False
P503949,C103949,Health,0.0,False
P503950,C103950,Motor,0.0,False
P503951,C103951,Health,11830.0,True
P503952,C103952,Personal Accident,18534.0,True
P503953,C103953,Personal Accident,29294.0,True
P503954,C103954,Health,0.0,False
P503955,C103955,Life,0.0,False
P503956,C103956,Motor,0.0,False
P503957,C103957,Life,0.0,False
P503958,C103958,Personal Accident,0.0,False
P503959,C103959,Health,0.0,False
P503960,C103960,Health,0.0,False
P503961,C103961,Motor,0.0,False
P503962,C103962,Health,0.0,False
P503963,C103963,Life,0.0,False
P503964,C103964,Life,0.0,False
P503965,C103965,Life,10081.0,True
P503966,C103966,Life,7905.0,True
P503967,C103967,Life,0.0,False
P503968,C103968,Personal Accident,0.0,False
P503969,C103969,Life,0.0,False
P503970,C103970,Life,0.0,False
P503971,C103971,Health,0.0,False
P503972,C103972,Motor,0.0,False
P503973,C103973,Motor,0.0,False
P503974,C103974,Life,0.0,False
P503975,C103975,Motor,11524.0,True
P503976,C103976,Life,0.0,False
P503977,C103977,Life,0.0,False
P503978,C103978,Personal Accident,0.0,False
P503979,C103979,Health,0.0,False
P503980,C103980,Personal Accident,0.0,False
P503981,C103981,Health,18042.0,True
P503982,C103982,Life,35754.0,True
P503983,C103983,Life,0.0,False
P503984,C103984,Life,0.0,False
P503985,C103985,Personal Accident,0.0,False
P503986,C103986,Life,0.0,False
P503987,C103987,Motor,23086.0,True
P503988,C103988,Motor,0.0,False
P503989,C103989,Life,0.0,False
P503990,C103990,Personal Accident,0.0,False
P503991,C103991,Personal Accident,35993.0,True
P503992,C103992,Health,0.0,False
P503993,C103993,Motor,0.0,False
P503994,C103994,Motor,27104.0,True
P503995,C103995,Motor,28114.0,True
P503996,C103996,Health,0.0,False
P503997,C103997,Motor,0.0,False
P503998,C103998,Motor,0.0,False
P503999,C103999,Motor,0.0,False
P504000,C104000,Personal Accident,0.0,False
P504001,C104001,Health,0.0,False
P504002,C104002,Health,12120.0,True
P504003,C104003,Life,0.0,False
P504004,C104004,Life,0.0,False
P504005,C104005,Motor,0.0,False
P504006,C104006,Life,9058.0,True
P504007,C104007,Personal Accident,0.0,False
P504008,C104008,Motor,0.0,False
P504009,C104009,Personal Accident,0.0,False
P504010,C104010,Motor,44051.0,True
P504011,C104011,Health,0.0,False
P504012,C104012,Health,0.0,False
P504013,C104013,Personal Accident,0.0,False
P504014,C104014,Life,0.0,False
P504015,C104015,Personal Accident,33109.0,True
P504016,C104016,Personal Accident,0.0,False
P504017,C104017,Life,35946.0,True
P504018,C104018,Personal Accident,0.0,False
P504019,C104019,Life,22319.0,True
P504020,C104020,Personal Accident,24246.0,True
P504021,C104021,Health,0.0,False
P504022,C104022,Personal Accident,0.0,False
P504023,C104023,Life,0.0,False
P504024,C104024,Motor,0.0,False
P504025,C104025,Health,0.0,False
P504026,C104026,Health,14478.0,True
P504027,C104027,Motor,0.0,False
P504028,C104028,Personal Accident,0.0,False
P504029,C104029,Health,0.0,False
P504030,C104030,Health,9623.0,True
P504031,C104031,Personal Accident,26479.0,True
P504032,C104032,Life,20636.0,True
P504033,C104033,Health,11282.0,True
P504034,C104034,Personal Accident,0.0,False
P504035,C104035,Motor,0.0,False
P504036,C104036,Life,39532.0,True
P504037,C104037,Health,35117.0,True
P504038,C104038,Life,0.0,False
P504039,C104039,Personal Accident,0.0,False
P504040,C104040,Motor,7633.0,True
P504041,C104041,Life,0.0,False
P504042,C104042,Life,0.0,False
P504043,C104043,Life,0.0,False
P504044,C104044,Health,6048.0,True
P504045,C104045,Motor,0.0,False
P504046,C104046,Personal Accident,0.0,False
P504047,C104047,Motor,0.0,False
P504048,C104048,Motor,0.0,False
P504049,C104049,Health,0.0,False
P504050,C104050,Motor,19661.0,True
P504051,C104051,Health,34783.0,True
P504052,C104052,Life,0.0,False
P504053,C104053,Health,16579.0,True
P504054,C104054,Life,0.0,False
P504055,C104055,Motor,0.0,False
P504056,C104056,Motor,0.0,False
P504057,C104057,Life,0.0,False
P504058,C104058,Motor,0.0,False
P504059,C104059,Health,0.0,False
P504060,C104060,Motor,0.0,False
P504061,C104061,Motor,0.0,False
P504062,C104062,Life,0.0,False
P504063,C104063,Health,0.0,False
P504064,C104064,Health,10505.0,True
P504065,C104065,Life,0.0,False
P504066,C104066,Personal Accident,0.0,False
P504067,C104067,Personal Accident,14087.0,True
P504068,C104068,Health,0.0,False
P504069,C104069,Motor,38491.0,True
P504070,C104070,Health,23897.0,True
P504071,C104071,Personal Accident,23273.0,True
P504072,C104072,Personal Accident,0.0,False
P504073,C104073,Health,20567.0,True
P504074,C104074,Motor,26232.0,True
P504075,C104075,Life,0.0,False
P504076,C104076,Life,0.0,False
P504077,C104077,Health,0.0,False
P504078,C104078,Health,19852.0,True
P504079,C104079,Health,0.0,False
P504080,C104080,Life,0.0,False
P504081,C104081,Motor,0.0,False
P504082,C104082,Life,0.0,False
P504083,C104083,Personal Accident,6460.0,True
P504084,C104084,Personal Accident,0.0,False
P504085,C104085,Health,10740.0,True
P504086,C104086,Health,27248.0,True
P504087,C104087,Health,0.0,False
P504088,C104088,Motor,0.0,False
P504089,C104089,Life,39719.0,True
P504090,C104090,Motor,0.0,False
P504091,C104091,Life,0.0,False
P504092,C104092,Motor,0.0,False
P504093,C104093,Personal Accident,27775.0,True
P504094,C104094,Motor,0.0,False
P504095,C104095,Life,0.0,False
P504096,C104096,Motor,26117.0,True
P504097,C104097,Life,0.0,False
P504098,C104098,Life,0.0,False
P504099,C104099,Motor,0.0,False
P504100,C104100,Life,0.0,False
P504101,C104101,Motor,0.0,False
P504102,C104102,Health,0.0,False
P504103,C104103,Motor,0.0,False
P504104,C104104,Motor,0.0,False
P504105,C104105,Life,10852.0,True
P504106,C104106,Life,0.0,False
P504107,C104107,Personal Accident,0.0,False
P504108,C104108,Personal Accident,0.0,False
P504109,C104109,Motor,16583.0,True
P504110,C104110,Health,4360.0,True
P504111,C104111,Personal Accident,0.0,False
P504112,C104112,Personal Accident,0.0,False
P504113,C104113,Health,0.0,False
P504114,C104114,Life,0.0,False
P504115,C104115,Health,19831.0,True
P504116,C104116,Health,0.0,False
P504117,C104117,Health,0.0,False
P504118,C104118,Motor,42856.0,True
P504119,C104119,Personal Accident,28887.0,True
P504120,C104120,Health,8112.0,True
P504121,C104121,Life,0.0,False
P504122,C104122,Health,0.0,False
P504123,C104123,Life,0.0,False
P504124,C104124,Personal Accident,0.0,False
P504125,C104125,Personal Accident,26395.0,True
P504126,C104126,Health,0.0,False
P504127,C104127,Life,0.0,False
P504128,C104128,Life,30859.0,True
P504129,C104129,Health,0.0,False
P504130,C104130,Life,0.0,False
P504131,C104131,Personal Accident,0.0,False
P504132,C104132,Motor,28786.0,True
P504133,C104133,Life,16354.0,True
P504134,C104134,Life,42693.0,True
P504135,C104135,Motor,0.0,False
P504136,C104136,Motor,0.0,False
P504137,C104137,Motor,0.0,False
P504138,C104138,Motor,0.0,False
P504139,C104139,Health,0.0,False
P504140,C104140,Health,9070.0,True
P504141,C104141,Health,0.0,False
P504142,C104142,Personal Accident,44642.0,True
P504143,C104143,Health,0.0,False
P504144,C104144,Personal Accident,0.0,False
P504145,C104145,Personal Accident,0.0,False
P504146,C104146,Personal Accident,0.0,False
P504147,C104147,Health,37101.0,True
P504148,C104148,Motor,0.0,False
P504149,C104149,Personal Accident,37033.0,True
P504150,C104150,Life,0.0,False
P504151,C104151,Health,0.0,False
P504152,C104152,Personal Accident,0.0,False
P504153,C104153,Motor,0.0,False
P504154,C104154,Health,0.0,False
P504155,C104155,Personal Accident,33515.0,True
P504156,C104156,Life,0.0,False
P504157,C104157,Health,7400.0,True
P504158,C104158,Health,20842.0,True
P504159,C104159,Motor,0.0,False
P504160,C104160,Life,0.0,False
P504161,C104161,Personal Accident,0.0,False
P504162,C104162,Motor,0.0,False
P504163,C104163,Personal Accident,0.0,False
P504164,C104164,Life,0.0,False
P504165,C104165,Health,15587.0,True
P504166,C104166,Health,43095.0,True
P504167,C104167,Motor,0.0,False
P504168,C104168,Personal Accident,0.0,False
P504169,C104169,Personal Accident,0.0,False
P504170,C104170,Motor,0.0,False
P504171,C104171,Motor,0.0,False
P504172,C104172,Personal Accident,21078.0,True
P504173,C104173,Personal Accident,0.0,False
P504174,C104174,Motor,25860.0,True
P504175,C104175,Personal Accident,21416.0,True
P504176,C104176,Personal Accident,0.0,False
P504177,C104177,Life,0.0,False
P504178,C104178,Motor,0.0,False
P504179,C104179,Health,0.0,False
P504180,C104180,Health,0.0,False
P504181,C104181,Motor,7050.0,True
P504182,C104182,Personal Accident,0.0,False
P504183,C104183,Personal Accident,0.0,False
P504184,C104184,Personal Accident,0.0,False
P504185,C104185,Health,12935.0,True
P504186,C104186,Motor,0.0,False
P504187,C104187,Personal Accident,0.0,False
P504188,C104188,Health,0.0,False
P504189,C104189,Personal Accident,0.0,False
P504190,C104190,Health,44332.0,True
P504191,C104191,Personal Accident,0.0,False
P504192,C104192,Personal Accident,0.0,False
P504193,C104193,Personal Accident,0.0,False
P504194,C104194,Motor,0.0,False
P504195,C104195,Health,0.0,False
P504196,C104196,Life,0.0,False
P504197,C104197,Motor,0.0,False
P504198,C104198,Health,0.0,False
P504199,C104199,Health,0.0,False
P504200,C104200,Motor,0.0,False
P504201,C104201,Personal Accident,0.0,False
P504202,C104202,Motor,0.0,False
P504203,C104203,Life,0.0,False
P504204,C104204,Personal Accident,0.0,False
P504205,C104205,Life,0.0,False
P504206,C104206,Motor,0.0,False
P504207,C104207,Life,0.0,False
P504208,C104208,Health,0.0,False
P504209,C104209,Health,0.0,False
P504210,C104210,Life,26816.0,True
P504211,C104211,Personal Accident,0.0,False
P504212,C104212,Motor,18650.0,True
P504213,C104213,Health,0.0,False
P504214,C104214,Life,0.0,False
P504215,C104215,Personal Accident,0.0,False
P504216,C104216,Life,42634.0,True
P504217,C104217,Life,0.0,False
P504218,C104218,Life,25289.0,True
P504219,C104219,Motor,5455.0,True
P504220,C104220,Personal Accident,0.0,False
P504221,C104221,Motor,0.0,False
P504222,C104222,Motor,0.0,False
P504223,C104223,Life,9594.0,True
P504224,C104224,Motor,0.0,False
P504225,C104225,Personal Accident,0.0,False
P504226,C104226,Personal Accident,0.0,False
P504227,C104227,Health,0.0,False
P504228,C104228,Health,0.0,False
P504229,C104229,Motor,0.0,False
P504230,C104230,Life,17430.0,True
P504231,C104231,Health,37775.0,True
P504232,C104232,Life,0.0,False
P504233,C104233,Life,19906.0,True
P504234,C104234,Life,0.0,False
P504235,C104235,Personal Accident,0.0,False
P504236,C104236,Health,0.0,False
P504237,C104237,Life,0.0,False
P504238,C104238,Health,17353.0,True
P504239,C104239,Motor,0.0,False
P504240,C104240,Health,0.0,False
P504241,C104241,Motor,10666.0,True
P504242,C104242,Personal Accident,0.0,False
P504243,C104243,Health,0.0,False
P504244,C104244,Health,0.0,False
P504245,C104245,Personal Accident,0.0,False
P504246,C104246,Motor,0.0,False
P504247,C104247,Life,0.0,False
P504248,C104248,Health,0.0,False
P504249,C104249,Health,0.0,False
P504250,C104250,Health,0.0,False
P504251,C104251,Life,0.0,False
P504252,C104252,Motor,0.0,False
P504253,C104253,Life,16895.0,True
P504254,C104254,Motor,10225.0,True
P504255,C104255,Motor,24741.0,True
P504256,C104256,Health,0.0,False
P504257,C104257,Life,0.0,False
P504258,C104258,Health,0.0,False
P504259,C104259,Motor,7846.0,True
P504260,C104260,Personal Accident,0.0,False
P504261,C104261,Motor,30070.0,True
P504262,C104262,Personal Accident,0.0,False
P504263,C104263,Motor,0.0,False
P504264,C104264,Motor,0.0,False
P504265,C104265,Health,0.0,False
P504266,C104266,Motor,22572.0,True
P504267,C104267,Life,0.0,False
P504268,C104268,Life,0.0,False
P504269,C104269,Health,0.0,False
P504270,C104270,Motor,0.0,False
P504271,C104271,Personal Accident,0.0,False
P504272,C104272,Health,0.0,False
P504273,C104273,Health,0.0,False
P504274,C104274,Life,0.0,False
P504275,C104275,Personal Accident,0.0,False
P504276,C104276,Personal Accident,0.0,False
P504277,C104277,Life,0.0,False
P504278,C104278,Motor,4597.0,True
P504279,C104279,Motor,0.0,False
P504280,C104280,Life,0.0,False
P504281,C104281,Motor,14571.0,True
P504282,C104282,Health,0.0,False
P504283,C104283,Motor,0.0,False
P504284,C104284,Life,0.0,False
P504285,C104285,Life,37750.0,True
P504286,C104286,Motor,0.0,False
P504287,C104287,Motor,0.0,False
P504288,C104288,Motor,35092.0,True
P504289,C104289,Personal Accident,0.0,False
P504290,C104290,Motor,0.0,False
P504291,C104291,Motor,10628.0,True
P504292,C104292,Health,0.0,False
P504293,C104293,Health,0.0,False
P504294,C104294,Personal Accident,27347.0,True
P504295,C104295,Motor,42418.0,True
P504296,C104296,Life,0.0,False
P504297,C104297,Life,0.0,False
P504298,C104298,Motor,0.0,False
P504299,C104299,Health,37227.0,True
P504300,C104300,Personal Accident,0.0,False
P504301,C104301,Personal Accident,0.0,False
P504302,C104302,Motor,0.0,False
P504303,C104303,Life,39587.0,True
P504304,C104304,Life,0.0,False
P504305,C104305,Personal Accident,44372.0,True
P504306,C104306,Life,0.0,False
P504307,C104307,Life,0.0,False
P504308,C104308,Personal Accident,0.0,False
P504309,C104309,Life,22109.0,True
P504310,C104310,Motor,0.0,False
P504311,C104311,Motor,0.0,False
P504312,C104312,Personal Accident,0.0,False
P504313,C104313,Motor,28721.0,True
P504314,C104314,Health,0.0,False
P504315,C104315,Health,0.0,False
P504316,C104316,Motor,0.0,False
P504317,C104317,Health,0.0,False
P504318,C104318,Motor,0.0,False
P504319,C104319,Health,28509.0,True
P504320,C104320,Motor,0.0,False
P504321,C104321,Motor,0.0,False
P504322,C104322,Health,0.0,False
P504323,C104323,Personal Accident,43599.0,True
P504324,C104324,Life,0.0,False
P504325,C104325,Life,0.0,False
P504326,C104326,Motor,0.0,False
P504327,C104327,Health,0.0,False
P504328,C104328,Personal Accident,9359.0,True
P504329,C104329,Motor,0.0,False
P504330,C104330,Personal Accident,0.0,False
P504331,C104331,Personal Accident,37821.0,True
P504332,C104332,Motor,12326.0,True
P504333,C104333,Life,16058.0,True
P504334,C104334,Life,30898.0,True
P504335,C104335,Personal Accident,0.0,False
P504336,C104336,Personal Accident,13332.0,True
P504337,C104337,Personal Accident,0.0,False
P504338,C104338,Personal Accident,0.0,False
P504339,C104339,Life,28173.0,True
P504340,C104340,Life,0.0,False
P504341,C104341,Life,16649.0,True
P504342,C104342,Health,29005.0,True
P504343,C104343,Personal Accident,0.0,False
P504344,C104344,Life,33220.0,True
P504345,C104345,Motor,0.0,False
P504346,C104346,Personal Accident,0.0,False
P504347,C104347,Motor,0.0,False
P504348,C104348,Life,0.0,False
P504349,C104349,Health,35033.0,True
P504350,C104350,Health,0.0,False
P504351,C104351,Motor,0.0,False
P504352,C104352,Health,0.0,False
P504353,C104353,Motor,0.0,False
P504354,C104354,Life,20708.0,True
P504355,C104355,Health,0.0,False
P504356,C104356,Health,0.0,False
P504357,C104357,Health,0.0,False
P504358,C104358,Life,27528.0,True
P504359,C104359,Health,0.0,False
P504360,C104360,Personal Accident,41859.0,True
P504361,C104361,Health,0.0,False
P504362,C104362,Motor,0.0,False
P504363,C104363,Personal Accident,0.0,False
P504364,C104364,Personal Accident,22176.0,True
P504365,C104365,Personal Accident,0.0,False
P504366,C104366,Health,0.0,False
P504367,C104367,Health,0.0,False
P504368,C104368,Life,12081.0,True
P504369,C104369,Personal Accident,5954.0,True
P504370,C104370,Motor,0.0,False
P504371,C104371,Life,0.0,False
P504372,C104372,Personal Accident,0.0,False
P504373,C104373,Health,0.0,False
P504374,C104374,Life,0.0,False
P504375,C104375,Health,22167.0,True
P504376,C104376,Motor,0.0,False
P504377,C104377,Motor,31277.0,True
P504378,C104378,Motor,0.0,False
P504379,C104379,Life,0.0,False
P504380,C104380,Health,0.0,False
P504381,C104381,Motor,22516.0,True
P504382,C104382,Health,0.0,False
P504383,C104383,Motor,9771.0,True
P504384,C104384,Life,28027.0,True
P504385,C104385,Personal Accident,0.0,False
P504386,C104386,Life,0.0,False
P504387,C104387,Health,0.0,False
P504388,C104388,Health,0.0,False
P504389,C104389,Life,0.0,False
P504390,C104390,Health,26914.0,True
P504391,C104391,Personal Accident,0.0,False
P504392,C104392,Health,0.0,False
P504393,C104393,Personal Accident,37340.0,True
P504394,C104394,Personal Accident,0.0,False
P504395,C104395,Motor,0.0,False
P504396,C104396,Personal Accident,10517.0,True
P504397,C104397,Health,0.0,False
P504398,C104398,Life,25663.0,True
P504399,C104399,Life,0.0,False
P504400,C104400,Life,24287.0,True
P504401,C104401,Motor,26178.0,True
P504402,C104402,Life,0.0,False
P504403,C104403,Motor,32624.0,True
P504404,C104404,Motor,0.0,False
P504405,C104405,Motor,0.0,False
P504406,C104406,Personal Accident,27186.0,True
P504407,C104407,Health,0.0,False
P504408,C104408,Life,24501.0,True
P504409,C104409,Motor,5906.0,True
P504410,C104410,Health,0.0,False
P504411,C104411,Life,0.0,False
P504412,C104412,Motor,0.0,False
P504413,C104413,Life,0.0,False
P504414,C104414,Personal Accident,0.0,False
P504415,C104415,Life,0.0,False
P504416,C104416,Life,0.0,False
P504417,C104417,Life,0.0,False
P504418,C104418,Life,0.0,False
P504419,C104419,Motor,17735.0,True
P504420,C104420,Health,44581.0,True
P504421,C104421,Health,0.0,False
P504422,C104422,Life,0.0,False
P504423,C104423,Personal Accident,0.0,False
P504424,C104424,Life,0.0,False
P504425,C104425,Life,8046.0,True
P504426,C104426,Health,0.0,False
P504427,C104427,Health,0.0,False
P504428,C104428,Health,11461.0,True
P504429,C104429,Motor,29099.0,True
P504430,C104430,Life,24959.0,True
P504431,C104431,Health,0.0,False
P504432,C104432,Life,5865.0,True
P504433,C104433,Life,0.0,False
P504434,C104434,Motor,0.0,False
P504435,C104435,Life,0.0,False
P504436,C104436,Personal Accident,0.0,False
P504437,C104437,Health,25773.0,True
P504438,C104438,Life,43091.0,True
P504439,C104439,Motor,28826.0,True
P504440,C104440,Personal Accident,11476.0,True
P504441,C104441,Motor,0.0,False
P504442,C104442,Motor,0.0,False
P504443,C104443,Life,0.0,False
P504444,C104444,Personal Accident,0.0,False
P504445,C104445,Motor,34296.0,True
P504446,C104446,Personal Accident,0.0,False
P504447,C104447,Life,0.0,False
P504448,C104448,Health,0.0,False
P504449,C104449,Personal Accident,0.0,False
P504450,C104450,Health,0.0,False
P504451,C104451,Motor,0.0,False
P504452,C104452,Personal Accident,0.0,False
P504453,C104453,Life,0.0,False
P504454,C104454,Motor,0.0,False
P504455,C104455,Motor,0.0,False
P504456,C104456,Life,9728.0,True
P504457,C104457,Life,0.0,False
P504458,C104458,Life,0.0,False
P504459,C104459,Personal Accident,0.0,False
P504460,C104460,Life,0.0,False
P504461,C104461,Motor,0.0,False
P504462,C104462,Health,0.0,False
P504463,C104463,Health,0.0,False
P504464,C104464,Health,0.0,False
P504465,C104465,Personal Accident,0.0,False
P504466,C104466,Health,0.0,False
P504467,C104467,Motor,0.0,False
P504468,C104468,Motor,38880.0,True
P504469,C104469,Personal Accident,31045.0,True
P504470,C104470,Personal Accident,0.0,False
P504471,C104471,Personal Accident,0.0,False
P504472,C104472,Personal Accident,0.0,False
P504473,C104473,Motor,0.0,False
P504474,C104474,Motor,0.0,False
P504475,C104475,Motor,43111.0,True
P504476,C104476,Life,6971.0,True
P504477,C104477,Personal Accident,0.0,False
P504478,C104478,Health,0.0,False
P504479,C104479,Health,0.0,False
P504480,C104480,Health,0.0,False
P504481,C104481,Health,0.0,False
P504482,C104482,Life,0.0,False
P504483,C104483,Health,0.0,False
P504484,C104484,Life,0.0,False
P504485,C104485,Motor,0.0,False
P504486,C104486,Health,0.0,False
P504487,C104487,Personal Accident,33089.0,True
P504488,C104488,Life,0.0,False
P504489,C104489,Life,0.0,False
P504490,C104490,Life,0.0,False
P504491,C104491,Personal Accident,36536.0,True
P504492,C104492,Life,0.0,False
P504493,C104493,Health,0.0,False
P504494,C104494,Health,31646.0,True
P504495,C104495,Life,0.0,False
P504496,C104496,Motor,0.0,False
P504497,C104497,Health,0.0,False
P504498,C104498,Personal Accident,0.0,False
P504499,C104499,Life,0.0,False
P504500,C104500,Life,0.0,False
P504501,C104501,Personal Accident,16053.0,True
P504502,C104502,Personal Accident,0.0,False
P504503,C104503,Motor,0.0,False
P504504,C104504,Life,0.0,False
P504505,C104505,Health,0.0,False
P504506,C104506,Health,0.0,False
P504507,C104507,Health,0.0,False
P504508,C104508,Health,0.0,False
P504509,C104509,Health,0.0,False
P504510,C104510,Health,19246.0,True
P504511,C104511,Motor,13420.0,True
P504512,C104512,Motor,28901.0,True
P504513,C104513,Life,0.0,False
P504514,C104514,Life,25487.0,True
P504515,C104515,Health,0.0,False
P504516,C104516,Motor,21900.0,True
P504517,C104517,Life,20367.0,True
P504518,C104518,Motor,0.0,False
P504519,C104519,Motor,0.0,False
P504520,C104520,Motor,0.0,False
P504521,C104521,Motor,0.0,False
P504522,C104522,Motor,22314.0,True
P504523,C104523,Personal Accident,4947.0,True
P504524,C104524,Motor,9963.0,True
P504525,C104525,Personal Accident,9826.0,True
P504526,C104526,Personal Accident,37634.0,True
P504527,C104527,Motor,44844.0,True
P504528,C104528,Life,41807.0,True
P504529,C104529,Motor,38037.0,True
P504530,C104530,Personal Accident,0.0,False
P504531,C104531,Life,0.0,False
P504532,C104532,Motor,0.0,False
P504533,C104533,Health,0.0,False
P504534,C104534,Life,27807.0,True
P504535,C104535,Motor,12137.0,True
P504536,C104536,Personal Accident,0.0,False
P504537,C104537,Motor,0.0,False
P504538,C104538,Motor,0.0,False
P504539,C104539,Life,0.0,False
P504540,C104540,Health,0.0,False
P504541,C104541,Life,31085.0,True
P504542,C104542,Health,41862.0,True
P504543,C104543,Motor,41025.0,True
P504544,C104544,Life,0.0,False
P504545,C104545,Life,0.0,False
P504546,C104546,Motor,0.0,False
P504547,C104547,Motor,43292.0,True
P504548,C104548,Motor,0.0,False
P504549,C104549,Life,0.0,False
P504550,C104550,Personal Accident,34594.0,True
P504551,C104551,Life,0.0,False
P504552,C104552,Health,25902.0,True
P504553,C104553,Motor,35628.0,True
P504554,C104554,Health,0.0,False
P504555,C104555,Health,0.0,False
P504556,C104556,Personal Accident,0.0,False
P504557,C104557,Life,0.0,False
P504558,C104558,Personal Accident,0.0,False
P504559,C104559,Life,0.0,False
P504560,C104560,Health,15353.0,True
P504561,C104561,Life,0.0,False
P504562,C104562,Motor,22281.0,True
P504563,C104563,Health,0.0,False
P504564,C104564,Life,0.0,False
P504565,C104565,Motor,0.0,False
P504566,C104566,Personal Accident,0.0,False
P504567,C104567,Life,0.0,False
P504568,C104568,Health,0.0,False
P504569,C104569,Life,0.0,False
P504570,C104570,Personal Accident,20565.0,True
P504571,C104571,Motor,0.0,False
P504572,C104572,Personal Accident,42223.0,True
P504573,C104573,Health,0.0,False
P504574,C104574,Motor,9513.0,True
P504575,C104575,Personal Accident,0.0,False
P504576,C104576,Health,0.0,False
P504577,C104577,Health,0.0,False
P504578,C104578,Health,0.0,False
P504579,C104579,Personal Accident,0.0,False
P504580,C104580,Personal Accident,9820.0,True
P504581,C104581,Personal Accident,39655.0,True
P504582,C104582,Life,38788.0,True
P504583,C104583,Motor,0.0,False
P504584,C104584,Motor,0.0,False
P504585,C104585,Life,0.0,False
P504586,C104586,Health,0.0,False
P504587,C104587,Personal Accident,0.0,False
P504588,C104588,Personal Accident,0.0,False
P504589,C104589,Health,40469.0,True
P504590,C104590,Motor,0.0,False
P504591,C104591,Health,0.0,False
P504592,C104592,Personal Accident,0.0,False
P504593,C104593,Health,34000.0,True
P504594,C104594,Life,0.0,False
P504595,C104595,Personal Accident,39502.0,True
P504596,C104596,Motor,33549.0,True
P504597,C104597,Life,30011.0,True
P504598,C104598,Motor,0.0,False
P504599,C104599,Personal Accident,0.0,False
P504600,C104600,Personal Accident,0.0,False
P504601,C104601,Life,0.0,False
P504602,C104602,Personal Accident,0.0,False
P504603,C104603,Motor,0.0,False
P504604,C104604,Motor,26570.0,True
P504605,C104605,Motor,0.0,False
P504606,C104606,Personal Accident,0.0,False
P504607,C104607,Life,0.0,False
P504608,C104608,Life,0.0,False
P504609,C104609,Life,33182.0,True
P504610,C104610,Personal Accident,0.0,False
P504611,C104611,Life,0.0,False
P504612,C104612,Personal Accident,0.0,False
P504613,C104613,Health,9219.0,True
P504614,C104614,Health,28441.0,True
P504615,C104615,Health,0.0,False
P504616,C104616,Life,0.0,False
P504617,C104617,Health,0.0,False
P504618,C104618,Life,0.0,False
P504619,C104619,Motor,0.0,False
P504620,C104620,Life,0.0,False
P504621,C104621,Life,0.0,False
P504622,C104622,Life,27922.0,True
P504623,C104623,Personal Accident,34494.0,True
P504624,C104624,Motor,0.0,False
P504625,C104625,Motor,0.0,False
P504626,C104626,Life,0.0,False
P504627,C104627,Health,30484.0,True
P504628,C104628,Life,0.0,False
P504629,C104629,Life,9921.0,True
P504630,C104630,Health,0.0,False
P504631,C104631,Motor,0.0,False
P504632,C104632,Life,18437.0,True
P504633,C104633,Life,23607.0,True
P504634,C104634,Motor,0.0,False
P504635,C104635,Life,41874.0,True
P504636,C104636,Life,0.0,False
P504637,C104637,Health,0.0,False
P504638,C104638,Personal Accident,6428.0,True
P504639,C104639,Health,0.0,False
P504640,C104640,Personal Accident,0.0,False
P504641,C104641,Health,43688.0,True
P504642,C104642,Personal Accident,0.0,False
P504643,C104643,Health,38982.0,True
P504644,C104644,Life,34679.0,True
P504645,C104645,Health,8114.0,True
P504646,C104646,Personal Accident,0.0,False
P504647,C104647,Life,0.0,False
P504648,C104648,Motor,0.0,False
P504649,C104649,Life,0.0,False
P504650,C104650,Motor,19558.0,True
P504651,C104651,Personal Accident,32130.0,True
P504652,C104652,Health,0.0,False
P504653,C104653,Health,0.0,False
P504654,C104654,Life,0.0,False
P504655,C104655,Life,20615.0,True
P504656,C104656,Health,8095.0,True
P504657,C104657,Life,0.0,False
P504658,C104658,Life,0.0,False
P504659,C104659,Motor,0.0,False
P504660,C104660,Personal Accident,0.0,False
P504661,C104661,Motor,4439.0,True
P504662,C104662,Motor,0.0,False
P504663,C104663,Health,26209.0,True
P504664,C104664,Life,0.0,False
P504665,C104665,Health,0.0,False
P504666,C104666,Health,35771.0,True
P504667,C104667,Motor,38308.0,True
P504668,C104668,Life,0.0,False
P504669,C104669,Motor,17976.0,True
P504670,C104670,Health,0.0,False
P504671,C104671,Life,0.0,False
P504672,C104672,Health,22638.0,True
P504673,C104673,Personal Accident,8018.0,True
P504674,C104674,Personal Accident,0.0,False
P504675,C104675,Personal Accident,26577.0,True
P504676,C104676,Health,0.0,False
P504677,C104677,Life,0.0,False
P504678,C104678,Motor,0.0,False
P504679,C104679,Personal Accident,0.0,False
P504680,C104680,Motor,0.0,False
P504681,C104681,Motor,0.0,False
P504682,C104682,Motor,32384.0,True
P504683,C104683,Health,0.0,False
P504684,C104684,Motor,37340.0,True
P504685,C104685,Personal Accident,13759.0,True
P504686,C104686,Health,31827.0,True
P504687,C104687,Health,0.0,False
P504688,C104688,Motor,0.0,False
P504689,C104689,Personal Accident,5478.0,True
P504690,C104690,Life,0.0,False
P504691,C104691,Health,0.0,False
P504692,C104692,Health,0.0,False
P504693,C104693,Life,0.0,False
P504694,C104694,Motor,7063.0,True
P504695,C104695,Personal Accident,0.0,False
P504696,C104696,Motor,0.0,False
P504697,C104697,Life,0.0,False
P504698,C104698,Life,34572.0,True
P504699,C104699,Motor,0.0,False
P504700,C104700,Personal Accident,0.0,False
P504701,C104701,Personal Accident,0.0,False
P504702,C104702,Personal Accident,0.0,False
P504703,C104703,Motor,26485.0,True
P504704,C104704,Health,0.0,False
P504705,C104705,Health,20672.0,True
P504706,C104706,Motor,0.0,False
P504707,C104707,Motor,17844.0,True
P504708,C104708,Personal Accident,0.0,False
P504709,C104709,Life,0.0,False
P504710,C104710,Health,0.0,False
P504711,C104711,Personal Accident,37944.0,True
P504712,C104712,Life,0.0,False
P504713,C104713,Life,33785.0,True
P504714,C104714,Personal Accident,0.0,False
P504715,C104715,Personal Accident,0.0,False
P504716,C104716,Health,0.0,False
P504717,C104717,Personal Accident,0.0,False
P504718,C104718,Motor,0.0,False
P504719,C104719,Motor,32772.0,True
P504720,C104720,Motor,0.0,False
P504721,C104721,Health,17215.0,True
P504722,C104722,Personal Accident,0.0,False
P504723,C104723,Personal Accident,0.0,False
P504724,C104724,Health,0.0,False
P504725,C104725,Motor,32064.0,True
P504726,C104726,Health,0.0,False
P504727,C104727,Life,0.0,False
P504728,C104728,Motor,0.0,False
P504729,C104729,Personal Accident,0.0,False
P504730,C104730,Life,0.0,False
P504731,C104731,Life,0.0,False
P504732,C104732,Life,0.0,False
P504733,C104733,Health,35390.0,True
P504734,C104734,Personal Accident,0.0,False
P504735,C104735,Personal Accident,0.0,False
P504736,C104736,Personal Accident,0.0,False
P504737,C104737,Motor,17369.0,True
P504738,C104738,Life,8307.0,True
P504739,C104739,Personal Accident,0.0,False
P504740,C104740,Motor,25611.0,True
P504741,C104741,Health,0.0,False
P504742,C104742,Health,0.0,False
P504743,C104743,Health,6790.0,True
P504744,C104744,Personal Accident,0.0,False
P504745,C104745,Personal Accident,0.0,False
P504746,C104746,Personal Accident,0.0,False
P504747,C104747,Life,15048.0,True
P504748,C104748,Personal Accident,9767.0,True
P504749,C104749,Life,22471.0,True
P504750,C104750,Health,0.0,False
P504751,C104751,Life,0.0,False
P504752,C104752,Health,37131.0,True
P504753,C104753,Life,0.0,False
P504754,C104754,Health,40634.0,True
P504755,C104755,Health,15263.0,True
P504756,C104756,Life,0.0,False
P504757,C104757,Life,0.0,False
P504758,C104758,Personal Accident,0.0,False
P504759,C104759,Personal Accident,0.0,False
P504760,C104760,Motor,0.0,False
P504761,C104761,Personal Accident,0.0,False
P504762,C104762,Motor,0.0,False
P504763,C104763,Life,0.0,False
P504764,C104764,Health,0.0,False
P504765,C104765,Health,0.0,False
P504766,C104766,Health,0.0,False
P504767,C104767,Health,0.0,False
P504768,C104768,Life,0.0,False
P504769,C104769,Life,38300.0,True
P504770,C104770,Life,4057.0,True
P504771,C104771,Life,36358.0,True
P504772,C104772,Personal Accident,0.0,False
P504773,C104773,Motor,0.0,False
P504774,C104774,Health,39372.0,True
P504775,C104775,Motor,0.0,False
P504776,C104776,Motor,0.0,False
P504777,C104777,Personal Accident,0.0,False
P504778,C104778,Life,41837.0,True
P504779,C104779,Health,0.0,False
P504780,C104780,Life,0.0,False
P504781,C104781,Personal Accident,0.0,False
P504782,C104782,Personal Accident,0.0,False
P504783,C104783,Life,0.0,False
P504784,C104784,Health,18520.0,True
P504785,C104785,Life,0.0,False
P504786,C104786,Personal Accident,0.0,False
P504787,C104787,Motor,32739.0,True
P504788,C104788,Life,31231.0,True
P504789,C104789,Motor,0.0,False
P504790,C104790,Personal Accident,33101.0,True
P504791,C104791,Motor,0.0,False
P504792,C104792,Life,0.0,False
P504793,C104793,Life,0.0,False
P504794,C104794,Health,32493.0,True
P504795,C104795,Motor,0.0,False
P504796,C104796,Motor,0.0,False
P504797,C104797,Motor,0.0,False
P504798,C104798,Motor,0.0,False
P504799,C104799,Motor,0.0,False
P504800,C104800,Health,0.0,False
P504801,C104801,Motor,0.0,False
P504802,C104802,Personal Accident,27323.0,True
P504803,C104803,Life,0.0,False
P504804,C104804,Personal Accident,0.0,False
P504805,C104805,Personal Accident,41482.0,True
P504806,C104806,Motor,0.0,False
P504807,C104807,Health,21014.0,True
P504808,C104808,Motor,37747.0,True
P504809,C104809,Personal Accident,0.0,False
P504810,C104810,Life,0.0,False
P504811,C104811,Motor,0.0,False
P504812,C104812,Motor,0.0,False
P504813,C104813,Personal Accident,39710.0,True
P504814,C104814,Personal Accident,0.0,False
P504815,C104815,Motor,6557.0,True
P504816,C104816,Personal Accident,0.0,False
P504817,C104817,Health,0.0,False
P504818,C104818,Life,33801.0,True
P504819,C104819,Motor,0.0,False
P504820,C104820,Motor,0.0,False
P504821,C104821,Motor,0.0,False
P504822,C104822,Personal Accident,0.0,False
P504823,C104823,Life,5083.0,True
P504824,C104824,Personal Accident,0.0,False
P504825,C104825,Health,0.0,False
P504826,C104826,Motor,27590.0,True
P504827,C104827,Motor,0.0,False
P504828,C104828,Health,0.0,False
P504829,C104829,Motor,0.0,False
P504830,C104830,Personal Accident,44692.0,True
P504831,C104831,Personal Accident,0.0,False
P504832,C104832,Personal Accident,36975.0,True
P504833,C104833,Motor,0.0,False
P504834,C104834,Health,0.0,False
P504835,C104835,Life,0.0,False
P504836,C104836,Personal Accident,0.0,False
P504837,C104837,Personal Accident,37879.0,True
P504838,C104838,Health,0.0,False
P504839,C104839,Life,7736.0,True
P504840,C104840,Life,0.0,False
P504841,C104841,Motor,42443.0,True
P504842,C104842,Motor,7842.0,True
P504843,C104843,Health,0.0,False
P504844,C104844,Life,40620.0,True
P504845,C104845,Health,0.0,False
P504846,C104846,Personal Accident,8295.0,True
P504847,C104847,Motor,0.0,False
P504848,C104848,Life,0.0,False
P504849,C104849,Personal Accident,0.0,False
P504850,C104850,Personal Accident,0.0,False
P504851,C104851,Health,0.0,False
P504852,C104852,Health,12755.0,True
P504853,C104853,Health,0.0,False
P504854,C104854,Life,0.0,False
P504855,C104855,Life,0.0,False
P504856,C104856,Personal Accident,0.0,False
P504857,C104857,Life,0.0,False
P504858,C104858,Health,0.0,False
P504859,C104859,Life,0.0,False
P504860,C104860,Life,0.0,False
P504861,C104861,Health,0.0,False
P504862,C104862,Personal Accident,8987.0,True
P504863,C104863,Personal Accident,0.0,False
P504864,C104864,Health,0.0,False
P504865,C104865,Personal Accident,41078.0,True
P504866,C104866,Personal Accident,0.0,False
P504867,C104867,Motor,0.0,False
P504868,C104868,Health,0.0,False
P504869,C104869,Personal Accident,0.0,False
P504870,C104870,Life,0.0,False
P504871,C104871,Motor,0.0,False
P504872,C104872,Life,0.0,False
P504873,C104873,Motor,0.0,False
P504874,C104874,Motor,0.0,False
P504875,C104875,Motor,19603.0,True
P504876,C104876,Health,12090.0,True
P504877,C104877,Personal Accident,0.0,False
P504878,C104878,Motor,0.0,False
P504879,C104879,Personal Accident,0.0,False
P504880,C104880,Health,44145.0,True
P504881,C104881,Health,0.0,False
P504882,C104882,Motor,41436.0,True
P504883,C104883,Life,0.0,False
P504884,C104884,Motor,39980.0,True
P504885,C104885,Motor,0.0,False
P504886,C104886,Life,0.0,False
P504887,C104887,Motor,36210.0,True
P504888,C104888,Personal Accident,0.0,False
P504889,C104889,Personal Accident,0.0,False
P504890,C104890,Motor,0.0,False
P504891,C104891,Personal Accident,0.0,False
P504892,C104892,Motor,0.0,False
P504893,C104893,Life,0.0,False
P504894,C104894,Motor,0.0,False
P504895,C104895,Life,0.0,False
P504896,C104896,Life,0.0,False
P504897,C104897,Life,0.0,False
P504898,C104898,Life,0.0,False
P504899,C104899,Health,0.0,False
P504900,C104900,Motor,0.0,False
P504901,C104901,Personal Accident,8843.0,True
P504902,C104902,Health,0.0,False
P504903,C104903,Motor,0.0,False
P504904,C104904,Motor,0.0,False
P504905,C104905,Motor,0.0,False
P504906,C104906,Life,0.0,False
P504907,C104907,Life,0.0,False
P504908,C104908,Personal Accident,0.0,False
P504909,C104909,Motor,0.0,False
P504910,C104910,Life,0.0,False
P504911,C104911,Health,43872.0,True
P504912,C104912,Motor,0.0,False
P504913,C104913,Life,0.0,False
P504914,C104914,Health,0.0,False
P504915,C104915,Personal Accident,6581.0,True
P504916,C104916,Health,0.0,False
P504917,C104917,Personal Accident,0.0,False
P504918,C104918,Health,22130.0,True
P504919,C104919,Health,0.0,False
P504920,C104920,Health,0.0,False
P504921,C104921,Health,39528.0,True
P504922,C104922,Personal Accident,0.0,False
P504923,C104923,Personal Accident,0.0,False
P504924,C104924,Life,37055.0,True
P504925,C104925,Life,0.0,False
P504926,C104926,Personal Accident,0.0,False
P504927,C104927,Life,0.0,False
P504928,C104928,Health,0.0,False
P504929,C104929,Motor,0.0,False
P504930,C104930,Health,9906.0,True
P504931,C104931,Personal Accident,9047.0,True
P504932,C104932,Motor,0.0,False
P504933,C104933,Motor,0.0,False
P504934,C104934,Motor,0.0,False
P504935,C104935,Motor,0.0,False
P504936,C104936,Life,0.0,False
P504937,C104937,Life,0.0,False
P504938,C104938,Personal Accident,12855.0,True
P504939,C104939,Motor,0.0,False
P504940,C104940,Health,0.0,False
P504941,C104941,Life,0.0,False
P504942,C104942,Health,0.0,False
P504943,C104943,Health,0.0,False
P504944,C104944,Life,17390.0,True
P504945,C104945,Motor,37368.0,True
P504946,C104946,Motor,16967.0,True
P504947,C104947,Health,0.0,False
P504948,C104948,Motor,31821.0,True
P504949,C104949,Personal Accident,0.0,False
P504950,C104950,Motor,0.0,False
P504951,C104951,Life,0.0,False
P504952,C104952,Life,0.0,False
P504953,C104953,Personal Accident,19580.0,True
P504954,C104954,Motor,0.0,False
P504955,C104955,Life,33980.0,True
P504956,C104956,Personal Accident,0.0,False
P504957,C104957,Life,32482.0,True
P504958,C104958,Personal Accident,0.0,False
P504959,C104959,Life,0.0,False
P504960,C104960,Health,0.0,False
P504961,C104961,Personal Accident,14644.0,True
P504962,C104962,Health,0.0,False
P504963,C104963,Health,0.0,False
P504964,C104964,Personal Accident,0.0,False
P504965,C104965,Personal Accident,0.0,False
P504966,C104966,Motor,0.0,False
P504967,C104967,Personal Accident,24143.0,True
P504968,C104968,Life,0.0,False
P504969,C104969,Life,0.0,False
P504970,C104970,Health,37439.0,True
P504971,C104971,Personal Accident,0.0,False
P504972,C104972,Personal Accident,0.0,False
P504973,C104973,Personal Accident,0.0,False
P504974,C104974,Life,7371.0,True
P504975,C104975,Life,0.0,False
P504976,C104976,Life,0.0,False
P504977,C104977,Health,0.0,False
P504978,C104978,Health,0.0,False
P504979,C104979,Motor,0.0,False
P504980,C104980,Motor,40690.0,True
P504981,C104981,Motor,0.0,False
P504982,C104982,Motor,0.0,False
P504983,C104983,Personal Accident,39898.0,True
P504984,C104984,Life,17269.0,True
P504985,C104985,Personal Accident,16123.0,True
P504986,C104986,Motor,38560.0,True
P504987,C104987,Personal Accident,0.0,False
P504988,C104988,Health,44588.0,True
P504989,C104989,Personal Accident,0.0,False
P504990,C104990,Life,0.0,False
P504991,C104991,Life,0.0,False
P504992,C104992,Motor,0.0,False
P504993,C104993,Personal Accident,41891.0,True
P504994,C104994,Life,0.0,False
P504995,C104995,Motor,0.0,False
P504996,C104996,Personal Accident,26933.0,True
P504997,C104997,Personal Accident,0.0,False
P504998,C104998,Motor,0.0,False
P504999,C104999,Motor,0.0,False
P505000,C105000,Life,0.0,False
