loan_id,customer_id,product,channel,disbursement_date,original_amount,tenure_months,interest_rate,dpd,loan_status,outstanding_principal
L200001,C102872,Home Loan,Branch,2023-03-14,4611000.0,48,10.19,3,Delinquent,717559.0
L200002,C101373,Business Loan,Partner,2025-02-14,1056000.0,12,14.97,2,Delinquent,84480.0
L200003,C103624,Business Loan,Branch,2023-06-08,406000.0,60,15.69,3,Delinquent,113971.0
L200004,C102635,Personal Loan,Branch,2023-03-09,814000.0,12,15.75,55,Delinquent,172876.0
L200005,C104754,Auto Loan,DSA,2023-12-22,725000.0,120,11.54,129,NPL,517121.0
L200006,C102425,Auto Loan,Digital,2025-03-14,394000.0,12,13.83,28,Delinquent,33416.0
L200007,C100783,Business Loan,Partner,2025-09-15,1076000.0,84,13.78,135,NPL,888635.0
L200008,C104610,Home Loan,Digital,2024-12-18,4442000.0,48,10.41,0,Current,2364691.0
L200009,C101545,Personal Loan,Digital,2025-02-23,879000.0,60,11.55,12,Delinquent,662458.0
L200010,C103821,Personal Loan,Branch,2023-10-18,708000.0,60,21.94,130,NPL,301083.0
L200011,C103914,Personal Loan,Partner,2023-05-09,673000.0,36,18.89,148,NPL,90618.0
L200012,C104624,Personal Loan,Digital,2023-05-16,140000.0,120,16.55,8,Delinquent,101113.0
L200013,C103201,Personal Loan,Digital,2023-04-01,444000.0,84,14.3,4,Delinquent,209598.0
L200014,C102559,Personal Loan,DSA,2024-02-21,452000.0,48,20.76,12,Delinquent,170019.0
L200015,C101925,Business Loan,Branch,2025-06-16,991000.0,120,11.29,8,Delinquent,935933.0
L200016,C102234,Personal Loan,Partner,2023-03-14,467000.0,84,21.74,4,Delinquent,229188.0
L200017,C103902,Personal Loan,Digital,2024-02-20,378000.0,36,17.49,12,Delinquent,46702.0
L200018,C102831,Business Loan,DSA,2024-12-21,966000.0,60,17.08,0,Current,576705.0
L200019,C100246,Personal Loan,DSA,2023-03-13,869000.0,24,11.96,1,Delinquent,114799.0
L200020,C101861,Auto Loan,Digital,2024-10-17,742000.0,36,11.34,16,Delinquent,344246.0
L200021,C104571,Business Loan,DSA,2024-04-22,1564000.0,36,17.28,15,Delinquent,251302.0
L200022,C101055,Personal Loan,DSA,2026-01-06,699000.0,60,14.79,17,Delinquent,615881.0
L200023,C102362,Home Loan,Branch,2024-08-18,5287000.0,36,9.35,2,Delinquent,1223631.0
L200024,C104184,Personal Loan,DSA,2024-09-13,777000.0,24,11.64,128,NPL,141157.0
L200025,C101452,Home Loan,Digital,2025-10-17,4206000.0,36,9.39,11,Delinquent,2904452.0
L200026,C103403,Auto Loan,DSA,2025-05-25,280000.0,84,10.88,1,Delinquent,242626.0
L200027,C103926,Personal Loan,DSA,2024-10-19,133000.0,12,11.79,10,Delinquent,23636.0
L200028,C101629,Home Loan,Branch,2025-03-07,3037000.0,48,9.83,129,NPL,1844515.0
L200029,C104479,Home Loan,Branch,2024-04-29,1737000.0,48,10.56,22,Delinquent,683869.0
L200030,C102232,Personal Loan,Branch,2025-04-19,328000.0,84,16.19,6,Delinquent,270877.0
L200031,C101481,Personal Loan,DSA,2024-01-06,869000.0,24,17.16,3,Delinquent,100083.0
L200032,C101128,Auto Loan,Partner,2024-01-12,851000.0,36,13.61,44,Delinquent,118540.0
L200033,C101334,Personal Loan,DSA,2025-09-21,773000.0,12,15.36,4,Delinquent,202494.0
L200034,C102815,Auto Loan,DSA,2024-05-13,865000.0,24,9.12,47,Delinquent,76793.0
L200035,C101127,Business Loan,Digital,2024-09-29,921000.0,84,17.47,129,NPL,774716.0
L200036,C101792,Business Loan,Digital,2023-05-24,1394000.0,48,10.89,1,Delinquent,344024.0
L200037,C103555,Personal Loan,Partner,2024-02-17,419000.0,84,19.39,15,Delinquent,263434.0
L200038,C104378,Home Loan,Branch,2025-02-19,5038000.0,48,8.95,12,Delinquent,3020226.0
L200039,C103395,Auto Loan,Digital,2024-09-28,969000.0,84,9.99,11,Delinquent,681489.0
L200040,C102642,Auto Loan,Branch,2023-12-29,538000.0,36,12.13,2,Delinquent,141509.0
L200041,C103481,Education Loan,Branch,2023-02-05,520000.0,60,8.62,5,Delinquent,129586.0
L200042,C102059,Home Loan,Digital,2024-10-20,3228000.0,60,9.68,5,Delinquent,1888269.0
L200043,C101355,Personal Loan,Branch,2024-02-23,377000.0,60,20.05,1,Delinquent,180817.0
L200044,C103749,Personal Loan,Digital,2026-01-10,614000.0,36,21.46,10,Delinquent,467219.0
L200045,C100676,Education Loan,Branch,2023-02-22,988000.0,36,12.52,9,Delinquent,143916.0
L200046,C104526,Auto Loan,Digital,2025-03-30,1183000.0,60,11.04,1,Delinquent,845351.0
L200047,C102143,Business Loan,Branch,2024-04-04,1108000.0,120,10.7,9,Delinquent,809700.0
L200048,C104088,Auto Loan,Partner,2023-11-18,1102000.0,48,11.66,2,Delinquent,316230.0
L200049,C100495,Education Loan,Digital,2025-05-06,971000.0,48,11.85,5,Delinquent,667941.0
L200050,C102475,Home Loan,DSA,2024-09-09,5967000.0,12,8.29,12,Delinquent,1241860.0
L200051,C102110,Education Loan,Digital,2023-03-31,640000.0,12,9.34,5,Delinquent,60808.0
L200052,C101783,Business Loan,Branch,2024-12-23,1216000.0,60,15.68,79,Delinquent,881627.0
L200053,C102560,Business Loan,DSA,2023-08-03,2055000.0,24,11.6,6,Delinquent,441963.0
L200054,C103311,Education Loan,Branch,2025-10-17,192000.0,36,11.79,0,Current,146815.0
L200055,C104710,Home Loan,Digital,2023-10-17,2544000.0,12,9.3,9,Delinquent,583640.0
L200056,C104085,Business Loan,Digital,2025-08-10,1888000.0,84,12.49,45,Delinquent,1727191.0
L200057,C101158,Auto Loan,DSA,2024-01-30,732000.0,24,14.16,6,Delinquent,58560.0
L200058,C104894,Business Loan,Partner,2024-01-14,1616000.0,84,15.68,14,Delinquent,874120.0
L200059,C102492,Business Loan,Branch,2023-01-03,2105000.0,48,12.23,12,Delinquent,197578.0
L200060,C102287,Business Loan,Digital,2026-01-08,311000.0,84,12.83,164,NPL,293847.0
L200061,C100056,Home Loan,Digital,2024-10-24,1310000.0,48,8.73,135,NPL,720085.0
L200062,C103342,Business Loan,DSA,2023-06-26,1946000.0,24,14.83,9,Delinquent,302463.0
L200063,C104435,Business Loan,Partner,2023-02-11,2058000.0,120,12.83,16,Delinquent,1409829.0
L200064,C101466,Auto Loan,Digital,2023-11-28,183000.0,84,11.62,112,NPL,100978.0
L200065,C104337,Home Loan,Branch,2024-08-14,1585000.0,60,9.17,8,Delinquent,884260.0
L200066,C100438,Business Loan,DSA,2023-02-10,911000.0,60,13.66,5,Delinquent,182070.0
L200067,C104835,Business Loan,Digital,2024-03-09,2726000.0,120,16.41,11,Delinquent,2316860.0
L200068,C101266,Home Loan,Partner,2024-01-09,5209000.0,120,9.82,3,Delinquent,3931282.0
L200069,C102407,Auto Loan,Digital,2025-11-13,188000.0,24,14.29,8,Delinquent,127568.0
L200070,C100073,Auto Loan,Partner,2024-05-11,999000.0,60,10.53,1,Delinquent,530956.0
L200071,C104492,Auto Loan,Branch,2023-05-06,474000.0,120,10.6,14,Delinquent,340307.0
L200072,C102548,Personal Loan,DSA,2023-10-17,822000.0,12,21.83,11,Delinquent,67711.0
L200073,C104854,Personal Loan,Branch,2025-09-18,265000.0,84,11.85,10,Delinquent,238127.0
L200074,C101866,Business Loan,Digital,2023-01-16,641000.0,48,17.42,57,Delinquent,89822.0
L200075,C100300,Education Loan,Partner,2023-06-09,173000.0,12,12.98,4,Delinquent,28723.0
L200076,C103392,Home Loan,Digital,2023-01-13,4418000.0,60,10.61,4,Delinquent,1217130.0
L200077,C100816,Business Loan,DSA,2023-03-01,2920000.0,36,13.26,3,Delinquent,493534.0
L200078,C103077,Home Loan,Branch,2026-01-13,5589000.0,120,9.29,5,Delinquent,4745583.0
L200079,C100175,Personal Loan,Branch,2026-04-03,392000.0,120,20.37,1,Delinquent,364002.0
L200080,C100840,Auto Loan,Digital,2025-05-31,1405000.0,24,12.5,9,Delinquent,616896.0
L200081,C103190,Personal Loan,Digital,2023-04-21,894000.0,84,11.66,21,Delinquent,550345.0
L200082,C103370,Personal Loan,Branch,2025-04-18,373000.0,36,18.44,2,Delinquent,195579.0
L200083,C100762,Education Loan,DSA,2025-07-16,824000.0,24,10.71,11,Delinquent,414810.0
L200084,C100938,Home Loan,DSA,2025-07-31,3081000.0,84,11.37,20,Delinquent,2722287.0
L200085,C104293,Personal Loan,Branch,2025-06-15,407000.0,48,13.61,3,Delinquent,295800.0
L200086,C100030,Home Loan,Branch,2025-04-13,2186000.0,60,9.37,9,Delinquent,1772989.0
L200087,C101151,Auto Loan,Digital,2024-06-14,1533000.0,24,13.14,5,Delinquent,190925.0
L200088,C104851,Auto Loan,Digital,2023-03-15,879000.0,48,9.57,58,Delinquent,171674.0
L200089,C102738,Personal Loan,Partner,2025-09-15,651000.0,84,20.04,7,Delinquent,562385.0
L200090,C100135,Home Loan,Digital,2026-01-15,1672000.0,84,11.16,11,Delinquent,1668406.0
L200091,C104463,Auto Loan,Branch,2024-08-23,1042000.0,120,9.47,1,Delinquent,804655.0
L200092,C101709,Auto Loan,DSA,2024-05-29,880000.0,12,11.09,7,Delinquent,141042.0
L200093,C103577,Education Loan,Branch,2026-01-06,440000.0,84,10.25,13,Delinquent,373455.0
L200094,C103188,Home Loan,Digital,2024-06-28,4179000.0,36,8.88,0,Current,1071619.0
L200095,C101836,Business Loan,Digital,2024-03-20,2501000.0,84,13.4,121,NPL,1839982.0
L200096,C101852,Education Loan,Partner,2025-11-29,707000.0,36,10.94,11,Delinquent,530611.0
L200097,C102751,Personal Loan,DSA,2026-01-17,669000.0,24,12.39,12,Delinquent,476375.0
L200098,C101907,Personal Loan,Branch,2023-09-03,591000.0,12,17.88,8,Delinquent,116385.0
L200099,C100871,Auto Loan,Digital,2023-11-27,1606000.0,120,10.88,5,Delinquent,1105995.0
L200100,C103614,Business Loan,Branch,2024-01-11,1393000.0,120,17.71,0,Current,1030534.0
L200101,C103372,Personal Loan,Branch,2023-07-11,664000.0,36,15.66,58,Delinquent,88423.0
L200102,C103011,Personal Loan,Digital,2025-10-23,288000.0,120,12.8,4,Delinquent,269979.0
L200103,C103709,Auto Loan,Digital,2026-03-14,423000.0,84,9.62,9,Delinquent,412848.0
L200104,C102592,Business Loan,DSA,2024-09-15,408000.0,60,13.11,6,Delinquent,255419.0
L200105,C104642,Personal Loan,Branch,2025-05-03,168000.0,48,15.05,5,Delinquent,97838.0
L200106,C104432,Personal Loan,Digital,2024-05-19,701000.0,36,12.33,11,Delinquent,175386.0
L200107,C104906,Personal Loan,Partner,2026-04-09,687000.0,84,17.82,2,Delinquent,634266.0
L200108,C100541,Education Loan,Digital,2026-02-19,865000.0,60,8.55,11,Delinquent,728607.0
L200109,C100510,Auto Loan,Digital,2025-06-18,324000.0,120,9.92,16,Delinquent,238906.0
L200110,C102349,Home Loan,DSA,2025-12-02,3884000.0,120,10.99,14,Delinquent,3461024.0
L200111,C103463,Business Loan,DSA,2023-06-11,2444000.0,120,15.88,29,Delinquent,1841124.0
L200112,C101196,Home Loan,Digital,2025-11-30,5547000.0,120,8.93,0,Current,5268796.0
L200113,C100576,Business Loan,Partner,2024-05-26,1005000.0,60,14.45,1,Delinquent,600980.0
L200114,C100185,Personal Loan,Branch,2023-09-12,413000.0,36,16.88,9,Delinquent,63422.0
L200115,C102774,Personal Loan,Branch,2026-01-22,432000.0,48,18.8,0,Current,404590.0
L200116,C104896,Home Loan,Digital,2025-10-09,2281000.0,60,10.15,101,NPL,1925864.0
L200117,C102324,Personal Loan,Branch,2023-06-11,693000.0,48,19.18,77,Delinquent,156527.0
L200118,C103671,Business Loan,Branch,2025-02-27,2922000.0,24,14.99,13,Delinquent,779378.0
L200119,C100259,Home Loan,Branch,2025-11-24,4619000.0,84,10.48,12,Delinquent,4158572.0
L200120,C101081,Personal Loan,DSA,2025-04-09,61000.0,60,14.35,10,Delinquent,44008.0
L200121,C103402,Business Loan,Digital,2024-08-01,2812000.0,24,17.35,2,Delinquent,534562.0
L200122,C102013,Home Loan,DSA,2023-02-27,3851000.0,24,10.3,15,Delinquent,756961.0
L200123,C100133,Home Loan,Branch,2024-08-18,5462000.0,84,9.58,15,Delinquent,3987445.0
L200124,C101131,Personal Loan,Digital,2024-10-28,351000.0,84,13.58,16,Delinquent,273581.0
L200125,C103966,Education Loan,Branch,2025-10-08,255000.0,120,11.47,10,Delinquent,232963.0
L200126,C103425,Auto Loan,Branch,2023-09-20,1738000.0,60,14.81,44,Delinquent,767934.0
L200127,C104048,Business Loan,DSA,2023-09-05,830000.0,84,13.95,20,Delinquent,498549.0
L200128,C101753,Business Loan,Branch,2026-01-17,2451000.0,12,17.04,11,Delinquent,978937.0
L200129,C104645,Home Loan,DSA,2025-10-02,4496000.0,48,9.48,13,Delinquent,3085628.0
L200130,C104600,Personal Loan,DSA,2024-11-04,596000.0,48,20.02,3,Delinquent,364948.0
L200131,C101838,Auto Loan,Digital,2024-06-18,1434000.0,12,13.56,83,Delinquent,213471.0
L200132,C101038,Personal Loan,Digital,2025-01-10,792000.0,48,19.94,9,Delinquent,473758.0
L200133,C104810,Education Loan,Partner,2023-07-02,894000.0,12,12.39,3,Delinquent,115767.0
L200134,C101750,Personal Loan,Branch,2023-10-19,588000.0,120,12.96,3,Delinquent,414206.0
L200135,C102481,Personal Loan,Partner,2024-10-12,872000.0,12,12.55,1,Delinquent,167066.0
L200136,C104660,Auto Loan,Branch,2024-05-20,1493000.0,48,9.14,8,Delinquent,619505.0
L200137,C101346,Home Loan,Digital,2023-08-02,5518000.0,84,11.42,1,Delinquent,3079242.0
L200138,C104424,Auto Loan,Partner,2024-09-27,813000.0,12,14.0,9,Delinquent,99087.0
L200139,C100804,Business Loan,Branch,2025-02-22,1633000.0,36,16.54,2,Delinquent,953334.0
L200140,C101466,Business Loan,DSA,2025-09-01,2640000.0,84,10.79,11,Delinquent,2397406.0
L200141,C101942,Business Loan,Digital,2025-01-25,2903000.0,48,16.14,35,Delinquent,2118054.0
L200142,C102416,Home Loan,Partner,2025-01-03,5633000.0,120,10.58,94,NPL,4732084.0
L200143,C101216,Home Loan,Branch,2024-10-29,3392000.0,12,10.5,5,Delinquent,491693.0
L200144,C104419,Business Loan,Digital,2023-05-16,569000.0,48,15.79,7,Delinquent,125328.0
L200145,C103324,Personal Loan,Branch,2024-04-06,725000.0,60,17.37,8,Delinquent,350874.0
L200146,C103354,Personal Loan,Branch,2024-06-24,797000.0,120,16.86,13,Delinquent,665031.0
L200147,C103659,Personal Loan,DSA,2024-09-20,439000.0,48,12.87,13,Delinquent,235357.0
L200148,C103187,Auto Loan,DSA,2023-12-21,1223000.0,36,12.26,51,Delinquent,239641.0
L200149,C103219,Auto Loan,DSA,2025-06-11,1588000.0,24,14.88,5,Delinquent,619550.0
L200150,C103303,Personal Loan,DSA,2024-10-08,435000.0,36,14.14,31,Delinquent,163373.0
L200151,C103603,Personal Loan,DSA,2024-01-02,54000.0,24,16.62,7,Delinquent,8961.0
L200152,C104605,Personal Loan,Digital,2024-07-17,712000.0,120,12.95,45,Delinquent,577133.0
L200153,C100983,Home Loan,Branch,2025-05-01,5266000.0,24,11.48,12,Delinquent,1822593.0
L200154,C102586,Personal Loan,DSA,2023-01-27,79000.0,36,21.44,0,Current,15759.0
L200155,C100922,Business Loan,Digital,2024-02-14,471000.0,12,16.98,11,Delinquent,77854.0
L200156,C100909,Education Loan,Branch,2023-09-07,259000.0,120,11.95,23,Delinquent,190008.0
L200157,C104750,Business Loan,Digital,2024-01-21,1916000.0,36,13.62,1,Delinquent,156754.0
L200158,C102364,Business Loan,Branch,2025-03-03,2524000.0,120,12.62,74,Delinquent,1957174.0
L200159,C103522,Education Loan,DSA,2023-09-14,162000.0,48,8.92,9,Delinquent,37617.0
L200160,C103645,Business Loan,Branch,2024-10-15,764000.0,48,17.84,12,Delinquent,440549.0
L200161,C100159,Auto Loan,Digital,2024-03-28,1309000.0,84,13.55,173,NPL,888894.0
L200162,C102461,Business Loan,DSA,2023-03-05,2055000.0,84,13.03,1,Delinquent,1197830.0
L200163,C100902,Auto Loan,Partner,2025-11-28,176000.0,120,13.34,8,Delinquent,159808.0
L200164,C101567,Home Loan,Digital,2024-12-18,4852000.0,84,9.11,8,Delinquent,3758563.0
L200165,C100942,Personal Loan,Partner,2023-12-23,862000.0,120,14.9,10,Delinquent,592061.0
L200166,C103332,Auto Loan,Digital,2024-08-26,578000.0,36,11.12,37,Delinquent,234076.0
L200167,C100661,Business Loan,Branch,2026-03-30,999000.0,12,16.61,7,Delinquent,629489.0
L200168,C102252,Auto Loan,Digital,2023-06-30,1348000.0,48,12.02,7,Delinquent,351153.0
L200169,C101529,Home Loan,Digital,2025-10-18,2381000.0,24,10.75,56,Delinquent,1446040.0
L200170,C104815,Auto Loan,Branch,2023-01-03,355000.0,120,14.11,0,Current,217278.0
L200171,C103941,Business Loan,Digital,2025-11-03,1017000.0,84,17.47,9,Delinquent,855818.0
L200172,C101761,Business Loan,Branch,2024-02-07,2456000.0,48,11.09,3,Delinquent,980192.0
L200173,C101467,Home Loan,DSA,2023-12-22,2395000.0,60,9.49,23,Delinquent,1083404.0
L200174,C103588,Personal Loan,Digital,2025-07-24,85000.0,36,12.35,6,Delinquent,46901.0
L200175,C103158,Home Loan,Branch,2023-07-16,2433000.0,84,11.33,0,Current,1617052.0
L200176,C102776,Business Loan,Digital,2023-06-09,1523000.0,12,17.71,58,Delinquent,265710.0
L200177,C100361,Personal Loan,Partner,2024-07-14,654000.0,84,20.58,47,Delinquent,485176.0
L200178,C100388,Business Loan,Partner,2026-02-07,594000.0,36,14.1,14,Delinquent,480505.0
L200179,C103182,Personal Loan,Partner,2024-02-02,620000.0,48,20.72,8,Delinquent,192072.0
L200180,C102349,Education Loan,Partner,2024-10-12,1095000.0,48,9.48,49,Delinquent,573467.0
L200181,C104148,Home Loan,Branch,2024-04-22,4937000.0,120,9.08,5,Delinquent,4116381.0
L200182,C100146,Auto Loan,Digital,2025-06-29,267000.0,48,10.78,6,Delinquent,180489.0
L200183,C100931,Auto Loan,Digital,2025-12-15,1318000.0,12,14.09,46,Delinquent,489580.0
L200184,C103950,Business Loan,Partner,2026-03-18,1676000.0,84,11.57,5,Delinquent,1525044.0
L200185,C104896,Business Loan,Branch,2023-11-19,1081000.0,120,11.5,12,Delinquent,764808.0
L200186,C103673,Personal Loan,Digital,2023-11-12,319000.0,120,13.27,20,Delinquent,252037.0
L200187,C100064,Personal Loan,Branch,2026-01-14,706000.0,24,17.59,46,Delinquent,541854.0
L200188,C100253,Personal Loan,Partner,2024-11-30,595000.0,36,18.14,9,Delinquent,275279.0
L200189,C104392,Auto Loan,Branch,2024-01-29,243000.0,24,12.2,11,Delinquent,43552.0
L200190,C102499,Auto Loan,Partner,2024-02-13,724000.0,84,14.05,3,Delinquent,435553.0
L200191,C102485,Personal Loan,Partner,2023-07-31,801000.0,60,17.98,141,NPL,377672.0
L200192,C104808,Business Loan,Branch,2023-04-12,662000.0,60,10.69,15,Delinquent,207776.0
L200193,C101240,Personal Loan,DSA,2024-02-20,398000.0,120,19.16,30,Delinquent,318047.0
L200194,C101424,Personal Loan,Branch,2025-08-10,333000.0,84,17.8,13,Delinquent,317353.0
L200195,C103431,Home Loan,Digital,2025-03-02,5683000.0,12,10.39,6,Delinquent,651906.0
L200196,C104522,Business Loan,Branch,2023-01-15,2916000.0,36,15.17,3,Delinquent,258150.0
L200197,C101830,Personal Loan,Digital,2023-02-23,425000.0,120,21.42,11,Delinquent,283974.0
L200198,C100756,Business Loan,Branch,2025-11-08,2384000.0,48,15.9,44,Delinquent,1953260.0
L200199,C100282,Auto Loan,DSA,2025-08-10,1727000.0,36,9.07,3,Delinquent,1196494.0
L200200,C100034,Auto Loan,DSA,2025-08-11,1527000.0,36,9.51,13,Delinquent,977178.0
L200201,C101872,Personal Loan,Digital,2025-10-31,380000.0,60,13.57,140,NPL,314193.0
L200202,C102653,Business Loan,Branch,2025-02-05,1267000.0,60,14.48,3,Delinquent,862090.0
L200203,C102447,Business Loan,Branch,2024-02-10,1568000.0,48,15.3,15,Delinquent,655870.0
L200204,C101197,Home Loan,Branch,2024-12-10,1307000.0,24,9.35,10,Delinquent,268605.0
L200205,C103383,Personal Loan,Partner,2025-02-09,88000.0,12,12.41,12,Delinquent,13757.0
L200206,C104397,Home Loan,Digital,2025-10-11,2943000.0,36,11.29,137,NPL,2553628.0
L200207,C101165,Home Loan,DSA,2024-09-29,4487000.0,36,8.35,4,Delinquent,1997434.0
L200208,C103370,Personal Loan,Partner,2023-03-08,154000.0,48,17.88,117,NPL,17265.0
L200209,C102725,Auto Loan,Branch,2025-01-16,1718000.0,12,9.29,32,Delinquent,243213.0
L200210,C103435,Personal Loan,Digital,2025-06-02,536000.0,84,21.55,10,Delinquent,496288.0
L200211,C100074,Business Loan,Partner,2026-02-08,1272000.0,24,15.23,125,NPL,934365.0
L200212,C103367,Home Loan,Digital,2023-08-05,1659000.0,60,11.11,54,Delinquent,889553.0
L200213,C103737,Auto Loan,Branch,2025-10-29,1522000.0,48,9.68,10,Delinquent,1250448.0
L200214,C103395,Education Loan,DSA,2023-01-25,709000.0,48,9.02,10,Delinquent,135288.0
L200215,C104203,Home Loan,Partner,2025-05-26,2508000.0,120,10.81,3,Delinquent,2215266.0
L200216,C103736,Personal Loan,DSA,2024-01-10,616000.0,12,15.74,0,Current,49280.0
L200217,C104925,Auto Loan,DSA,2023-05-21,215000.0,36,13.31,44,Delinquent,42079.0
L200218,C103350,Home Loan,DSA,2024-01-28,2043000.0,12,11.41,32,Delinquent,245255.0
L200219,C102232,Business Loan,Digital,2024-10-24,1692000.0,84,17.83,2,Delinquent,1288642.0
L200220,C104172,Business Loan,Branch,2023-08-20,2052000.0,36,11.33,7,Delinquent,438042.0
L200221,C103474,Auto Loan,Partner,2024-10-22,544000.0,48,10.18,5,Delinquent,308982.0
L200222,C102791,Education Loan,Branch,2025-05-03,1077000.0,12,8.6,0,Current,100855.0
L200223,C102894,Personal Loan,DSA,2025-11-17,334000.0,60,16.09,77,Delinquent,280601.0
L200224,C101754,Personal Loan,Digital,2024-11-01,266000.0,24,15.25,28,Delinquent,21280.0
L200225,C103069,Personal Loan,DSA,2024-12-22,872000.0,12,16.75,10,Delinquent,108072.0
L200226,C102335,Auto Loan,DSA,2026-01-09,426000.0,120,10.7,11,Delinquent,405652.0
L200227,C100656,Personal Loan,DSA,2023-02-11,571000.0,48,12.58,6,Delinquent,89952.0
L200228,C102202,Personal Loan,Branch,2025-07-03,292000.0,24,21.7,0,Current,134213.0
L200229,C104750,Education Loan,Digital,2026-03-18,274000.0,36,8.84,13,Delinquent,237052.0
L200230,C101663,Personal Loan,Branch,2025-09-18,499000.0,84,13.13,4,Delinquent,441005.0
L200231,C103387,Personal Loan,Branch,2026-01-12,280000.0,48,13.62,26,Delinquent,229165.0
L200232,C102078,Personal Loan,Digital,2025-12-19,357000.0,60,20.82,10,Delinquent,299414.0
L200233,C101429,Personal Loan,Partner,2024-12-07,366000.0,36,13.1,9,Delinquent,149771.0
L200234,C101925,Personal Loan,Partner,2025-08-25,79000.0,12,18.03,2,Delinquent,24499.0
L200235,C104796,Personal Loan,Digital,2024-03-12,398000.0,12,17.65,0,Current,76354.0
L200236,C100556,Personal Loan,DSA,2023-05-22,272000.0,24,16.61,3,Delinquent,69457.0
L200237,C103340,Business Loan,Branch,2023-04-12,2550000.0,120,17.39,70,Delinquent,1617012.0
L200238,C104153,Home Loan,Branch,2023-08-11,2011000.0,12,8.99,6,Delinquent,211570.0
L200239,C100927,Auto Loan,DSA,2025-05-18,917000.0,12,12.74,11,Delinquent,82459.0
L200240,C103783,Auto Loan,DSA,2024-04-27,574000.0,12,12.47,3,Delinquent,64614.0
L200241,C103184,Business Loan,DSA,2025-08-31,1217000.0,84,14.33,4,Delinquent,1012674.0
L200242,C101688,Business Loan,Branch,2024-02-03,2044000.0,120,15.74,2,Delinquent,1476560.0
L200243,C100884,Home Loan,Digital,2025-08-07,4229000.0,48,9.74,2,Delinquent,3100924.0
L200244,C104726,Personal Loan,Branch,2025-11-28,668000.0,120,13.16,82,Delinquent,635687.0
L200245,C100986,Personal Loan,DSA,2024-01-28,798000.0,36,19.53,10,Delinquent,150143.0
L200246,C104747,Personal Loan,Branch,2024-09-21,599000.0,120,20.74,26,Delinquent,507473.0
L200247,C103241,Business Loan,Digital,2024-10-05,1986000.0,48,14.36,39,Delinquent,1351834.0
L200248,C104284,Auto Loan,Digital,2025-11-17,734000.0,36,14.41,10,Delinquent,551283.0
L200249,C101482,Personal Loan,Branch,2024-03-25,392000.0,120,14.1,19,Delinquent,336391.0
L200250,C100147,Personal Loan,Digital,2024-04-09,683000.0,12,14.11,5,Delinquent,137283.0
L200251,C103278,Business Loan,DSA,2025-07-19,1260000.0,12,13.84,2,Delinquent,255297.0
L200252,C101857,Home Loan,Branch,2025-12-23,2581000.0,84,10.35,6,Delinquent,2400876.0
L200253,C102752,Personal Loan,Digital,2023-02-04,498000.0,120,16.69,6,Delinquent,324663.0
L200254,C102287,Business Loan,Partner,2023-03-28,2792000.0,24,12.41,41,Delinquent,682399.0
L200255,C101608,Auto Loan,Branch,2026-01-25,1164000.0,60,13.41,6,Delinquent,1164000.0
L200256,C103594,Home Loan,Branch,2024-06-18,3313000.0,24,10.44,28,Delinquent,531979.0
L200257,C102505,Home Loan,DSA,2024-11-01,3439000.0,24,10.11,46,Delinquent,490245.0
L200258,C103175,Auto Loan,Digital,2025-12-17,640000.0,48,14.2,146,NPL,529542.0
L200259,C103361,Personal Loan,Partner,2024-04-21,79000.0,120,11.55,53,Delinquent,62071.0
L200260,C103392,Education Loan,Branch,2024-06-23,344000.0,12,11.84,15,Delinquent,31636.0
L200261,C101652,Business Loan,Partner,2025-10-13,2205000.0,120,14.19,15,Delinquent,1830288.0
L200262,C103837,Auto Loan,Digital,2025-05-29,229000.0,12,12.07,1,Delinquent,30168.0
L200263,C101098,Auto Loan,Branch,2025-04-12,1500000.0,120,10.81,2,Delinquent,1263543.0
L200264,C104743,Education Loan,Digital,2024-03-09,528000.0,48,11.58,13,Delinquent,190474.0
L200265,C104047,Personal Loan,Digital,2025-04-22,629000.0,84,15.92,7,Delinquent,519078.0
L200266,C102758,Personal Loan,Branch,2025-09-22,467000.0,60,16.64,111,NPL,407796.0
L200267,C100902,Business Loan,Branch,2025-12-31,2933000.0,84,15.99,2,Delinquent,2748993.0
L200268,C104521,Personal Loan,Branch,2025-01-27,466000.0,60,20.76,9,Delinquent,341377.0
L200269,C102773,Auto Loan,Digital,2025-11-12,295000.0,24,10.22,6,Delinquent,185256.0
L200270,C104075,Home Loan,Branch,2025-09-01,1270000.0,12,8.38,7,Delinquent,206255.0
L200271,C100138,Personal Loan,Branch,2025-05-27,472000.0,84,21.21,127,NPL,420776.0
L200272,C101690,Personal Loan,Branch,2024-10-05,716000.0,12,20.54,1,Delinquent,72968.0
L200273,C101499,Business Loan,DSA,2024-06-05,2806000.0,84,14.1,178,NPL,1954841.0
L200274,C104069,Personal Loan,Partner,2025-02-04,82000.0,24,13.03,2,Delinquent,21033.0
L200275,C102323,Personal Loan,Branch,2025-11-28,194000.0,60,19.8,15,Delinquent,164044.0
L200276,C100587,Home Loan,Partner,2024-09-26,4232000.0,36,10.44,14,Delinquent,1627190.0
L200277,C103076,Personal Loan,DSA,2025-04-19,475000.0,120,12.85,13,Delinquent,434411.0
L200278,C100794,Auto Loan,Partner,2024-11-11,285000.0,84,13.65,7,Delinquent,202221.0
L200279,C102234,Education Loan,Digital,2025-02-17,324000.0,48,10.32,2,Delinquent,219812.0
L200280,C104962,Business Loan,Digital,2025-04-07,2235000.0,12,15.29,9,Delinquent,419084.0
L200281,C102173,Auto Loan,DSA,2023-03-04,442000.0,36,11.04,145,NPL,35360.0
L200282,C102144,Home Loan,Digital,2023-05-26,3218000.0,24,11.29,4,Delinquent,336222.0
L200283,C100202,Education Loan,Partner,2023-02-16,746000.0,84,12.41,15,Delinquent,402091.0
L200284,C102304,Business Loan,Partner,2025-07-11,577000.0,84,16.38,7,Delinquent,536817.0
L200285,C104790,Business Loan,Digital,2025-12-10,1233000.0,36,11.62,177,NPL,981723.0
L200286,C104756,Personal Loan,Digital,2024-03-02,333000.0,36,14.26,15,Delinquent,61864.0
L200287,C104818,Personal Loan,Digital,2023-04-01,501000.0,60,19.13,15,Delinquent,158315.0
L200288,C101810,Personal Loan,DSA,2023-01-16,347000.0,48,17.77,117,NPL,65680.0
L200289,C100327,Personal Loan,DSA,2024-06-17,525000.0,48,19.65,7,Delinquent,221445.0
L200290,C101185,Personal Loan,Digital,2025-02-11,799000.0,12,17.95,3,Delinquent,142604.0
L200291,C101057,Business Loan,Branch,2024-02-04,1597000.0,120,16.94,16,Delinquent,1165679.0
L200292,C100390,Personal Loan,Partner,2025-01-06,810000.0,36,12.22,8,Delinquent,318502.0
L200293,C103547,Personal Loan,Branch,2023-07-04,215000.0,36,15.81,12,Delinquent,24234.0
L200294,C102614,Business Loan,Branch,2025-05-20,1918000.0,36,16.74,12,Delinquent,1100637.0
L200295,C103609,Education Loan,Branch,2024-02-01,528000.0,120,10.5,6,Delinquent,369194.0
L200296,C100999,Personal Loan,Branch,2026-04-12,642000.0,120,17.47,6,Delinquent,642000.0
L200297,C103481,Personal Loan,Digital,2025-07-12,694000.0,120,17.4,3,Delinquent,608579.0
L200298,C100325,Business Loan,Branch,2024-07-07,1955000.0,48,11.77,0,Current,820009.0
L200299,C103608,Education Loan,Branch,2026-02-09,898000.0,36,10.15,0,Current,806207.0
L200300,C104066,Auto Loan,Branch,2026-03-13,1306000.0,12,9.41,0,Current,721950.0
L200301,C101269,Home Loan,Branch,2023-08-25,3577000.0,48,8.52,7,Delinquent,644991.0
L200302,C101643,Auto Loan,Partner,2024-11-24,1109000.0,84,9.08,49,Delinquent,921063.0
L200303,C102178,Business Loan,Digital,2025-02-24,1516000.0,60,10.74,12,Delinquent,1031915.0
L200304,C102897,Personal Loan,Branch,2024-03-05,268000.0,120,17.2,12,Delinquent,214268.0
L200305,C102645,Home Loan,Digital,2026-04-14,3243000.0,120,9.51,60,Delinquent,3243000.0
L200306,C100524,Business Loan,Digital,2025-03-24,771000.0,12,15.89,4,Delinquent,61680.0
L200307,C101894,Auto Loan,Digital,2025-07-02,195000.0,36,12.22,11,Delinquent,115423.0
L200308,C102528,Personal Loan,Branch,2023-08-24,304000.0,48,13.68,45,Delinquent,76359.0
L200309,C103069,Business Loan,Digital,2025-12-18,875000.0,60,10.92,53,Delinquent,817709.0
L200310,C103160,Auto Loan,Branch,2026-03-05,1707000.0,36,10.53,6,Delinquent,1524218.0
L200311,C103329,Personal Loan,Branch,2025-12-21,647000.0,60,20.36,3,Delinquent,574866.0
L200312,C102250,Personal Loan,Partner,2024-06-13,408000.0,60,21.61,10,Delinquent,242582.0
L200313,C102513,Personal Loan,Digital,2026-01-26,678000.0,48,13.43,174,NPL,566871.0
L200314,C101688,Education Loan,Branch,2023-01-13,805000.0,12,12.79,8,Delinquent,147017.0
L200315,C101359,Personal Loan,Branch,2023-09-02,788000.0,24,15.88,2,Delinquent,111503.0
L200316,C101555,Business Loan,DSA,2025-02-25,627000.0,24,16.73,9,Delinquent,192204.0
L200317,C102193,Home Loan,Branch,2025-07-16,3470000.0,36,8.68,52,Delinquent,2147877.0
L200318,C100547,Business Loan,Digital,2023-05-25,2435000.0,48,17.84,11,Delinquent,469710.0
L200319,C101094,Education Loan,Branch,2023-12-18,747000.0,36,12.93,10,Delinquent,80963.0
L200320,C100579,Education Loan,Branch,2023-04-17,915000.0,48,9.42,128,NPL,161360.0
L200321,C102044,Business Loan,Digital,2023-05-05,2120000.0,36,15.91,46,Delinquent,289121.0
L200322,C102479,Home Loan,Branch,2023-01-29,3162000.0,60,8.46,1,Delinquent,840729.0
L200323,C100816,Personal Loan,Digital,2026-04-04,719000.0,48,15.42,56,Delinquent,661853.0
L200324,C100695,Personal Loan,Branch,2025-11-25,265000.0,84,13.5,13,Delinquent,215096.0
L200325,C102629,Auto Loan,Partner,2024-12-31,204000.0,12,12.8,133,NPL,41298.0
L200326,C101118,Personal Loan,Digital,2023-02-10,876000.0,84,11.06,5,Delinquent,386935.0
L200327,C104341,Home Loan,Branch,2025-05-26,3005000.0,84,8.15,158,NPL,2398635.0
L200328,C100825,Personal Loan,Branch,2024-10-06,640000.0,84,11.97,1,Delinquent,448998.0
L200329,C102409,Business Loan,DSA,2025-07-20,2002000.0,12,10.56,12,Delinquent,160160.0
L200330,C104013,Personal Loan,DSA,2024-08-10,262000.0,120,19.82,0,Current,220886.0
L200331,C100520,Personal Loan,Digital,2023-01-11,731000.0,60,21.14,4,Delinquent,205904.0
L200332,C102249,Auto Loan,Branch,2025-12-29,1687000.0,60,12.91,22,Delinquent,1490592.0
L200333,C102360,Home Loan,Digital,2025-11-21,2136000.0,12,8.94,115,NPL,839340.0
L200334,C102763,Business Loan,Branch,2025-12-29,2299000.0,84,17.78,55,Delinquent,2030412.0
L200335,C104430,Auto Loan,Branch,2025-03-04,1376000.0,120,11.16,12,Delinquent,1057525.0
L200336,C102915,Business Loan,Branch,2026-01-10,2314000.0,120,13.1,67,Delinquent,2237545.0
L200337,C101886,Personal Loan,DSA,2023-03-27,655000.0,60,11.75,55,Delinquent,230200.0
L200338,C101982,Personal Loan,Digital,2024-04-25,277000.0,48,20.66,6,Delinquent,86157.0
L200339,C103121,Business Loan,Branch,2024-01-20,1912000.0,36,16.25,37,Delinquent,152960.0
L200340,C101493,Personal Loan,Branch,2024-07-22,756000.0,12,14.85,1,Delinquent,135369.0
L200341,C103424,Business Loan,Digital,2023-02-19,1628000.0,36,16.49,97,NPL,231280.0
L200342,C101913,Education Loan,Digital,2025-09-17,1174000.0,84,9.32,0,Current,1074041.0
L200343,C100302,Personal Loan,DSA,2023-12-25,856000.0,120,11.88,11,Delinquent,633252.0
L200344,C102675,Business Loan,Digital,2023-05-25,535000.0,12,16.86,74,Delinquent,87894.0
L200345,C101258,Home Loan,Digital,2023-08-26,1691000.0,24,10.64,10,Delinquent,291795.0
L200346,C101793,Personal Loan,Digital,2023-05-18,530000.0,36,17.34,162,NPL,81931.0
L200347,C101619,Home Loan,Partner,2025-04-03,3471000.0,48,8.92,41,Delinquent,2251850.0
L200348,C100684,Auto Loan,Partner,2026-01-11,554000.0,84,9.96,179,NPL,490006.0
L200349,C101446,Education Loan,Digital,2023-04-11,146000.0,60,10.15,9,Delinquent,55093.0
L200350,C104569,Personal Loan,Digital,2023-02-05,845000.0,24,16.4,59,Delinquent,208535.0
L200351,C101601,Auto Loan,Branch,2025-11-22,1297000.0,12,10.52,12,Delinquent,446330.0
L200352,C103663,Personal Loan,Branch,2024-04-04,258000.0,24,21.21,8,Delinquent,29103.0
L200353,C102044,Personal Loan,Branch,2023-05-25,760000.0,24,20.21,96,NPL,74124.0
L200354,C100332,Auto Loan,DSA,2023-08-22,1673000.0,84,11.91,135,NPL,842907.0
L200355,C104189,Business Loan,Partner,2025-03-22,1079000.0,12,13.59,8,Delinquent,154767.0
L200356,C104529,Auto Loan,DSA,2023-04-11,1015000.0,36,13.72,14,Delinquent,156763.0
L200357,C101179,Education Loan,DSA,2024-04-28,598000.0,84,9.62,36,Delinquent,388716.0
L200358,C100853,Personal Loan,Branch,2026-03-14,330000.0,48,17.13,51,Delinquent,314225.0
L200359,C104654,Auto Loan,Partner,2024-06-01,412000.0,12,11.39,96,NPL,57705.0
L200360,C100489,Personal Loan,Branch,2023-07-19,423000.0,24,15.52,7,Delinquent,62403.0
L200361,C104445,Business Loan,Partner,2025-06-29,1513000.0,24,12.36,14,Delinquent,607421.0
L200362,C100867,Personal Loan,Branch,2024-06-02,490000.0,36,16.28,3,Delinquent,149750.0
L200363,C104334,Personal Loan,Branch,2024-04-22,261000.0,48,21.75,2,Delinquent,105173.0
L200364,C104666,Business Loan,Digital,2023-11-04,1110000.0,84,12.68,21,Delinquent,528079.0
L200365,C101201,Personal Loan,Branch,2025-06-22,155000.0,120,18.45,10,Delinquent,145405.0
L200366,C101107,Auto Loan,Branch,2024-08-12,1766000.0,120,13.35,11,Delinquent,1298131.0
L200367,C100531,Education Loan,Digital,2024-08-03,353000.0,48,12.57,1,Delinquent,152066.0
L200368,C103935,Home Loan,DSA,2025-07-09,3139000.0,48,10.49,22,Delinquent,2068010.0
L200369,C101748,Home Loan,Branch,2024-03-11,5743000.0,36,11.45,12,Delinquent,1229359.0
L200370,C103216,Education Loan,Digital,2025-03-02,552000.0,48,9.44,101,NPL,322567.0
L200371,C103072,Business Loan,Digital,2023-07-26,1499000.0,12,12.07,1,Delinquent,240735.0
L200372,C102592,Personal Loan,Branch,2024-11-17,507000.0,60,14.73,53,Delinquent,326543.0
L200373,C101213,Business Loan,Digital,2024-05-29,700000.0,12,12.17,3,Delinquent,114348.0
L200374,C101828,Home Loan,Digital,2024-09-04,3763000.0,24,10.65,6,Delinquent,845357.0
L200375,C102504,Business Loan,Partner,2024-03-14,2167000.0,84,17.42,17,Delinquent,1556289.0
L200376,C100465,Auto Loan,Digital,2023-06-08,1532000.0,84,9.86,50,Delinquent,829046.0
L200377,C102020,Personal Loan,DSA,2026-01-09,852000.0,36,17.05,12,Delinquent,784616.0
L200378,C103554,Business Loan,Digital,2024-04-28,880000.0,120,11.43,11,Delinquent,664621.0
L200379,C102109,Personal Loan,DSA,2025-06-15,460000.0,48,11.21,13,Delinquent,300939.0
L200380,C101974,Business Loan,DSA,2025-12-22,2590000.0,24,16.68,13,Delinquent,1616353.0
L200381,C104202,Business Loan,Digital,2024-06-16,2330000.0,120,13.24,15,Delinquent,1889348.0
L200382,C102675,Education Loan,Branch,2025-09-11,976000.0,36,8.83,28,Delinquent,624059.0
L200383,C103687,Personal Loan,Partner,2024-06-10,134000.0,36,13.54,41,Delinquent,39639.0
L200384,C100259,Home Loan,Digital,2023-03-19,3113000.0,12,8.47,9,Delinquent,587630.0
L200385,C104641,Personal Loan,Digital,2025-11-24,352000.0,24,15.29,6,Delinquent,233529.0
L200386,C103880,Personal Loan,Digital,2025-10-05,57000.0,12,17.24,8,Delinquent,9627.0
L200387,C104135,Personal Loan,Branch,2024-11-10,525000.0,48,11.51,54,Delinquent,297660.0
L200388,C103462,Auto Loan,Digital,2025-09-20,713000.0,60,9.38,1,Delinquent,573423.0
L200389,C102692,Home Loan,Digital,2025-03-14,5855000.0,48,11.45,24,Delinquent,4134142.0
L200390,C102647,Education Loan,Digital,2025-08-20,803000.0,24,12.22,0,Current,439505.0
L200391,C103123,Personal Loan,Branch,2023-03-10,411000.0,12,15.01,29,Delinquent,42051.0
L200392,C102482,Home Loan,DSA,2025-09-04,3063000.0,24,8.8,6,Delinquent,1298103.0
L200393,C103648,Auto Loan,Digital,2023-09-15,603000.0,120,11.62,7,Delinquent,475901.0
L200394,C101686,Personal Loan,DSA,2026-03-25,834000.0,36,16.03,13,Delinquent,771882.0
L200395,C103848,Auto Loan,Branch,2026-03-05,587000.0,24,11.61,8,Delinquent,493840.0
L200396,C101713,Auto Loan,Digital,2023-03-08,835000.0,60,10.95,49,Delinquent,204819.0
L200397,C102380,Auto Loan,Branch,2025-02-21,1787000.0,48,11.76,12,Delinquent,1043899.0
L200398,C100343,Auto Loan,DSA,2024-04-05,1471000.0,36,10.91,13,Delinquent,363599.0
L200399,C104502,Business Loan,Digital,2023-11-02,2328000.0,36,15.87,1,Delinquent,314095.0
L200400,C103434,Education Loan,Digital,2026-03-08,260000.0,48,10.8,57,Delinquent,231582.0
L200401,C101249,Personal Loan,Partner,2024-04-26,790000.0,120,14.83,5,Delinquent,660132.0
L200402,C100225,Home Loan,Branch,2024-10-25,5754000.0,84,9.37,15,Delinquent,4306285.0
L200403,C104260,Business Loan,Digital,2024-01-12,451000.0,48,13.28,140,NPL,163990.0
L200404,C100008,Personal Loan,DSA,2025-03-29,296000.0,12,17.44,78,Delinquent,58486.0
L200405,C102410,Auto Loan,Digital,2023-10-30,780000.0,60,14.34,6,Delinquent,306300.0
L200406,C100155,Auto Loan,Digital,2024-03-10,879000.0,24,10.65,2,Delinquent,143932.0
L200407,C103468,Personal Loan,Partner,2025-04-26,664000.0,120,21.28,15,Delinquent,643451.0
L200408,C101018,Home Loan,DSA,2023-09-12,2193000.0,48,9.36,15,Delinquent,715672.0
L200409,C102136,Business Loan,Branch,2025-07-30,2317000.0,12,10.56,18,Delinquent,300383.0
L200410,C102851,Personal Loan,Branch,2026-03-20,597000.0,24,14.48,14,Delinquent,491687.0
L200411,C101853,Personal Loan,Partner,2025-04-24,885000.0,36,17.88,49,Delinquent,472654.0
L200412,C103406,Business Loan,Branch,2024-03-09,2376000.0,120,11.88,14,Delinquent,1782421.0
L200413,C102541,Business Loan,Digital,2023-08-06,531000.0,60,11.39,15,Delinquent,195185.0
L200414,C102104,Auto Loan,Partner,2024-11-04,946000.0,12,12.93,8,Delinquent,134806.0
L200415,C101612,Home Loan,DSA,2024-06-09,1774000.0,48,8.79,44,Delinquent,886546.0
L200416,C102044,Personal Loan,Branch,2023-10-20,179000.0,36,14.42,41,Delinquent,19701.0
L200417,C101606,Business Loan,DSA,2024-03-16,1291000.0,84,16.66,15,Delinquent,921587.0
L200418,C102884,Personal Loan,Digital,2026-03-06,540000.0,12,16.2,15,Delinquent,365115.0
L200419,C103823,Business Loan,Partner,2023-07-22,1260000.0,120,16.65,93,NPL,777551.0
L200420,C102985,Business Loan,Digital,2023-11-07,1550000.0,12,14.63,1,Delinquent,244450.0
L200421,C100161,Personal Loan,Digital,2024-02-23,225000.0,48,11.51,22,Delinquent,87691.0
L200422,C104225,Auto Loan,Branch,2026-01-01,1472000.0,12,13.09,15,Delinquent,654452.0
L200423,C103931,Education Loan,Branch,2024-03-06,805000.0,36,11.58,6,Delinquent,155267.0
L200424,C104096,Business Loan,Digital,2023-12-17,660000.0,36,15.7,9,Delinquent,96027.0
L200425,C100250,Auto Loan,DSA,2023-12-23,1133000.0,60,10.34,12,Delinquent,630087.0
L200426,C104118,Personal Loan,Digital,2026-02-10,193000.0,36,15.0,137,NPL,175339.0
L200427,C102336,Auto Loan,Partner,2024-02-29,1721000.0,120,12.16,6,Delinquent,1272650.0
L200428,C104221,Auto Loan,Branch,2024-03-16,662000.0,36,10.01,3,Delinquent,135533.0
L200429,C103908,Auto Loan,Branch,2024-03-13,531000.0,120,12.74,3,Delinquent,418640.0
L200430,C104400,Personal Loan,Digital,2025-11-12,78000.0,36,20.96,7,Delinquent,54161.0
L200431,C100610,Business Loan,Digital,2025-05-02,1638000.0,60,13.19,9,Delinquent,1290185.0
L200432,C102777,Home Loan,Digital,2024-12-20,3995000.0,12,10.19,50,Delinquent,319600.0
L200433,C103643,Personal Loan,Digital,2023-09-13,501000.0,36,16.5,15,Delinquent,97504.0
L200434,C102976,Personal Loan,Branch,2023-05-17,287000.0,60,15.17,45,Delinquent,94319.0
L200435,C104059,Personal Loan,DSA,2023-04-16,224000.0,36,12.43,10,Delinquent,22049.0
L200436,C103637,Home Loan,Partner,2023-12-21,5102000.0,36,9.81,5,Delinquent,840915.0
L200437,C100179,Personal Loan,DSA,2025-08-07,309000.0,48,12.04,49,Delinquent,234863.0
L200438,C100996,Home Loan,DSA,2025-07-02,2074000.0,48,9.17,8,Delinquent,1313101.0
L200439,C103173,Personal Loan,Digital,2025-07-27,835000.0,48,18.81,12,Delinquent,543898.0
L200440,C101803,Personal Loan,DSA,2025-03-12,240000.0,84,21.13,4,Delinquent,189489.0
L200441,C101784,Personal Loan,DSA,2024-09-10,355000.0,48,21.97,166,NPL,151543.0
L200442,C104564,Personal Loan,Branch,2024-03-03,555000.0,120,16.43,9,Delinquent,404815.0
L200443,C100448,Home Loan,Digital,2025-05-22,5006000.0,24,8.26,56,Delinquent,2182516.0
L200444,C102614,Home Loan,Partner,2023-08-23,1987000.0,120,9.0,15,Delinquent,1438592.0
L200445,C101558,Auto Loan,Partner,2023-03-24,1742000.0,36,14.01,45,Delinquent,214013.0
L200446,C100259,Home Loan,DSA,2025-09-21,5695000.0,36,8.42,7,Delinquent,3920359.0
L200447,C101875,Auto Loan,Branch,2024-07-23,1005000.0,84,10.1,6,Delinquent,733842.0
L200448,C102028,Personal Loan,DSA,2025-01-16,550000.0,24,11.32,13,Delinquent,103061.0
L200449,C102274,Home Loan,Branch,2026-02-22,2008000.0,120,9.0,42,Delinquent,1741902.0
L200450,C100804,Personal Loan,Branch,2025-03-29,214000.0,48,20.49,13,Delinquent,134025.0
L200451,C103641,Home Loan,Digital,2025-07-06,3341000.0,60,8.97,14,Delinquent,2684684.0
L200452,C101782,Auto Loan,Digital,2024-07-28,1511000.0,120,10.72,60,Delinquent,1098961.0
L200453,C102868,Business Loan,Digital,2024-01-18,2451000.0,48,11.13,12,Delinquent,993813.0
L200454,C102725,Auto Loan,Digital,2024-02-25,247000.0,84,11.46,49,Delinquent,150941.0
L200455,C102823,Personal Loan,DSA,2025-12-17,315000.0,24,11.47,8,Delinquent,247472.0
L200456,C102526,Personal Loan,Branch,2024-04-03,576000.0,48,15.12,4,Delinquent,223105.0
L200457,C101506,Education Loan,Branch,2026-01-25,305000.0,24,12.11,12,Delinquent,244484.0
L200458,C102453,Personal Loan,DSA,2023-02-07,254000.0,84,11.16,7,Delinquent,126052.0
L200459,C102652,Personal Loan,Partner,2023-12-18,226000.0,120,14.87,0,Current,149124.0
L200460,C100092,Personal Loan,Partner,2026-02-06,468000.0,24,12.31,9,Delinquent,358781.0
L200461,C103620,Education Loan,Branch,2024-11-26,191000.0,120,8.61,12,Delinquent,145363.0
L200462,C102226,Business Loan,Digital,2024-03-15,945000.0,12,16.83,113,NPL,75600.0
L200463,C101464,Personal Loan,DSA,2023-07-30,575000.0,84,15.8,150,NPL,347132.0
L200464,C100145,Personal Loan,Branch,2024-08-02,721000.0,120,13.06,177,NPL,588137.0
L200465,C101524,Business Loan,Digital,2026-02-22,1205000.0,84,10.56,117,NPL,1087706.0
L200466,C102025,Personal Loan,Digital,2024-03-04,800000.0,120,20.19,11,Delinquent,598693.0
L200467,C104184,Personal Loan,Digital,2024-08-01,495000.0,120,13.95,97,NPL,386414.0
L200468,C103235,Home Loan,Branch,2024-03-02,2188000.0,84,9.07,13,Delinquent,1352649.0
L200469,C102092,Home Loan,Branch,2025-10-29,5839000.0,24,8.39,4,Delinquent,3425168.0
L200470,C100630,Personal Loan,Branch,2025-04-02,491000.0,36,16.03,11,Delinquent,266021.0
L200471,C101374,Auto Loan,Digital,2025-01-10,1785000.0,24,13.26,56,Delinquent,350978.0
L200472,C104584,Auto Loan,Branch,2025-03-15,1222000.0,12,12.14,7,Delinquent,165337.0
L200473,C100640,Auto Loan,Digital,2024-05-09,366000.0,48,10.34,1,Delinquent,162920.0
L200474,C103153,Personal Loan,Digital,2025-08-30,845000.0,12,14.3,4,Delinquent,176244.0
L200475,C102586,Personal Loan,Branch,2025-01-06,209000.0,24,11.2,2,Delinquent,56743.0
L200476,C101088,Business Loan,Branch,2023-03-28,2417000.0,12,16.02,2,Delinquent,450623.0
L200477,C104368,Personal Loan,Branch,2024-03-24,811000.0,84,12.56,9,Delinquent,556645.0
L200478,C101971,Home Loan,Partner,2025-11-14,4465000.0,36,9.39,15,Delinquent,3281789.0
L200479,C103306,Personal Loan,Branch,2023-11-02,642000.0,84,14.25,54,Delinquent,355070.0
L200480,C100485,Personal Loan,Digital,2026-02-22,136000.0,24,12.55,72,Delinquent,104698.0
L200481,C104829,Home Loan,Digital,2025-09-04,5535000.0,60,10.94,26,Delinquent,4586106.0
L200482,C100111,Personal Loan,Branch,2026-04-01,611000.0,24,19.09,6,Delinquent,489180.0
L200483,C101552,Auto Loan,Partner,2025-08-15,1785000.0,60,13.29,9,Delinquent,1298104.0
L200484,C104580,Personal Loan,Digital,2023-06-04,610000.0,120,18.78,13,Delinquent,450857.0
L200485,C103190,Business Loan,Digital,2023-08-18,2100000.0,36,14.22,56,Delinquent,298414.0
L200486,C103376,Auto Loan,Branch,2024-08-07,489000.0,24,9.08,15,Delinquent,100557.0
L200487,C101573,Personal Loan,Branch,2024-03-05,152000.0,24,21.92,14,Delinquent,21751.0
L200488,C103899,Business Loan,Branch,2026-01-31,2977000.0,12,12.84,3,Delinquent,1617235.0
L200489,C104658,Education Loan,Digital,2025-10-15,940000.0,84,10.84,14,Delinquent,853190.0
L200490,C103111,Personal Loan,Partner,2025-06-29,838000.0,36,12.81,5,Delinquent,574751.0
L200491,C101092,Auto Loan,Digital,2026-02-03,1099000.0,48,10.11,8,Delinquent,1000717.0
L200492,C104534,Auto Loan,Branch,2023-03-14,163000.0,84,14.82,158,NPL,81805.0
L200493,C100022,Auto Loan,Branch,2025-04-22,258000.0,48,9.94,14,Delinquent,174435.0
L200494,C104480,Personal Loan,Digital,2025-11-10,539000.0,48,19.59,15,Delinquent,486487.0
L200495,C100048,Personal Loan,Branch,2026-03-16,297000.0,12,13.98,64,Delinquent,178995.0
L200496,C100291,Personal Loan,Digital,2025-10-03,128000.0,60,17.93,11,Delinquent,109358.0
L200497,C100211,Personal Loan,Partner,2025-08-28,192000.0,36,18.63,151,NPL,136902.0
L200498,C100948,Personal Loan,Digital,2025-07-25,585000.0,60,18.57,46,Delinquent,484192.0
L200499,C103637,Business Loan,Branch,2023-06-03,765000.0,12,14.81,9,Delinquent,107382.0
L200500,C101979,Personal Loan,Branch,2024-05-09,164000.0,24,19.69,33,Delinquent,33095.0
L200501,C100396,Home Loan,Digital,2025-11-16,1829000.0,120,8.12,81,Delinquent,1702748.0
L200502,C101706,Personal Loan,Branch,2025-01-28,542000.0,84,11.45,19,Delinquent,377254.0
L200503,C104989,Home Loan,Partner,2023-11-09,5265000.0,60,8.87,3,Delinquent,2372071.0
L200504,C102628,Business Loan,Digital,2025-05-09,2045000.0,12,16.18,154,NPL,342973.0
L200505,C103646,Business Loan,Digital,2023-02-01,2145000.0,60,13.67,9,Delinquent,589707.0
L200506,C101333,Home Loan,DSA,2024-04-20,4318000.0,60,9.3,0,Current,2323806.0
L200507,C102605,Home Loan,Branch,2025-06-24,5603000.0,84,10.71,0,Current,4742929.0
L200508,C103988,Personal Loan,Branch,2025-07-29,230000.0,120,15.76,2,Delinquent,219157.0
L200509,C103373,Education Loan,Digital,2024-09-03,955000.0,84,12.16,5,Delinquent,710983.0
L200510,C100038,Personal Loan,Branch,2023-11-24,320000.0,12,21.92,90,NPL,73686.0
L200511,C103036,Personal Loan,Branch,2024-08-18,649000.0,36,21.29,7,Delinquent,190760.0
L200512,C103958,Home Loan,Partner,2023-08-09,5686000.0,12,9.71,28,Delinquent,662317.0
L200513,C100676,Personal Loan,DSA,2026-01-28,115000.0,24,14.29,8,Delinquent,89180.0
L200514,C101967,Personal Loan,Branch,2025-10-27,745000.0,120,19.5,37,Delinquent,711900.0
L200515,C103225,Education Loan,Partner,2025-05-16,765000.0,36,10.14,12,Delinquent,488370.0
L200516,C100026,Personal Loan,Branch,2024-02-12,567000.0,120,12.98,5,Delinquent,416006.0
L200517,C103554,Personal Loan,DSA,2023-06-22,312000.0,120,19.04,8,Delinquent,200837.0
L200518,C104236,Personal Loan,Digital,2023-03-10,410000.0,48,20.17,48,Delinquent,55121.0
L200519,C102632,Personal Loan,Digital,2024-04-04,107000.0,60,19.23,4,Delinquent,44147.0
L200520,C102234,Education Loan,Digital,2025-09-26,702000.0,24,10.17,2,Delinquent,432471.0
L200521,C100460,Auto Loan,Branch,2024-03-19,295000.0,24,11.59,32,Delinquent,35723.0
L200522,C103624,Business Loan,Partner,2025-08-16,2619000.0,60,11.93,2,Delinquent,1998338.0
L200523,C104717,Business Loan,Branch,2023-08-01,2410000.0,120,12.09,99,NPL,1692266.0
L200524,C104393,Auto Loan,Partner,2025-08-20,1366000.0,48,11.81,10,Delinquent,1128426.0
L200525,C102749,Auto Loan,Branch,2023-04-03,419000.0,24,10.93,10,Delinquent,75545.0
L200526,C100172,Home Loan,Branch,2024-02-14,4055000.0,36,9.34,1,Delinquent,622207.0
L200527,C101430,Auto Loan,Branch,2023-06-30,172000.0,60,11.72,144,NPL,69490.0
L200528,C101311,Auto Loan,Digital,2024-12-24,432000.0,84,10.54,5,Delinquent,341455.0
L200529,C100038,Auto Loan,Digital,2023-08-14,708000.0,12,10.14,120,NPL,163403.0
L200530,C100595,Home Loan,Digital,2023-01-17,1559000.0,24,10.04,2,Delinquent,318399.0
L200531,C102875,Auto Loan,DSA,2024-01-22,202000.0,24,12.81,2,Delinquent,27115.0
L200532,C100491,Personal Loan,Digital,2023-01-03,286000.0,84,12.02,45,Delinquent,138386.0
L200533,C100194,Auto Loan,Digital,2024-03-31,538000.0,24,9.69,19,Delinquent,86399.0
L200534,C104729,Home Loan,Branch,2023-11-08,4239000.0,60,10.38,102,NPL,1488279.0
L200535,C103024,Home Loan,Digital,2026-01-24,3978000.0,12,8.37,0,Current,1284554.0
L200536,C104028,Home Loan,Partner,2024-09-22,4239000.0,12,8.16,9,Delinquent,664751.0
L200537,C101243,Business Loan,Digital,2024-06-11,1166000.0,12,10.73,58,Delinquent,220316.0
L200538,C101824,Business Loan,Digital,2024-12-21,2269000.0,36,15.13,4,Delinquent,1349390.0
L200539,C103053,Personal Loan,Branch,2023-06-14,208000.0,12,15.22,13,Delinquent,29775.0
L200540,C103437,Personal Loan,Branch,2023-06-10,393000.0,48,17.84,5,Delinquent,74707.0
L200541,C101841,Personal Loan,Digital,2023-07-04,261000.0,24,20.52,8,Delinquent,54862.0
L200542,C104598,Personal Loan,Branch,2025-11-07,676000.0,48,15.99,14,Delinquent,515175.0
L200543,C103518,Personal Loan,DSA,2025-06-13,117000.0,60,18.87,3,Delinquent,101105.0
L200544,C101105,Business Loan,Branch,2026-02-25,2525000.0,48,16.49,1,Delinquent,2135099.0
L200545,C100491,Business Loan,Branch,2025-09-02,476000.0,84,17.77,3,Delinquent,423367.0
L200546,C100071,Personal Loan,Branch,2023-05-24,337000.0,84,16.16,10,Delinquent,182985.0
L200547,C104224,Business Loan,Digital,2023-07-18,1716000.0,60,11.96,176,NPL,544403.0
L200548,C104121,Personal Loan,DSA,2025-09-15,305000.0,48,20.01,4,Delinquent,231025.0
L200549,C102395,Business Loan,Partner,2024-10-18,1356000.0,48,10.66,11,Delinquent,674975.0
L200550,C103614,Home Loan,Digital,2025-01-07,3869000.0,24,8.16,15,Delinquent,707900.0
L200551,C104418,Auto Loan,Branch,2023-10-08,1009000.0,48,14.95,6,Delinquent,344603.0
L200552,C100802,Personal Loan,DSA,2024-08-25,176000.0,60,12.85,48,Delinquent,90649.0
L200553,C104904,Personal Loan,DSA,2025-12-18,94000.0,120,18.06,11,Delinquent,78566.0
L200554,C102449,Personal Loan,DSA,2024-08-09,163000.0,36,21.66,1,Delinquent,53256.0
L200555,C102192,Auto Loan,Digital,2025-04-05,596000.0,60,10.17,37,Delinquent,397867.0
L200556,C100803,Business Loan,Digital,2025-06-18,2623000.0,24,12.52,4,Delinquent,1231313.0
L200557,C103363,Auto Loan,Branch,2026-01-14,1519000.0,12,9.1,147,NPL,677215.0
L200558,C103014,Business Loan,Branch,2023-09-08,1610000.0,120,12.4,12,Delinquent,1209795.0
L200559,C100150,Personal Loan,Partner,2025-12-28,377000.0,24,11.44,112,NPL,229986.0
L200560,C103238,Business Loan,Branch,2024-12-31,1516000.0,60,13.19,7,Delinquent,1043731.0
L200561,C100707,Business Loan,Branch,2025-09-26,2799000.0,24,15.95,17,Delinquent,1968552.0
L200562,C101384,Home Loan,Branch,2023-11-10,2823000.0,36,8.33,12,Delinquent,519230.0
L200563,C103059,Home Loan,Branch,2023-05-22,2943000.0,84,9.9,11,Delinquent,1672584.0
L200564,C103905,Personal Loan,Partner,2023-04-13,133000.0,24,17.8,7,Delinquent,26585.0
L200565,C100671,Personal Loan,Branch,2024-04-05,681000.0,12,14.82,13,Delinquent,84406.0
L200566,C102368,Personal Loan,Digital,2024-10-25,705000.0,36,20.75,8,Delinquent,267541.0
L200567,C101426,Auto Loan,DSA,2023-12-12,1613000.0,84,14.88,10,Delinquent,897398.0
L200568,C103532,Business Loan,Branch,2023-11-19,2546000.0,84,13.77,6,Delinquent,1574631.0
L200569,C104141,Personal Loan,Branch,2025-09-06,540000.0,60,21.86,55,Delinquent,511616.0
L200570,C103200,Education Loan,Branch,2025-06-10,1094000.0,84,11.14,10,Delinquent,948356.0
L200571,C103975,Business Loan,Branch,2025-01-31,2585000.0,84,12.68,0,Current,1822119.0
L200572,C102254,Auto Loan,Branch,2025-02-19,1393000.0,48,10.49,4,Delinquent,836947.0
L200573,C102990,Education Loan,Digital,2025-10-12,200000.0,48,9.2,11,Delinquent,166373.0
L200574,C101464,Business Loan,Branch,2023-09-27,1726000.0,84,13.43,180,NPL,1038624.0
L200575,C104943,Personal Loan,Digital,2026-02-01,861000.0,60,15.33,15,Delinquent,766351.0
L200576,C101022,Education Loan,Partner,2025-10-30,1077000.0,48,10.65,4,Delinquent,830927.0
L200577,C104606,Home Loan,Branch,2024-02-17,2069000.0,12,10.66,13,Delinquent,191972.0
L200578,C103730,Personal Loan,Branch,2024-02-21,756000.0,84,16.77,10,Delinquent,435037.0
L200579,C104935,Personal Loan,Branch,2023-08-10,542000.0,12,19.9,8,Delinquent,121891.0
L200580,C103210,Auto Loan,Branch,2025-04-30,1773000.0,84,13.93,10,Delinquent,1473639.0
L200581,C101761,Education Loan,Digital,2023-12-31,824000.0,48,11.23,31,Delinquent,326778.0
L200582,C101405,Home Loan,Digital,2023-11-17,5064000.0,48,9.73,2,Delinquent,1634644.0
L200583,C100899,Auto Loan,Branch,2025-03-17,696000.0,120,14.26,82,Delinquent,606245.0
L200584,C104836,Personal Loan,Branch,2023-08-24,313000.0,24,13.82,4,Delinquent,44464.0
L200585,C100533,Business Loan,Branch,2023-05-16,2869000.0,36,13.27,3,Delinquent,374652.0
L200586,C104052,Personal Loan,DSA,2025-10-29,200000.0,84,21.01,9,Delinquent,165595.0
L200587,C103493,Auto Loan,Digital,2023-02-17,986000.0,120,12.44,9,Delinquent,605567.0
L200588,C100635,Auto Loan,DSA,2026-01-07,1796000.0,84,14.66,9,Delinquent,1500580.0
L200589,C104579,Personal Loan,Digital,2025-03-31,474000.0,60,14.27,20,Delinquent,317896.0
L200590,C100813,Education Loan,Digital,2024-02-27,1134000.0,48,9.53,14,Delinquent,438096.0
L200591,C100805,Education Loan,Digital,2024-11-08,324000.0,120,10.11,26,Delinquent,259930.0
L200592,C102721,Home Loan,Branch,2024-01-13,2581000.0,60,9.72,119,NPL,1235875.0
L200593,C100516,Auto Loan,DSA,2024-05-05,155000.0,48,10.74,63,Delinquent,76311.0
L200594,C100512,Business Loan,Digital,2025-04-23,2725000.0,48,16.56,2,Delinquent,1941472.0
L200595,C103122,Personal Loan,Digital,2025-12-26,819000.0,36,12.19,12,Delinquent,663342.0
L200596,C104822,Personal Loan,Digital,2023-09-30,734000.0,12,19.12,10,Delinquent,62410.0
L200597,C100267,Auto Loan,Digital,2024-10-02,443000.0,84,13.91,6,Delinquent,300572.0
L200598,C103191,Auto Loan,DSA,2025-11-03,1328000.0,84,10.45,40,Delinquent,1140946.0
L200599,C103009,Auto Loan,Branch,2023-01-17,1723000.0,12,11.52,5,Delinquent,193046.0
L200600,C100331,Auto Loan,Digital,2023-01-11,350000.0,48,13.55,5,Delinquent,28000.0
L200601,C100748,Auto Loan,Branch,2025-01-07,326000.0,36,10.08,4,Delinquent,178488.0
L200602,C102218,Personal Loan,Branch,2023-06-20,751000.0,120,19.84,46,Delinquent,522362.0
L200603,C103467,Personal Loan,Branch,2026-04-06,828000.0,84,12.44,14,Delinquent,814455.0
L200604,C101110,Personal Loan,Digital,2023-05-25,86000.0,12,18.27,9,Delinquent,11304.0
L200605,C102171,Home Loan,Digital,2025-06-05,1687000.0,36,11.33,10,Delinquent,1052214.0
L200606,C102453,Business Loan,DSA,2024-01-17,1593000.0,120,17.93,12,Delinquent,1174299.0
L200607,C103560,Business Loan,Digital,2026-01-13,1065000.0,60,14.91,28,Delinquent,1000766.0
L200608,C101236,Home Loan,DSA,2025-11-05,3119000.0,12,11.03,1,Delinquent,901507.0
L200609,C103446,Auto Loan,Partner,2025-08-16,1186000.0,36,10.7,30,Delinquent,786075.0
L200610,C104159,Personal Loan,Branch,2025-02-07,693000.0,12,18.43,10,Delinquent,55440.0
L200611,C102914,Home Loan,DSA,2023-09-17,4213000.0,24,10.73,13,Delinquent,377363.0
L200612,C103606,Education Loan,Branch,2023-05-09,421000.0,36,10.8,9,Delinquent,52264.0
L200613,C100838,Personal Loan,Branch,2023-11-11,587000.0,120,18.12,11,Delinquent,427686.0
L200614,C104533,Business Loan,Partner,2023-04-05,2583000.0,24,13.57,122,NPL,233407.0
L200615,C101507,Personal Loan,Branch,2025-07-31,583000.0,48,12.58,78,Delinquent,426135.0
L200616,C100990,Personal Loan,Partner,2023-12-13,116000.0,60,18.5,2,Delinquent,59723.0
L200617,C102743,Auto Loan,DSA,2024-06-12,888000.0,84,13.26,3,Delinquent,651368.0
L200618,C101927,Business Loan,Partner,2025-01-13,2470000.0,60,15.85,173,NPL,1649568.0
L200619,C102307,Auto Loan,Digital,2025-04-21,1713000.0,12,10.86,6,Delinquent,255568.0
L200620,C104028,Business Loan,Digital,2024-12-13,1479000.0,84,16.61,29,Delinquent,1217367.0
L200621,C102680,Business Loan,Digital,2025-06-02,1558000.0,120,17.79,21,Delinquent,1482666.0
L200622,C101870,Auto Loan,Digital,2023-05-18,501000.0,84,12.09,4,Delinquent,275957.0
L200623,C104002,Personal Loan,Partner,2023-12-02,458000.0,24,20.32,7,Delinquent,88324.0
L200624,C101896,Personal Loan,Digital,2025-07-01,804000.0,36,12.5,14,Delinquent,545171.0
L200625,C104792,Auto Loan,Digital,2025-05-11,840000.0,12,13.61,37,Delinquent,116364.0
L200626,C104931,Auto Loan,Partner,2025-01-28,1420000.0,84,9.53,14,Delinquent,1068529.0
L200627,C102347,Home Loan,Digital,2026-02-01,5999000.0,24,8.97,129,NPL,4752189.0
L200628,C103855,Home Loan,DSA,2026-03-25,2299000.0,120,11.2,15,Delinquent,2299000.0
L200629,C103541,Personal Loan,Branch,2023-04-11,331000.0,60,12.63,15,Delinquent,98820.0
L200630,C104305,Personal Loan,Branch,2024-10-25,567000.0,36,13.6,38,Delinquent,208599.0
L200631,C102307,Home Loan,Digital,2025-12-16,1594000.0,48,10.89,11,Delinquent,1300157.0
L200632,C102035,Business Loan,Digital,2024-01-28,1560000.0,36,13.07,22,Delinquent,124800.0
L200633,C101384,Business Loan,DSA,2023-03-12,1005000.0,12,17.28,2,Delinquent,80400.0
L200634,C102930,Education Loan,Branch,2023-05-24,289000.0,24,9.58,11,Delinquent,23120.0
L200635,C103079,Auto Loan,Branch,2025-05-16,1636000.0,48,10.92,40,Delinquent,1115695.0
L200636,C102253,Personal Loan,Partner,2026-01-07,276000.0,120,17.6,0,Current,252483.0
L200637,C101552,Auto Loan,Digital,2025-04-28,1105000.0,24,9.82,21,Delinquent,362717.0
L200638,C102252,Business Loan,Digital,2023-02-15,1789000.0,120,17.27,7,Delinquent,1138714.0
L200639,C102511,Auto Loan,Branch,2024-05-10,345000.0,24,14.48,13,Delinquent,75018.0
L200640,C100639,Home Loan,Partner,2024-02-23,4969000.0,60,9.74,33,Delinquent,2567398.0
L200641,C103301,Auto Loan,Partner,2025-12-30,509000.0,120,12.64,7,Delinquent,476085.0
L200642,C104211,Personal Loan,Digital,2024-09-28,695000.0,12,11.06,7,Delinquent,122822.0
L200643,C101610,Personal Loan,Branch,2023-10-09,281000.0,36,19.87,118,NPL,31164.0
L200644,C101953,Personal Loan,Partner,2024-11-14,259000.0,48,20.1,13,Delinquent,145915.0
L200645,C100465,Home Loan,Partner,2025-06-17,5068000.0,48,10.66,14,Delinquent,3407780.0
L200646,C102910,Business Loan,Digital,2024-11-29,2555000.0,120,17.05,2,Delinquent,1881534.0
L200647,C102139,Personal Loan,Digital,2024-05-16,61000.0,36,16.32,2,Delinquent,14519.0
L200648,C104286,Personal Loan,Digital,2025-05-10,409000.0,12,20.06,58,Delinquent,59393.0
L200649,C104536,Business Loan,Branch,2024-01-01,980000.0,60,10.69,15,Delinquent,442299.0
L200650,C103868,Business Loan,DSA,2023-06-03,2255000.0,36,16.5,6,Delinquent,463533.0
L200651,C101051,Home Loan,Digital,2025-11-01,5863000.0,24,10.45,10,Delinquent,3652389.0
L200652,C100992,Personal Loan,Digital,2025-05-13,357000.0,12,19.38,47,Delinquent,63718.0
L200653,C102429,Home Loan,DSA,2025-05-27,1759000.0,36,11.13,4,Delinquent,939889.0
L200654,C103093,Auto Loan,Digital,2025-12-03,336000.0,120,12.51,0,Current,332683.0
L200655,C100159,Business Loan,Partner,2025-05-05,918000.0,12,17.35,36,Delinquent,157597.0
L200656,C102479,Personal Loan,Branch,2023-02-06,642000.0,60,15.87,13,Delinquent,240006.0
L200657,C100434,Business Loan,Partner,2025-10-09,1224000.0,24,13.79,10,Delinquent,789912.0
L200658,C101301,Auto Loan,Branch,2023-02-12,628000.0,60,10.45,13,Delinquent,126504.0
L200659,C101795,Auto Loan,Branch,2025-04-11,257000.0,120,13.68,12,Delinquent,207899.0
L200660,C100205,Personal Loan,Digital,2026-04-04,520000.0,36,19.23,70,Delinquent,434465.0
L200661,C101312,Business Loan,Branch,2024-04-28,1066000.0,36,15.54,1,Delinquent,259574.0
L200662,C103149,Home Loan,Branch,2024-01-10,4494000.0,36,10.43,9,Delinquent,892576.0
L200663,C104990,Personal Loan,DSA,2026-01-18,795000.0,60,21.28,2,Delinquent,698675.0
L200664,C103900,Home Loan,Branch,2024-06-30,2690000.0,84,8.17,12,Delinquent,1916612.0
L200665,C101532,Personal Loan,DSA,2026-01-11,850000.0,36,11.09,0,Current,651383.0
L200666,C104709,Personal Loan,Branch,2024-01-08,337000.0,12,21.83,38,Delinquent,39042.0
L200667,C102201,Personal Loan,Digital,2023-08-10,576000.0,48,14.8,56,Delinquent,153203.0
L200668,C101775,Personal Loan,Digital,2024-10-29,470000.0,60,18.18,51,Delinquent,324284.0
L200669,C104237,Home Loan,Digital,2024-03-22,2101000.0,48,11.11,119,NPL,898296.0
L200670,C101997,Auto Loan,Digital,2025-05-03,810000.0,48,12.87,129,NPL,526352.0
L200671,C103694,Auto Loan,Digital,2023-12-25,1557000.0,60,9.36,12,Delinquent,676324.0
L200672,C100816,Auto Loan,Branch,2025-06-30,1009000.0,36,13.54,4,Delinquent,604479.0
L200673,C101662,Personal Loan,Branch,2024-03-01,690000.0,84,14.89,38,Delinquent,453795.0
L200674,C104924,Home Loan,Digital,2024-03-02,1988000.0,60,9.77,8,Delinquent,1176048.0
L200675,C101220,Auto Loan,Digital,2025-05-01,1347000.0,12,10.48,72,Delinquent,189483.0
L200676,C104248,Business Loan,Digital,2023-11-09,2246000.0,12,16.85,10,Delinquent,345554.0
L200677,C102333,Personal Loan,Branch,2023-12-09,87000.0,120,20.39,1,Delinquent,68063.0
L200678,C104789,Education Loan,Partner,2024-10-17,627000.0,48,10.86,168,NPL,360226.0
L200679,C102080,Business Loan,Branch,2024-02-02,2462000.0,84,15.78,10,Delinquent,1654659.0
L200680,C102477,Business Loan,Partner,2024-04-06,1291000.0,48,13.67,143,NPL,532318.0
L200681,C101974,Auto Loan,Branch,2024-02-11,276000.0,24,12.35,12,Delinquent,46955.0
L200682,C101049,Home Loan,Partner,2025-01-16,5984000.0,12,10.68,0,Current,952506.0
L200683,C104219,Education Loan,Digital,2024-02-07,369000.0,84,12.25,56,Delinquent,208767.0
L200684,C102866,Business Loan,Digital,2025-01-03,1891000.0,12,15.36,174,NPL,189220.0
L200685,C102526,Business Loan,Branch,2023-10-08,2035000.0,36,17.77,14,Delinquent,262549.0
L200686,C101861,Business Loan,Partner,2025-12-09,702000.0,36,11.31,14,Delinquent,524724.0
L200687,C103862,Business Loan,Branch,2026-02-15,1781000.0,24,17.59,44,Delinquent,1305679.0
L200688,C101740,Business Loan,DSA,2023-01-05,976000.0,120,14.09,35,Delinquent,721123.0
L200689,C101189,Personal Loan,Branch,2023-05-06,655000.0,48,21.61,5,Delinquent,127285.0
L200690,C100412,Home Loan,Digital,2023-05-03,3214000.0,60,9.41,1,Delinquent,1289483.0
L200691,C104367,Auto Loan,DSA,2023-08-08,1579000.0,36,13.36,3,Delinquent,126320.0
L200692,C100366,Business Loan,Digital,2025-08-02,981000.0,48,11.18,2,Delinquent,818220.0
L200693,C104225,Home Loan,Digital,2023-10-24,3360000.0,120,11.21,8,Delinquent,2231988.0
L200694,C101894,Home Loan,DSA,2024-12-01,4248000.0,120,8.56,6,Delinquent,3869045.0
L200695,C100013,Education Loan,Digital,2023-10-30,146000.0,36,11.61,2,Delinquent,17617.0
L200696,C104631,Home Loan,Branch,2023-03-17,4866000.0,48,9.18,9,Delinquent,454302.0
L200697,C103705,Personal Loan,Digital,2023-04-11,625000.0,36,21.91,55,Delinquent,112182.0
L200698,C103616,Auto Loan,DSA,2026-02-05,1245000.0,12,10.21,10,Delinquent,548235.0
L200699,C102740,Personal Loan,Branch,2024-10-31,278000.0,60,21.28,3,Delinquent,176133.0
L200700,C103803,Personal Loan,Digital,2025-02-19,293000.0,84,18.12,1,Delinquent,209415.0
L200701,C100666,Auto Loan,Branch,2023-08-14,807000.0,48,13.06,8,Delinquent,297849.0
L200702,C101172,Education Loan,Partner,2024-08-06,233000.0,120,9.53,139,NPL,175261.0
L200703,C102720,Personal Loan,Digital,2025-02-28,90000.0,84,14.53,15,Delinquent,74419.0
L200704,C103673,Personal Loan,Digital,2025-07-24,112000.0,120,13.85,11,Delinquent,101986.0
L200705,C102943,Home Loan,DSA,2025-02-27,5149000.0,12,8.3,8,Delinquent,924687.0
L200706,C102032,Auto Loan,DSA,2024-12-16,460000.0,24,10.94,35,Delinquent,71118.0
L200707,C103360,Home Loan,Branch,2025-01-19,3346000.0,24,10.55,13,Delinquent,808635.0
L200708,C100297,Home Loan,Branch,2024-03-23,5696000.0,48,8.96,52,Delinquent,2878305.0
L200709,C102542,Auto Loan,Digital,2025-04-18,1606000.0,120,11.32,5,Delinquent,1390859.0
L200710,C101975,Education Loan,Branch,2023-12-22,1026000.0,36,11.46,49,Delinquent,123824.0
L200711,C102491,Personal Loan,Branch,2025-05-13,409000.0,24,18.22,7,Delinquent,138088.0
L200712,C100657,Auto Loan,Digital,2024-06-28,1566000.0,48,12.28,12,Delinquent,752618.0
L200713,C104517,Business Loan,Branch,2024-11-23,2011000.0,48,11.03,3,Delinquent,1110527.0
L200714,C104269,Personal Loan,Branch,2024-07-24,624000.0,36,19.01,7,Delinquent,181115.0
L200715,C104714,Business Loan,Branch,2024-11-13,928000.0,60,16.95,14,Delinquent,605939.0
L200716,C104202,Personal Loan,Branch,2025-05-04,857000.0,12,21.83,6,Delinquent,94249.0
L200717,C103322,Personal Loan,Digital,2023-12-04,335000.0,36,21.37,8,Delinquent,49775.0
L200718,C101438,Personal Loan,Branch,2024-07-21,500000.0,24,14.88,15,Delinquent,52626.0
L200719,C100571,Personal Loan,Branch,2024-04-28,849000.0,12,15.68,7,Delinquent,173201.0
L200720,C103060,Business Loan,DSA,2023-01-23,2431000.0,12,11.94,5,Delinquent,204421.0
L200721,C104734,Auto Loan,Digital,2025-10-19,1217000.0,120,9.88,15,Delinquent,1082459.0
L200722,C101819,Business Loan,Partner,2025-04-01,347000.0,48,12.36,9,Delinquent,260498.0
L200723,C104966,Business Loan,Partner,2023-02-24,1042000.0,120,11.33,14,Delinquent,646254.0
L200724,C100772,Home Loan,Digital,2023-03-25,4065000.0,24,9.64,153,NPL,491721.0
L200725,C101417,Education Loan,DSA,2026-01-16,255000.0,120,8.87,2,Delinquent,237778.0
L200726,C103248,Business Loan,Branch,2025-10-12,2739000.0,48,17.14,13,Delinquent,2289089.0
L200727,C102464,Personal Loan,DSA,2025-05-25,586000.0,12,14.16,5,Delinquent,46880.0
L200728,C103801,Business Loan,Digital,2025-04-29,2422000.0,24,11.57,6,Delinquent,924487.0
L200729,C101725,Business Loan,DSA,2025-10-06,2267000.0,48,14.65,55,Delinquent,1621415.0
L200730,C103874,Home Loan,Branch,2024-12-18,1864000.0,60,9.77,12,Delinquent,1404175.0
L200731,C101506,Personal Loan,Partner,2023-01-07,493000.0,84,11.26,5,Delinquent,226003.0
L200732,C100747,Personal Loan,Digital,2024-06-28,578000.0,120,20.47,1,Delinquent,372078.0
L200733,C102844,Education Loan,DSA,2024-02-02,435000.0,120,12.21,13,Delinquent,359570.0
L200734,C102563,Auto Loan,Partner,2023-07-26,657000.0,60,10.88,33,Delinquent,287319.0
L200735,C102836,Business Loan,Partner,2025-10-28,2006000.0,12,12.35,8,Delinquent,388029.0
L200736,C100120,Business Loan,Branch,2025-02-24,2389000.0,12,12.96,135,NPL,224411.0
L200737,C102056,Personal Loan,Digital,2025-12-18,240000.0,120,21.24,21,Delinquent,211379.0
L200738,C100451,Education Loan,Digital,2023-05-12,1103000.0,24,9.14,69,Delinquent,110032.0
L200739,C104025,Home Loan,Digital,2026-03-16,2168000.0,12,8.26,9,Delinquent,1386201.0
L200740,C100406,Business Loan,Digital,2024-12-26,2507000.0,84,10.84,13,Delinquent,2021611.0
L200741,C104659,Personal Loan,Digital,2024-11-12,436000.0,48,15.79,4,Delinquent,195946.0
L200742,C100286,Personal Loan,Partner,2023-08-09,350000.0,36,11.03,20,Delinquent,47711.0
L200743,C103054,Personal Loan,Branch,2025-01-19,427000.0,48,12.42,153,NPL,266301.0
L200744,C101669,Personal Loan,Branch,2024-12-17,292000.0,60,13.31,15,Delinquent,178016.0
L200745,C100554,Personal Loan,DSA,2025-04-22,752000.0,120,21.8,0,Current,686871.0
L200746,C101789,Personal Loan,Digital,2023-07-01,574000.0,60,21.82,23,Delinquent,153293.0
L200747,C100200,Auto Loan,Partner,2025-02-02,1470000.0,48,9.87,12,Delinquent,866741.0
L200748,C103490,Business Loan,DSA,2023-04-24,546000.0,24,10.77,55,Delinquent,103245.0
L200749,C104355,Personal Loan,Digital,2023-03-27,652000.0,36,12.19,11,Delinquent,90444.0
L200750,C101650,Personal Loan,Digital,2024-07-19,549000.0,36,15.61,17,Delinquent,141927.0
L200751,C102196,Auto Loan,Partner,2023-05-23,958000.0,84,10.01,144,NPL,530594.0
L200752,C100702,Auto Loan,Branch,2025-05-01,1467000.0,84,12.97,6,Delinquent,1111744.0
L200753,C102411,Auto Loan,Branch,2024-08-02,1113000.0,12,12.88,78,Delinquent,215315.0
L200754,C104735,Education Loan,Digital,2023-10-14,173000.0,12,12.79,126,NPL,14638.0
L200755,C102692,Personal Loan,Branch,2023-11-23,557000.0,120,21.94,6,Delinquent,437207.0
L200756,C104378,Home Loan,Partner,2024-08-20,5415000.0,48,8.79,6,Delinquent,3007231.0
L200757,C103901,Business Loan,Branch,2024-12-18,2805000.0,120,12.26,1,Delinquent,2635339.0
L200758,C100622,Auto Loan,Digital,2025-08-16,1301000.0,12,11.13,2,Delinquent,159697.0
L200759,C100265,Auto Loan,Partner,2024-11-18,440000.0,36,10.15,122,NPL,191766.0
L200760,C101814,Education Loan,Branch,2024-10-21,643000.0,48,11.31,3,Delinquent,311595.0
L200761,C104701,Personal Loan,Branch,2024-12-29,160000.0,24,16.09,48,Delinquent,42441.0
L200762,C100841,Personal Loan,Branch,2024-12-17,515000.0,48,11.61,1,Delinquent,297569.0
L200763,C100223,Personal Loan,Partner,2024-02-23,340000.0,24,19.02,7,Delinquent,75356.0
L200764,C104796,Business Loan,Partner,2023-09-22,405000.0,48,16.27,14,Delinquent,133422.0
L200765,C100990,Business Loan,Digital,2024-09-22,856000.0,36,11.01,4,Delinquent,310543.0
L200766,C101780,Personal Loan,DSA,2023-05-30,144000.0,36,17.82,41,Delinquent,21569.0
L200767,C103901,Home Loan,DSA,2023-10-18,1974000.0,84,9.96,86,Delinquent,1167658.0
L200768,C100491,Auto Loan,Branch,2023-06-28,1322000.0,24,12.81,1,Delinquent,196413.0
L200769,C100856,Personal Loan,Branch,2024-08-11,738000.0,24,17.74,3,Delinquent,110677.0
L200770,C103635,Business Loan,Partner,2026-03-13,2560000.0,48,12.1,13,Delinquent,2170660.0
L200771,C100034,Home Loan,Branch,2025-11-16,3035000.0,24,10.29,43,Delinquent,1974651.0
L200772,C103559,Business Loan,Digital,2023-04-14,341000.0,48,15.63,15,Delinquent,61763.0
L200773,C102713,Business Loan,Branch,2025-09-12,1776000.0,24,12.6,54,Delinquent,843651.0
L200774,C101206,Personal Loan,Digital,2023-07-01,827000.0,48,17.18,1,Delinquent,242061.0
L200775,C103068,Auto Loan,Branch,2025-12-28,1696000.0,48,14.31,43,Delinquent,1257286.0
L200776,C101608,Business Loan,Branch,2023-09-04,1184000.0,48,13.18,14,Delinquent,332384.0
L200777,C104745,Personal Loan,Branch,2023-06-01,412000.0,48,14.72,13,Delinquent,67943.0
L200778,C102076,Personal Loan,Partner,2025-08-03,68000.0,48,18.31,13,Delinquent,47290.0
L200779,C103742,Business Loan,Branch,2025-09-26,1106000.0,36,12.24,53,Delinquent,770379.0
L200780,C101339,Auto Loan,Digital,2024-04-22,561000.0,36,10.07,2,Delinquent,109240.0
L200781,C104167,Auto Loan,Digital,2024-10-17,492000.0,48,12.9,13,Delinquent,294988.0
L200782,C101445,Personal Loan,Branch,2025-08-07,452000.0,36,15.26,6,Delinquent,255642.0
L200783,C102540,Auto Loan,DSA,2025-10-20,752000.0,36,14.84,10,Delinquent,515511.0
L200784,C104008,Auto Loan,Branch,2024-05-17,1747000.0,84,12.71,173,NPL,1191114.0
L200785,C104631,Personal Loan,Digital,2025-07-30,458000.0,84,18.49,15,Delinquent,364367.0
L200786,C103760,Personal Loan,Digital,2025-08-11,565000.0,48,15.49,13,Delinquent,420352.0
L200787,C103338,Home Loan,Partner,2025-08-09,3171000.0,84,9.31,142,NPL,2795120.0
L200788,C103464,Auto Loan,DSA,2025-12-10,392000.0,12,11.78,141,NPL,114539.0
L200789,C102032,Personal Loan,Branch,2025-09-30,113000.0,120,15.35,26,Delinquent,96944.0
L200790,C103434,Business Loan,DSA,2024-06-20,2544000.0,24,17.79,6,Delinquent,203520.0
L200791,C102874,Personal Loan,DSA,2024-01-13,152000.0,36,19.01,13,Delinquent,13271.0
L200792,C102610,Business Loan,Partner,2026-03-29,1075000.0,48,17.39,9,Delinquent,1017779.0
L200793,C101567,Personal Loan,Partner,2024-06-19,483000.0,36,17.15,10,Delinquent,130730.0
L200794,C101755,Auto Loan,DSA,2026-01-24,1558000.0,12,13.72,15,Delinquent,670725.0
L200795,C100618,Auto Loan,Digital,2026-04-11,1026000.0,84,14.59,9,Delinquent,900071.0
L200796,C103603,Auto Loan,Branch,2023-01-19,719000.0,12,12.7,8,Delinquent,82746.0
L200797,C100112,Education Loan,Partner,2023-06-19,647000.0,120,12.36,10,Delinquent,424817.0
L200798,C100582,Personal Loan,Partner,2024-11-07,549000.0,12,19.08,6,Delinquent,43920.0
L200799,C101465,Personal Loan,Branch,2023-04-16,65000.0,60,16.91,4,Delinquent,22177.0
L200800,C100706,Personal Loan,Digital,2025-02-27,721000.0,120,17.51,11,Delinquent,580442.0
L200801,C103749,Home Loan,Branch,2023-01-14,3990000.0,60,8.64,44,Delinquent,934055.0
L200802,C100632,Business Loan,Branch,2025-10-08,1792000.0,36,13.85,6,Delinquent,1277296.0
L200803,C102283,Personal Loan,Digital,2024-05-28,545000.0,60,16.95,113,NPL,315793.0
L200804,C103664,Business Loan,Branch,2025-03-19,2294000.0,120,10.59,1,Delinquent,1769236.0
L200805,C102946,Home Loan,DSA,2024-07-12,1777000.0,60,9.17,24,Delinquent,955323.0
L200806,C102958,Education Loan,Branch,2025-04-05,309000.0,36,12.45,59,Delinquent,157821.0
L200807,C101721,Home Loan,Digital,2025-03-27,3169000.0,24,9.37,51,Delinquent,740160.0
L200808,C102251,Education Loan,Digital,2023-12-14,484000.0,60,11.03,3,Delinquent,245092.0
L200809,C103835,Auto Loan,DSA,2025-08-18,913000.0,24,14.69,40,Delinquent,496640.0
L200810,C102382,Education Loan,Branch,2025-09-11,968000.0,48,11.84,45,Delinquent,724685.0
L200811,C103500,Auto Loan,Branch,2024-01-21,359000.0,24,13.48,14,Delinquent,46083.0
L200812,C104138,Personal Loan,DSA,2023-03-17,184000.0,24,21.42,12,Delinquent,40008.0
L200813,C101225,Business Loan,DSA,2024-06-21,1249000.0,120,10.64,6,Delinquent,913811.0
L200814,C100609,Home Loan,Digital,2025-02-27,1809000.0,120,8.73,31,Delinquent,1438755.0
L200815,C102317,Personal Loan,Digital,2025-07-22,124000.0,84,18.9,13,Delinquent,108232.0
L200816,C101917,Home Loan,Partner,2023-08-31,4624000.0,120,10.59,11,Delinquent,2994150.0
L200817,C100750,Business Loan,Branch,2024-07-30,1372000.0,84,11.38,56,Delinquent,977042.0
L200818,C103801,Auto Loan,Branch,2025-07-07,237000.0,84,14.74,4,Delinquent,189841.0
L200819,C103120,Personal Loan,Partner,2024-09-22,846000.0,84,13.07,1,Delinquent,592048.0
L200820,C103290,Business Loan,DSA,2025-08-06,2899000.0,60,11.29,126,NPL,2283995.0
L200821,C103546,Home Loan,Branch,2025-03-19,2214000.0,84,9.92,3,Delinquent,1583397.0
L200822,C102176,Personal Loan,Partner,2023-07-29,877000.0,48,11.14,53,Delinquent,267322.0
L200823,C102552,Personal Loan,Branch,2023-09-10,67000.0,84,16.44,15,Delinquent,39685.0
L200824,C101122,Personal Loan,DSA,2025-08-10,169000.0,12,14.43,12,Delinquent,19792.0
L200825,C103657,Auto Loan,Digital,2025-04-24,454000.0,36,9.52,3,Delinquent,230266.0
L200826,C104733,Personal Loan,Digital,2025-10-01,517000.0,36,16.32,11,Delinquent,317990.0
L200827,C104370,Personal Loan,Partner,2023-12-20,742000.0,60,16.75,15,Delinquent,378610.0
L200828,C102040,Personal Loan,DSA,2023-03-05,457000.0,84,20.03,5,Delinquent,228929.0
L200829,C100250,Business Loan,Branch,2023-10-13,1202000.0,120,11.95,0,Current,717971.0
L200830,C104390,Auto Loan,DSA,2024-05-31,1317000.0,48,11.29,8,Delinquent,615767.0
L200831,C102875,Home Loan,DSA,2023-05-27,4647000.0,84,10.76,4,Delinquent,2536089.0
L200832,C103890,Auto Loan,Digital,2023-08-20,897000.0,120,13.48,145,NPL,708811.0
L200833,C101506,Personal Loan,Branch,2023-06-23,165000.0,24,19.18,8,Delinquent,44823.0
L200834,C104308,Business Loan,Branch,2023-06-01,2081000.0,60,14.99,12,Delinquent,773907.0
L200835,C104192,Personal Loan,Partner,2024-04-03,396000.0,12,13.84,57,Delinquent,90767.0
L200836,C100085,Personal Loan,Digital,2025-08-22,551000.0,24,19.04,22,Delinquent,301316.0
L200837,C102825,Personal Loan,Digital,2024-03-30,180000.0,48,18.52,42,Delinquent,74231.0
L200838,C102387,Personal Loan,Digital,2023-12-18,542000.0,12,16.54,0,Current,55351.0
L200839,C103290,Personal Loan,Branch,2024-10-20,548000.0,48,20.16,11,Delinquent,319102.0
L200840,C101298,Auto Loan,Branch,2025-02-11,1199000.0,24,14.35,5,Delinquent,312506.0
L200841,C100490,Home Loan,Branch,2024-02-24,3285000.0,60,8.21,3,Delinquent,1640610.0
L200842,C101371,Personal Loan,Branch,2023-01-05,382000.0,48,15.4,96,NPL,67775.0
L200843,C102627,Auto Loan,Partner,2023-12-24,309000.0,84,13.78,14,Delinquent,187129.0
L200844,C101350,Auto Loan,Branch,2023-04-06,1521000.0,120,9.24,11,Delinquent,896323.0
L200845,C102321,Business Loan,Branch,2023-06-23,2827000.0,84,17.73,50,Delinquent,1408838.0
L200846,C101947,Personal Loan,Digital,2025-01-02,120000.0,120,12.03,175,NPL,98994.0
L200847,C103471,Business Loan,Partner,2023-08-03,1669000.0,48,14.97,3,Delinquent,386135.0
L200848,C102054,Auto Loan,Branch,2024-03-20,1302000.0,84,9.24,8,Delinquent,881030.0
L200849,C100723,Auto Loan,Branch,2024-04-16,999000.0,120,10.04,17,Delinquent,755124.0
L200850,C103171,Personal Loan,DSA,2025-11-21,526000.0,24,12.91,50,Delinquent,357428.0
L200851,C101064,Home Loan,Digital,2023-07-04,2107000.0,84,10.75,15,Delinquent,1220803.0
L200852,C101502,Personal Loan,Digital,2023-04-09,471000.0,120,12.83,2,Delinquent,332966.0
L200853,C103534,Auto Loan,Branch,2024-10-03,1521000.0,36,15.0,5,Delinquent,410519.0
L200854,C101364,Auto Loan,Partner,2025-01-18,498000.0,120,14.58,9,Delinquent,429514.0
L200855,C100310,Personal Loan,Digital,2024-08-25,808000.0,36,21.79,50,Delinquent,338526.0
L200856,C101804,Personal Loan,DSA,2025-04-23,502000.0,60,18.81,2,Delinquent,380016.0
L200857,C101940,Business Loan,Partner,2025-11-02,1403000.0,12,12.23,8,Delinquent,304458.0
L200858,C103433,Home Loan,DSA,2025-01-03,2197000.0,12,11.2,1,Delinquent,421261.0
L200859,C103546,Auto Loan,Branch,2024-10-07,939000.0,84,11.84,1,Delinquent,761093.0
L200860,C100001,Education Loan,DSA,2025-03-27,941000.0,24,11.49,3,Delinquent,335550.0
L200861,C103785,Personal Loan,Digital,2023-09-14,477000.0,84,11.59,14,Delinquent,223519.0
L200862,C103735,Auto Loan,Branch,2023-10-27,411000.0,48,14.12,33,Delinquent,137568.0
L200863,C100868,Business Loan,Branch,2024-03-20,561000.0,12,17.76,6,Delinquent,91752.0
L200864,C101695,Personal Loan,Branch,2025-07-09,77000.0,36,12.37,5,Delinquent,46762.0
L200865,C103835,Personal Loan,Partner,2025-10-19,656000.0,24,14.5,15,Delinquent,442587.0
L200866,C102882,Business Loan,DSA,2024-10-27,2359000.0,60,12.36,2,Delinquent,1351384.0
L200867,C101698,Personal Loan,DSA,2025-01-13,826000.0,12,15.06,3,Delinquent,147507.0
L200868,C103808,Personal Loan,DSA,2025-08-03,470000.0,48,18.69,8,Delinquent,365073.0
L200869,C103159,Home Loan,Digital,2023-10-18,1446000.0,84,10.98,5,Delinquent,838720.0
L200870,C102555,Business Loan,Partner,2023-05-27,2739000.0,120,16.0,2,Delinquent,1907789.0
L200871,C100031,Home Loan,Branch,2025-06-14,5292000.0,60,10.22,1,Delinquent,4590092.0
L200872,C103236,Personal Loan,Branch,2023-06-02,572000.0,48,12.78,8,Delinquent,112220.0
L200873,C100900,Home Loan,Digital,2023-07-09,4255000.0,48,8.56,5,Delinquent,920884.0
L200874,C104600,Home Loan,DSA,2024-04-19,1721000.0,12,10.4,22,Delinquent,240823.0
L200875,C100945,Auto Loan,DSA,2025-07-31,930000.0,120,9.95,13,Delinquent,785827.0
L200876,C100150,Business Loan,Partner,2024-04-12,1634000.0,12,13.91,140,NPL,252781.0
L200877,C101882,Personal Loan,DSA,2023-05-23,97000.0,120,16.8,2,Delinquent,59854.0
L200878,C101748,Auto Loan,Branch,2023-06-04,1419000.0,24,14.84,11,Delinquent,192896.0
L200879,C101762,Auto Loan,Branch,2023-10-31,598000.0,120,13.71,15,Delinquent,448179.0
L200880,C104635,Business Loan,Digital,2023-04-08,350000.0,24,12.3,2,Delinquent,53324.0
L200881,C101373,Auto Loan,Digital,2024-01-29,872000.0,12,9.66,12,Delinquent,69760.0
L200882,C104188,Personal Loan,Digital,2023-04-07,255000.0,60,12.16,6,Delinquent,80783.0
L200883,C100814,Auto Loan,Branch,2025-10-11,242000.0,120,13.12,13,Delinquent,230497.0
L200884,C103085,Auto Loan,Digital,2023-03-04,497000.0,60,11.49,11,Delinquent,135701.0
L200885,C100655,Auto Loan,DSA,2023-08-26,874000.0,36,14.85,13,Delinquent,154743.0
L200886,C101147,Personal Loan,Branch,2023-02-09,503000.0,84,20.95,12,Delinquent,231739.0
L200887,C100741,Personal Loan,Digital,2023-12-16,239000.0,60,11.08,2,Delinquent,128319.0
L200888,C101653,Personal Loan,Branch,2025-08-27,545000.0,12,18.49,2,Delinquent,79815.0
L200889,C102300,Personal Loan,Digital,2024-11-23,89000.0,24,19.47,4,Delinquent,17534.0
L200890,C104290,Personal Loan,DSA,2026-01-26,399000.0,60,17.29,6,Delinquent,368836.0
L200891,C103782,Personal Loan,Branch,2025-01-09,596000.0,12,21.52,10,Delinquent,141315.0
L200892,C103492,Personal Loan,DSA,2024-05-25,805000.0,48,20.67,4,Delinquent,402449.0
L200893,C102445,Personal Loan,DSA,2026-02-24,216000.0,36,20.52,20,Delinquent,187604.0
L200894,C101429,Education Loan,Branch,2023-08-13,1069000.0,24,11.87,13,Delinquent,148962.0
L200895,C101484,Home Loan,Partner,2023-05-16,1740000.0,48,10.94,1,Delinquent,227360.0
L200896,C100662,Personal Loan,DSA,2024-01-30,743000.0,60,12.15,0,Current,319239.0
L200897,C103324,Auto Loan,Digital,2026-01-20,1676000.0,48,9.82,11,Delinquent,1384258.0
L200898,C103904,Home Loan,Branch,2025-09-09,4736000.0,24,9.06,2,Delinquent,2267222.0
L200899,C102740,Personal Loan,Digital,2024-10-06,734000.0,60,17.48,17,Delinquent,440397.0
L200900,C102882,Auto Loan,Branch,2026-01-20,439000.0,12,9.08,92,NPL,188309.0
L200901,C101863,Personal Loan,Branch,2025-02-14,524000.0,36,20.51,6,Delinquent,285344.0
L200902,C104818,Auto Loan,Digital,2023-10-14,1271000.0,48,13.24,0,Current,422036.0
L200903,C104438,Personal Loan,Partner,2023-01-07,816000.0,48,13.19,1,Delinquent,71273.0
L200904,C102033,Home Loan,Branch,2023-02-06,4032000.0,60,11.06,1,Delinquent,831543.0
L200905,C103776,Personal Loan,DSA,2025-10-16,627000.0,84,12.66,12,Delinquent,535305.0
L200906,C101746,Personal Loan,Digital,2024-01-06,62000.0,48,15.16,60,Delinquent,22534.0
L200907,C100619,Auto Loan,Digital,2024-05-21,636000.0,84,12.18,0,Current,369432.0
L200908,C101454,Personal Loan,DSA,2024-04-07,427000.0,84,15.62,141,NPL,329114.0
L200909,C104173,Home Loan,Digital,2023-04-17,3296000.0,36,8.58,17,Delinquent,554561.0
L200910,C102410,Personal Loan,Digital,2023-01-04,832000.0,24,12.67,5,Delinquent,114830.0
L200911,C104327,Auto Loan,Branch,2025-05-22,1404000.0,60,14.53,56,Delinquent,978675.0
L200912,C101614,Home Loan,Branch,2025-03-28,1589000.0,36,9.87,4,Delinquent,931211.0
L200913,C102300,Business Loan,Digital,2023-09-28,1053000.0,12,14.38,7,Delinquent,128087.0
L200914,C100366,Home Loan,Branch,2023-05-30,3249000.0,60,8.11,18,Delinquent,894833.0
L200915,C103905,Education Loan,Branch,2024-09-11,354000.0,24,8.77,12,Delinquent,44480.0
L200916,C101561,Personal Loan,Branch,2023-04-09,645000.0,36,14.62,13,Delinquent,110813.0
L200917,C100456,Business Loan,Branch,2023-12-15,2081000.0,48,16.63,0,Current,723934.0
L200918,C101095,Home Loan,Digital,2025-05-12,1917000.0,84,10.11,6,Delinquent,1692879.0
L200919,C103328,Personal Loan,Branch,2023-07-28,428000.0,60,18.27,8,Delinquent,154600.0
L200920,C104077,Auto Loan,Branch,2025-07-13,1267000.0,12,9.92,1,Delinquent,151316.0
L200921,C104775,Education Loan,Digital,2025-11-26,308000.0,12,8.85,11,Delinquent,92618.0
L200922,C101178,Business Loan,Digital,2023-08-09,1235000.0,84,11.09,4,Delinquent,662846.0
L200923,C102953,Personal Loan,Partner,2025-03-09,355000.0,120,19.14,6,Delinquent,310998.0
L200924,C102295,Home Loan,Partner,2025-07-11,2581000.0,84,8.46,6,Delinquent,2082771.0
L200925,C103577,Personal Loan,Partner,2024-09-15,410000.0,24,12.0,51,Delinquent,43399.0
L200926,C103364,Auto Loan,DSA,2023-12-23,1476000.0,60,11.27,2,Delinquent,697815.0
L200927,C100352,Home Loan,Branch,2026-03-26,5325000.0,12,9.15,11,Delinquent,3514786.0
L200928,C100747,Personal Loan,Branch,2024-01-05,306000.0,48,11.51,11,Delinquent,90331.0
L200929,C102951,Personal Loan,Partner,2023-10-24,822000.0,36,12.52,12,Delinquent,117302.0
L200930,C102657,Education Loan,Partner,2023-05-27,859000.0,24,12.42,15,Delinquent,176777.0
L200931,C104429,Personal Loan,Digital,2025-12-23,507000.0,36,12.0,12,Delinquent,462846.0
L200932,C104236,Personal Loan,Digital,2023-09-29,292000.0,24,18.05,57,Delinquent,59122.0
L200933,C100293,Personal Loan,Branch,2023-06-09,109000.0,120,15.33,49,Delinquent,72976.0
L200934,C102921,Home Loan,Branch,2023-02-16,5785000.0,120,9.86,9,Delinquent,3672493.0
L200935,C102034,Personal Loan,Digital,2023-12-16,804000.0,120,17.03,3,Delinquent,619851.0
L200936,C102412,Auto Loan,Branch,2025-03-17,156000.0,120,14.37,8,Delinquent,137263.0
L200937,C100325,Personal Loan,Digital,2025-03-31,248000.0,120,14.19,14,Delinquent,213919.0
L200938,C104195,Personal Loan,DSA,2025-10-18,98000.0,24,12.23,3,Delinquent,50893.0
L200939,C100827,Personal Loan,DSA,2025-03-12,490000.0,48,19.64,6,Delinquent,325684.0
L200940,C104737,Personal Loan,Partner,2023-02-28,513000.0,36,21.06,10,Delinquent,82003.0
L200941,C104657,Auto Loan,Branch,2025-10-08,1799000.0,12,10.45,133,NPL,275123.0
L200942,C104105,Personal Loan,Digital,2023-11-03,787000.0,24,20.02,4,Delinquent,145508.0
L200943,C100589,Auto Loan,Digital,2026-02-22,294000.0,60,11.91,12,Delinquent,279331.0
L200944,C102043,Home Loan,Digital,2024-02-20,3174000.0,24,8.29,13,Delinquent,291887.0
L200945,C100120,Personal Loan,Partner,2023-01-20,573000.0,60,11.55,63,Delinquent,177552.0
L200946,C103059,Personal Loan,Branch,2024-04-16,212000.0,60,12.57,4,Delinquent,126671.0
L200947,C104322,Home Loan,Branch,2024-06-24,1662000.0,12,8.13,52,Delinquent,288540.0
L200948,C102634,Personal Loan,Digital,2025-09-16,726000.0,120,17.3,7,Delinquent,687190.0
L200949,C100116,Home Loan,Digital,2024-10-24,2692000.0,48,8.7,3,Delinquent,1393609.0
L200950,C101517,Business Loan,Digital,2023-02-21,528000.0,36,14.25,40,Delinquent,69275.0
L200951,C100852,Personal Loan,Branch,2023-02-27,717000.0,12,17.8,6,Delinquent,118150.0
L200952,C102177,Home Loan,Branch,2025-01-06,3049000.0,84,8.65,0,Current,2396531.0
L200953,C101860,Home Loan,Digital,2023-04-11,3328000.0,120,9.45,15,Delinquent,2026299.0
L200954,C104147,Personal Loan,DSA,2024-09-30,257000.0,120,19.93,6,Delinquent,212738.0
L200955,C101106,Home Loan,Branch,2025-12-12,1998000.0,60,8.93,8,Delinquent,1761213.0
L200956,C101503,Auto Loan,Partner,2025-10-03,510000.0,60,10.14,82,Delinquent,398075.0
L200957,C101188,Auto Loan,Digital,2025-01-27,605000.0,84,10.47,7,Delinquent,489656.0
L200958,C104448,Auto Loan,Branch,2024-01-03,1792000.0,84,14.09,14,Delinquent,1054109.0
L200959,C101473,Personal Loan,Branch,2024-09-10,389000.0,48,20.3,7,Delinquent,206373.0
L200960,C104958,Home Loan,Branch,2023-05-03,1655000.0,12,11.32,6,Delinquent,183918.0
L200961,C103332,Business Loan,Branch,2025-06-06,667000.0,36,16.52,137,NPL,396123.0
L200962,C101534,Home Loan,Digital,2023-06-06,2958000.0,84,9.74,53,Delinquent,1565876.0
L200963,C102971,Auto Loan,Partner,2023-03-03,150000.0,120,12.95,87,Delinquent,98322.0
L200964,C100614,Auto Loan,Branch,2025-01-26,1476000.0,24,11.23,3,Delinquent,212169.0
L200965,C104520,Home Loan,Branch,2024-11-18,4071000.0,84,8.32,14,Delinquent,3169896.0
L200966,C104786,Personal Loan,Partner,2024-10-16,251000.0,84,20.56,6,Delinquent,197973.0
L200967,C101469,Auto Loan,Digital,2024-07-24,1544000.0,36,14.68,14,Delinquent,372915.0
L200968,C100856,Home Loan,Digital,2024-12-11,5026000.0,120,10.75,180,NPL,4521766.0
L200969,C102143,Personal Loan,Digital,2024-06-12,222000.0,12,17.42,1,Delinquent,51544.0
L200970,C103858,Personal Loan,Branch,2023-06-14,862000.0,24,18.18,133,NPL,68960.0
L200971,C103135,Personal Loan,Branch,2024-11-14,788000.0,12,18.12,7,Delinquent,63040.0
L200972,C100196,Auto Loan,Partner,2023-02-20,846000.0,48,12.74,11,Delinquent,195563.0
L200973,C100042,Personal Loan,Digital,2023-03-18,281000.0,84,17.33,14,Delinquent,135267.0
L200974,C101178,Business Loan,Branch,2024-11-10,389000.0,48,11.43,2,Delinquent,197288.0
L200975,C103773,Education Loan,Partner,2025-04-24,306000.0,36,10.2,46,Delinquent,183092.0
L200976,C101301,Education Loan,Digital,2023-04-08,1040000.0,24,11.56,13,Delinquent,103281.0
L200977,C104473,Personal Loan,Branch,2024-03-27,205000.0,36,11.83,49,Delinquent,44370.0
L200978,C101487,Home Loan,Partner,2026-01-20,5281000.0,12,8.68,7,Delinquent,2873197.0
L200979,C104463,Business Loan,Digital,2025-07-26,2043000.0,60,17.95,6,Delinquent,1449873.0
L200980,C104597,Auto Loan,DSA,2025-08-21,1075000.0,84,12.87,4,Delinquent,935615.0
L200981,C103640,Personal Loan,Branch,2025-02-26,831000.0,84,21.14,8,Delinquent,610396.0
L200982,C100877,Business Loan,Branch,2023-08-04,1619000.0,120,14.6,83,Delinquent,1216408.0
L200983,C100360,Auto Loan,Partner,2024-04-09,1176000.0,48,11.64,11,Delinquent,490896.0
L200984,C100869,Auto Loan,Branch,2024-12-18,1046000.0,24,10.63,4,Delinquent,214655.0
L200985,C103165,Education Loan,Partner,2025-03-10,513000.0,48,8.73,49,Delinquent,322853.0
L200986,C103459,Education Loan,DSA,2023-06-08,984000.0,60,12.14,1,Delinquent,417209.0
L200987,C104928,Home Loan,Digital,2026-03-10,4731000.0,84,9.29,13,Delinquent,4160720.0
L200988,C104762,Personal Loan,Partner,2026-01-28,326000.0,60,18.44,8,Delinquent,306873.0
L200989,C101540,Auto Loan,Partner,2023-02-13,1202000.0,24,12.37,3,Delinquent,276758.0
L200990,C101947,Auto Loan,Partner,2024-12-08,248000.0,36,14.05,62,Delinquent,126087.0
L200991,C103862,Auto Loan,Digital,2023-06-21,448000.0,12,12.9,15,Delinquent,98201.0
L200992,C103866,Home Loan,Digital,2024-01-17,2780000.0,24,10.98,2,Delinquent,339462.0
L200993,C101569,Auto Loan,Branch,2025-11-29,473000.0,36,14.78,14,Delinquent,374559.0
L200994,C100156,Home Loan,Branch,2025-03-27,2525000.0,120,9.38,111,NPL,2441663.0
L200995,C100483,Education Loan,Partner,2024-02-27,396000.0,36,11.31,163,NPL,96921.0
L200996,C104121,Business Loan,Partner,2023-01-04,1427000.0,36,15.1,13,Delinquent,287204.0
L200997,C101743,Home Loan,Branch,2025-09-30,1567000.0,60,9.26,8,Delinquent,1336601.0
L200998,C103617,Auto Loan,DSA,2023-12-12,879000.0,120,9.01,1,Delinquent,579071.0
L200999,C104005,Auto Loan,Partner,2024-12-27,1427000.0,24,11.53,7,Delinquent,123788.0
L201000,C104484,Home Loan,Digital,2023-10-09,3114000.0,84,11.0,48,Delinquent,1997338.0
L201001,C102461,Personal Loan,Branch,2025-08-05,497000.0,120,20.79,0,Current,436564.0
L201002,C103188,Auto Loan,Branch,2024-02-20,1054000.0,84,14.3,15,Delinquent,727714.0
L201003,C100978,Auto Loan,Digital,2025-06-06,909000.0,24,12.96,13,Delinquent,365269.0
L201004,C104707,Home Loan,Partner,2023-04-13,3765000.0,24,9.09,5,Delinquent,513261.0
L201005,C104417,Business Loan,Branch,2025-01-08,1764000.0,84,17.52,12,Delinquent,1273031.0
L201006,C101950,Education Loan,Digital,2026-03-07,561000.0,36,12.56,24,Delinquent,444615.0
L201007,C101837,Business Loan,DSA,2024-07-22,2740000.0,48,11.94,8,Delinquent,1667005.0
L201008,C103663,Education Loan,DSA,2024-07-15,641000.0,12,12.35,14,Delinquent,87992.0
L201009,C102071,Home Loan,Partner,2025-04-03,4276000.0,24,9.57,4,Delinquent,1439024.0
L201010,C103628,Business Loan,DSA,2025-10-24,1608000.0,36,13.89,13,Delinquent,1308574.0
L201011,C100452,Education Loan,Digital,2025-08-31,779000.0,60,11.47,5,Delinquent,688045.0
L201012,C101344,Auto Loan,Partner,2023-03-13,1533000.0,120,13.32,5,Delinquent,972518.0
L201013,C103902,Personal Loan,Digital,2023-12-22,146000.0,12,14.23,7,Delinquent,20636.0
L201014,C104603,Personal Loan,Digital,2025-10-10,652000.0,60,18.99,3,Delinquent,531100.0
L201015,C100131,Home Loan,Branch,2026-03-15,3218000.0,120,11.08,1,Delinquent,3058474.0
L201016,C103896,Auto Loan,Digital,2025-02-22,171000.0,36,14.9,2,Delinquent,89776.0
L201017,C100347,Home Loan,Branch,2023-01-06,4647000.0,120,9.55,13,Delinquent,3024500.0
L201018,C104332,Business Loan,Partner,2025-03-25,1050000.0,36,15.57,6,Delinquent,621989.0
L201019,C101267,Business Loan,Branch,2026-02-10,1744000.0,48,17.76,11,Delinquent,1480812.0
L201020,C101813,Personal Loan,Branch,2025-08-25,744000.0,24,15.74,172,NPL,365557.0
L201021,C103586,Personal Loan,Partner,2025-05-18,349000.0,84,21.68,9,Delinquent,276243.0
L201022,C104207,Auto Loan,DSA,2024-09-23,396000.0,12,10.34,7,Delinquent,80928.0
L201023,C102073,Personal Loan,DSA,2025-12-18,138000.0,60,19.45,2,Delinquent,121217.0
L201024,C101575,Education Loan,DSA,2025-01-30,939000.0,24,11.36,3,Delinquent,301184.0
L201025,C104900,Business Loan,Branch,2024-09-05,1584000.0,24,13.76,0,Current,257057.0
L201026,C104823,Home Loan,Branch,2025-12-15,5752000.0,36,11.26,6,Delinquent,4831493.0
L201027,C102621,Auto Loan,DSA,2023-01-05,1194000.0,12,14.91,47,Delinquent,245335.0
L201028,C100120,Business Loan,Partner,2023-05-31,2870000.0,48,10.6,27,Delinquent,543872.0
L201029,C104846,Business Loan,Digital,2025-10-06,2739000.0,36,14.92,12,Delinquent,2004171.0
L201030,C103096,Auto Loan,Branch,2023-03-08,1238000.0,36,14.56,12,Delinquent,145906.0
L201031,C102765,Education Loan,Branch,2025-12-13,103000.0,24,8.88,36,Delinquent,66650.0
L201032,C100562,Home Loan,Digital,2026-03-25,2142000.0,24,9.59,21,Delinquent,1743928.0
L201033,C104967,Personal Loan,Branch,2023-11-09,686000.0,84,14.69,4,Delinquent,431138.0
L201034,C103594,Auto Loan,Branch,2025-11-23,1427000.0,24,13.26,37,Delinquent,902893.0
L201035,C101089,Business Loan,Digital,2024-10-18,2083000.0,48,16.35,11,Delinquent,1135114.0
L201036,C101819,Education Loan,Digital,2024-09-08,383000.0,48,12.02,11,Delinquent,181790.0
L201037,C101719,Personal Loan,Digital,2026-01-12,882000.0,36,14.86,0,Current,754352.0
L201038,C104354,Home Loan,Branch,2025-07-25,5957000.0,12,8.9,97,NPL,621719.0
L201039,C102379,Auto Loan,Branch,2025-12-02,1117000.0,48,10.12,4,Delinquent,1000196.0
L201040,C104364,Business Loan,Branch,2025-11-24,1060000.0,12,15.68,39,Delinquent,289040.0
L201041,C103440,Auto Loan,Digital,2025-05-21,1704000.0,24,10.35,23,Delinquent,716816.0
L201042,C101841,Personal Loan,Branch,2024-07-14,392000.0,84,16.41,13,Delinquent,272841.0
L201043,C102029,Business Loan,Partner,2023-08-11,2007000.0,12,15.97,43,Delinquent,263514.0
L201044,C104050,Auto Loan,Branch,2023-04-28,1192000.0,24,10.3,9,Delinquent,165858.0
L201045,C102498,Business Loan,DSA,2023-10-31,1505000.0,84,17.39,9,Delinquent,950964.0
L201046,C103406,Business Loan,Branch,2024-07-30,501000.0,36,10.72,5,Delinquent,138023.0
L201047,C100615,Personal Loan,Digital,2023-06-14,292000.0,48,13.36,9,Delinquent,53708.0
L201048,C102133,Education Loan,DSA,2024-02-26,321000.0,12,9.8,26,Delinquent,83699.0
L201049,C102885,Home Loan,Branch,2025-08-11,1342000.0,48,8.93,15,Delinquent,1148122.0
L201050,C101717,Education Loan,Digital,2023-01-28,463000.0,24,11.67,15,Delinquent,82380.0
L201051,C104240,Personal Loan,Branch,2024-01-05,853000.0,36,13.55,1,Delinquent,122687.0
L201052,C101052,Business Loan,Digital,2026-02-24,604000.0,84,13.68,15,Delinquent,594668.0
L201053,C104248,Personal Loan,Partner,2024-01-25,735000.0,48,17.65,1,Delinquent,241871.0
L201054,C100317,Personal Loan,Digital,2025-05-08,419000.0,120,19.41,36,Delinquent,401849.0
L201055,C102137,Education Loan,DSA,2025-01-01,540000.0,120,10.58,8,Delinquent,505875.0
L201056,C102587,Personal Loan,Branch,2025-07-31,489000.0,36,18.48,2,Delinquent,348271.0
L201057,C101268,Personal Loan,Digital,2025-05-25,703000.0,24,13.51,14,Delinquent,280078.0
L201058,C102701,Business Loan,DSA,2024-12-17,2779000.0,24,15.14,11,Delinquent,366764.0
L201059,C104505,Home Loan,Branch,2026-03-11,2073000.0,60,8.18,41,Delinquent,1787915.0
L201060,C102221,Auto Loan,Branch,2023-11-20,1422000.0,60,14.5,3,Delinquent,701929.0
L201061,C102696,Education Loan,Branch,2023-12-02,970000.0,84,9.9,2,Delinquent,613268.0
L201062,C104753,Home Loan,Branch,2024-12-02,4047000.0,24,10.9,3,Delinquent,840830.0
L201063,C104619,Personal Loan,Partner,2025-05-07,141000.0,60,17.88,17,Delinquent,109445.0
L201064,C100069,Auto Loan,Branch,2025-03-27,1197000.0,60,14.09,14,Delinquent,991834.0
L201065,C103631,Auto Loan,Branch,2026-02-21,1791000.0,48,13.58,6,Delinquent,1651659.0
L201066,C104252,Personal Loan,Branch,2024-12-17,202000.0,60,16.95,1,Delinquent,127015.0
L201067,C104713,Auto Loan,Branch,2025-07-03,1417000.0,48,14.21,29,Delinquent,992337.0
L201068,C104005,Personal Loan,Digital,2023-06-02,777000.0,84,12.37,7,Delinquent,481050.0
L201069,C100414,Personal Loan,Branch,2023-02-15,175000.0,36,14.78,3,Delinquent,28507.0
L201070,C103794,Personal Loan,Branch,2025-09-03,174000.0,24,16.3,12,Delinquent,96563.0
L201071,C104223,Business Loan,Branch,2024-06-20,783000.0,60,15.15,2,Delinquent,396989.0
L201072,C102625,Personal Loan,DSA,2023-12-24,719000.0,36,13.16,9,Delinquent,86755.0
L201073,C100105,Personal Loan,Digital,2025-06-19,468000.0,48,11.54,5,Delinquent,383456.0
L201074,C100952,Education Loan,DSA,2024-04-21,142000.0,24,11.1,14,Delinquent,26717.0
L201075,C101376,Home Loan,Branch,2023-02-05,4701000.0,24,11.16,6,Delinquent,904761.0
L201076,C104315,Education Loan,Branch,2024-10-22,391000.0,60,9.51,7,Delinquent,237069.0
L201077,C100629,Business Loan,Partner,2023-05-31,1259000.0,24,14.55,12,Delinquent,131534.0
L201078,C103723,Home Loan,Branch,2026-03-19,3023000.0,120,10.44,0,Current,2879457.0
L201079,C100896,Home Loan,Digital,2024-01-29,1547000.0,84,8.93,11,Delinquent,1016163.0
L201080,C104165,Personal Loan,Branch,2024-01-11,760000.0,36,12.37,159,NPL,87981.0
L201081,C100057,Personal Loan,Branch,2025-10-09,169000.0,24,20.42,44,Delinquent,98352.0
L201082,C101179,Personal Loan,Digital,2023-02-20,397000.0,36,19.06,17,Delinquent,63804.0
L201083,C100509,Home Loan,Digital,2025-03-23,3662000.0,48,10.74,5,Delinquent,2087661.0
L201084,C102772,Personal Loan,Branch,2026-03-12,824000.0,60,22.0,154,NPL,786174.0
L201085,C103906,Business Loan,Digital,2023-02-05,2320000.0,36,16.9,11,Delinquent,226781.0
L201086,C102080,Personal Loan,Digital,2026-02-22,413000.0,36,13.82,5,Delinquent,373772.0
L201087,C102668,Home Loan,Digital,2025-01-10,4217000.0,48,10.58,7,Delinquent,2422759.0
L201088,C103199,Personal Loan,DSA,2023-08-26,232000.0,12,18.81,0,Current,18882.0
L201089,C102275,Personal Loan,DSA,2025-10-20,65000.0,12,20.89,9,Delinquent,9095.0
L201090,C103764,Business Loan,Branch,2025-09-21,975000.0,48,15.16,6,Delinquent,687623.0
L201091,C101420,Auto Loan,Branch,2026-03-24,1674000.0,84,13.43,0,Current,1486740.0
L201092,C100869,Home Loan,DSA,2026-01-08,2388000.0,60,10.74,87,Delinquent,2051252.0
L201093,C100937,Auto Loan,Branch,2025-01-03,1380000.0,12,14.71,4,Delinquent,272096.0
L201094,C100871,Home Loan,Partner,2023-01-16,5211000.0,48,9.21,3,Delinquent,416880.0
L201095,C100189,Business Loan,DSA,2025-06-15,2257000.0,48,16.01,13,Delinquent,1496311.0
L201096,C100219,Home Loan,Branch,2025-06-24,2899000.0,84,10.4,54,Delinquent,2746329.0
L201097,C100264,Auto Loan,DSA,2025-07-16,458000.0,60,13.16,3,Delinquent,349851.0
L201098,C100786,Personal Loan,Branch,2023-08-04,224000.0,60,12.58,13,Delinquent,93882.0
L201099,C103171,Home Loan,Branch,2025-05-30,1307000.0,12,8.46,138,NPL,229497.0
L201100,C101201,Home Loan,Partner,2025-09-19,3320000.0,48,11.1,24,Delinquent,2474158.0
L201101,C102923,Personal Loan,DSA,2023-03-31,709000.0,120,21.19,5,Delinquent,451851.0
L201102,C100363,Auto Loan,Digital,2023-01-26,1671000.0,120,12.59,6,Delinquent,1162390.0
L201103,C104003,Auto Loan,DSA,2023-04-11,354000.0,84,10.94,87,Delinquent,210929.0
L201104,C101779,Personal Loan,Branch,2025-04-09,494000.0,60,14.18,13,Delinquent,323502.0
L201105,C102206,Education Loan,DSA,2023-12-28,293000.0,84,11.99,4,Delinquent,199882.0
L201106,C103376,Personal Loan,Partner,2025-09-07,567000.0,36,15.91,0,Current,342276.0
L201107,C104988,Business Loan,DSA,2026-02-22,1691000.0,48,11.34,55,Delinquent,1585401.0
L201108,C103966,Home Loan,Digital,2023-02-12,3198000.0,36,8.55,3,Delinquent,656880.0
L201109,C102007,Personal Loan,Branch,2025-06-05,799000.0,12,13.54,8,Delinquent,132556.0
L201110,C101730,Personal Loan,Partner,2025-06-27,800000.0,12,15.23,48,Delinquent,115540.0
L201111,C101693,Auto Loan,Branch,2023-04-01,1592000.0,36,13.57,15,Delinquent,360023.0
L201112,C100420,Business Loan,Partner,2023-05-23,2287000.0,60,14.74,11,Delinquent,752068.0
L201113,C101690,Auto Loan,Branch,2025-08-24,180000.0,84,12.38,10,Delinquent,158319.0
L201114,C103797,Home Loan,Branch,2023-04-05,4075000.0,84,9.77,5,Delinquent,1977340.0
L201115,C101382,Personal Loan,Branch,2023-08-27,587000.0,48,20.24,10,Delinquent,192581.0
L201116,C101956,Business Loan,Digital,2026-01-09,1308000.0,24,16.06,10,Delinquent,938272.0
L201117,C100346,Business Loan,Branch,2025-05-22,2576000.0,84,15.78,88,Delinquent,2217566.0
L201118,C101258,Home Loan,Digital,2026-01-12,3432000.0,84,10.97,13,Delinquent,2768766.0
L201119,C100344,Business Loan,Partner,2023-11-25,2092000.0,24,11.96,13,Delinquent,264892.0
L201120,C102354,Auto Loan,Branch,2025-06-08,1798000.0,60,12.39,173,NPL,1303965.0
L201121,C101485,Home Loan,Digital,2025-01-01,3054000.0,24,10.55,3,Delinquent,468218.0
L201122,C104850,Auto Loan,Digital,2025-12-04,512000.0,12,14.73,106,NPL,190190.0
L201123,C102949,Personal Loan,Digital,2023-09-28,687000.0,12,20.88,3,Delinquent,68116.0
L201124,C101864,Personal Loan,Digital,2023-01-21,429000.0,24,20.66,30,Delinquent,64503.0
L201125,C102688,Auto Loan,Partner,2024-04-24,945000.0,24,12.82,157,NPL,243573.0
L201126,C104798,Education Loan,Digital,2024-09-06,784000.0,120,12.92,62,Delinquent,629018.0
L201127,C100903,Home Loan,Digital,2024-11-19,5303000.0,120,10.8,2,Delinquent,4016566.0
L201128,C101266,Personal Loan,Branch,2025-11-11,565000.0,12,14.82,6,Delinquent,183930.0
L201129,C102727,Personal Loan,Digital,2025-04-03,249000.0,120,20.28,45,Delinquent,209566.0
L201130,C100528,Home Loan,Branch,2025-12-07,1489000.0,120,10.49,15,Delinquent,1378035.0
L201131,C102599,Auto Loan,Digital,2025-05-25,636000.0,120,10.66,13,Delinquent,515315.0
L201132,C100786,Personal Loan,Digital,2024-03-16,817000.0,84,14.5,27,Delinquent,593533.0
L201133,C104321,Personal Loan,DSA,2025-09-06,634000.0,12,12.33,7,Delinquent,132946.0
L201134,C103869,Auto Loan,Digital,2024-01-25,350000.0,84,13.23,130,NPL,236134.0
L201135,C100244,Personal Loan,Digital,2025-09-02,719000.0,84,11.74,162,NPL,676477.0
L201136,C102689,Home Loan,Branch,2025-04-19,3597000.0,48,8.97,168,NPL,2514256.0
L201137,C101050,Auto Loan,DSA,2023-09-23,490000.0,12,13.84,68,Delinquent,50118.0
L201138,C102910,Personal Loan,Partner,2023-03-14,349000.0,24,15.9,26,Delinquent,34715.0
L201139,C102724,Home Loan,Digital,2025-11-29,3618000.0,48,8.68,2,Delinquent,2998137.0
L201140,C104839,Personal Loan,Branch,2025-07-25,777000.0,24,18.46,82,Delinquent,378682.0
L201141,C100888,Personal Loan,Digital,2023-03-02,328000.0,120,16.07,0,Current,213061.0
L201142,C102525,Business Loan,Branch,2023-10-27,2884000.0,12,11.6,15,Delinquent,230720.0
L201143,C104828,Auto Loan,Digital,2024-08-01,169000.0,48,13.89,10,Delinquent,85929.0
L201144,C100586,Personal Loan,Branch,2024-09-17,767000.0,48,11.23,8,Delinquent,348786.0
L201145,C101270,Personal Loan,Digital,2024-03-28,140000.0,48,13.76,1,Delinquent,62824.0
L201146,C103593,Personal Loan,Partner,2023-08-20,465000.0,120,11.63,10,Delinquent,296402.0
L201147,C100541,Business Loan,Branch,2025-03-11,2477000.0,12,11.26,1,Delinquent,494457.0
L201148,C101040,Business Loan,Digital,2025-05-31,2057000.0,24,14.33,8,Delinquent,857876.0
L201149,C104786,Auto Loan,Branch,2025-02-07,755000.0,12,13.62,3,Delinquent,79808.0
L201150,C102908,Personal Loan,Branch,2026-02-21,366000.0,24,11.23,5,Delinquent,292790.0
L201151,C100281,Education Loan,Digital,2024-04-17,1018000.0,12,12.54,31,Delinquent,224064.0
L201152,C104272,Business Loan,DSA,2024-10-11,1737000.0,24,14.68,0,Current,288389.0
L201153,C102618,Personal Loan,Partner,2024-01-16,628000.0,60,16.71,1,Delinquent,270990.0
L201154,C102386,Home Loan,Branch,2026-02-14,3951000.0,60,11.24,9,Delinquent,3492549.0
L201155,C104963,Home Loan,Branch,2024-05-17,5744000.0,84,10.05,15,Delinquent,3794720.0
L201156,C101572,Auto Loan,Digital,2024-04-27,1629000.0,84,14.64,11,Delinquent,1031883.0
L201157,C101894,Personal Loan,Digital,2025-06-11,688000.0,84,14.65,12,Delinquent,514768.0
L201158,C102878,Personal Loan,DSA,2023-12-10,141000.0,84,14.67,8,Delinquent,100367.0
L201159,C101209,Auto Loan,DSA,2024-03-13,1320000.0,84,14.09,13,Delinquent,815026.0
L201160,C100635,Auto Loan,Partner,2025-10-03,316000.0,24,12.98,44,Delinquent,156197.0
L201161,C100691,Home Loan,Branch,2023-01-26,2733000.0,120,9.84,15,Delinquent,1582314.0
L201162,C101538,Home Loan,Partner,2023-02-15,3646000.0,60,8.7,2,Delinquent,937256.0
L201163,C100399,Personal Loan,Partner,2025-11-05,114000.0,12,20.87,15,Delinquent,10349.0
L201164,C102521,Home Loan,Branch,2023-12-04,5883000.0,48,9.44,4,Delinquent,2141328.0
L201165,C104968,Business Loan,Branch,2025-07-25,2299000.0,120,17.06,40,Delinquent,2126432.0
L201166,C101271,Auto Loan,DSA,2025-04-08,916000.0,120,13.68,14,Delinquent,803001.0
L201167,C100204,Education Loan,Digital,2023-08-28,827000.0,120,10.35,3,Delinquent,529374.0
L201168,C100197,Auto Loan,Branch,2023-08-15,174000.0,60,14.05,155,NPL,76323.0
L201169,C100832,Business Loan,Digital,2026-03-26,438000.0,60,16.14,2,Delinquent,399914.0
L201170,C102926,Home Loan,Digital,2025-12-04,5778000.0,12,8.29,1,Delinquent,2318516.0
L201171,C102354,Personal Loan,Partner,2023-11-05,682000.0,60,11.32,28,Delinquent,229750.0
L201172,C102007,Business Loan,DSA,2024-08-01,1766000.0,36,17.62,3,Delinquent,489470.0
L201173,C103774,Auto Loan,Partner,2025-10-31,1321000.0,24,10.65,13,Delinquent,745833.0
L201174,C101954,Business Loan,Digital,2023-10-23,1724000.0,60,13.94,11,Delinquent,644330.0
L201175,C103081,Auto Loan,DSA,2025-03-04,232000.0,24,14.82,2,Delinquent,71977.0
L201176,C104985,Home Loan,Branch,2024-03-21,4537000.0,60,10.4,77,Delinquent,2631335.0
L201177,C100848,Personal Loan,Digital,2025-11-24,701000.0,48,13.87,5,Delinquent,605681.0
L201178,C100559,Home Loan,Partner,2023-12-07,3675000.0,36,10.0,13,Delinquent,552389.0
L201179,C101089,Auto Loan,DSA,2024-06-03,402000.0,36,11.16,23,Delinquent,113531.0
L201180,C100771,Education Loan,Digital,2025-04-21,319000.0,36,8.95,55,Delinquent,189757.0
L201181,C104147,Business Loan,Branch,2025-03-16,1548000.0,84,15.7,5,Delinquent,1168953.0
L201182,C104382,Home Loan,Branch,2023-05-12,2999000.0,24,9.02,42,Delinquent,478604.0
L201183,C102800,Home Loan,DSA,2023-04-15,4912000.0,60,9.36,57,Delinquent,1589679.0
L201184,C100652,Personal Loan,Branch,2025-10-21,339000.0,36,20.77,13,Delinquent,220365.0
L201185,C104257,Personal Loan,Branch,2025-07-02,156000.0,60,21.67,168,NPL,138938.0
L201186,C104589,Education Loan,DSA,2023-06-28,1161000.0,12,8.56,116,NPL,195791.0
L201187,C102039,Business Loan,Branch,2025-02-16,2427000.0,120,10.87,6,Delinquent,1944945.0
L201188,C103360,Home Loan,Digital,2023-12-05,2514000.0,36,11.01,78,Delinquent,318533.0
L201189,C103042,Business Loan,Branch,2024-05-02,2221000.0,24,15.08,6,Delinquent,389706.0
L201190,C102641,Personal Loan,Branch,2025-01-22,272000.0,24,15.8,7,Delinquent,65439.0
L201191,C101766,Education Loan,Branch,2025-02-05,522000.0,84,12.11,3,Delinquent,405243.0
L201192,C101393,Auto Loan,Branch,2024-03-01,1766000.0,24,10.2,58,Delinquent,396405.0
L201193,C101379,Personal Loan,Digital,2025-09-23,773000.0,24,20.71,6,Delinquent,425493.0
L201194,C101798,Auto Loan,Digital,2024-09-04,1334000.0,24,9.26,5,Delinquent,252106.0
L201195,C103800,Personal Loan,Digital,2025-09-02,464000.0,36,11.46,115,NPL,344929.0
L201196,C104130,Auto Loan,Partner,2024-11-13,321000.0,24,14.37,6,Delinquent,62776.0
L201197,C100567,Personal Loan,Digital,2024-03-03,818000.0,60,13.83,7,Delinquent,404453.0
L201198,C100288,Personal Loan,Digital,2023-11-07,346000.0,48,15.5,9,Delinquent,83656.0
L201199,C102392,Auto Loan,Digital,2023-01-16,731000.0,12,10.35,5,Delinquent,58480.0
L201200,C103843,Home Loan,Digital,2024-10-03,4999000.0,60,10.03,7,Delinquent,3151348.0
L201201,C102805,Personal Loan,Branch,2024-10-29,61000.0,120,15.94,26,Delinquent,50863.0
L201202,C104140,Business Loan,Partner,2026-02-01,556000.0,120,17.25,12,Delinquent,507066.0
L201203,C103568,Personal Loan,Digital,2023-11-08,397000.0,36,19.89,14,Delinquent,61642.0
L201204,C103530,Auto Loan,Digital,2023-01-03,584000.0,48,9.42,4,Delinquent,116127.0
L201205,C102693,Auto Loan,Digital,2025-12-09,853000.0,48,14.49,5,Delinquent,668402.0
L201206,C100273,Personal Loan,DSA,2024-12-16,677000.0,12,12.08,5,Delinquent,76239.0
L201207,C100899,Education Loan,Digital,2023-03-01,429000.0,48,12.09,74,Delinquent,34320.0
L201208,C103714,Home Loan,Digital,2024-01-20,2077000.0,36,10.19,14,Delinquent,260870.0
L201209,C101545,Personal Loan,Digital,2026-03-10,326000.0,120,11.41,5,Delinquent,322716.0
L201210,C103616,Home Loan,DSA,2025-10-31,4375000.0,48,8.15,48,Delinquent,3440562.0
L201211,C101697,Auto Loan,Branch,2024-10-26,295000.0,36,12.37,57,Delinquent,117081.0
L201212,C100066,Personal Loan,Partner,2023-04-26,225000.0,84,15.22,25,Delinquent,104849.0
L201213,C103382,Personal Loan,DSA,2025-02-19,555000.0,24,15.1,28,Delinquent,185712.0
L201214,C104462,Home Loan,Branch,2023-03-14,3197000.0,24,10.44,85,Delinquent,616981.0
L201215,C102230,Auto Loan,Branch,2024-04-14,454000.0,60,14.34,37,Delinquent,218762.0
L201216,C100661,Personal Loan,Partner,2024-04-30,403000.0,84,20.1,3,Delinquent,273995.0
L201217,C102073,Home Loan,Branch,2025-07-20,1237000.0,84,10.82,10,Delinquent,1081276.0
L201218,C104804,Personal Loan,Branch,2025-03-19,678000.0,84,18.57,50,Delinquent,610592.0
L201219,C101593,Personal Loan,Branch,2024-07-28,585000.0,60,15.4,36,Delinquent,371436.0
L201220,C100354,Auto Loan,Branch,2023-01-08,743000.0,84,13.25,77,Delinquent,402180.0
L201221,C103839,Personal Loan,Digital,2023-01-22,313000.0,84,16.42,2,Delinquent,151886.0
L201222,C101191,Personal Loan,DSA,2025-08-31,92000.0,60,19.8,15,Delinquent,74987.0
L201223,C100187,Personal Loan,Digital,2025-02-20,508000.0,48,17.19,10,Delinquent,329575.0
L201224,C103452,Auto Loan,Branch,2024-02-08,175000.0,24,10.05,6,Delinquent,22637.0
L201225,C101692,Auto Loan,Digital,2025-06-19,1654000.0,84,14.41,1,Delinquent,1476216.0
L201226,C100687,Home Loan,Branch,2026-01-09,2447000.0,60,8.93,38,Delinquent,2134169.0
L201227,C100270,Auto Loan,Digital,2023-01-16,827000.0,24,14.29,108,NPL,141838.0
L201228,C100925,Auto Loan,Digital,2025-12-22,1442000.0,24,12.48,8,Delinquent,903550.0
L201229,C100749,Personal Loan,Partner,2023-10-25,124000.0,120,17.89,12,Delinquent,83275.0
L201230,C100056,Personal Loan,DSA,2025-07-05,509000.0,120,14.16,115,NPL,437326.0
L201231,C101854,Personal Loan,DSA,2024-12-09,432000.0,12,13.06,8,Delinquent,73433.0
L201232,C104133,Business Loan,Digital,2025-06-03,1522000.0,12,14.65,11,Delinquent,315719.0
L201233,C101979,Personal Loan,Digital,2023-05-22,167000.0,120,16.71,14,Delinquent,102452.0
L201234,C100189,Personal Loan,Digital,2024-12-21,630000.0,60,19.17,15,Delinquent,405834.0
L201235,C104409,Home Loan,DSA,2026-03-05,2217000.0,48,10.13,0,Current,2020418.0
L201236,C103163,Auto Loan,Partner,2025-08-11,167000.0,120,10.88,2,Delinquent,153214.0
L201237,C104822,Business Loan,Partner,2025-08-16,1513000.0,48,14.39,5,Delinquent,1257201.0
L201238,C102912,Home Loan,Digital,2023-08-02,2949000.0,36,8.37,15,Delinquent,528865.0
L201239,C102386,Personal Loan,DSA,2023-11-27,685000.0,24,15.94,7,Delinquent,107170.0
L201240,C102557,Auto Loan,Digital,2025-09-07,663000.0,24,11.83,54,Delinquent,363721.0
L201241,C100033,Auto Loan,Branch,2024-04-28,352000.0,24,13.3,125,NPL,66170.0
L201242,C101876,Education Loan,DSA,2024-11-09,736000.0,12,8.7,48,Delinquent,222784.0
L201243,C102210,Auto Loan,Partner,2023-07-20,1069000.0,36,14.74,85,Delinquent,203993.0
L201244,C101498,Home Loan,Partner,2025-07-27,4045000.0,48,8.45,7,Delinquent,3279724.0
L201245,C104186,Personal Loan,Partner,2024-06-18,819000.0,84,13.14,37,Delinquent,610795.0
L201246,C104785,Education Loan,Digital,2024-08-15,145000.0,24,8.99,33,Delinquent,22309.0
L201247,C102391,Auto Loan,DSA,2026-02-16,872000.0,120,14.63,33,Delinquent,751435.0
L201248,C103927,Personal Loan,Digital,2025-01-27,773000.0,60,12.86,30,Delinquent,520868.0
L201249,C101116,Home Loan,Digital,2024-06-12,2800000.0,24,11.39,5,Delinquent,432475.0
L201250,C104614,Auto Loan,Branch,2024-02-14,886000.0,60,12.86,51,Delinquent,468517.0
L201251,C103517,Personal Loan,Digital,2024-12-22,847000.0,48,14.34,50,Delinquent,534393.0
L201252,C103670,Auto Loan,Branch,2024-05-24,469000.0,12,12.86,1,Delinquent,87034.0
L201253,C102974,Auto Loan,DSA,2023-09-28,1165000.0,48,14.36,3,Delinquent,181932.0
L201254,C104146,Personal Loan,Partner,2024-03-13,385000.0,60,21.05,13,Delinquent,197507.0
L201255,C102671,Education Loan,DSA,2023-12-11,339000.0,12,10.03,1,Delinquent,46452.0
L201256,C104821,Education Loan,Branch,2025-06-07,548000.0,120,12.63,23,Delinquent,454046.0
L201257,C103313,Personal Loan,Digital,2024-08-26,232000.0,120,19.02,37,Delinquent,189847.0
L201258,C102269,Home Loan,Digital,2023-08-29,1396000.0,120,9.51,13,Delinquent,1014325.0
L201259,C101042,Business Loan,DSA,2023-06-29,2829000.0,120,15.57,63,Delinquent,1825071.0
L201260,C104535,Home Loan,Branch,2026-01-21,5417000.0,24,10.73,3,Delinquent,4213841.0
L201261,C100281,Education Loan,Digital,2025-12-02,570000.0,24,12.96,14,Delinquent,333400.0
L201262,C100216,Personal Loan,Partner,2025-09-22,69000.0,84,12.12,5,Delinquent,57447.0
L201263,C100155,Auto Loan,Branch,2025-05-31,1360000.0,12,10.23,12,Delinquent,263636.0
L201264,C100540,Auto Loan,DSA,2025-10-31,1578000.0,84,11.04,16,Delinquent,1462210.0
L201265,C101236,Personal Loan,Partner,2025-02-15,114000.0,12,14.26,15,Delinquent,21931.0
L201266,C102452,Auto Loan,DSA,2026-01-01,1081000.0,120,14.1,1,Delinquent,1042206.0
L201267,C101383,Personal Loan,Partner,2026-01-07,659000.0,48,14.14,89,Delinquent,562523.0
L201268,C102270,Personal Loan,DSA,2024-06-07,372000.0,24,15.47,14,Delinquent,42179.0
L201269,C102240,Personal Loan,Digital,2023-10-26,550000.0,24,15.07,56,Delinquent,75991.0
L201270,C102192,Personal Loan,Digital,2025-12-06,708000.0,60,21.78,7,Delinquent,678580.0
L201271,C100298,Personal Loan,Branch,2025-09-18,431000.0,24,11.23,1,Delinquent,282199.0
L201272,C102686,Personal Loan,Branch,2024-06-16,160000.0,48,18.48,9,Delinquent,71343.0
L201273,C101499,Personal Loan,Digital,2025-12-26,852000.0,84,19.46,5,Delinquent,852000.0
L201274,C102692,Personal Loan,Branch,2023-05-02,600000.0,84,12.78,47,Delinquent,397952.0
L201275,C100303,Personal Loan,Branch,2025-09-12,219000.0,120,16.82,143,NPL,184826.0
L201276,C104353,Business Loan,DSA,2023-03-01,840000.0,12,12.68,49,Delinquent,123306.0
L201277,C103612,Personal Loan,Branch,2023-05-03,414000.0,84,13.33,14,Delinquent,198967.0
L201278,C101730,Auto Loan,Branch,2023-03-18,1188000.0,48,14.57,0,Current,285775.0
L201279,C101799,Personal Loan,DSA,2023-04-06,662000.0,84,12.63,9,Delinquent,310597.0
L201280,C101582,Personal Loan,Branch,2023-08-14,272000.0,48,19.5,15,Delinquent,63613.0
L201281,C104956,Home Loan,Digital,2024-03-10,3934000.0,48,8.42,13,Delinquent,1612146.0
L201282,C103510,Home Loan,Branch,2024-03-07,4515000.0,120,9.76,13,Delinquent,3402837.0
L201283,C102302,Auto Loan,DSA,2024-05-20,1181000.0,48,14.46,12,Delinquent,458606.0
L201284,C103243,Auto Loan,Digital,2026-03-21,1646000.0,84,15.0,13,Delinquent,1495313.0
L201285,C100323,Personal Loan,Digital,2024-09-05,138000.0,84,13.88,9,Delinquent,95338.0
L201286,C104150,Personal Loan,Branch,2023-10-17,81000.0,120,18.02,107,NPL,53293.0
L201287,C102979,Business Loan,DSA,2023-06-15,2062000.0,24,17.59,77,Delinquent,377218.0
L201288,C101547,Personal Loan,Branch,2025-12-31,289000.0,60,13.23,8,Delinquent,262965.0
L201289,C103466,Business Loan,Digital,2023-11-27,2696000.0,60,17.32,0,Current,1177333.0
L201290,C100032,Auto Loan,Branch,2025-08-30,1441000.0,24,13.33,4,Delinquent,747980.0
L201291,C102452,Personal Loan,Branch,2025-08-05,858000.0,48,19.58,8,Delinquent,622926.0
L201292,C104721,Personal Loan,Branch,2025-10-30,874000.0,60,17.06,3,Delinquent,680306.0
L201293,C103799,Personal Loan,Branch,2023-06-25,735000.0,36,16.18,52,Delinquent,110728.0
L201294,C100222,Auto Loan,Branch,2025-07-30,587000.0,84,10.91,3,Delinquent,515680.0
L201295,C102950,Education Loan,Branch,2025-07-27,248000.0,60,10.87,52,Delinquent,179581.0
L201296,C103401,Personal Loan,Partner,2026-03-13,65000.0,36,21.45,36,Delinquent,53923.0
L201297,C102633,Education Loan,Digital,2025-04-29,595000.0,84,11.29,13,Delinquent,530202.0
L201298,C101610,Personal Loan,Digital,2023-05-24,251000.0,60,21.02,27,Delinquent,97193.0
L201299,C103395,Personal Loan,Branch,2024-07-03,497000.0,120,18.0,52,Delinquent,392111.0
L201300,C102118,Home Loan,Branch,2024-07-28,4425000.0,12,10.76,11,Delinquent,683159.0
L201301,C104745,Education Loan,Partner,2024-07-22,740000.0,60,11.37,1,Delinquent,429167.0
L201302,C104191,Home Loan,Branch,2024-02-16,5325000.0,24,9.17,10,Delinquent,1067614.0
L201303,C104548,Business Loan,DSA,2025-08-19,2549000.0,84,17.22,14,Delinquent,2116829.0
L201304,C102098,Home Loan,Digital,2023-12-08,3751000.0,36,10.75,22,Delinquent,460568.0
L201305,C103388,Business Loan,Digital,2024-06-17,1485000.0,36,16.98,4,Delinquent,397154.0
L201306,C100722,Business Loan,DSA,2024-06-20,1432000.0,48,14.73,42,Delinquent,687336.0
L201307,C103763,Auto Loan,DSA,2025-02-10,1409000.0,24,14.71,7,Delinquent,464064.0
L201308,C103773,Auto Loan,Partner,2024-07-31,369000.0,36,14.0,59,Delinquent,86337.0
L201309,C103878,Home Loan,Digital,2026-03-11,5963000.0,48,8.54,13,Delinquent,5350566.0
L201310,C100102,Education Loan,Branch,2026-03-29,829000.0,12,10.53,4,Delinquent,499102.0
L201311,C102280,Auto Loan,Digital,2024-07-11,1676000.0,60,13.02,67,Delinquent,1053972.0
L201312,C101374,Personal Loan,Branch,2023-11-14,219000.0,84,21.82,105,NPL,121504.0
L201313,C104576,Business Loan,Digital,2025-07-02,1106000.0,84,11.61,13,Delinquent,1015631.0
L201314,C102691,Auto Loan,Digital,2025-12-30,1431000.0,36,12.21,109,NPL,1183972.0
L201315,C103058,Auto Loan,Branch,2025-11-30,1674000.0,60,14.25,31,Delinquent,1573844.0
L201316,C102189,Auto Loan,Partner,2023-07-20,1495000.0,120,9.53,15,Delinquent,1032016.0
L201317,C100570,Personal Loan,Partner,2023-03-05,96000.0,36,13.93,2,Delinquent,11961.0
L201318,C103102,Home Loan,Branch,2025-03-09,4115000.0,24,8.82,8,Delinquent,1295303.0
L201319,C103055,Personal Loan,Branch,2023-12-27,685000.0,120,14.28,13,Delinquent,501971.0
L201320,C101907,Business Loan,Digital,2024-01-02,1480000.0,60,11.47,1,Delinquent,702927.0
L201321,C103148,Auto Loan,Branch,2023-02-05,792000.0,12,13.66,1,Delinquent,172847.0
L201322,C101953,Business Loan,Branch,2026-02-26,2369000.0,48,17.36,38,Delinquent,1997231.0
L201323,C103302,Personal Loan,Partner,2023-01-02,312000.0,120,19.91,112,NPL,206902.0
L201324,C101744,Education Loan,Branch,2025-01-31,863000.0,12,11.54,0,Current,178739.0
L201325,C103867,Personal Loan,Branch,2026-01-15,476000.0,120,17.76,12,Delinquent,441376.0
L201326,C104437,Personal Loan,Digital,2023-03-19,91000.0,60,13.82,7,Delinquent,37082.0
L201327,C102422,Education Loan,Branch,2025-01-09,518000.0,60,11.79,7,Delinquent,312016.0
L201328,C100087,Auto Loan,DSA,2026-01-13,1428000.0,12,13.31,19,Delinquent,609889.0
L201329,C103411,Education Loan,DSA,2024-05-07,629000.0,84,10.58,8,Delinquent,400825.0
L201330,C104699,Auto Loan,Digital,2023-12-19,519000.0,12,14.15,48,Delinquent,41520.0
L201331,C103549,Personal Loan,Branch,2025-04-25,300000.0,36,12.81,9,Delinquent,184034.0
L201332,C101792,Home Loan,Partner,2026-01-17,4831000.0,60,8.57,2,Delinquent,4642768.0
L201333,C102822,Business Loan,DSA,2024-11-01,1267000.0,120,11.82,8,Delinquent,1081411.0
L201334,C101825,Home Loan,Digital,2023-01-17,2814000.0,48,10.59,2,Delinquent,557598.0
L201335,C103872,Auto Loan,Digital,2025-04-01,411000.0,60,10.94,134,NPL,301780.0
L201336,C103630,Personal Loan,Digital,2023-09-20,867000.0,120,14.22,155,NPL,551488.0
L201337,C103126,Home Loan,Branch,2026-04-01,3495000.0,120,8.95,11,Delinquent,3282525.0
L201338,C101942,Business Loan,Digital,2023-12-01,1919000.0,48,13.13,9,Delinquent,619941.0
L201339,C100863,Education Loan,DSA,2025-02-02,301000.0,84,11.75,10,Delinquent,229596.0
L201340,C103084,Personal Loan,Digital,2025-04-05,833000.0,120,20.96,138,NPL,754236.0
L201341,C101687,Personal Loan,DSA,2024-06-18,744000.0,36,17.19,2,Delinquent,128497.0
L201342,C104519,Personal Loan,DSA,2025-08-15,421000.0,12,12.51,16,Delinquent,122317.0
L201343,C100316,Personal Loan,DSA,2025-12-11,653000.0,24,20.06,115,NPL,420288.0
L201344,C104231,Business Loan,Digital,2025-01-26,1955000.0,120,11.97,6,Delinquent,1755311.0
L201345,C103898,Home Loan,Branch,2025-06-24,3263000.0,84,10.36,6,Delinquent,2739226.0
L201346,C102577,Personal Loan,DSA,2023-03-16,815000.0,24,14.19,0,Current,86148.0
L201347,C104966,Business Loan,DSA,2023-10-18,927000.0,60,16.43,15,Delinquent,395725.0
L201348,C103584,Business Loan,Branch,2024-06-04,2055000.0,24,14.9,5,Delinquent,331822.0
L201349,C100209,Personal Loan,Partner,2023-06-06,517000.0,120,14.79,6,Delinquent,419575.0
L201350,C101963,Business Loan,Partner,2024-08-15,2000000.0,48,10.56,15,Delinquent,935068.0
L201351,C104203,Home Loan,Digital,2023-03-29,3194000.0,84,9.99,113,NPL,1665815.0
L201352,C103881,Personal Loan,Branch,2024-03-06,165000.0,60,19.2,13,Delinquent,78322.0
L201353,C100803,Business Loan,Digital,2023-03-15,2190000.0,24,17.0,6,Delinquent,396418.0
L201354,C100851,Personal Loan,Digital,2024-05-18,184000.0,60,14.97,9,Delinquent,93114.0
L201355,C104621,Education Loan,Branch,2024-05-01,426000.0,60,9.52,26,Delinquent,239396.0
L201356,C100229,Auto Loan,Branch,2024-08-02,1347000.0,36,12.25,12,Delinquent,376811.0
L201357,C104749,Business Loan,DSA,2026-04-03,758000.0,48,10.62,9,Delinquent,699504.0
L201358,C102704,Personal Loan,Digital,2024-10-26,821000.0,60,12.92,14,Delinquent,491400.0
L201359,C104038,Home Loan,Digital,2023-06-27,3405000.0,12,9.91,4,Delinquent,550497.0
L201360,C101077,Business Loan,Digital,2025-01-27,2401000.0,48,11.19,1,Delinquent,1351199.0
L201361,C101721,Business Loan,Digital,2026-03-20,2121000.0,84,11.14,32,Delinquent,2121000.0
L201362,C103644,Business Loan,Digital,2023-09-10,1279000.0,24,12.1,168,NPL,190966.0
L201363,C100812,Personal Loan,Digital,2023-04-07,563000.0,24,14.66,2,Delinquent,45040.0
L201364,C100507,Auto Loan,Branch,2025-12-18,772000.0,12,10.02,0,Current,345239.0
L201365,C103046,Home Loan,Digital,2023-07-26,4810000.0,60,9.89,12,Delinquent,1702086.0
L201366,C100043,Personal Loan,Branch,2025-09-20,767000.0,60,17.56,2,Delinquent,692337.0
L201367,C104695,Home Loan,DSA,2024-05-28,4919000.0,12,9.0,12,Delinquent,578840.0
L201368,C103379,Auto Loan,Digital,2025-08-01,1105000.0,60,11.04,14,Delinquent,797761.0
L201369,C103569,Home Loan,DSA,2025-05-05,5578000.0,36,10.56,8,Delinquent,3121937.0
L201370,C102504,Personal Loan,Digital,2025-08-25,519000.0,48,13.11,24,Delinquent,400256.0
L201371,C103119,Business Loan,Branch,2025-07-02,2730000.0,60,13.88,94,NPL,1921289.0
L201372,C104761,Education Loan,Branch,2024-09-22,253000.0,48,9.26,12,Delinquent,134905.0
L201373,C100025,Personal Loan,Branch,2023-10-21,542000.0,36,11.19,13,Delinquent,82254.0
L201374,C101238,Business Loan,Digital,2026-02-17,2456000.0,48,10.53,2,Delinquent,2030896.0
L201375,C103486,Business Loan,DSA,2023-08-15,2357000.0,120,12.58,8,Delinquent,1467200.0
L201376,C100617,Personal Loan,Branch,2024-03-15,856000.0,12,17.97,2,Delinquent,128151.0
L201377,C101227,Auto Loan,Digital,2023-12-04,510000.0,36,13.72,0,Current,107123.0
L201378,C100116,Education Loan,Branch,2024-05-18,1045000.0,60,12.94,37,Delinquent,559856.0
L201379,C100276,Auto Loan,Digital,2023-10-27,1616000.0,48,13.75,10,Delinquent,531433.0
L201380,C102222,Personal Loan,Digital,2025-09-06,769000.0,120,12.86,7,Delinquent,691577.0
L201381,C103301,Auto Loan,Branch,2024-06-08,264000.0,24,12.94,48,Delinquent,42113.0
L201382,C100505,Business Loan,Branch,2025-11-08,908000.0,12,12.39,3,Delinquent,297566.0
L201383,C104914,Auto Loan,DSA,2023-02-07,645000.0,24,12.24,1,Delinquent,97140.0
L201384,C103879,Personal Loan,Digital,2024-06-22,576000.0,84,19.86,14,Delinquent,411429.0
L201385,C103314,Personal Loan,Digital,2024-12-02,593000.0,60,17.73,5,Delinquent,341096.0
L201386,C100360,Business Loan,DSA,2025-10-14,696000.0,36,13.86,12,Delinquent,473411.0
L201387,C102595,Home Loan,Branch,2025-05-27,2649000.0,24,9.34,15,Delinquent,877016.0
L201388,C104604,Education Loan,Partner,2025-01-29,695000.0,84,10.88,9,Delinquent,556368.0
L201389,C101190,Home Loan,DSA,2025-10-10,2954000.0,36,10.82,11,Delinquent,2032787.0
L201390,C102705,Business Loan,Digital,2024-04-10,2800000.0,48,12.65,4,Delinquent,1253883.0
L201391,C102821,Personal Loan,Digital,2026-02-21,431000.0,84,11.62,1,Delinquent,383197.0
L201392,C103482,Business Loan,Digital,2025-12-22,1907000.0,24,14.91,14,Delinquent,1255614.0
L201393,C104593,Business Loan,DSA,2025-12-26,1229000.0,36,16.0,138,NPL,1030721.0
L201394,C100655,Personal Loan,Branch,2024-08-26,162000.0,36,17.23,6,Delinquent,56627.0
L201395,C100315,Personal Loan,DSA,2023-04-22,266000.0,12,15.65,15,Delinquent,34868.0
L201396,C100448,Business Loan,Branch,2025-10-15,1491000.0,12,13.16,1,Delinquent,301129.0
L201397,C101336,Business Loan,DSA,2024-05-14,526000.0,24,16.55,10,Delinquent,96567.0
L201398,C101769,Auto Loan,Partner,2025-09-01,1627000.0,12,9.43,13,Delinquent,157537.0
L201399,C104392,Home Loan,Branch,2023-03-08,2294000.0,36,10.22,11,Delinquent,265908.0
L201400,C102603,Business Loan,Digital,2023-04-26,2471000.0,12,14.87,23,Delinquent,454942.0
L201401,C103725,Business Loan,Digital,2024-02-23,2657000.0,60,14.28,15,Delinquent,1184943.0
L201402,C102878,Home Loan,Digital,2025-11-11,2806000.0,120,10.73,14,Delinquent,2780794.0
L201403,C104763,Home Loan,Branch,2023-02-06,5557000.0,48,10.04,12,Delinquent,814141.0
L201404,C101649,Personal Loan,Digital,2023-07-14,652000.0,120,12.85,7,Delinquent,452424.0
L201405,C103346,Business Loan,DSA,2024-08-17,2422000.0,48,11.19,86,Delinquent,1319063.0
L201406,C101364,Business Loan,Partner,2025-09-03,1696000.0,12,13.47,11,Delinquent,261540.0
L201407,C101167,Personal Loan,DSA,2023-07-06,680000.0,36,17.94,12,Delinquent,54400.0
L201408,C104908,Personal Loan,Digital,2025-06-25,528000.0,24,16.83,1,Delinquent,227739.0
L201409,C100121,Personal Loan,Branch,2024-08-10,714000.0,48,14.13,35,Delinquent,364518.0
L201410,C101364,Personal Loan,Branch,2025-06-03,194000.0,48,15.52,4,Delinquent,144816.0
L201411,C101931,Education Loan,Digital,2025-05-11,930000.0,84,9.7,12,Delinquent,708445.0
L201412,C100690,Business Loan,Digital,2026-01-10,2137000.0,60,14.27,6,Delinquent,1797657.0
L201413,C103860,Home Loan,DSA,2023-03-11,2059000.0,24,11.18,0,Current,168734.0
L201414,C101798,Personal Loan,Digital,2024-12-21,218000.0,24,16.36,2,Delinquent,38346.0
L201415,C102295,Personal Loan,Branch,2024-07-01,650000.0,24,21.37,6,Delinquent,89120.0
L201416,C101520,Auto Loan,Branch,2024-02-11,1289000.0,24,10.33,14,Delinquent,135829.0
L201417,C104460,Personal Loan,Digital,2025-06-07,219000.0,120,19.96,10,Delinquent,195205.0
L201418,C102109,Personal Loan,Branch,2024-12-12,389000.0,48,15.7,37,Delinquent,187154.0
L201419,C103937,Education Loan,Branch,2024-06-17,793000.0,24,9.87,5,Delinquent,104583.0
L201420,C103119,Auto Loan,Branch,2025-04-15,358000.0,12,12.32,84,Delinquent,66434.0
L201421,C104779,Business Loan,Digital,2024-11-20,739000.0,48,12.45,56,Delinquent,444754.0
L201422,C103016,Personal Loan,Branch,2024-03-13,366000.0,48,15.82,9,Delinquent,169429.0
L201423,C104930,Personal Loan,Partner,2024-02-07,849000.0,60,13.7,14,Delinquent,463215.0
L201424,C103492,Business Loan,Partner,2023-11-02,357000.0,120,15.24,3,Delinquent,261248.0
L201425,C100295,Business Loan,Branch,2023-12-23,356000.0,36,11.25,2,Delinquent,30597.0
L201426,C100784,Auto Loan,DSA,2024-08-10,1771000.0,120,14.69,12,Delinquent,1372684.0
L201427,C103949,Auto Loan,Digital,2023-08-05,531000.0,48,14.55,1,Delinquent,115928.0
L201428,C100230,Personal Loan,Partner,2025-12-13,593000.0,48,12.6,62,Delinquent,535318.0
L201429,C100951,Auto Loan,Digital,2024-11-28,863000.0,120,14.17,45,Delinquent,758815.0
L201430,C103955,Personal Loan,Branch,2025-01-26,792000.0,36,16.82,22,Delinquent,347248.0
L201431,C101775,Personal Loan,Branch,2024-11-20,423000.0,12,15.32,156,NPL,112346.0
L201432,C101086,Home Loan,Partner,2025-12-12,2784000.0,84,8.35,13,Delinquent,2504937.0
L201433,C100990,Personal Loan,Partner,2025-09-09,312000.0,60,21.21,0,Current,245948.0
L201434,C101579,Personal Loan,Digital,2024-07-24,318000.0,120,12.4,9,Delinquent,243766.0
L201435,C104190,Personal Loan,Digital,2024-02-18,386000.0,120,11.39,10,Delinquent,262252.0
L201436,C102279,Personal Loan,Digital,2026-02-10,671000.0,48,19.72,131,NPL,565038.0
L201437,C104770,Business Loan,DSA,2024-12-20,2529000.0,60,15.21,16,Delinquent,1930401.0
L201438,C103582,Education Loan,Digital,2025-08-07,742000.0,84,10.87,6,Delinquent,675826.0
L201439,C101342,Personal Loan,Branch,2023-06-17,98000.0,84,19.75,4,Delinquent,54623.0
L201440,C100818,Personal Loan,Branch,2024-03-01,211000.0,36,19.88,13,Delinquent,51326.0
L201441,C104720,Business Loan,Digital,2023-11-14,1798000.0,36,14.55,46,Delinquent,238269.0
L201442,C104513,Personal Loan,Digital,2024-06-21,539000.0,48,14.67,4,Delinquent,263872.0
L201443,C100614,Business Loan,DSA,2024-08-27,1457000.0,84,14.72,1,Delinquent,1097464.0
L201444,C101608,Personal Loan,Partner,2026-04-12,740000.0,60,20.14,10,Delinquent,740000.0
L201445,C103716,Auto Loan,Branch,2023-05-07,705000.0,12,14.21,14,Delinquent,133889.0
L201446,C104914,Personal Loan,Partner,2026-02-18,679000.0,48,14.9,1,Delinquent,553595.0
L201447,C104519,Business Loan,DSA,2025-09-01,1244000.0,36,16.3,9,Delinquent,943476.0
L201448,C101428,Home Loan,Digital,2024-05-07,2459000.0,24,9.8,1,Delinquent,343871.0
L201449,C104485,Personal Loan,Branch,2023-12-04,576000.0,120,18.74,8,Delinquent,402505.0
L201450,C103629,Home Loan,Digital,2025-09-27,3586000.0,120,10.0,8,Delinquent,2806559.0
L201451,C102314,Home Loan,Partner,2023-06-13,4797000.0,60,10.91,1,Delinquent,1339780.0
L201452,C101884,Education Loan,Digital,2025-12-27,464000.0,120,9.65,8,Delinquent,443909.0
L201453,C104066,Home Loan,Digital,2026-02-05,2349000.0,24,8.27,11,Delinquent,1697905.0
L201454,C104183,Personal Loan,Branch,2023-10-30,816000.0,48,14.44,43,Delinquent,203363.0
L201455,C104571,Auto Loan,Branch,2024-11-03,972000.0,60,11.01,4,Delinquent,641335.0
L201456,C102313,Personal Loan,Digital,2024-09-13,246000.0,84,11.06,15,Delinquent,178963.0
L201457,C101334,Business Loan,Digital,2025-07-09,1037000.0,36,15.61,9,Delinquent,646742.0
L201458,C104353,Business Loan,Partner,2025-06-27,2877000.0,24,15.01,7,Delinquent,985357.0
L201459,C101515,Personal Loan,Digital,2026-04-08,868000.0,36,20.73,8,Delinquent,749936.0
L201460,C103770,Auto Loan,Branch,2023-04-03,568000.0,60,9.82,120,NPL,147826.0
L201461,C102547,Auto Loan,Branch,2025-09-08,1329000.0,120,14.82,10,Delinquent,1232112.0
L201462,C102931,Personal Loan,Branch,2025-08-24,784000.0,36,15.47,15,Delinquent,509955.0
L201463,C101049,Auto Loan,Branch,2025-06-08,1097000.0,36,11.15,13,Delinquent,626385.0
L201464,C101250,Home Loan,Branch,2023-09-11,3030000.0,24,8.4,14,Delinquent,765781.0
L201465,C103264,Home Loan,DSA,2025-06-10,5598000.0,36,9.81,27,Delinquent,3211127.0
L201466,C101300,Auto Loan,Digital,2024-07-28,1250000.0,48,14.78,86,Delinquent,642769.0
L201467,C103346,Auto Loan,Partner,2023-12-01,715000.0,48,12.0,101,NPL,163598.0
L201468,C104958,Auto Loan,Partner,2024-03-26,825000.0,12,12.03,0,Current,129801.0
L201469,C100413,Home Loan,Branch,2024-05-12,2484000.0,24,9.62,14,Delinquent,437960.0
L201470,C104627,Auto Loan,DSA,2025-06-07,1455000.0,36,12.59,6,Delinquent,826973.0
L201471,C100858,Home Loan,Branch,2023-08-29,4650000.0,48,11.36,15,Delinquent,1169751.0
L201472,C100693,Auto Loan,Branch,2023-10-07,1003000.0,24,11.7,4,Delinquent,148443.0
L201473,C104171,Personal Loan,Branch,2024-03-20,685000.0,12,17.99,13,Delinquent,119607.0
L201474,C101021,Auto Loan,Branch,2024-07-13,1568000.0,48,12.05,13,Delinquent,800547.0
L201475,C103238,Home Loan,Digital,2026-02-09,4960000.0,120,11.3,8,Delinquent,4833546.0
L201476,C100535,Personal Loan,DSA,2023-11-15,550000.0,48,19.79,46,Delinquent,175403.0
L201477,C100434,Personal Loan,Digital,2025-12-23,878000.0,120,13.68,15,Delinquent,790663.0
L201478,C101007,Home Loan,Digital,2023-03-07,3171000.0,60,11.44,29,Delinquent,757035.0
L201479,C102604,Personal Loan,DSA,2024-09-04,215000.0,84,13.94,20,Delinquent,177660.0
L201480,C101452,Home Loan,DSA,2025-10-09,3195000.0,12,8.55,12,Delinquent,627013.0
L201481,C101117,Personal Loan,Partner,2024-01-09,635000.0,84,19.93,43,Delinquent,363715.0
L201482,C104189,Auto Loan,DSA,2023-09-27,1298000.0,48,10.08,0,Current,472654.0
L201483,C100871,Education Loan,Digital,2024-12-27,996000.0,84,9.03,9,Delinquent,701357.0
L201484,C100476,Business Loan,Digital,2023-10-06,2365000.0,12,13.01,2,Delinquent,349801.0
L201485,C100552,Education Loan,Digital,2023-01-19,390000.0,24,9.69,54,Delinquent,51785.0
L201486,C104411,Education Loan,Branch,2023-02-26,916000.0,84,12.32,2,Delinquent,495282.0
L201487,C102379,Personal Loan,DSA,2024-07-28,771000.0,12,20.2,8,Delinquent,109382.0
L201488,C104860,Personal Loan,Partner,2024-08-26,110000.0,120,11.14,11,Delinquent,86201.0
L201489,C104037,Personal Loan,Partner,2023-02-01,337000.0,24,16.84,9,Delinquent,65011.0
L201490,C101409,Personal Loan,Branch,2023-11-19,603000.0,120,15.81,4,Delinquent,407672.0
L201491,C103954,Business Loan,Branch,2025-06-27,2996000.0,84,14.45,5,Delinquent,2410024.0
L201492,C102282,Business Loan,Branch,2024-11-09,1918000.0,48,17.94,3,Delinquent,1034848.0
L201493,C102801,Auto Loan,DSA,2025-01-04,611000.0,12,12.31,12,Delinquent,85548.0
L201494,C102647,Business Loan,Digital,2025-05-18,1065000.0,84,11.72,7,Delinquent,763184.0
L201495,C103792,Auto Loan,DSA,2025-12-20,1191000.0,12,12.93,21,Delinquent,465042.0
L201496,C101029,Home Loan,Partner,2023-02-25,2815000.0,48,8.81,8,Delinquent,355259.0
L201497,C100298,Personal Loan,Branch,2024-08-02,724000.0,84,17.27,0,Current,592499.0
L201498,C103658,Education Loan,Digital,2023-08-29,1165000.0,24,12.02,57,Delinquent,93200.0
L201499,C104770,Auto Loan,DSA,2025-03-11,167000.0,12,14.85,3,Delinquent,19260.0
L201500,C102900,Personal Loan,Branch,2024-04-14,615000.0,84,20.56,3,Delinquent,359775.0
L201501,C100588,Personal Loan,Digital,2023-07-04,173000.0,84,13.76,3,Delinquent,97642.0
L201502,C100561,Business Loan,Digital,2025-11-21,889000.0,12,15.02,6,Delinquent,303787.0
L201503,C102724,Business Loan,Digital,2024-09-11,1443000.0,12,15.8,99,NPL,311180.0
L201504,C104480,Auto Loan,Partner,2023-05-12,1620000.0,60,10.63,12,Delinquent,646449.0
L201505,C103070,Education Loan,Branch,2023-09-28,937000.0,12,9.1,106,NPL,113166.0
L201506,C101511,Home Loan,Digital,2025-06-11,3131000.0,120,8.71,92,NPL,2784838.0
L201507,C103105,Education Loan,Partner,2024-07-18,769000.0,36,9.25,11,Delinquent,201907.0
L201508,C100782,Auto Loan,Branch,2026-02-18,403000.0,24,14.41,14,Delinquent,338195.0
L201509,C102396,Auto Loan,DSA,2023-03-02,1518000.0,24,12.27,0,Current,215725.0
L201510,C104910,Business Loan,Partner,2023-04-04,1408000.0,24,17.6,9,Delinquent,313236.0
L201511,C103148,Business Loan,Branch,2025-04-07,368000.0,84,12.76,5,Delinquent,295635.0
L201512,C100515,Personal Loan,Branch,2024-02-04,273000.0,12,19.0,109,NPL,47138.0
L201513,C101008,Business Loan,Branch,2025-11-15,782000.0,60,12.7,13,Delinquent,646937.0
L201514,C100299,Home Loan,Branch,2025-07-12,2830000.0,48,10.38,56,Delinquent,2106101.0
L201515,C102010,Personal Loan,Digital,2023-01-28,585000.0,24,21.86,15,Delinquent,110536.0
L201516,C101188,Auto Loan,Branch,2026-01-27,1115000.0,60,9.35,3,Delinquent,983136.0
L201517,C104899,Home Loan,Digital,2026-02-18,3974000.0,36,8.95,150,NPL,3246381.0
L201518,C101597,Home Loan,DSA,2023-10-24,4081000.0,48,10.62,0,Current,1175314.0
L201519,C100175,Home Loan,Branch,2025-01-05,5620000.0,24,9.41,10,Delinquent,1011151.0
L201520,C102170,Personal Loan,Digital,2025-02-09,105000.0,36,15.73,13,Delinquent,54842.0
L201521,C103687,Personal Loan,Branch,2023-02-15,582000.0,84,11.32,33,Delinquent,345406.0
L201522,C103426,Business Loan,DSA,2025-05-27,476000.0,48,13.48,8,Delinquent,289083.0
L201523,C104885,Personal Loan,Branch,2026-03-08,225000.0,60,11.99,7,Delinquent,191607.0
L201524,C101829,Auto Loan,Branch,2024-04-29,1597000.0,84,9.54,15,Delinquent,1076471.0
L201525,C102615,Auto Loan,Partner,2026-03-29,343000.0,60,11.36,12,Delinquent,328019.0
L201526,C102797,Personal Loan,DSA,2025-03-14,661000.0,120,19.9,9,Delinquent,522709.0
L201527,C100121,Personal Loan,Digital,2025-06-01,462000.0,36,21.75,2,Delinquent,303999.0
L201528,C100030,Home Loan,DSA,2024-10-20,2127000.0,36,10.15,11,Delinquent,944529.0
L201529,C103980,Business Loan,Digital,2025-04-09,2078000.0,24,13.34,10,Delinquent,849158.0
L201530,C101925,Education Loan,Branch,2026-01-29,140000.0,60,11.88,14,Delinquent,128320.0
L201531,C103442,Home Loan,Digital,2024-12-09,4423000.0,84,9.74,156,NPL,3650194.0
L201532,C104725,Personal Loan,DSA,2024-10-08,273000.0,84,15.08,11,Delinquent,212774.0
L201533,C101223,Auto Loan,Partner,2023-07-23,282000.0,36,10.98,30,Delinquent,63833.0
L201534,C103875,Home Loan,Digital,2024-09-11,3225000.0,60,9.26,178,NPL,1905235.0
L201535,C101069,Home Loan,Digital,2025-11-02,4511000.0,24,9.89,3,Delinquent,2983207.0
L201536,C103705,Home Loan,DSA,2025-03-14,2453000.0,120,9.85,34,Delinquent,2053111.0
L201537,C100800,Auto Loan,DSA,2025-05-09,738000.0,12,11.25,26,Delinquent,108792.0
L201538,C101523,Personal Loan,Branch,2023-07-02,170000.0,60,19.51,7,Delinquent,39073.0
L201539,C102352,Business Loan,Digital,2025-10-13,620000.0,36,16.19,15,Delinquent,442466.0
L201540,C102441,Home Loan,Branch,2024-09-29,4411000.0,24,11.33,32,Delinquent,716467.0
L201541,C100152,Personal Loan,Digital,2024-07-01,483000.0,12,21.3,39,Delinquent,74450.0
L201542,C104223,Education Loan,DSA,2023-03-02,282000.0,60,11.53,7,Delinquent,93870.0
L201543,C100031,Personal Loan,Branch,2025-12-07,201000.0,24,20.61,69,Delinquent,142481.0
L201544,C104401,Personal Loan,Digital,2025-01-22,358000.0,48,19.52,31,Delinquent,206794.0
L201545,C101031,Personal Loan,Branch,2024-01-10,58000.0,36,18.23,9,Delinquent,13163.0
L201546,C103553,Auto Loan,Branch,2024-10-03,279000.0,36,12.35,3,Delinquent,83239.0
L201547,C103558,Auto Loan,DSA,2025-12-27,413000.0,24,11.5,1,Delinquent,294983.0
L201548,C102283,Home Loan,Digital,2025-10-04,2461000.0,12,9.93,58,Delinquent,196880.0
L201549,C102687,Personal Loan,DSA,2023-12-24,216000.0,120,18.33,0,Current,174271.0
L201550,C100366,Personal Loan,DSA,2025-08-15,531000.0,84,13.59,4,Delinquent,438240.0
L201551,C104505,Home Loan,DSA,2023-01-10,4163000.0,60,8.97,53,Delinquent,1508250.0
L201552,C100597,Home Loan,Branch,2024-06-03,4976000.0,84,10.0,13,Delinquent,2943490.0
L201553,C103292,Personal Loan,Digital,2024-10-20,620000.0,120,17.8,9,Delinquent,565485.0
L201554,C100002,Home Loan,Digital,2025-03-01,4134000.0,12,11.44,13,Delinquent,588077.0
L201555,C103730,Auto Loan,DSA,2023-01-02,848000.0,36,13.0,70,Delinquent,106671.0
L201556,C101796,Auto Loan,Digital,2023-12-30,1379000.0,84,9.53,4,Delinquent,839751.0
L201557,C102409,Auto Loan,Branch,2023-11-05,221000.0,12,10.91,5,Delinquent,48375.0
L201558,C100117,Auto Loan,Digital,2024-04-10,1398000.0,60,9.85,42,Delinquent,628440.0
L201559,C101095,Personal Loan,DSA,2025-04-10,745000.0,60,16.44,1,Delinquent,572427.0
L201560,C102176,Auto Loan,Branch,2023-04-04,1112000.0,36,13.38,9,Delinquent,221416.0
L201561,C103589,Personal Loan,Digital,2025-06-18,303000.0,120,13.03,1,Delinquent,267781.0
L201562,C102988,Auto Loan,DSA,2023-05-01,639000.0,84,10.31,5,Delinquent,325537.0
L201563,C101303,Home Loan,Branch,2024-08-31,4978000.0,60,8.98,7,Delinquent,3020868.0
L201564,C102980,Auto Loan,Digital,2025-09-09,247000.0,84,9.58,29,Delinquent,209739.0
L201565,C101116,Business Loan,Partner,2025-11-20,2886000.0,12,17.04,8,Delinquent,692215.0
L201566,C102777,Personal Loan,Branch,2026-03-12,740000.0,120,12.58,23,Delinquent,731781.0
L201567,C102703,Personal Loan,Branch,2024-06-01,538000.0,60,18.57,37,Delinquent,320733.0
L201568,C101131,Business Loan,Digital,2024-08-10,1957000.0,12,15.11,35,Delinquent,273898.0
L201569,C101002,Personal Loan,Digital,2025-12-17,686000.0,48,11.2,15,Delinquent,567607.0
L201570,C102596,Home Loan,DSA,2023-06-03,2812000.0,36,8.6,10,Delinquent,486489.0
L201571,C102935,Personal Loan,Digital,2025-12-27,264000.0,60,16.63,85,Delinquent,233658.0
L201572,C104900,Home Loan,Digital,2023-04-17,1895000.0,12,9.24,15,Delinquent,197570.0
L201573,C102478,Home Loan,Digital,2023-04-20,4791000.0,12,11.45,2,Delinquent,383280.0
L201574,C102224,Business Loan,Branch,2023-02-24,1633000.0,84,16.02,9,Delinquent,803524.0
L201575,C102379,Auto Loan,Digital,2023-10-04,506000.0,84,14.28,15,Delinquent,285627.0
L201576,C104373,Home Loan,Branch,2025-11-20,5891000.0,36,8.98,74,Delinquent,4141082.0
L201577,C101535,Business Loan,Partner,2023-09-07,2431000.0,36,14.97,4,Delinquent,493725.0
L201578,C101908,Business Loan,Branch,2024-06-14,1237000.0,84,12.42,12,Delinquent,769550.0
L201579,C101845,Personal Loan,Branch,2025-08-24,448000.0,36,18.66,18,Delinquent,288344.0
L201580,C103116,Auto Loan,DSA,2025-11-22,473000.0,84,12.75,14,Delinquent,447395.0
L201581,C103497,Personal Loan,Branch,2024-06-10,241000.0,60,11.05,5,Delinquent,146864.0
L201582,C102410,Personal Loan,Digital,2024-03-11,51000.0,12,16.3,4,Delinquent,4080.0
L201583,C101320,Business Loan,Partner,2024-07-11,2512000.0,60,14.8,10,Delinquent,1450197.0
L201584,C103444,Business Loan,DSA,2024-12-06,2577000.0,120,14.72,5,Delinquent,2052240.0
L201585,C101378,Business Loan,Branch,2024-01-22,1976000.0,84,14.83,11,Delinquent,1435718.0
L201586,C104487,Home Loan,Branch,2025-03-19,3251000.0,48,9.39,16,Delinquent,2415988.0
L201587,C103121,Personal Loan,Digital,2025-08-26,892000.0,60,11.54,20,Delinquent,692543.0
L201588,C102205,Personal Loan,Digital,2023-03-02,330000.0,120,17.87,7,Delinquent,205211.0
L201589,C101167,Personal Loan,Branch,2025-09-12,759000.0,48,17.62,55,Delinquent,591340.0
L201590,C103787,Personal Loan,Branch,2025-03-28,387000.0,12,18.14,134,NPL,78492.0
L201591,C103049,Home Loan,DSA,2023-03-12,4685000.0,24,11.2,0,Current,847898.0
L201592,C104413,Auto Loan,Branch,2025-08-17,1407000.0,36,13.45,3,Delinquent,874860.0
L201593,C103534,Personal Loan,DSA,2024-08-17,885000.0,84,12.32,6,Delinquent,682176.0
L201594,C103948,Personal Loan,Branch,2023-01-27,590000.0,48,16.78,11,Delinquent,78732.0
L201595,C100461,Personal Loan,Digital,2023-04-09,527000.0,60,12.6,14,Delinquent,140111.0
L201596,C100123,Business Loan,Digital,2023-03-12,1054000.0,120,17.23,2,Delinquent,774273.0
L201597,C103293,Personal Loan,Branch,2024-05-03,742000.0,60,12.98,47,Delinquent,452089.0
L201598,C100001,Personal Loan,Digital,2024-09-18,896000.0,12,21.29,10,Delinquent,83910.0
L201599,C104455,Home Loan,Branch,2023-10-16,4240000.0,120,10.99,1,Delinquent,3186887.0
L201600,C104415,Personal Loan,Partner,2026-03-11,162000.0,48,12.12,70,Delinquent,156460.0
L201601,C102926,Personal Loan,DSA,2023-02-07,876000.0,48,12.1,41,Delinquent,176166.0
L201602,C103647,Business Loan,Branch,2026-03-13,2157000.0,12,12.89,9,Delinquent,1247629.0
L201603,C102110,Personal Loan,Digital,2023-07-01,100000.0,48,12.16,12,Delinquent,16552.0
L201604,C104791,Personal Loan,Partner,2023-05-12,223000.0,24,19.98,13,Delinquent,28189.0
L201605,C100180,Personal Loan,Digital,2024-08-13,695000.0,36,15.33,6,Delinquent,211728.0
L201606,C101463,Personal Loan,Digital,2025-07-02,827000.0,60,16.51,9,Delinquent,531410.0
L201607,C103489,Business Loan,DSA,2025-03-04,1400000.0,12,14.5,14,Delinquent,237210.0
L201608,C103940,Auto Loan,Branch,2025-08-09,513000.0,24,10.39,7,Delinquent,225720.0
L201609,C101212,Home Loan,DSA,2024-06-27,4214000.0,48,10.43,64,Delinquent,1895506.0
L201610,C104008,Auto Loan,Branch,2025-11-18,1421000.0,36,11.7,47,Delinquent,1143291.0
L201611,C102304,Personal Loan,DSA,2025-07-05,841000.0,48,14.87,6,Delinquent,649931.0
L201612,C104287,Home Loan,Digital,2023-02-22,2396000.0,60,8.64,26,Delinquent,809729.0
L201613,C101336,Personal Loan,Branch,2024-08-25,401000.0,24,18.59,7,Delinquent,78850.0
L201614,C103461,Business Loan,Partner,2026-03-12,1907000.0,84,13.48,7,Delinquent,1883660.0
L201615,C101038,Business Loan,Digital,2025-05-21,691000.0,36,13.12,15,Delinquent,447947.0
L201616,C100692,Personal Loan,Branch,2025-09-13,771000.0,12,15.48,7,Delinquent,106765.0
L201617,C103527,Business Loan,DSA,2025-05-13,1674000.0,120,13.21,4,Delinquent,1447414.0
L201618,C103405,Personal Loan,Digital,2024-12-30,629000.0,24,16.71,8,Delinquent,69409.0
L201619,C101467,Personal Loan,Branch,2024-02-06,877000.0,36,16.0,75,Delinquent,130315.0
L201620,C103023,Personal Loan,Digital,2023-03-22,191000.0,48,15.36,10,Delinquent,15280.0
L201621,C104708,Personal Loan,Partner,2023-12-28,691000.0,84,20.42,17,Delinquent,397512.0
L201622,C101669,Personal Loan,Branch,2023-10-16,853000.0,120,13.78,15,Delinquent,677373.0
L201623,C102509,Business Loan,Partner,2025-05-19,1767000.0,36,10.53,57,Delinquent,955757.0
L201624,C101044,Personal Loan,Digital,2024-02-20,369000.0,36,13.58,126,NPL,70321.0
L201625,C102591,Personal Loan,Branch,2024-02-29,366000.0,24,15.02,56,Delinquent,29280.0
L201626,C104426,Personal Loan,DSA,2025-10-25,779000.0,36,17.05,7,Delinquent,634644.0
L201627,C103180,Personal Loan,Digital,2023-08-23,556000.0,48,17.17,8,Delinquent,181543.0
L201628,C100710,Personal Loan,DSA,2025-07-02,584000.0,12,16.55,29,Delinquent,46720.0
L201629,C103703,Personal Loan,Digital,2024-02-27,561000.0,120,20.35,87,Delinquent,454535.0
L201630,C102111,Personal Loan,Branch,2026-02-02,423000.0,24,16.73,43,Delinquent,301849.0
L201631,C100091,Personal Loan,Branch,2026-02-20,205000.0,60,16.84,4,Delinquent,175142.0
L201632,C103114,Personal Loan,Digital,2024-05-22,89000.0,48,18.52,29,Delinquent,37694.0
L201633,C101496,Auto Loan,Digital,2025-07-27,1396000.0,24,12.07,8,Delinquent,670009.0
L201634,C104859,Education Loan,Partner,2026-01-05,334000.0,36,12.1,3,Delinquent,292711.0
L201635,C104977,Personal Loan,DSA,2024-12-24,744000.0,48,21.05,7,Delinquent,431024.0
L201636,C103355,Auto Loan,DSA,2025-12-10,632000.0,60,12.45,15,Delinquent,566026.0
L201637,C103157,Auto Loan,Digital,2025-03-30,398000.0,24,9.76,8,Delinquent,132052.0
L201638,C101525,Auto Loan,Branch,2023-01-23,1074000.0,36,14.48,3,Delinquent,124913.0
L201639,C100355,Auto Loan,DSA,2024-12-30,213000.0,48,11.71,9,Delinquent,116196.0
L201640,C100304,Home Loan,Branch,2023-10-15,5349000.0,24,9.23,153,NPL,1046863.0
L201641,C102319,Education Loan,Branch,2024-12-10,855000.0,12,11.61,9,Delinquent,230156.0
L201642,C101589,Personal Loan,Branch,2025-08-17,596000.0,60,19.75,6,Delinquent,470468.0
L201643,C104803,Home Loan,Partner,2023-08-26,3679000.0,24,8.73,41,Delinquent,372518.0
L201644,C101464,Auto Loan,DSA,2025-03-09,156000.0,84,9.09,83,Delinquent,123380.0
L201645,C101074,Business Loan,Branch,2024-10-11,1595000.0,12,14.79,7,Delinquent,325379.0
L201646,C104096,Home Loan,Partner,2023-09-25,4636000.0,120,8.36,10,Delinquent,3188136.0
L201647,C104179,Education Loan,DSA,2025-06-30,231000.0,48,8.83,13,Delinquent,156149.0
L201648,C101883,Auto Loan,Digital,2025-07-26,1402000.0,48,14.82,52,Delinquent,1017379.0
L201649,C100409,Auto Loan,Branch,2023-01-09,723000.0,36,10.42,15,Delinquent,103177.0
L201650,C100493,Business Loan,Branch,2024-01-15,1328000.0,120,13.85,11,Delinquent,977308.0
L201651,C102605,Auto Loan,Branch,2023-03-30,1347000.0,12,14.1,51,Delinquent,274614.0
L201652,C104350,Home Loan,Digital,2024-12-23,5974000.0,24,9.38,6,Delinquent,1341847.0
L201653,C101934,Business Loan,Digital,2025-11-23,2078000.0,84,17.25,1,Delinquent,1883957.0
L201654,C100091,Personal Loan,Branch,2026-01-26,322000.0,48,21.13,9,Delinquent,251131.0
L201655,C101875,Education Loan,Branch,2024-04-20,156000.0,48,11.92,14,Delinquent,47921.0
L201656,C100016,Business Loan,Digital,2023-10-15,1986000.0,48,12.94,2,Delinquent,564219.0
L201657,C102118,Auto Loan,DSA,2024-01-12,354000.0,48,10.6,9,Delinquent,123682.0
L201658,C102374,Personal Loan,Branch,2023-03-08,388000.0,60,14.88,64,Delinquent,135256.0
L201659,C103655,Personal Loan,DSA,2024-02-24,581000.0,48,12.05,5,Delinquent,273621.0
L201660,C100347,Personal Loan,Partner,2025-03-03,881000.0,24,20.49,13,Delinquent,237286.0
L201661,C102404,Personal Loan,DSA,2023-01-22,685000.0,84,19.36,6,Delinquent,314232.0
L201662,C100886,Auto Loan,Digital,2025-05-24,442000.0,12,14.63,11,Delinquent,35360.0
L201663,C102333,Business Loan,DSA,2025-10-09,320000.0,120,13.79,47,Delinquent,312416.0
L201664,C104927,Auto Loan,Partner,2024-01-11,491000.0,48,12.22,6,Delinquent,160667.0
L201665,C103706,Home Loan,DSA,2025-07-10,4438000.0,48,8.95,4,Delinquent,3203180.0
L201666,C104222,Education Loan,Branch,2024-07-16,503000.0,60,10.13,15,Delinquent,312791.0
L201667,C100194,Business Loan,Branch,2026-04-01,657000.0,84,12.48,12,Delinquent,583793.0
L201668,C103821,Auto Loan,Branch,2024-08-24,784000.0,84,14.25,31,Delinquent,525906.0
L201669,C104330,Home Loan,Branch,2024-12-20,3992000.0,24,10.42,4,Delinquent,619431.0
L201670,C103354,Auto Loan,DSA,2025-09-06,1133000.0,60,10.67,15,Delinquent,859180.0
L201671,C103911,Home Loan,Branch,2023-11-25,1448000.0,84,10.91,1,Delinquent,774856.0
L201672,C100240,Personal Loan,DSA,2025-04-11,288000.0,60,15.49,172,NPL,214094.0
L201673,C103694,Auto Loan,Digital,2025-10-18,651000.0,36,14.58,2,Delinquent,491055.0
L201674,C104180,Auto Loan,Digital,2023-11-24,791000.0,24,11.45,18,Delinquent,140821.0
L201675,C101154,Personal Loan,Branch,2025-08-26,526000.0,12,11.4,42,Delinquent,106038.0
L201676,C102356,Education Loan,Branch,2023-11-24,127000.0,84,10.86,54,Delinquent,84756.0
L201677,C102114,Business Loan,Branch,2025-01-01,642000.0,120,12.51,59,Delinquent,533155.0
L201678,C100492,Auto Loan,Partner,2024-01-25,851000.0,48,9.06,7,Delinquent,319236.0
L201679,C100642,Personal Loan,Branch,2025-01-24,733000.0,120,21.57,14,Delinquent,648483.0
L201680,C101504,Personal Loan,Branch,2023-06-25,561000.0,12,15.86,12,Delinquent,88912.0
L201681,C100547,Auto Loan,Branch,2025-08-29,706000.0,120,9.7,9,Delinquent,674826.0
L201682,C102510,Business Loan,Digital,2023-06-11,2286000.0,24,14.4,12,Delinquent,244906.0
L201683,C100280,Home Loan,Digital,2024-02-07,1261000.0,36,9.21,1,Delinquent,213046.0
L201684,C100069,Personal Loan,Partner,2025-09-07,778000.0,24,17.63,10,Delinquent,496441.0
L201685,C103147,Personal Loan,Branch,2023-04-26,287000.0,36,16.48,15,Delinquent,31078.0
L201686,C101263,Personal Loan,Branch,2025-09-25,117000.0,12,19.43,58,Delinquent,12273.0
L201687,C101891,Auto Loan,DSA,2024-04-25,843000.0,48,9.04,5,Delinquent,349502.0
L201688,C101680,Home Loan,Branch,2023-11-09,2679000.0,12,9.33,15,Delinquent,486656.0
L201689,C102346,Personal Loan,Branch,2025-09-24,443000.0,24,11.47,7,Delinquent,203048.0
L201690,C102319,Home Loan,Partner,2025-10-17,5088000.0,120,10.62,4,Delinquent,4306620.0
L201691,C100667,Business Loan,Digital,2025-10-30,1641000.0,12,11.71,10,Delinquent,537885.0
L201692,C100010,Home Loan,Digital,2024-11-15,3638000.0,48,8.16,6,Delinquent,2355874.0
L201693,C102216,Personal Loan,Partner,2023-08-26,407000.0,48,21.78,25,Delinquent,118869.0
L201694,C102828,Auto Loan,Branch,2025-05-04,1352000.0,36,14.61,13,Delinquent,843734.0
L201695,C103843,Education Loan,Branch,2025-04-24,238000.0,48,10.43,12,Delinquent,159188.0
L201696,C100989,Personal Loan,Branch,2025-11-22,153000.0,84,15.03,13,Delinquent,136768.0
L201697,C100419,Personal Loan,Branch,2025-06-03,388000.0,36,19.61,138,NPL,231100.0
L201698,C102987,Auto Loan,Digital,2024-01-06,1441000.0,36,9.54,4,Delinquent,151509.0
L201699,C104512,Personal Loan,DSA,2024-06-21,169000.0,24,15.63,23,Delinquent,15542.0
L201700,C101196,Business Loan,Partner,2025-03-05,1628000.0,36,11.73,7,Delinquent,879258.0
L201701,C100429,Auto Loan,DSA,2025-07-21,745000.0,120,14.26,3,Delinquent,626601.0
L201702,C102014,Personal Loan,Partner,2024-01-06,489000.0,24,11.24,0,Current,60987.0
L201703,C102804,Business Loan,Digital,2023-11-08,2872000.0,24,10.95,59,Delinquent,445839.0
L201704,C103119,Auto Loan,Branch,2025-12-19,1115000.0,12,9.98,152,NPL,343536.0
L201705,C100565,Home Loan,Branch,2026-04-05,2497000.0,120,10.49,8,Delinquent,2497000.0
L201706,C103283,Personal Loan,Digital,2023-12-26,346000.0,24,18.24,149,NPL,40068.0
L201707,C101717,Auto Loan,Branch,2023-03-20,880000.0,24,12.19,13,Delinquent,135112.0
L201708,C100153,Business Loan,Branch,2025-01-20,2421000.0,84,13.18,56,Delinquent,1941532.0
L201709,C104612,Personal Loan,Partner,2023-01-20,182000.0,120,16.85,8,Delinquent,128556.0
L201710,C102676,Personal Loan,Branch,2023-08-18,321000.0,48,20.82,68,Delinquent,99711.0
L201711,C101527,Education Loan,DSA,2024-09-23,644000.0,36,9.11,6,Delinquent,273649.0
L201712,C104084,Home Loan,Branch,2024-03-19,3535000.0,60,9.66,2,Delinquent,1676418.0
L201713,C103986,Personal Loan,Digital,2023-02-28,867000.0,84,17.8,7,Delinquent,409324.0
L201714,C101033,Personal Loan,DSA,2024-02-26,271000.0,36,12.59,52,Delinquent,32425.0
L201715,C104804,Auto Loan,Branch,2025-03-20,863000.0,84,14.61,51,Delinquent,716549.0
L201716,C102660,Auto Loan,Branch,2025-06-19,1694000.0,48,14.08,58,Delinquent,1157640.0
L201717,C101312,Personal Loan,Digital,2025-06-21,838000.0,60,12.06,1,Delinquent,590545.0
L201718,C102239,Personal Loan,Digital,2023-12-10,686000.0,60,21.03,38,Delinquent,261111.0
L201719,C100939,Auto Loan,Branch,2025-03-06,1792000.0,48,11.51,13,Delinquent,1269312.0
L201720,C104250,Auto Loan,Digital,2024-01-28,513000.0,36,9.44,33,Delinquent,41040.0
L201721,C101344,Personal Loan,Branch,2025-02-20,75000.0,84,18.24,35,Delinquent,67660.0
L201722,C102194,Home Loan,Branch,2023-01-12,1468000.0,36,11.38,10,Delinquent,293021.0
L201723,C100343,Auto Loan,Partner,2024-05-06,1433000.0,60,14.64,142,NPL,720713.0
L201724,C104720,Personal Loan,Branch,2024-01-15,127000.0,24,14.97,6,Delinquent,17167.0
L201725,C101515,Personal Loan,Digital,2025-03-11,292000.0,60,17.84,11,Delinquent,210987.0
L201726,C103263,Business Loan,DSA,2023-11-23,2894000.0,24,16.94,5,Delinquent,435645.0
L201727,C101766,Business Loan,DSA,2023-12-26,1713000.0,48,10.82,100,NPL,553110.0
L201728,C102807,Personal Loan,Branch,2024-10-15,844000.0,48,20.62,13,Delinquent,452205.0
L201729,C102802,Business Loan,Digital,2025-02-23,721000.0,24,10.51,3,Delinquent,244027.0
L201730,C101460,Auto Loan,Digital,2024-04-27,202000.0,12,14.39,11,Delinquent,42365.0
L201731,C102161,Education Loan,Branch,2025-12-06,539000.0,24,11.77,6,Delinquent,389474.0
L201732,C102983,Education Loan,Branch,2026-03-22,1186000.0,24,11.02,2,Delinquent,1025257.0
L201733,C101087,Auto Loan,DSA,2024-12-28,197000.0,36,11.29,2,Delinquent,82460.0
L201734,C100657,Home Loan,Digital,2024-10-17,4732000.0,60,11.43,64,Delinquent,2823786.0
L201735,C100892,Personal Loan,Branch,2024-09-16,833000.0,36,15.36,12,Delinquent,299306.0
L201736,C102082,Home Loan,Digital,2023-03-29,5354000.0,84,10.35,0,Current,2729813.0
L201737,C101070,Home Loan,Digital,2024-05-08,3265000.0,48,10.81,126,NPL,1310800.0
L201738,C101423,Auto Loan,Branch,2025-08-29,1062000.0,24,13.08,9,Delinquent,594669.0
L201739,C103430,Personal Loan,Branch,2025-04-11,834000.0,12,20.04,133,NPL,152991.0
L201740,C103352,Business Loan,Branch,2023-03-05,1705000.0,12,13.85,167,NPL,148244.0
L201741,C104718,Education Loan,Digital,2023-06-16,904000.0,120,11.67,10,Delinquent,662426.0
L201742,C103820,Personal Loan,Digital,2025-10-01,878000.0,60,21.59,4,Delinquent,733345.0
L201743,C102123,Auto Loan,Branch,2025-05-31,1576000.0,84,11.74,8,Delinquent,1351474.0
L201744,C104644,Business Loan,Digital,2024-05-01,2762000.0,12,12.15,71,Delinquent,576246.0
L201745,C104605,Auto Loan,DSA,2026-02-04,1666000.0,24,13.19,137,NPL,1326639.0
L201746,C101111,Education Loan,Digital,2023-03-16,1103000.0,36,9.49,49,Delinquent,200505.0
L201747,C100858,Home Loan,Branch,2025-07-02,4314000.0,12,9.41,15,Delinquent,866987.0
L201748,C104424,Personal Loan,Branch,2026-03-18,469000.0,48,11.29,3,Delinquent,415804.0
L201749,C104452,Home Loan,Partner,2024-06-08,2289000.0,120,8.34,4,Delinquent,1903745.0
L201750,C104230,Home Loan,Branch,2024-08-17,5040000.0,84,11.38,5,Delinquent,3356676.0
L201751,C102302,Personal Loan,Branch,2023-09-12,761000.0,24,14.89,109,NPL,97795.0
L201752,C104313,Business Loan,DSA,2025-10-22,598000.0,84,15.13,8,Delinquent,476926.0
L201753,C103845,Auto Loan,DSA,2025-05-20,594000.0,24,9.95,8,Delinquent,273454.0
L201754,C103703,Personal Loan,Partner,2024-05-19,641000.0,36,20.21,99,NPL,158262.0
L201755,C103011,Home Loan,Digital,2023-10-09,4609000.0,84,10.13,2,Delinquent,2596898.0
L201756,C101339,Personal Loan,Partner,2024-07-07,412000.0,120,13.1,74,Delinquent,328975.0
L201757,C103737,Home Loan,Branch,2024-06-26,1296000.0,84,10.03,13,Delinquent,907517.0
L201758,C104390,Home Loan,DSA,2024-03-10,5250000.0,36,9.64,46,Delinquent,459538.0
L201759,C104422,Personal Loan,Branch,2025-10-04,693000.0,24,11.55,38,Delinquent,413102.0
L201760,C102998,Business Loan,Partner,2024-03-18,352000.0,48,11.52,5,Delinquent,165151.0
L201761,C100197,Education Loan,Partner,2023-05-18,716000.0,84,8.98,179,NPL,393066.0
L201762,C103704,Home Loan,DSA,2025-08-10,2977000.0,36,8.52,1,Delinquent,1930635.0
L201763,C101268,Auto Loan,Digital,2025-05-26,608000.0,48,14.67,3,Delinquent,419696.0
L201764,C101027,Education Loan,Branch,2023-02-06,154000.0,60,12.88,9,Delinquent,46036.0
L201765,C100393,Personal Loan,Digital,2025-04-14,535000.0,60,17.64,7,Delinquent,410955.0
L201766,C100788,Personal Loan,Branch,2024-08-10,641000.0,36,19.59,8,Delinquent,221558.0
L201767,C102451,Personal Loan,DSA,2025-03-19,732000.0,24,14.16,8,Delinquent,174754.0
L201768,C101385,Home Loan,Branch,2023-11-15,5632000.0,120,10.47,14,Delinquent,4066480.0
L201769,C101909,Personal Loan,Branch,2023-08-02,699000.0,120,18.45,76,Delinquent,517664.0
L201770,C102557,Auto Loan,Branch,2024-10-30,236000.0,84,12.76,142,NPL,178409.0
L201771,C102636,Home Loan,DSA,2023-03-07,3708000.0,24,8.28,25,Delinquent,296640.0
L201772,C102084,Personal Loan,Digital,2023-09-16,392000.0,36,19.75,9,Delinquent,53151.0
L201773,C102265,Home Loan,Digital,2023-02-23,3760000.0,36,10.39,120,NPL,422861.0
L201774,C104439,Personal Loan,Branch,2024-02-23,740000.0,12,13.97,6,Delinquent,110099.0
L201775,C101416,Home Loan,Branch,2025-12-23,4622000.0,48,8.89,14,Delinquent,3971041.0
L201776,C100066,Personal Loan,Digital,2024-10-01,362000.0,48,13.97,119,NPL,190121.0
L201777,C104002,Personal Loan,Branch,2025-06-05,507000.0,84,19.15,8,Delinquent,410339.0
L201778,C100401,Personal Loan,DSA,2025-06-09,113000.0,24,17.21,4,Delinquent,55104.0
L201779,C103873,Auto Loan,Digital,2023-06-01,1332000.0,48,12.85,14,Delinquent,225581.0
L201780,C101628,Personal Loan,Partner,2026-02-09,490000.0,36,11.77,7,Delinquent,411111.0
L201781,C104208,Auto Loan,Branch,2023-07-05,1293000.0,24,9.08,27,Delinquent,103440.0
L201782,C100839,Business Loan,Digital,2023-10-19,2533000.0,48,15.29,13,Delinquent,869661.0
L201783,C100823,Home Loan,Partner,2025-02-25,5279000.0,24,10.3,15,Delinquent,1354870.0
L201784,C102034,Personal Loan,Partner,2024-08-02,528000.0,84,19.51,1,Delinquent,353658.0
L201785,C102095,Auto Loan,Digital,2023-09-15,152000.0,48,10.83,13,Delinquent,30488.0
L201786,C103588,Personal Loan,Branch,2024-02-23,875000.0,84,21.47,3,Delinquent,558236.0
L201787,C103238,Business Loan,Digital,2024-05-05,2451000.0,24,10.91,2,Delinquent,535579.0
L201788,C104968,Business Loan,Digital,2024-12-28,2990000.0,48,16.48,10,Delinquent,1894463.0
L201789,C103387,Home Loan,Branch,2025-08-06,5947000.0,36,11.0,59,Delinquent,3902580.0
L201790,C101011,Personal Loan,Branch,2024-03-15,165000.0,84,14.32,0,Current,103003.0
L201791,C100443,Auto Loan,Digital,2024-04-15,382000.0,120,10.72,88,Delinquent,319666.0
L201792,C101330,Auto Loan,Branch,2023-04-27,1633000.0,36,10.71,61,Delinquent,174550.0
L201793,C104918,Personal Loan,Partner,2026-02-20,352000.0,48,14.82,2,Delinquent,315219.0
L201794,C103844,Business Loan,Branch,2025-01-07,2277000.0,48,14.06,67,Delinquent,1358204.0
L201795,C103706,Personal Loan,Partner,2023-11-08,462000.0,24,12.78,14,Delinquent,105520.0
L201796,C101361,Business Loan,Digital,2023-02-12,459000.0,12,17.24,14,Delinquent,65520.0
L201797,C102344,Business Loan,Partner,2026-02-13,600000.0,84,13.21,1,Delinquent,600000.0
L201798,C103519,Personal Loan,DSA,2023-02-21,619000.0,12,12.79,1,Delinquent,101535.0
L201799,C104735,Personal Loan,Branch,2023-08-07,236000.0,12,16.01,125,NPL,20274.0
L201800,C102918,Home Loan,Branch,2025-11-27,1500000.0,24,10.78,16,Delinquent,1062452.0
L201801,C100107,Business Loan,Branch,2024-02-10,2362000.0,48,13.17,11,Delinquent,1057886.0
L201802,C104275,Personal Loan,DSA,2025-11-10,855000.0,84,15.4,157,NPL,774903.0
L201803,C104669,Personal Loan,Branch,2024-10-22,149000.0,120,19.26,4,Delinquent,128666.0
L201804,C100167,Auto Loan,DSA,2024-11-06,524000.0,120,13.07,8,Delinquent,486254.0
L201805,C101962,Personal Loan,Partner,2026-01-23,227000.0,120,20.69,156,NPL,222568.0
L201806,C104899,Personal Loan,Digital,2023-01-22,86000.0,60,17.95,103,NPL,17837.0
L201807,C104768,Business Loan,Digital,2024-02-22,2179000.0,48,13.19,9,Delinquent,726909.0
L201808,C104822,Home Loan,Partner,2024-02-16,5139000.0,12,8.93,2,Delinquent,770599.0
L201809,C104878,Auto Loan,DSA,2025-05-29,714000.0,48,14.59,5,Delinquent,492886.0
L201810,C100112,Personal Loan,Branch,2024-02-20,131000.0,60,16.76,13,Delinquent,60727.0
L201811,C100756,Home Loan,Branch,2025-11-22,5452000.0,60,8.88,37,Delinquent,5028519.0
L201812,C102498,Auto Loan,Digital,2025-05-15,1274000.0,24,10.15,26,Delinquent,468941.0
L201813,C103017,Home Loan,Branch,2025-12-25,4432000.0,36,10.78,13,Delinquent,4002664.0
L201814,C102008,Education Loan,Digital,2025-09-01,478000.0,120,8.74,9,Delinquent,427014.0
L201815,C101341,Personal Loan,Partner,2025-06-15,194000.0,84,16.31,12,Delinquent,169091.0
L201816,C101271,Home Loan,Digital,2024-03-01,5986000.0,84,8.87,28,Delinquent,4383566.0
L201817,C103017,Business Loan,Branch,2025-05-23,1081000.0,36,16.33,15,Delinquent,688930.0
L201818,C104890,Personal Loan,Branch,2024-05-21,731000.0,36,15.72,20,Delinquent,205042.0
L201819,C104132,Education Loan,Partner,2024-02-16,1133000.0,48,10.38,21,Delinquent,485049.0
L201820,C100874,Home Loan,Branch,2023-09-27,2523000.0,48,8.37,3,Delinquent,845296.0
L201821,C100741,Personal Loan,Branch,2025-12-11,217000.0,84,18.7,14,Delinquent,201794.0
L201822,C101318,Personal Loan,Digital,2025-05-23,149000.0,84,21.21,103,NPL,127150.0
L201823,C103666,Personal Loan,Digital,2023-03-01,408000.0,24,18.5,7,Delinquent,83401.0
L201824,C100042,Business Loan,Digital,2024-02-23,1729000.0,120,16.96,5,Delinquent,1290646.0
L201825,C103522,Education Loan,Digital,2024-11-27,699000.0,48,10.7,2,Delinquent,373712.0
L201826,C102902,Auto Loan,Digital,2025-04-26,170000.0,36,9.53,2,Delinquent,113960.0
L201827,C103300,Personal Loan,Branch,2024-01-04,117000.0,36,21.88,9,Delinquent,17657.0
L201828,C104304,Home Loan,Digital,2025-04-28,5927000.0,84,8.21,125,NPL,4589157.0
L201829,C102956,Home Loan,DSA,2023-11-23,2848000.0,36,8.13,55,Delinquent,500615.0
L201830,C103110,Personal Loan,Digital,2023-07-07,733000.0,60,11.54,40,Delinquent,215697.0
L201831,C102401,Personal Loan,Partner,2023-04-15,83000.0,60,11.99,9,Delinquent,29990.0
L201832,C103259,Home Loan,Branch,2025-11-28,5185000.0,24,10.42,15,Delinquent,3354455.0
L201833,C101902,Personal Loan,Digital,2025-02-28,467000.0,48,19.27,92,NPL,253360.0
L201834,C100332,Auto Loan,DSA,2025-09-16,733000.0,24,11.63,24,Delinquent,410939.0
L201835,C100127,Home Loan,Digital,2024-10-05,2272000.0,84,10.01,9,Delinquent,1566766.0
L201836,C103575,Personal Loan,Branch,2024-11-30,630000.0,24,17.85,59,Delinquent,104304.0
L201837,C103188,Personal Loan,Digital,2023-12-16,327000.0,36,20.78,1,Delinquent,44052.0
L201838,C102046,Auto Loan,Partner,2023-04-14,1019000.0,24,9.98,15,Delinquent,107252.0
L201839,C103732,Auto Loan,Digital,2025-05-08,320000.0,36,13.78,5,Delinquent,194546.0
L201840,C102369,Personal Loan,Branch,2023-07-20,387000.0,36,13.23,5,Delinquent,30960.0
L201841,C101275,Business Loan,Branch,2025-11-15,1716000.0,36,14.78,136,NPL,1231624.0
L201842,C102926,Auto Loan,Digital,2023-04-21,1580000.0,12,13.92,49,Delinquent,243314.0
L201843,C101890,Personal Loan,Branch,2026-03-18,101000.0,60,14.62,27,Delinquent,93153.0
L201844,C104877,Personal Loan,DSA,2024-07-10,302000.0,24,16.59,45,Delinquent,37844.0
L201845,C103607,Education Loan,Partner,2023-12-06,982000.0,36,12.45,10,Delinquent,104276.0
L201846,C103741,Home Loan,Partner,2023-11-15,3546000.0,36,10.76,5,Delinquent,372106.0
L201847,C103440,Personal Loan,Digital,2025-03-24,448000.0,120,12.38,29,Delinquent,400061.0
L201848,C103420,Home Loan,Digital,2025-09-23,2647000.0,48,8.28,14,Delinquent,2094132.0
L201849,C103866,Personal Loan,Branch,2024-07-24,453000.0,84,17.63,3,Delinquent,342036.0
L201850,C102160,Business Loan,Branch,2024-06-07,383000.0,48,11.95,0,Current,147017.0
L201851,C104109,Business Loan,Digital,2025-11-20,2230000.0,84,17.34,41,Delinquent,2074820.0
L201852,C100173,Business Loan,Branch,2024-06-26,1775000.0,36,15.24,49,Delinquent,513981.0
L201853,C103332,Auto Loan,Branch,2024-02-01,1084000.0,48,14.92,50,Delinquent,380935.0
L201854,C102694,Auto Loan,DSA,2026-01-11,1657000.0,12,12.9,9,Delinquent,737699.0
L201855,C100042,Personal Loan,DSA,2025-08-21,156000.0,24,11.79,15,Delinquent,82938.0
L201856,C103305,Business Loan,Partner,2024-11-24,377000.0,48,12.44,111,NPL,216541.0
L201857,C100012,Personal Loan,Branch,2023-01-14,57000.0,36,15.42,47,Delinquent,5168.0
L201858,C103521,Personal Loan,Partner,2024-04-09,856000.0,84,20.91,41,Delinquent,539993.0
L201859,C102622,Education Loan,Digital,2026-03-19,977000.0,48,12.98,5,Delinquent,900008.0
L201860,C103040,Education Loan,Branch,2026-03-26,1141000.0,60,11.96,7,Delinquent,1064866.0
L201861,C103050,Home Loan,Digital,2025-03-18,4687000.0,24,10.27,2,Delinquent,1234736.0
L201862,C101502,Home Loan,Digital,2024-07-08,4362000.0,48,10.94,48,Delinquent,2269307.0
L201863,C103113,Personal Loan,Digital,2025-10-28,302000.0,12,17.62,9,Delinquent,70186.0
L201864,C101106,Auto Loan,DSA,2024-11-26,582000.0,36,14.58,11,Delinquent,262760.0
L201865,C103794,Personal Loan,Digital,2023-03-13,814000.0,12,20.22,2,Delinquent,180300.0
L201866,C100451,Personal Loan,Partner,2024-04-03,777000.0,48,20.92,2,Delinquent,330609.0
L201867,C100709,Home Loan,Branch,2024-01-24,1904000.0,60,10.05,5,Delinquent,891439.0
L201868,C103515,Business Loan,DSA,2025-03-14,431000.0,60,12.06,98,NPL,271976.0
L201869,C100289,Education Loan,Partner,2023-09-21,503000.0,120,11.24,6,Delinquent,326845.0
L201870,C104854,Education Loan,Digital,2025-07-19,652000.0,36,12.5,16,Delinquent,380043.0
L201871,C100155,Business Loan,Partner,2023-10-19,638000.0,84,14.94,13,Delinquent,330668.0
L201872,C102626,Personal Loan,DSA,2025-01-24,881000.0,120,13.95,49,Delinquent,742047.0
L201873,C104921,Personal Loan,Branch,2023-12-28,276000.0,48,13.69,17,Delinquent,62522.0
L201874,C103366,Home Loan,DSA,2023-10-26,1439000.0,12,9.04,17,Delinquent,203058.0
L201875,C103163,Personal Loan,Digital,2025-04-26,101000.0,84,14.78,14,Delinquent,82272.0
L201876,C103464,Auto Loan,Branch,2026-02-04,1785000.0,36,13.44,49,Delinquent,1511394.0
L201877,C103532,Personal Loan,Digital,2025-08-17,727000.0,12,12.28,8,Delinquent,128194.0
L201878,C100808,Business Loan,Branch,2024-09-06,316000.0,120,16.21,1,Delinquent,260245.0
L201879,C101544,Personal Loan,Branch,2026-01-02,532000.0,36,11.58,42,Delinquent,444097.0
L201880,C100960,Personal Loan,Partner,2025-09-18,303000.0,84,19.14,2,Delinquent,251997.0
L201881,C101060,Business Loan,Partner,2026-01-06,2825000.0,36,15.4,58,Delinquent,2200107.0
L201882,C101041,Auto Loan,DSA,2023-01-11,379000.0,12,10.47,10,Delinquent,112660.0
L201883,C103190,Personal Loan,Digital,2025-09-02,667000.0,48,14.07,22,Delinquent,543053.0
L201884,C104665,Auto Loan,Digital,2024-09-13,1322000.0,36,11.26,9,Delinquent,549022.0
L201885,C102796,Auto Loan,Branch,2025-04-18,1621000.0,60,11.28,39,Delinquent,1069742.0
L201886,C100078,Personal Loan,Branch,2026-01-27,658000.0,60,11.41,1,Delinquent,628902.0
L201887,C103462,Home Loan,DSA,2024-09-15,3113000.0,120,10.01,57,Delinquent,2224923.0
L201888,C102706,Business Loan,Digital,2025-04-05,2233000.0,48,13.56,12,Delinquent,1290098.0
L201889,C103887,Personal Loan,Digital,2026-03-25,862000.0,60,14.9,14,Delinquent,835593.0
L201890,C101886,Home Loan,Branch,2023-05-18,3790000.0,120,8.52,34,Delinquent,2852973.0
L201891,C102144,Personal Loan,Partner,2025-06-09,875000.0,120,19.86,0,Current,719267.0
L201892,C103297,Home Loan,Branch,2025-05-01,3641000.0,84,8.46,0,Current,2763669.0
L201893,C103539,Education Loan,Digital,2023-08-17,353000.0,60,12.32,106,NPL,131470.0
L201894,C101103,Personal Loan,Branch,2023-01-19,736000.0,60,12.68,3,Delinquent,115975.0
L201895,C102933,Business Loan,Branch,2025-01-29,1785000.0,120,10.62,14,Delinquent,1529622.0
L201896,C104806,Business Loan,Digital,2024-03-18,2712000.0,60,17.27,163,NPL,1478834.0
L201897,C100323,Personal Loan,Digital,2024-01-12,154000.0,60,18.14,4,Delinquent,68620.0
L201898,C101657,Business Loan,Digital,2023-10-12,2815000.0,120,17.76,12,Delinquent,1685304.0
L201899,C102669,Education Loan,Branch,2024-10-15,584000.0,84,12.64,35,Delinquent,409623.0
L201900,C104630,Education Loan,Partner,2023-10-30,1108000.0,48,11.18,3,Delinquent,407005.0
L201901,C104841,Auto Loan,DSA,2023-03-31,156000.0,48,10.28,180,NPL,30083.0
L201902,C102947,Personal Loan,Partner,2023-02-19,421000.0,12,17.94,13,Delinquent,61943.0
L201903,C102735,Personal Loan,Branch,2023-11-08,108000.0,48,16.53,49,Delinquent,32576.0
L201904,C102073,Personal Loan,Partner,2025-01-10,782000.0,84,14.69,14,Delinquent,591787.0
L201905,C102228,Auto Loan,DSA,2024-09-25,281000.0,36,13.57,2,Delinquent,117066.0
L201906,C103670,Home Loan,Digital,2025-06-09,5198000.0,48,10.04,2,Delinquent,3881945.0
L201907,C102722,Auto Loan,Branch,2024-12-19,1158000.0,48,14.03,15,Delinquent,603368.0
L201908,C102766,Business Loan,Branch,2023-12-17,406000.0,84,12.23,23,Delinquent,245801.0
L201909,C104220,Personal Loan,DSA,2026-01-06,581000.0,36,20.95,12,Delinquent,456058.0
L201910,C100693,Business Loan,Digital,2024-12-05,2245000.0,48,11.66,12,Delinquent,1430032.0
L201911,C104789,Personal Loan,DSA,2025-01-12,194000.0,24,13.99,7,Delinquent,51976.0
L201912,C103523,Personal Loan,DSA,2024-08-19,124000.0,24,16.85,54,Delinquent,13591.0
L201913,C102934,Business Loan,DSA,2024-05-22,1963000.0,60,13.94,7,Delinquent,1139720.0
L201914,C102898,Personal Loan,Digital,2026-04-06,468000.0,60,18.27,7,Delinquent,453060.0
L201915,C102884,Personal Loan,Partner,2024-04-12,571000.0,60,19.73,12,Delinquent,301229.0
L201916,C102829,Education Loan,Branch,2025-09-01,614000.0,120,12.21,50,Delinquent,558155.0
L201917,C101754,Business Loan,DSA,2023-04-11,769000.0,60,13.03,27,Delinquent,304748.0
L201918,C103691,Business Loan,Digital,2026-02-09,2623000.0,12,13.06,21,Delinquent,1295029.0
L201919,C101264,Personal Loan,Branch,2025-06-27,230000.0,60,20.91,0,Current,192806.0
L201920,C103268,Personal Loan,Branch,2025-09-16,635000.0,24,15.78,4,Delinquent,388245.0
L201921,C102633,Personal Loan,DSA,2024-01-19,285000.0,12,18.72,5,Delinquent,46119.0
L201922,C101832,Personal Loan,Digital,2025-02-28,74000.0,24,18.22,35,Delinquent,17614.0
L201923,C104020,Education Loan,Branch,2025-06-25,603000.0,84,10.16,40,Delinquent,522086.0
L201924,C101593,Personal Loan,Branch,2023-03-27,689000.0,12,15.23,55,Delinquent,113135.0
L201925,C103298,Business Loan,DSA,2025-02-18,2514000.0,120,14.29,3,Delinquent,1934170.0
L201926,C101255,Personal Loan,Branch,2025-10-26,369000.0,48,12.63,56,Delinquent,308453.0
L201927,C101003,Auto Loan,Branch,2025-10-14,570000.0,36,12.99,37,Delinquent,397340.0
L201928,C102876,Personal Loan,DSA,2025-07-02,296000.0,12,18.7,15,Delinquent,51662.0
L201929,C104879,Personal Loan,Branch,2025-12-08,303000.0,36,16.47,11,Delinquent,257398.0
L201930,C101500,Personal Loan,Branch,2023-12-05,361000.0,120,19.1,10,Delinquent,230399.0
L201931,C100573,Education Loan,Digital,2025-04-06,782000.0,48,12.56,4,Delinquent,478119.0
L201932,C100603,Auto Loan,Digital,2023-11-20,980000.0,24,14.52,5,Delinquent,87019.0
L201933,C102460,Auto Loan,Digital,2025-11-01,385000.0,120,14.01,5,Delinquent,336627.0
L201934,C103914,Personal Loan,Branch,2024-09-21,270000.0,12,17.2,56,Delinquent,42154.0
L201935,C103562,Auto Loan,Digital,2025-09-20,703000.0,48,14.82,46,Delinquent,533716.0
L201936,C101046,Auto Loan,Digital,2023-12-06,1785000.0,36,10.81,14,Delinquent,142800.0
L201937,C104175,Home Loan,Digital,2024-01-04,3606000.0,36,9.73,4,Delinquent,288480.0
L201938,C100825,Auto Loan,Branch,2026-03-10,682000.0,48,14.94,6,Delinquent,529430.0
L201939,C102797,Business Loan,Branch,2025-12-21,2154000.0,48,12.65,5,Delinquent,1884374.0
L201940,C104246,Education Loan,Digital,2023-08-21,1060000.0,84,12.0,0,Current,568416.0
L201941,C104040,Education Loan,Branch,2024-04-09,868000.0,12,11.2,138,NPL,73476.0
L201942,C103511,Home Loan,Partner,2023-07-04,3336000.0,60,9.18,7,Delinquent,1123430.0
L201943,C101656,Personal Loan,Partner,2025-02-02,219000.0,60,16.48,30,Delinquent,152128.0
L201944,C103831,Personal Loan,Digital,2023-02-22,782000.0,120,19.7,14,Delinquent,484872.0
L201945,C101934,Personal Loan,DSA,2023-02-01,301000.0,120,16.29,5,Delinquent,206770.0
L201946,C101752,Personal Loan,Digital,2024-10-25,741000.0,36,11.41,15,Delinquent,309480.0
L201947,C102664,Personal Loan,Branch,2025-12-10,297000.0,48,20.46,11,Delinquent,243678.0
L201948,C103088,Auto Loan,Digital,2025-06-07,913000.0,12,10.53,134,NPL,82340.0
L201949,C101046,Home Loan,Partner,2025-04-14,4467000.0,84,8.25,4,Delinquent,3858409.0
L201950,C104661,Auto Loan,Branch,2024-12-04,200000.0,120,13.17,111,NPL,172940.0
L201951,C104335,Education Loan,Digital,2023-08-06,1141000.0,120,10.35,9,Delinquent,676570.0
L201952,C101414,Personal Loan,Digital,2023-09-07,553000.0,60,17.45,15,Delinquent,250517.0
L201953,C101209,Personal Loan,Branch,2025-01-10,628000.0,120,17.81,130,NPL,544857.0
L201954,C100345,Auto Loan,Digital,2026-01-13,1628000.0,48,11.19,26,Delinquent,1436834.0
L201955,C102031,Auto Loan,Partner,2023-02-27,1797000.0,24,9.02,82,Delinquent,330426.0
L201956,C100855,Home Loan,Branch,2024-03-31,4488000.0,48,10.91,3,Delinquent,1883498.0
L201957,C104653,Business Loan,Branch,2023-08-15,1836000.0,12,16.87,15,Delinquent,410261.0
L201958,C104488,Personal Loan,Branch,2023-06-18,80000.0,24,11.15,47,Delinquent,11002.0
L201959,C104144,Auto Loan,DSA,2024-02-29,1433000.0,48,12.08,15,Delinquent,334488.0
L201960,C101408,Education Loan,Digital,2023-08-18,372000.0,36,12.95,56,Delinquent,64327.0
L201961,C103451,Home Loan,Digital,2023-10-22,2519000.0,12,9.67,17,Delinquent,497462.0
L201962,C102457,Auto Loan,DSA,2024-06-09,1257000.0,36,11.27,6,Delinquent,344503.0
L201963,C101367,Personal Loan,Partner,2025-06-10,719000.0,48,18.73,12,Delinquent,488060.0
L201964,C102673,Personal Loan,Branch,2024-10-15,365000.0,36,16.9,2,Delinquent,161756.0
L201965,C100827,Personal Loan,DSA,2024-10-14,293000.0,48,13.38,15,Delinquent,162899.0
L201966,C104801,Auto Loan,Digital,2024-12-22,288000.0,24,10.21,23,Delinquent,24214.0
L201967,C100820,Auto Loan,Branch,2023-09-28,629000.0,36,14.56,1,Delinquent,82786.0
L201968,C101508,Education Loan,Branch,2023-03-29,282000.0,48,10.79,6,Delinquent,24917.0
L201969,C101108,Auto Loan,Digital,2023-02-03,457000.0,24,14.47,12,Delinquent,69599.0
L201970,C102607,Personal Loan,Partner,2025-11-06,52000.0,84,17.96,26,Delinquent,44011.0
L201971,C103361,Business Loan,Digital,2025-11-17,323000.0,24,12.61,11,Delinquent,233484.0
L201972,C104791,Personal Loan,Digital,2024-02-08,290000.0,120,14.88,13,Delinquent,188267.0
L201973,C101944,Auto Loan,Branch,2025-07-29,1746000.0,36,9.4,5,Delinquent,1341656.0
L201974,C101007,Personal Loan,Branch,2023-11-08,828000.0,12,18.18,169,NPL,220581.0
L201975,C100109,Business Loan,Partner,2024-01-02,1846000.0,48,17.55,11,Delinquent,571725.0
L201976,C102990,Education Loan,DSA,2025-04-05,139000.0,120,9.89,7,Delinquent,115437.0
L201977,C104896,Personal Loan,Digital,2026-01-17,233000.0,48,17.43,52,Delinquent,209103.0
L201978,C100319,Auto Loan,Branch,2025-01-06,1369000.0,36,10.84,3,Delinquent,730381.0
L201979,C104981,Auto Loan,Branch,2026-02-25,1651000.0,120,9.47,43,Delinquent,1503383.0
L201980,C101315,Personal Loan,Partner,2026-04-06,360000.0,48,19.42,13,Delinquent,321462.0
L201981,C104543,Personal Loan,Branch,2023-02-05,64000.0,48,13.68,121,NPL,14564.0
L201982,C100347,Auto Loan,Branch,2024-05-07,706000.0,12,10.59,7,Delinquent,129163.0
L201983,C104459,Personal Loan,DSA,2024-07-19,337000.0,60,14.05,20,Delinquent,194961.0
L201984,C101651,Personal Loan,Partner,2023-08-08,802000.0,12,11.79,26,Delinquent,110377.0
L201985,C101375,Business Loan,Branch,2023-09-13,1833000.0,84,12.09,12,Delinquent,1227941.0
L201986,C101033,Auto Loan,DSA,2026-03-13,301000.0,84,11.85,14,Delinquent,279921.0
L201987,C100669,Personal Loan,Branch,2023-08-04,872000.0,60,20.17,4,Delinquent,305345.0
L201988,C103993,Education Loan,DSA,2024-08-01,1144000.0,48,9.35,15,Delinquent,578900.0
L201989,C100347,Business Loan,Branch,2024-07-31,2123000.0,120,16.58,8,Delinquent,1763843.0
L201990,C102317,Education Loan,Partner,2025-03-04,279000.0,24,9.62,5,Delinquent,65381.0
L201991,C104743,Home Loan,DSA,2024-10-19,3077000.0,12,8.89,9,Delinquent,489721.0
L201992,C102026,Personal Loan,Partner,2023-02-20,855000.0,120,11.93,16,Delinquent,553976.0
L201993,C104136,Personal Loan,Digital,2024-06-25,863000.0,24,18.32,11,Delinquent,148044.0
L201994,C103462,Education Loan,Partner,2024-02-08,617000.0,120,8.6,14,Delinquent,498602.0
L201995,C103977,Business Loan,Digital,2023-06-04,1315000.0,24,13.53,8,Delinquent,215925.0
L201996,C104736,Business Loan,Digital,2026-03-30,2293000.0,36,13.22,138,NPL,2126780.0
L201997,C100490,Home Loan,Branch,2024-10-10,3370000.0,84,10.18,21,Delinquent,2365051.0
L201998,C101508,Home Loan,DSA,2026-03-03,4095000.0,24,8.54,10,Delinquent,3258750.0
L201999,C101608,Auto Loan,Digital,2026-01-03,1646000.0,24,14.64,3,Delinquent,1081581.0
L202000,C100334,Personal Loan,Digital,2026-03-26,130000.0,36,20.23,4,Delinquent,107167.0
L202001,C100532,Home Loan,Digital,2023-10-12,4284000.0,60,10.52,148,NPL,2013923.0
L202002,C100549,Auto Loan,DSA,2025-09-15,156000.0,60,10.04,3,Delinquent,127590.0
L202003,C104749,Business Loan,Digital,2023-02-18,323000.0,60,13.37,13,Delinquent,106051.0
L202004,C104287,Home Loan,Digital,2024-08-23,2483000.0,36,11.22,80,Delinquent,824934.0
L202005,C102943,Business Loan,Digital,2025-11-08,1931000.0,84,11.67,0,Current,1638205.0
L202006,C104230,Personal Loan,Digital,2024-11-17,371000.0,48,17.93,11,Delinquent,252856.0
L202007,C101720,Personal Loan,Digital,2023-08-31,585000.0,36,18.18,9,Delinquent,60418.0
L202008,C102377,Personal Loan,DSA,2023-03-31,218000.0,120,15.18,40,Delinquent,140467.0
L202009,C104418,Personal Loan,DSA,2024-07-04,467000.0,120,13.45,4,Delinquent,419365.0
L202010,C100739,Personal Loan,Digital,2025-08-09,869000.0,120,16.14,9,Delinquent,773682.0
L202011,C100732,Personal Loan,Branch,2026-01-08,717000.0,48,20.55,6,Delinquent,604190.0
L202012,C102633,Home Loan,Digital,2025-06-17,2673000.0,48,8.55,7,Delinquent,1871077.0
L202013,C101264,Home Loan,DSA,2024-06-14,5960000.0,12,11.26,12,Delinquent,476800.0
L202014,C103343,Home Loan,Partner,2025-04-29,2526000.0,120,9.38,11,Delinquent,2098913.0
L202015,C103180,Business Loan,Branch,2025-07-29,2957000.0,24,12.92,8,Delinquent,1558026.0
L202016,C101662,Personal Loan,Partner,2024-04-04,844000.0,36,13.81,142,NPL,152092.0
L202017,C100580,Personal Loan,Branch,2023-11-13,463000.0,36,20.47,15,Delinquent,37040.0
L202018,C100413,Personal Loan,Partner,2023-11-16,843000.0,48,16.69,1,Delinquent,205059.0
L202019,C102215,Personal Loan,Partner,2025-06-13,517000.0,36,17.57,8,Delinquent,331920.0
L202020,C101610,Auto Loan,Digital,2025-08-29,189000.0,24,11.68,7,Delinquent,98996.0
L202021,C100170,Business Loan,Partner,2023-08-22,1109000.0,36,15.48,13,Delinquent,286975.0
L202022,C103453,Personal Loan,Digital,2026-03-15,473000.0,24,12.79,9,Delinquent,348033.0
L202023,C104787,Home Loan,Digital,2023-01-23,3184000.0,84,11.09,11,Delinquent,1559871.0
L202024,C104892,Personal Loan,DSA,2024-05-23,703000.0,60,21.83,10,Delinquent,370863.0
L202025,C100589,Personal Loan,Branch,2024-08-02,312000.0,12,13.25,10,Delinquent,43028.0
L202026,C100951,Business Loan,Branch,2023-03-08,598000.0,84,12.24,19,Delinquent,257030.0
L202027,C102160,Auto Loan,Branch,2025-05-19,1676000.0,60,11.85,5,Delinquent,1192559.0
L202028,C104573,Auto Loan,Digital,2025-12-16,943000.0,48,10.42,13,Delinquent,846960.0
L202029,C102873,Business Loan,DSA,2023-10-13,2642000.0,48,14.36,11,Delinquent,730312.0
L202030,C102284,Auto Loan,DSA,2025-04-07,1085000.0,60,12.7,2,Delinquent,856445.0
L202031,C104629,Personal Loan,Partner,2026-02-15,682000.0,12,11.72,14,Delinquent,352907.0
L202032,C103317,Auto Loan,Partner,2025-03-16,1288000.0,36,11.72,2,Delinquent,717901.0
L202033,C104925,Business Loan,DSA,2024-06-26,672000.0,60,10.52,180,NPL,368754.0
L202034,C104319,Home Loan,Partner,2026-02-07,2903000.0,120,10.12,11,Delinquent,2729621.0
L202035,C104992,Auto Loan,Branch,2024-04-26,442000.0,24,9.54,46,Delinquent,44252.0
L202036,C102788,Home Loan,DSA,2025-03-15,2847000.0,60,8.48,14,Delinquent,2064752.0
L202037,C101873,Personal Loan,Branch,2025-07-13,402000.0,120,13.86,3,Delinquent,394496.0
L202038,C100308,Auto Loan,Branch,2025-01-11,757000.0,120,11.96,3,Delinquent,643692.0
L202039,C103650,Personal Loan,Branch,2024-01-13,415000.0,84,15.13,27,Delinquent,294802.0
L202040,C101329,Personal Loan,Branch,2025-05-02,687000.0,84,11.62,142,NPL,584726.0
L202041,C100055,Home Loan,Partner,2024-01-07,1803000.0,60,10.49,6,Delinquent,874744.0
L202042,C104015,Auto Loan,Digital,2024-08-03,697000.0,48,9.56,48,Delinquent,307171.0
L202043,C102121,Business Loan,Partner,2024-10-16,2667000.0,120,16.84,118,NPL,2118648.0
L202044,C102765,Auto Loan,Digital,2023-12-11,1409000.0,60,10.16,46,Delinquent,715730.0
L202045,C103920,Auto Loan,DSA,2025-07-09,558000.0,120,12.13,16,Delinquent,460955.0
L202046,C101646,Personal Loan,Branch,2023-10-30,529000.0,12,17.33,6,Delinquent,70832.0
L202047,C104084,Auto Loan,Partner,2023-07-13,379000.0,12,14.51,9,Delinquent,69589.0
L202048,C102917,Personal Loan,Branch,2025-05-21,277000.0,36,19.22,22,Delinquent,167578.0
L202049,C102839,Home Loan,DSA,2025-11-22,5810000.0,12,10.35,11,Delinquent,2586971.0
L202050,C101343,Auto Loan,Partner,2023-10-19,217000.0,60,11.15,176,NPL,100796.0
L202051,C103945,Personal Loan,DSA,2024-09-13,244000.0,120,15.63,3,Delinquent,197676.0
L202052,C101206,Business Loan,DSA,2026-01-22,2498000.0,24,16.47,12,Delinquent,1767810.0
L202053,C103096,Home Loan,Branch,2024-03-19,4898000.0,120,9.61,11,Delinquent,3585777.0
L202054,C104142,Auto Loan,Digital,2024-04-28,1193000.0,84,11.31,54,Delinquent,774944.0
L202055,C100583,Home Loan,Branch,2025-04-17,2824000.0,12,9.35,14,Delinquent,477009.0
L202056,C102001,Auto Loan,Digital,2025-01-30,1771000.0,36,12.72,150,NPL,1117921.0
L202057,C103388,Auto Loan,Branch,2023-06-02,299000.0,48,14.65,37,Delinquent,55837.0
L202058,C101370,Personal Loan,DSA,2023-02-21,822000.0,120,11.79,44,Delinquent,537001.0
L202059,C100140,Education Loan,Partner,2024-03-12,354000.0,48,11.27,11,Delinquent,135027.0
L202060,C102046,Auto Loan,DSA,2024-06-22,1513000.0,84,9.54,15,Delinquent,1024533.0
L202061,C102484,Home Loan,DSA,2025-01-05,2709000.0,36,11.32,5,Delinquent,1059821.0
L202062,C104604,Auto Loan,Digital,2024-04-24,379000.0,24,10.24,7,Delinquent,42683.0
L202063,C104037,Personal Loan,Branch,2023-06-08,641000.0,84,17.45,5,Delinquent,329755.0
L202064,C100904,Business Loan,DSA,2025-06-24,1947000.0,12,15.62,45,Delinquent,447020.0
L202065,C101386,Home Loan,Branch,2024-06-02,2743000.0,48,9.46,9,Delinquent,1061876.0
L202066,C100927,Business Loan,Digital,2023-03-08,2476000.0,12,12.99,11,Delinquent,380749.0
L202067,C104554,Personal Loan,Partner,2024-12-17,689000.0,12,19.82,50,Delinquent,126197.0
L202068,C101769,Business Loan,Digital,2024-04-27,944000.0,12,11.16,118,NPL,151226.0
L202069,C104456,Business Loan,Branch,2024-10-04,1174000.0,12,17.05,7,Delinquent,111141.0
L202070,C100303,Education Loan,Branch,2025-10-26,636000.0,36,10.02,75,Delinquent,467525.0
L202071,C102795,Business Loan,DSA,2023-08-18,2828000.0,120,11.83,6,Delinquent,1591984.0
L202072,C100375,Auto Loan,Branch,2025-03-13,358000.0,12,12.24,8,Delinquent,72144.0
L202073,C102773,Home Loan,Digital,2023-05-23,3254000.0,120,8.96,6,Delinquent,2271629.0
L202074,C100055,Personal Loan,Digital,2025-07-21,781000.0,48,16.95,14,Delinquent,533742.0
L202075,C100782,Auto Loan,DSA,2024-03-14,1578000.0,84,14.63,103,NPL,1115044.0
L202076,C100731,Auto Loan,Partner,2025-07-04,424000.0,60,12.06,10,Delinquent,326754.0
L202077,C103546,Personal Loan,Branch,2023-02-19,494000.0,84,14.82,3,Delinquent,255435.0
L202078,C103202,Auto Loan,DSA,2025-03-05,1426000.0,84,13.86,12,Delinquent,1136707.0
L202079,C102792,Personal Loan,Branch,2023-10-29,438000.0,60,12.48,14,Delinquent,183959.0
L202080,C100983,Auto Loan,Branch,2024-04-14,925000.0,120,12.35,6,Delinquent,677292.0
L202081,C101330,Home Loan,Digital,2023-10-08,2863000.0,120,8.47,19,Delinquent,2225265.0
L202082,C101889,Business Loan,Branch,2024-04-24,874000.0,12,15.73,8,Delinquent,125530.0
L202083,C104895,Personal Loan,Partner,2025-08-07,781000.0,24,12.17,1,Delinquent,367579.0
L202084,C103528,Personal Loan,DSA,2023-03-03,774000.0,120,20.32,12,Delinquent,494386.0
L202085,C100158,Auto Loan,Partner,2024-12-23,602000.0,84,13.25,6,Delinquent,471602.0
L202086,C100160,Home Loan,Branch,2023-08-22,2299000.0,60,9.02,9,Delinquent,946033.0
L202087,C101739,Personal Loan,DSA,2024-04-21,746000.0,48,12.72,32,Delinquent,348726.0
L202088,C101046,Auto Loan,Digital,2024-10-31,223000.0,60,10.65,8,Delinquent,148405.0
L202089,C102036,Business Loan,Branch,2023-04-26,2483000.0,84,10.66,126,NPL,1328799.0
L202090,C104980,Business Loan,DSA,2025-12-10,1550000.0,24,15.02,10,Delinquent,1076769.0
L202091,C100979,Personal Loan,Partner,2025-03-28,152000.0,84,17.54,3,Delinquent,127478.0
L202092,C102985,Personal Loan,Partner,2025-01-04,794000.0,48,14.69,9,Delinquent,420103.0
L202093,C102414,Auto Loan,Partner,2026-01-21,1060000.0,84,12.45,2,Delinquent,959953.0
L202094,C103300,Auto Loan,Branch,2024-04-09,724000.0,36,12.25,10,Delinquent,108448.0
L202095,C102734,Education Loan,Partner,2023-06-18,176000.0,84,8.97,52,Delinquent,89266.0
L202096,C102581,Personal Loan,Partner,2025-09-25,806000.0,36,20.45,1,Delinquent,567229.0
L202097,C101381,Auto Loan,DSA,2025-01-31,1047000.0,48,9.29,11,Delinquent,637243.0
L202098,C104830,Education Loan,Branch,2024-06-22,137000.0,36,12.55,3,Delinquent,36401.0
L202099,C101338,Personal Loan,Digital,2023-04-12,400000.0,48,20.54,176,NPL,55320.0
L202100,C100722,Education Loan,Branch,2023-11-08,1177000.0,24,10.43,175,NPL,103350.0
L202101,C100480,Home Loan,Branch,2024-11-30,3270000.0,24,10.7,103,NPL,351804.0
L202102,C100337,Auto Loan,Partner,2023-04-07,639000.0,36,13.62,9,Delinquent,51120.0
L202103,C101766,Home Loan,Partner,2024-10-19,3516000.0,60,8.41,6,Delinquent,2125816.0
L202104,C104081,Business Loan,Partner,2025-09-21,2024000.0,84,16.93,14,Delinquent,1747617.0
L202105,C100774,Business Loan,Branch,2024-06-23,807000.0,60,12.96,6,Delinquent,452720.0
L202106,C100021,Personal Loan,Digital,2025-01-09,441000.0,24,15.92,18,Delinquent,109455.0
L202107,C102650,Business Loan,Digital,2023-09-17,2487000.0,12,16.82,4,Delinquent,485426.0
L202108,C102808,Personal Loan,Digital,2024-11-27,887000.0,84,17.77,3,Delinquent,655694.0
L202109,C102817,Personal Loan,Digital,2023-08-08,896000.0,60,11.36,1,Delinquent,333024.0
L202110,C100008,Auto Loan,Partner,2025-05-14,1339000.0,48,14.81,118,NPL,1030169.0
L202111,C101016,Auto Loan,DSA,2024-09-30,1255000.0,48,10.18,15,Delinquent,665474.0
L202112,C101742,Personal Loan,DSA,2024-12-27,258000.0,120,15.5,14,Delinquent,211033.0
L202113,C103699,Personal Loan,Branch,2024-01-20,214000.0,60,14.37,21,Delinquent,106511.0
L202114,C103255,Personal Loan,Digital,2024-02-25,608000.0,36,16.66,15,Delinquent,137114.0
L202115,C104073,Personal Loan,Digital,2025-03-01,475000.0,36,14.72,12,Delinquent,260816.0
L202116,C102737,Personal Loan,Digital,2025-01-11,684000.0,120,19.29,3,Delinquent,590265.0
L202117,C102018,Personal Loan,Partner,2025-04-10,143000.0,48,18.5,1,Delinquent,94920.0
L202118,C102800,Business Loan,Branch,2023-06-18,1552000.0,12,12.71,121,NPL,199873.0
L202119,C101925,Personal Loan,Branch,2023-08-14,630000.0,24,21.34,3,Delinquent,171080.0
L202120,C100787,Business Loan,Partner,2023-12-22,1129000.0,12,10.65,2,Delinquent,90320.0
L202121,C102880,Personal Loan,Digital,2024-04-09,293000.0,12,17.28,23,Delinquent,38476.0
L202122,C101474,Home Loan,Digital,2024-10-06,1700000.0,24,8.67,130,NPL,267364.0
L202123,C101323,Personal Loan,Partner,2024-09-16,547000.0,36,16.94,22,Delinquent,186660.0
L202124,C103551,Personal Loan,DSA,2023-03-24,518000.0,120,19.09,6,Delinquent,315357.0
L202125,C100331,Auto Loan,DSA,2023-02-12,459000.0,84,10.77,0,Current,211663.0
L202126,C100117,Personal Loan,Branch,2025-09-13,426000.0,84,20.32,12,Delinquent,358222.0
L202127,C101781,Personal Loan,Digital,2024-11-26,331000.0,120,19.43,22,Delinquent,286145.0
L202128,C102977,Home Loan,Digital,2023-02-23,5020000.0,24,8.11,141,NPL,720311.0
L202129,C104200,Business Loan,Digital,2025-10-20,1819000.0,120,15.62,11,Delinquent,1637870.0
L202130,C102586,Home Loan,Digital,2024-03-22,4646000.0,12,10.81,2,Delinquent,767108.0
L202131,C101294,Personal Loan,Branch,2025-03-05,780000.0,12,16.66,10,Delinquent,62400.0
L202132,C101720,Personal Loan,Branch,2024-06-29,718000.0,84,20.32,1,Delinquent,482996.0
L202133,C101893,Auto Loan,Digital,2023-08-19,497000.0,48,12.74,4,Delinquent,103013.0
L202134,C101674,Education Loan,Digital,2025-03-27,1125000.0,84,12.52,68,Delinquent,884455.0
L202135,C103344,Personal Loan,Branch,2024-03-11,880000.0,12,14.59,5,Delinquent,76968.0
L202136,C103995,Personal Loan,Partner,2023-07-05,872000.0,24,12.89,9,Delinquent,165353.0
L202137,C103545,Home Loan,Branch,2023-09-25,3330000.0,84,8.67,0,Current,1794435.0
L202138,C101910,Education Loan,Digital,2025-09-12,931000.0,12,9.34,15,Delinquent,74480.0
L202139,C101438,Personal Loan,Digital,2024-09-16,591000.0,120,16.81,7,Delinquent,463990.0
L202140,C100400,Business Loan,DSA,2024-05-26,2202000.0,120,12.26,3,Delinquent,1663702.0
L202141,C103990,Auto Loan,Digital,2025-07-26,1660000.0,36,12.11,9,Delinquent,1111017.0
L202142,C104811,Personal Loan,Branch,2023-10-29,359000.0,36,15.59,7,Delinquent,77471.0
L202143,C100275,Business Loan,Branch,2023-06-30,965000.0,24,13.81,50,Delinquent,143657.0
L202144,C100652,Auto Loan,Branch,2023-04-29,925000.0,24,13.74,74,Delinquent,161463.0
L202145,C101073,Personal Loan,Branch,2023-05-03,425000.0,84,20.14,1,Delinquent,209904.0
L202146,C103988,Personal Loan,Digital,2026-01-15,202000.0,120,16.13,7,Delinquent,177200.0
L202147,C101082,Personal Loan,Digital,2025-12-17,472000.0,60,13.96,7,Delinquent,423272.0
L202148,C100070,Personal Loan,Branch,2024-04-29,209000.0,84,19.61,46,Delinquent,157224.0
L202149,C101680,Business Loan,DSA,2024-07-20,1399000.0,12,15.73,0,Current,176554.0
L202150,C101822,Auto Loan,Branch,2024-04-02,703000.0,24,9.66,1,Delinquent,94008.0
L202151,C101977,Business Loan,Partner,2024-10-19,2699000.0,24,11.17,2,Delinquent,515802.0
L202152,C102576,Home Loan,Digital,2023-08-05,3500000.0,48,9.96,1,Delinquent,956517.0
L202153,C101210,Personal Loan,Digital,2025-03-02,409000.0,24,16.42,10,Delinquent,105149.0
L202154,C100149,Personal Loan,Branch,2024-08-30,381000.0,36,18.12,1,Delinquent,155945.0
L202155,C100537,Business Loan,Digital,2026-01-01,538000.0,48,13.37,59,Delinquent,434080.0
L202156,C103671,Personal Loan,Digital,2024-01-19,614000.0,36,16.81,5,Delinquent,94664.0
L202157,C103299,Personal Loan,Partner,2025-07-02,91000.0,60,18.98,11,Delinquent,65680.0
L202158,C101303,Auto Loan,Branch,2023-07-19,163000.0,60,9.95,9,Delinquent,62291.0
L202159,C104704,Business Loan,Digital,2023-04-21,1444000.0,36,12.63,3,Delinquent,249098.0
L202160,C102706,Personal Loan,DSA,2025-06-22,149000.0,12,20.06,13,Delinquent,18379.0
L202161,C103985,Auto Loan,Digital,2025-12-01,1312000.0,120,14.04,77,Delinquent,1209954.0
L202162,C103962,Personal Loan,Digital,2025-12-13,163000.0,48,19.3,45,Delinquent,137792.0
L202163,C101501,Business Loan,Partner,2023-03-12,1144000.0,36,14.5,110,NPL,185552.0
L202164,C102956,Auto Loan,Digital,2024-02-27,1245000.0,48,10.8,56,Delinquent,439634.0
L202165,C102966,Business Loan,Branch,2024-07-21,1741000.0,60,17.22,16,Delinquent,1166185.0
L202166,C102279,Personal Loan,Partner,2023-12-10,606000.0,60,14.7,17,Delinquent,281497.0
L202167,C103177,Auto Loan,Branch,2023-12-25,1383000.0,120,14.04,15,Delinquent,1048141.0
L202168,C101681,Personal Loan,DSA,2024-03-24,701000.0,24,12.98,46,Delinquent,58696.0
L202169,C100491,Home Loan,Branch,2023-01-30,2921000.0,60,8.59,0,Current,886110.0
L202170,C100226,Education Loan,Branch,2026-01-14,1065000.0,84,9.14,5,Delinquent,919759.0
L202171,C102235,Personal Loan,Digital,2023-12-28,310000.0,60,20.19,13,Delinquent,161978.0
L202172,C104566,Auto Loan,Partner,2024-12-01,828000.0,48,13.87,14,Delinquent,487261.0
L202173,C101072,Personal Loan,Branch,2025-08-05,459000.0,36,11.66,4,Delinquent,290361.0
L202174,C102960,Home Loan,Branch,2023-07-19,1691000.0,120,10.2,14,Delinquent,1159713.0
L202175,C100821,Home Loan,Branch,2023-09-05,2437000.0,84,8.76,5,Delinquent,1501264.0
L202176,C103158,Home Loan,Branch,2025-01-28,3626000.0,36,11.35,24,Delinquent,1757124.0
L202177,C100921,Auto Loan,Branch,2026-04-07,165000.0,120,12.41,6,Delinquent,155733.0
L202178,C102203,Education Loan,Partner,2024-04-26,1140000.0,120,10.51,148,NPL,904300.0
L202179,C104042,Business Loan,DSA,2025-12-29,1132000.0,36,13.23,13,Delinquent,905678.0
L202180,C101864,Education Loan,Branch,2023-01-21,950000.0,12,10.61,86,Delinquent,204622.0
L202181,C104671,Personal Loan,Branch,2025-06-03,110000.0,24,13.97,143,NPL,53576.0
L202182,C100234,Education Loan,Branch,2026-03-09,360000.0,120,12.92,29,Delinquent,319255.0
L202183,C100420,Personal Loan,Digital,2025-06-13,409000.0,120,19.82,3,Delinquent,355231.0
L202184,C100845,Personal Loan,Branch,2023-05-18,142000.0,84,11.05,2,Delinquent,93355.0
L202185,C101220,Home Loan,Partner,2023-01-14,3926000.0,12,8.89,94,NPL,696771.0
L202186,C102128,Personal Loan,Branch,2024-05-11,793000.0,48,16.59,11,Delinquent,378736.0
L202187,C104570,Business Loan,Digital,2024-11-01,2448000.0,60,15.6,21,Delinquent,1616546.0
L202188,C101209,Personal Loan,DSA,2025-02-28,727000.0,12,21.66,104,NPL,119337.0
L202189,C101785,Auto Loan,Branch,2026-01-18,277000.0,60,10.28,13,Delinquent,214433.0
L202190,C100223,Personal Loan,DSA,2024-12-04,400000.0,84,15.09,4,Delinquent,315319.0
L202191,C103573,Personal Loan,DSA,2023-11-18,877000.0,84,14.81,3,Delinquent,601924.0
L202192,C102731,Business Loan,Branch,2023-01-06,968000.0,36,15.48,5,Delinquent,90009.0
L202193,C100226,Home Loan,Partner,2026-01-23,2613000.0,84,9.89,10,Delinquent,2312966.0
L202194,C102321,Personal Loan,Digital,2024-12-30,725000.0,60,20.62,31,Delinquent,487637.0
L202195,C101093,Business Loan,Branch,2025-03-25,1118000.0,36,10.83,58,Delinquent,513248.0
L202196,C102107,Business Loan,DSA,2025-05-22,1321000.0,48,14.97,13,Delinquent,893719.0
L202197,C101422,Home Loan,DSA,2025-08-18,4908000.0,84,9.02,6,Delinquent,3935045.0
L202198,C103922,Personal Loan,Branch,2025-10-16,273000.0,24,13.78,5,Delinquent,169686.0
L202199,C100288,Education Loan,Digital,2025-11-09,432000.0,84,8.73,48,Delinquent,390459.0
L202200,C102998,Personal Loan,Partner,2023-08-09,415000.0,12,19.13,126,NPL,55184.0
L202201,C103966,Personal Loan,Digital,2023-12-22,484000.0,24,15.56,13,Delinquent,61300.0
L202202,C100008,Personal Loan,Digital,2023-02-14,597000.0,120,13.04,20,Delinquent,389725.0
L202203,C104523,Personal Loan,Digital,2023-05-27,499000.0,60,14.71,13,Delinquent,203008.0
L202204,C103810,Education Loan,Digital,2026-02-07,237000.0,24,9.49,1,Delinquent,172631.0
L202205,C101397,Education Loan,Digital,2024-05-22,902000.0,12,9.11,14,Delinquent,137246.0
L202206,C102413,Home Loan,Branch,2025-03-27,5788000.0,48,10.38,10,Delinquent,4210364.0
L202207,C103405,Auto Loan,Branch,2024-11-09,1400000.0,120,10.03,0,Current,1097177.0
L202208,C102585,Business Loan,Digital,2024-06-29,2283000.0,48,11.96,15,Delinquent,1191672.0
L202209,C103783,Auto Loan,DSA,2023-07-14,623000.0,12,13.52,0,Current,84917.0
L202210,C104448,Auto Loan,DSA,2025-05-20,785000.0,84,13.25,11,Delinquent,720191.0
L202211,C101791,Education Loan,Digital,2025-06-21,613000.0,48,12.74,2,Delinquent,359206.0
L202212,C100547,Personal Loan,Digital,2023-07-08,860000.0,24,11.56,7,Delinquent,97224.0
L202213,C102158,Personal Loan,Digital,2024-01-21,116000.0,48,12.9,5,Delinquent,42920.0
L202214,C102998,Business Loan,DSA,2026-02-24,625000.0,84,12.4,6,Delinquent,592688.0
L202215,C103876,Auto Loan,Partner,2025-10-22,820000.0,84,9.57,5,Delinquent,760828.0
L202216,C101411,Personal Loan,DSA,2025-02-24,628000.0,12,11.91,68,Delinquent,89577.0
L202217,C104641,Personal Loan,Partner,2026-02-25,363000.0,24,17.88,12,Delinquent,307409.0
L202218,C100184,Auto Loan,Partner,2025-11-18,321000.0,84,14.91,57,Delinquent,300919.0
L202219,C102903,Home Loan,Branch,2025-01-07,3335000.0,36,9.1,7,Delinquent,1406123.0
L202220,C102187,Business Loan,Digital,2024-10-30,2410000.0,120,14.67,13,Delinquent,2123065.0
L202221,C103475,Business Loan,Digital,2025-02-17,692000.0,12,12.68,8,Delinquent,116107.0
L202222,C101419,Home Loan,Digital,2025-08-18,4334000.0,120,9.8,7,Delinquent,4062251.0
L202223,C104660,Auto Loan,DSA,2026-02-26,1361000.0,48,11.6,3,Delinquent,1308629.0
L202224,C100008,Auto Loan,Branch,2024-01-29,330000.0,12,10.67,154,NPL,26400.0
L202225,C104079,Personal Loan,Branch,2023-12-27,518000.0,12,13.91,8,Delinquent,41440.0
L202226,C102465,Home Loan,Branch,2023-06-09,1377000.0,48,8.92,7,Delinquent,314719.0
L202227,C102580,Home Loan,Branch,2023-01-13,3204000.0,12,9.67,27,Delinquent,256320.0
L202228,C101556,Business Loan,Digital,2024-02-29,2735000.0,120,15.35,34,Delinquent,2040696.0
L202229,C101959,Business Loan,Branch,2023-10-27,1807000.0,12,12.76,71,Delinquent,287534.0
L202230,C102171,Personal Loan,Branch,2025-12-12,470000.0,84,17.83,3,Delinquent,417450.0
L202231,C101556,Business Loan,Digital,2024-08-08,2673000.0,120,14.76,5,Delinquent,2294316.0
L202232,C100059,Auto Loan,Digital,2025-04-17,1620000.0,120,9.7,14,Delinquent,1423722.0
L202233,C102003,Personal Loan,Digital,2023-09-07,654000.0,24,12.31,167,NPL,177584.0
L202234,C102009,Home Loan,Branch,2024-07-01,4638000.0,84,9.34,9,Delinquent,2973419.0
L202235,C103610,Business Loan,Partner,2025-08-29,983000.0,84,16.92,14,Delinquent,888586.0
L202236,C102353,Personal Loan,Branch,2023-10-10,638000.0,84,13.28,15,Delinquent,400697.0
L202237,C102748,Auto Loan,Digital,2024-04-17,316000.0,84,9.14,12,Delinquent,208402.0
L202238,C102331,Auto Loan,Partner,2024-12-18,1480000.0,12,11.05,14,Delinquent,257359.0
L202239,C102121,Auto Loan,Partner,2023-08-30,1692000.0,60,11.79,79,Delinquent,685637.0
L202240,C103585,Home Loan,Digital,2024-12-12,4962000.0,24,11.24,51,Delinquent,497911.0
L202241,C103379,Home Loan,Branch,2025-01-07,1907000.0,12,10.07,5,Delinquent,304334.0
L202242,C104957,Business Loan,DSA,2024-09-29,1719000.0,84,15.17,158,NPL,1407697.0
L202243,C102485,Home Loan,Digital,2023-07-18,5890000.0,36,8.74,117,NPL,1371605.0
L202244,C100140,Personal Loan,DSA,2025-06-04,279000.0,84,19.71,10,Delinquent,218734.0
L202245,C102927,Home Loan,Digital,2025-10-02,2816000.0,84,10.41,42,Delinquent,2490529.0
L202246,C101981,Auto Loan,Partner,2023-10-19,767000.0,24,14.35,31,Delinquent,170454.0
L202247,C100479,Home Loan,Partner,2023-05-12,3112000.0,36,9.21,12,Delinquent,276017.0
L202248,C104284,Auto Loan,DSA,2024-09-05,476000.0,84,14.6,13,Delinquent,348389.0
L202249,C103165,Personal Loan,Partner,2023-07-29,897000.0,48,21.43,9,Delinquent,172420.0
L202250,C103129,Auto Loan,Digital,2024-01-06,1010000.0,24,14.08,18,Delinquent,202085.0
L202251,C103182,Business Loan,Branch,2025-02-27,794000.0,84,17.5,23,Delinquent,640760.0
L202252,C104919,Home Loan,Digital,2023-09-04,3001000.0,60,10.6,5,Delinquent,1113938.0
L202253,C103441,Auto Loan,Digital,2024-03-15,370000.0,120,14.82,1,Delinquent,272710.0
L202254,C103568,Auto Loan,Digital,2024-02-04,535000.0,48,11.87,56,Delinquent,226102.0
L202255,C103756,Auto Loan,Branch,2025-05-08,1383000.0,84,12.37,49,Delinquent,1122893.0
L202256,C103622,Personal Loan,Digital,2025-08-21,478000.0,84,14.71,5,Delinquent,391417.0
L202257,C103521,Auto Loan,Branch,2025-11-12,1288000.0,24,13.17,2,Delinquent,863201.0
L202258,C100381,Home Loan,DSA,2023-05-17,2341000.0,48,8.24,5,Delinquent,468624.0
L202259,C102013,Home Loan,Partner,2025-07-12,3106000.0,48,10.65,4,Delinquent,2267589.0
L202260,C101377,Home Loan,Branch,2023-11-27,1716000.0,24,9.44,9,Delinquent,223833.0
L202261,C104454,Home Loan,DSA,2025-12-09,1311000.0,60,9.86,10,Delinquent,1158958.0
L202262,C102920,Personal Loan,Branch,2024-10-01,724000.0,84,16.48,8,Delinquent,560116.0
L202263,C102579,Business Loan,Digital,2026-01-10,1993000.0,12,13.15,6,Delinquent,783682.0
L202264,C102612,Auto Loan,Partner,2024-04-26,1087000.0,120,12.37,148,NPL,798746.0
L202265,C103412,Personal Loan,Branch,2024-01-20,863000.0,84,20.72,2,Delinquent,560379.0
L202266,C103813,Personal Loan,Branch,2025-09-20,256000.0,60,19.06,15,Delinquent,210270.0
L202267,C101008,Auto Loan,Partner,2024-03-03,646000.0,120,12.68,8,Delinquent,487630.0
L202268,C104969,Home Loan,Branch,2025-07-24,4602000.0,120,8.82,10,Delinquent,3954550.0
L202269,C103810,Auto Loan,Branch,2023-03-03,1048000.0,120,12.62,5,Delinquent,718096.0
L202270,C101035,Home Loan,Digital,2025-03-24,4716000.0,12,11.14,5,Delinquent,504421.0
L202271,C103030,Business Loan,Branch,2025-12-25,561000.0,120,15.17,7,Delinquent,558217.0
L202272,C102142,Personal Loan,Branch,2023-12-05,432000.0,48,12.1,6,Delinquent,167940.0
L202273,C101884,Auto Loan,DSA,2026-03-29,1656000.0,84,14.96,0,Current,1656000.0
L202274,C104335,Personal Loan,Digital,2023-01-26,212000.0,36,14.3,5,Delinquent,53754.0
L202275,C101429,Personal Loan,Digital,2023-05-31,830000.0,48,21.1,35,Delinquent,145275.0
L202276,C104191,Education Loan,DSA,2024-01-12,1039000.0,60,10.11,0,Current,566706.0
L202277,C103185,Business Loan,Branch,2024-01-12,860000.0,36,15.91,13,Delinquent,102522.0
L202278,C104086,Personal Loan,Digital,2024-12-22,819000.0,36,19.37,48,Delinquent,316126.0
L202279,C103727,Personal Loan,Partner,2025-11-07,347000.0,12,19.69,2,Delinquent,69235.0
L202280,C103102,Business Loan,DSA,2023-05-02,419000.0,12,11.9,0,Current,45748.0
L202281,C100953,Personal Loan,Digital,2025-06-17,307000.0,120,11.93,14,Delinquent,247156.0
L202282,C104966,Education Loan,Digital,2025-09-15,339000.0,48,10.94,53,Delinquent,297836.0
L202283,C103213,Personal Loan,DSA,2024-11-28,886000.0,24,21.68,14,Delinquent,124748.0
L202284,C101790,Home Loan,Digital,2026-03-29,2974000.0,60,10.24,2,Delinquent,2950142.0
L202285,C101282,Personal Loan,Branch,2023-04-26,590000.0,120,20.9,8,Delinquent,432702.0
L202286,C100582,Home Loan,Digital,2025-06-04,5449000.0,60,9.18,1,Delinquent,3963615.0
L202287,C101579,Personal Loan,Branch,2024-05-15,387000.0,48,18.63,11,Delinquent,172021.0
L202288,C100663,Home Loan,Partner,2024-05-12,5016000.0,84,11.38,120,NPL,3053539.0
L202289,C104440,Business Loan,Digital,2024-12-21,1095000.0,12,14.5,14,Delinquent,186302.0
L202290,C102179,Personal Loan,Digital,2025-08-14,689000.0,120,12.24,30,Delinquent,641335.0
L202291,C103131,Auto Loan,Digital,2024-07-31,782000.0,60,12.15,1,Delinquent,530172.0
L202292,C104025,Personal Loan,Partner,2023-11-24,684000.0,84,20.72,52,Delinquent,413942.0
L202293,C104808,Auto Loan,Digital,2023-11-16,1517000.0,24,13.87,15,Delinquent,291537.0
L202294,C102265,Personal Loan,DSA,2026-02-18,519000.0,36,20.95,99,NPL,423830.0
L202295,C100262,Auto Loan,DSA,2024-05-12,337000.0,60,10.71,12,Delinquent,212059.0
L202296,C103057,Business Loan,Partner,2024-03-15,2001000.0,120,14.76,43,Delinquent,1585805.0
L202297,C104735,Business Loan,Digital,2024-11-09,1078000.0,24,15.87,100,NPL,86533.0
L202298,C101791,Business Loan,DSA,2025-04-07,533000.0,60,16.38,2,Delinquent,361379.0
L202299,C100512,Personal Loan,Branch,2023-02-14,92000.0,36,13.31,15,Delinquent,14231.0
L202300,C103575,Personal Loan,Partner,2023-01-23,808000.0,120,19.82,1,Delinquent,528501.0
L202301,C103104,Personal Loan,Branch,2024-11-19,141000.0,60,15.03,108,NPL,89001.0
L202302,C100766,Auto Loan,Digital,2025-01-26,693000.0,36,13.99,6,Delinquent,345835.0
L202303,C100019,Personal Loan,Digital,2024-08-12,454000.0,120,14.81,99,NPL,314350.0
L202304,C102601,Business Loan,Partner,2023-12-22,1279000.0,12,14.87,14,Delinquent,133570.0
L202305,C100743,Education Loan,Branch,2025-07-28,994000.0,36,10.87,15,Delinquent,611864.0
L202306,C100926,Personal Loan,Branch,2023-05-03,266000.0,60,19.43,4,Delinquent,105454.0
L202307,C101545,Personal Loan,DSA,2025-02-06,182000.0,36,17.24,0,Current,83130.0
L202308,C102343,Home Loan,Digital,2024-06-04,3491000.0,12,11.14,10,Delinquent,279280.0
L202309,C104091,Home Loan,Branch,2024-03-16,4589000.0,36,8.6,13,Delinquent,1077995.0
L202310,C102153,Home Loan,Branch,2023-05-08,2082000.0,120,9.28,40,Delinquent,1496247.0
L202311,C104182,Personal Loan,Partner,2025-03-14,136000.0,24,20.52,2,Delinquent,30131.0
L202312,C103023,Business Loan,Digital,2023-08-11,2936000.0,60,17.1,15,Delinquent,1145662.0
L202313,C101964,Auto Loan,DSA,2024-10-10,1618000.0,12,13.77,46,Delinquent,129440.0
L202314,C102548,Personal Loan,Partner,2025-12-10,85000.0,48,15.55,2,Delinquent,69930.0
L202315,C100707,Personal Loan,DSA,2025-06-09,496000.0,36,19.97,1,Delinquent,294760.0
L202316,C104879,Business Loan,Digital,2023-03-18,2771000.0,12,13.13,6,Delinquent,608529.0
L202317,C101510,Personal Loan,Branch,2026-03-24,779000.0,84,11.35,106,NPL,779000.0
L202318,C104502,Business Loan,DSA,2025-01-19,832000.0,24,11.57,13,Delinquent,162161.0
L202319,C103226,Home Loan,Digital,2025-09-24,4469000.0,60,9.08,48,Delinquent,3790945.0
L202320,C101471,Education Loan,Branch,2023-03-14,1193000.0,24,8.65,2,Delinquent,150881.0
L202321,C102434,Business Loan,Partner,2026-01-02,1015000.0,36,17.42,12,Delinquent,843330.0
L202322,C100606,Business Loan,Branch,2025-05-11,1426000.0,12,13.47,12,Delinquent,214423.0
L202323,C103079,Business Loan,Digital,2025-11-27,766000.0,24,17.69,12,Delinquent,486293.0
L202324,C100324,Auto Loan,Digital,2026-03-19,945000.0,24,10.51,6,Delinquent,819186.0
L202325,C103196,Personal Loan,Partner,2025-10-06,522000.0,60,15.15,2,Delinquent,431626.0
L202326,C100990,Auto Loan,Branch,2024-05-30,1332000.0,60,10.44,5,Delinquent,865060.0
L202327,C100643,Auto Loan,Digital,2025-10-03,731000.0,24,9.52,3,Delinquent,404434.0
L202328,C101111,Home Loan,Digital,2026-03-07,2563000.0,12,10.31,6,Delinquent,1599645.0
L202329,C100447,Auto Loan,Partner,2025-12-25,681000.0,36,11.35,12,Delinquent,510468.0
L202330,C104444,Personal Loan,Digital,2025-02-08,325000.0,48,19.7,6,Delinquent,213700.0
L202331,C104680,Home Loan,Digital,2026-02-23,4275000.0,12,11.22,4,Delinquent,2742542.0
L202332,C104625,Personal Loan,Partner,2024-12-15,871000.0,60,18.92,0,Current,615852.0
L202333,C103592,Home Loan,Digital,2024-06-17,3609000.0,48,9.04,5,Delinquent,1978592.0
L202334,C101153,Home Loan,Branch,2023-07-25,4880000.0,24,10.56,0,Current,485428.0
L202335,C103795,Business Loan,Branch,2024-07-12,2981000.0,36,11.98,1,Delinquent,1008320.0
L202336,C103794,Home Loan,Digital,2026-02-16,5019000.0,120,11.04,25,Delinquent,4747178.0
L202337,C101183,Business Loan,Digital,2023-05-23,2090000.0,120,11.78,1,Delinquent,1295352.0
L202338,C104179,Education Loan,Branch,2025-10-30,833000.0,48,11.38,7,Delinquent,671390.0
L202339,C104985,Personal Loan,Digital,2025-02-10,562000.0,120,11.18,37,Delinquent,513852.0
L202340,C101888,Auto Loan,Partner,2023-06-08,1136000.0,84,13.79,13,Delinquent,614195.0
L202341,C102942,Personal Loan,DSA,2023-09-29,899000.0,24,11.9,3,Delinquent,162595.0
L202342,C104358,Business Loan,Digital,2023-02-04,453000.0,24,14.38,5,Delinquent,48713.0
L202343,C101313,Home Loan,Branch,2025-06-07,3567000.0,12,11.42,14,Delinquent,692909.0
L202344,C104944,Personal Loan,Branch,2024-03-06,620000.0,12,21.54,6,Delinquent,94423.0
L202345,C101517,Personal Loan,Partner,2023-08-12,694000.0,48,12.95,5,Delinquent,169057.0
L202346,C104839,Auto Loan,Digital,2023-07-11,1014000.0,12,13.4,114,NPL,166083.0
L202347,C101170,Personal Loan,Branch,2024-08-28,61000.0,60,21.63,3,Delinquent,44008.0
L202348,C103710,Personal Loan,DSA,2024-02-08,685000.0,36,20.21,3,Delinquent,159828.0
L202349,C102627,Business Loan,Branch,2025-12-22,2383000.0,24,15.48,9,Delinquent,1534405.0
L202350,C101859,Personal Loan,Digital,2026-02-24,668000.0,36,21.37,48,Delinquent,581565.0
L202351,C102196,Auto Loan,Branch,2023-08-29,844000.0,48,10.44,7,Delinquent,202957.0
L202352,C101136,Auto Loan,Partner,2025-10-31,215000.0,24,11.3,0,Current,133636.0
L202353,C103361,Personal Loan,DSA,2023-03-14,80000.0,36,12.23,9,Delinquent,10224.0
L202354,C104965,Personal Loan,Digital,2024-06-12,322000.0,36,19.7,9,Delinquent,93435.0
L202355,C102929,Personal Loan,Digital,2024-11-24,608000.0,120,20.63,4,Delinquent,550378.0
L202356,C101381,Education Loan,Partner,2023-11-27,224000.0,12,11.63,3,Delinquent,18824.0
L202357,C103350,Auto Loan,Branch,2025-02-18,1262000.0,24,12.22,9,Delinquent,313827.0
L202358,C102192,Personal Loan,Branch,2024-11-24,389000.0,120,17.5,6,Delinquent,318334.0
L202359,C104606,Business Loan,Partner,2026-01-25,2909000.0,84,17.63,8,Delinquent,2581448.0
L202360,C101321,Personal Loan,Partner,2026-01-29,800000.0,36,15.07,10,Delinquent,645057.0
L202361,C102592,Personal Loan,Branch,2025-09-07,204000.0,12,21.77,4,Delinquent,18739.0
L202362,C102481,Personal Loan,Branch,2025-08-06,100000.0,84,18.98,37,Delinquent,90318.0
L202363,C104429,Business Loan,DSA,2024-02-10,2471000.0,60,13.89,7,Delinquent,1052689.0
L202364,C100552,Home Loan,Branch,2025-11-07,5588000.0,120,9.59,88,Delinquent,5588000.0
L202365,C103089,Auto Loan,Digital,2024-03-10,1686000.0,12,11.18,2,Delinquent,234853.0
L202366,C104046,Personal Loan,DSA,2025-07-02,766000.0,120,21.35,12,Delinquent,647343.0
L202367,C101808,Business Loan,Digital,2024-08-05,2838000.0,48,13.52,6,Delinquent,1257353.0
L202368,C102526,Business Loan,Digital,2024-08-27,2571000.0,48,11.62,5,Delinquent,1390564.0
L202369,C101473,Home Loan,DSA,2025-08-29,4411000.0,84,9.39,122,NPL,3753535.0
L202370,C102098,Personal Loan,Partner,2023-06-19,852000.0,36,15.71,57,Delinquent,215612.0
L202371,C104751,Auto Loan,DSA,2025-10-18,1204000.0,48,12.95,6,Delinquent,940578.0
L202372,C101816,Personal Loan,Digital,2025-09-09,166000.0,120,15.46,14,Delinquent,159502.0
L202373,C101010,Personal Loan,Partner,2024-07-19,791000.0,48,19.58,12,Delinquent,372883.0
L202374,C102899,Auto Loan,Digital,2025-02-20,401000.0,120,11.12,5,Delinquent,326094.0
L202375,C102350,Home Loan,Branch,2023-11-14,1605000.0,12,10.99,43,Delinquent,302276.0
L202376,C103900,Business Loan,Branch,2025-07-16,371000.0,84,15.41,3,Delinquent,341842.0
L202377,C100183,Personal Loan,Branch,2023-05-23,703000.0,120,15.4,8,Delinquent,435939.0
L202378,C104513,Personal Loan,Branch,2025-05-30,409000.0,60,16.09,8,Delinquent,281466.0
L202379,C103510,Auto Loan,DSA,2025-03-24,521000.0,12,13.21,2,Delinquent,70661.0
L202380,C104208,Auto Loan,Branch,2023-10-23,1700000.0,24,10.66,150,NPL,136000.0
L202381,C102038,Home Loan,Digital,2025-09-04,3567000.0,24,10.21,10,Delinquent,1946448.0
L202382,C102228,Home Loan,Partner,2023-12-09,3075000.0,60,11.24,9,Delinquent,1254096.0
L202383,C101673,Personal Loan,Branch,2024-10-12,407000.0,84,13.92,2,Delinquent,290185.0
L202384,C104170,Home Loan,Digital,2025-10-24,2075000.0,24,10.15,3,Delinquent,1263496.0
L202385,C100356,Education Loan,Partner,2023-03-13,855000.0,12,12.78,1,Delinquent,198800.0
L202386,C102644,Personal Loan,Branch,2024-05-03,76000.0,24,21.89,178,NPL,12373.0
L202387,C101300,Auto Loan,Branch,2025-01-22,1009000.0,24,9.58,96,NPL,334236.0
L202388,C103191,Personal Loan,Branch,2023-08-02,646000.0,36,21.86,37,Delinquent,129640.0
L202389,C104820,Personal Loan,DSA,2024-09-08,98000.0,84,19.3,3,Delinquent,73009.0
L202390,C103373,Business Loan,Digital,2025-02-10,663000.0,36,11.58,12,Delinquent,404130.0
L202391,C100222,Auto Loan,Partner,2025-11-11,659000.0,84,12.71,45,Delinquent,606132.0
L202392,C101999,Personal Loan,DSA,2023-12-24,169000.0,48,16.15,9,Delinquent,59969.0
L202393,C100157,Home Loan,Digital,2025-09-25,1902000.0,60,10.55,10,Delinquent,1640668.0
L202394,C102431,Personal Loan,Partner,2025-02-10,512000.0,36,17.74,12,Delinquent,321201.0
L202395,C100870,Personal Loan,Branch,2024-09-03,808000.0,84,17.64,12,Delinquent,599442.0
L202396,C103463,Business Loan,DSA,2024-12-09,1888000.0,12,15.49,2,Delinquent,280410.0
L202397,C102668,Personal Loan,DSA,2026-04-01,324000.0,36,15.05,2,Delinquent,258482.0
L202398,C101540,Home Loan,DSA,2025-03-06,1809000.0,48,10.89,11,Delinquent,1199954.0
L202399,C104287,Home Loan,Digital,2024-05-31,4587000.0,84,8.37,9,Delinquent,2918092.0
L202400,C103735,Business Loan,Branch,2026-04-07,492000.0,36,11.59,8,Delinquent,396866.0
L202401,C103136,Personal Loan,DSA,2025-04-10,191000.0,24,18.77,0,Current,61988.0
L202402,C101771,Auto Loan,Digital,2023-11-29,1225000.0,60,13.49,89,Delinquent,654161.0
L202403,C101362,Personal Loan,DSA,2025-01-02,612000.0,48,20.81,57,Delinquent,397883.0
L202404,C102928,Personal Loan,Partner,2026-03-16,293000.0,36,20.89,13,Delinquent,266676.0
L202405,C103951,Personal Loan,Digital,2025-04-18,663000.0,48,11.13,2,Delinquent,484683.0
L202406,C104189,Auto Loan,Partner,2025-07-05,400000.0,36,11.42,9,Delinquent,219609.0
L202407,C103887,Personal Loan,Branch,2025-03-05,670000.0,12,11.09,0,Current,76636.0
L202408,C100117,Education Loan,Branch,2025-10-23,869000.0,84,8.83,38,Delinquent,784016.0
L202409,C104924,Home Loan,Branch,2023-04-08,1962000.0,24,11.16,8,Delinquent,183875.0
L202410,C101202,Business Loan,Branch,2025-08-20,832000.0,84,14.73,4,Delinquent,733437.0
L202411,C100051,Personal Loan,Digital,2025-12-17,179000.0,24,16.14,14,Delinquent,118626.0
L202412,C102806,Personal Loan,Branch,2023-01-28,68000.0,84,15.2,12,Delinquent,38743.0
L202413,C102277,Auto Loan,DSA,2025-08-03,1254000.0,24,9.77,169,NPL,518889.0
L202414,C100531,Personal Loan,Partner,2024-08-27,798000.0,60,16.29,11,Delinquent,410656.0
L202415,C101072,Home Loan,DSA,2024-04-07,2554000.0,120,10.32,8,Delinquent,2086902.0
L202416,C101029,Business Loan,Digital,2023-05-07,677000.0,120,16.28,13,Delinquent,460493.0
L202417,C102200,Auto Loan,Partner,2024-01-18,1005000.0,24,11.29,82,Delinquent,210500.0
L202418,C103746,Business Loan,DSA,2025-03-19,2122000.0,60,16.94,9,Delinquent,1432455.0
L202419,C103411,Personal Loan,DSA,2024-09-08,480000.0,36,13.43,16,Delinquent,221503.0
L202420,C100130,Auto Loan,Branch,2023-03-13,746000.0,12,14.63,5,Delinquent,142031.0
L202421,C100869,Auto Loan,DSA,2024-01-03,1474000.0,120,14.24,70,Delinquent,1073112.0
L202422,C103051,Auto Loan,Branch,2023-02-09,1197000.0,48,13.57,10,Delinquent,179511.0
L202423,C104015,Auto Loan,Branch,2024-03-12,1282000.0,48,10.91,23,Delinquent,485611.0
L202424,C100171,Auto Loan,Branch,2025-12-24,1686000.0,60,10.66,15,Delinquent,1410758.0
L202425,C101679,Business Loan,DSA,2025-06-28,2829000.0,24,10.74,57,Delinquent,1220616.0
L202426,C100580,Personal Loan,Branch,2026-01-05,600000.0,120,16.04,11,Delinquent,571737.0
L202427,C102429,Personal Loan,Digital,2023-07-19,401000.0,36,12.69,15,Delinquent,56908.0
L202428,C101952,Personal Loan,Digital,2025-01-18,719000.0,48,11.3,1,Delinquent,379840.0
L202429,C100870,Personal Loan,Branch,2023-12-28,684000.0,120,18.4,4,Delinquent,535377.0
L202430,C104824,Auto Loan,Digital,2024-07-05,1765000.0,24,12.53,9,Delinquent,141200.0
L202431,C103814,Home Loan,Partner,2026-03-07,4542000.0,120,11.35,7,Delinquent,3932364.0
L202432,C102730,Personal Loan,Partner,2025-09-21,133000.0,48,21.48,75,Delinquent,107305.0
L202433,C103828,Business Loan,Partner,2025-04-16,737000.0,12,11.82,38,Delinquent,100245.0
L202434,C101562,Business Loan,DSA,2026-03-03,402000.0,36,16.7,48,Delinquent,360753.0
L202435,C104676,Home Loan,Branch,2024-08-21,5173000.0,48,9.34,49,Delinquent,2566490.0
L202436,C102057,Home Loan,Branch,2023-03-07,3569000.0,48,10.17,104,NPL,797351.0
L202437,C101931,Personal Loan,Digital,2025-12-30,707000.0,48,14.76,22,Delinquent,568521.0
L202438,C102844,Home Loan,Partner,2023-05-05,5529000.0,24,11.07,12,Delinquent,959789.0
L202439,C102892,Home Loan,Branch,2023-11-16,4020000.0,120,10.45,3,Delinquent,3198792.0
L202440,C103098,Personal Loan,Branch,2025-12-22,644000.0,36,11.5,12,Delinquent,525171.0
L202441,C104163,Business Loan,DSA,2025-11-30,1037000.0,60,10.86,11,Delinquent,943823.0
L202442,C101340,Home Loan,Digital,2023-04-30,2638000.0,120,10.45,6,Delinquent,1813148.0
L202443,C103536,Personal Loan,Digital,2025-10-24,597000.0,12,12.98,3,Delinquent,155626.0
L202444,C100987,Auto Loan,Partner,2025-05-07,885000.0,48,10.56,51,Delinquent,557447.0
L202445,C101202,Home Loan,Digital,2023-05-10,4429000.0,12,11.36,10,Delinquent,727428.0
L202446,C102477,Personal Loan,Partner,2024-10-26,676000.0,84,12.74,127,NPL,495638.0
L202447,C102623,Personal Loan,Digital,2023-11-14,303000.0,84,11.61,2,Delinquent,179006.0
L202448,C103225,Personal Loan,Digital,2024-09-17,590000.0,120,21.75,3,Delinquent,420562.0
L202449,C100697,Home Loan,Branch,2023-08-11,1874000.0,120,10.21,5,Delinquent,1382849.0
L202450,C104083,Personal Loan,Digital,2023-04-28,811000.0,84,11.08,2,Delinquent,459138.0
L202451,C102786,Personal Loan,Branch,2025-02-19,858000.0,36,13.95,8,Delinquent,485931.0
L202452,C102964,Business Loan,Branch,2025-05-24,2328000.0,36,15.28,2,Delinquent,1340799.0
L202453,C103736,Business Loan,Branch,2023-08-18,2009000.0,12,15.65,4,Delinquent,200376.0
L202454,C103463,Home Loan,Digital,2024-12-23,4873000.0,24,8.53,3,Delinquent,1137478.0
L202455,C102145,Business Loan,Branch,2024-08-13,2755000.0,48,15.02,11,Delinquent,1297902.0
L202456,C102420,Home Loan,Branch,2026-01-19,4822000.0,84,10.1,12,Delinquent,4329125.0
L202457,C101165,Personal Loan,Digital,2024-11-09,743000.0,120,12.0,14,Delinquent,623961.0
L202458,C102834,Home Loan,Branch,2024-07-31,5956000.0,60,8.15,9,Delinquent,3246012.0
L202459,C101015,Personal Loan,Branch,2023-01-10,653000.0,24,14.59,21,Delinquent,75471.0
L202460,C103178,Home Loan,Partner,2025-12-30,5598000.0,36,10.0,5,Delinquent,4462339.0
L202461,C102090,Education Loan,Digital,2025-03-04,570000.0,24,10.81,1,Delinquent,198079.0
L202462,C101182,Personal Loan,DSA,2023-08-09,724000.0,84,14.94,174,NPL,385536.0
L202463,C102380,Personal Loan,Branch,2023-01-08,543000.0,84,14.4,0,Current,253844.0
L202464,C104671,Personal Loan,Digital,2023-09-02,455000.0,60,16.26,54,Delinquent,220190.0
L202465,C102811,Business Loan,Branch,2024-08-27,402000.0,36,11.78,7,Delinquent,141826.0
L202466,C101727,Personal Loan,Digital,2026-02-12,267000.0,84,21.29,12,Delinquent,253260.0
L202467,C102251,Business Loan,DSA,2025-01-14,2072000.0,84,16.35,12,Delinquent,1673906.0
L202468,C103024,Personal Loan,Partner,2023-04-30,122000.0,48,20.69,2,Delinquent,17746.0
L202469,C100768,Business Loan,Digital,2023-08-19,1832000.0,84,17.47,4,Delinquent,1174966.0
L202470,C102805,Personal Loan,Branch,2023-10-11,464000.0,60,13.8,40,Delinquent,212222.0
L202471,C100169,Personal Loan,DSA,2023-04-01,586000.0,120,17.82,175,NPL,387860.0
L202472,C104267,Personal Loan,Digital,2023-06-19,77000.0,36,19.82,1,Delinquent,10397.0
L202473,C103048,Personal Loan,Digital,2023-04-20,368000.0,24,14.91,7,Delinquent,37934.0
L202474,C100569,Personal Loan,Digital,2025-05-01,390000.0,36,15.19,43,Delinquent,225256.0
L202475,C102330,Personal Loan,Digital,2025-03-30,541000.0,24,19.03,11,Delinquent,175765.0
L202476,C104422,Auto Loan,Branch,2025-07-25,1428000.0,84,9.06,11,Delinquent,1189914.0
L202477,C104825,Auto Loan,Digital,2023-08-08,858000.0,24,11.54,10,Delinquent,171928.0
L202478,C100686,Personal Loan,Branch,2025-12-17,735000.0,36,12.56,8,Delinquent,583071.0
L202479,C101353,Auto Loan,Digital,2024-03-24,1103000.0,12,13.39,1,Delinquent,199293.0
L202480,C100723,Business Loan,Digital,2023-06-26,1808000.0,36,14.69,52,Delinquent,261978.0
L202481,C101845,Education Loan,Digital,2023-07-09,903000.0,60,11.07,28,Delinquent,377605.0
L202482,C104312,Home Loan,Branch,2024-01-22,1208000.0,36,10.83,180,NPL,176422.0
L202483,C103533,Personal Loan,Digital,2023-04-16,505000.0,84,20.78,97,NPL,277444.0
L202484,C101286,Education Loan,Digital,2024-01-16,884000.0,84,10.01,4,Delinquent,484987.0
L202485,C101627,Education Loan,Branch,2025-03-04,432000.0,12,8.93,8,Delinquent,56104.0
L202486,C103059,Education Loan,Digital,2026-03-14,502000.0,84,12.78,11,Delinquent,471398.0
L202487,C102985,Auto Loan,Branch,2023-01-07,1580000.0,48,14.38,10,Delinquent,293871.0
L202488,C102319,Auto Loan,Digital,2024-11-30,456000.0,24,9.16,7,Delinquent,66649.0
L202489,C102107,Education Loan,Digital,2023-10-09,271000.0,84,12.3,2,Delinquent,154183.0
L202490,C104672,Home Loan,Digital,2024-02-09,5167000.0,60,9.55,12,Delinquent,2683392.0
L202491,C102518,Personal Loan,Branch,2025-02-11,621000.0,24,15.36,6,Delinquent,149715.0
L202492,C103911,Education Loan,Branch,2023-12-25,118000.0,24,9.49,1,Delinquent,25171.0
L202493,C104800,Business Loan,Digital,2024-06-10,1393000.0,48,12.77,3,Delinquent,666417.0
L202494,C101675,Personal Loan,Branch,2024-01-18,571000.0,24,11.06,15,Delinquent,86798.0
L202495,C103895,Personal Loan,Partner,2024-03-10,780000.0,48,15.8,163,NPL,276890.0
L202496,C104068,Business Loan,Digital,2025-05-04,2227000.0,24,12.46,6,Delinquent,686004.0
L202497,C101097,Personal Loan,Digital,2023-12-17,480000.0,84,21.41,0,Current,287745.0
L202498,C101129,Auto Loan,Branch,2024-10-21,157000.0,24,13.27,138,NPL,27935.0
L202499,C100809,Personal Loan,Partner,2025-08-09,827000.0,12,19.72,11,Delinquent,146284.0
L202500,C103078,Personal Loan,Digital,2025-01-18,406000.0,36,19.36,15,Delinquent,204762.0
L202501,C103808,Business Loan,Digital,2025-06-30,2762000.0,24,11.12,0,Current,1210792.0
L202502,C103758,Education Loan,DSA,2024-07-18,1199000.0,36,12.49,162,NPL,428692.0
L202503,C101939,Home Loan,Branch,2024-07-11,3463000.0,36,10.51,10,Delinquent,982146.0
L202504,C103516,Personal Loan,Partner,2023-02-01,469000.0,24,15.75,15,Delinquent,45450.0
L202505,C100150,Personal Loan,Branch,2025-04-25,854000.0,12,13.08,113,NPL,97361.0
L202506,C103284,Personal Loan,DSA,2025-04-04,355000.0,60,16.02,27,Delinquent,262721.0
L202507,C102371,Education Loan,Partner,2024-09-04,609000.0,60,9.24,2,Delinquent,374956.0
L202508,C104150,Home Loan,Digital,2025-05-18,2911000.0,84,9.34,11,Delinquent,2605776.0
L202509,C104839,Education Loan,Partner,2025-03-01,991000.0,48,8.84,57,Delinquent,685220.0
L202510,C102782,Business Loan,Branch,2023-08-05,733000.0,48,13.62,27,Delinquent,137122.0
L202511,C103110,Home Loan,Digital,2023-09-26,1755000.0,12,8.6,18,Delinquent,212329.0
L202512,C104642,Personal Loan,Digital,2025-02-18,100000.0,12,17.39,3,Delinquent,14948.0
L202513,C101717,Education Loan,Digital,2023-04-28,818000.0,12,12.65,3,Delinquent,71291.0
L202514,C100725,Personal Loan,Digital,2025-11-19,280000.0,60,19.89,23,Delinquent,233654.0
L202515,C102533,Business Loan,Digital,2024-02-23,2527000.0,48,12.58,9,Delinquent,1025580.0
L202516,C101779,Home Loan,Digital,2024-12-24,3581000.0,84,8.45,9,Delinquent,2827990.0
L202517,C103174,Personal Loan,Branch,2024-09-18,839000.0,120,21.62,11,Delinquent,697880.0
L202518,C103915,Home Loan,Digital,2025-03-13,2465000.0,60,10.27,159,NPL,1775253.0
L202519,C102521,Personal Loan,Branch,2024-03-02,869000.0,24,13.48,0,Current,190421.0
L202520,C101541,Auto Loan,Digital,2025-04-20,860000.0,84,13.48,9,Delinquent,642873.0
L202521,C102825,Auto Loan,Branch,2023-07-27,421000.0,84,10.11,9,Delinquent,257066.0
L202522,C102215,Personal Loan,Digital,2024-01-25,627000.0,12,12.55,1,Delinquent,108347.0
L202523,C100929,Home Loan,Partner,2023-02-17,5234000.0,84,10.57,42,Delinquent,2667605.0
L202524,C103865,Home Loan,Partner,2023-07-05,3020000.0,24,10.24,4,Delinquent,455419.0
L202525,C101662,Education Loan,Digital,2023-03-08,285000.0,24,9.77,49,Delinquent,43931.0
L202526,C102693,Business Loan,Branch,2024-07-21,946000.0,60,14.78,10,Delinquent,464044.0
L202527,C104544,Auto Loan,Digital,2023-03-29,650000.0,48,13.88,7,Delinquent,88651.0
L202528,C100939,Education Loan,Digital,2023-10-06,1141000.0,36,12.27,6,Delinquent,212565.0
L202529,C102137,Personal Loan,Branch,2024-08-03,397000.0,36,18.46,12,Delinquent,100956.0
L202530,C100875,Personal Loan,Partner,2025-04-04,307000.0,24,13.19,9,Delinquent,117321.0
L202531,C102185,Personal Loan,Branch,2023-01-30,304000.0,24,12.75,5,Delinquent,52607.0
L202532,C101507,Business Loan,Digital,2025-05-07,1421000.0,120,11.74,124,NPL,1362815.0
L202533,C104578,Home Loan,Digital,2024-09-15,5785000.0,120,11.28,5,Delinquent,4609279.0
L202534,C101516,Business Loan,Partner,2023-01-10,1156000.0,36,16.2,6,Delinquent,174263.0
L202535,C103071,Home Loan,DSA,2023-04-27,1302000.0,120,10.13,44,Delinquent,853087.0
L202536,C100684,Personal Loan,Branch,2026-02-19,477000.0,84,14.31,19,Delinquent,415135.0
L202537,C102281,Home Loan,DSA,2024-06-23,5536000.0,120,10.78,42,Delinquent,4409819.0
L202538,C104174,Auto Loan,Partner,2026-01-15,1592000.0,120,10.62,5,Delinquent,1554028.0
L202539,C103361,Home Loan,DSA,2024-09-10,4166000.0,60,10.5,169,NPL,2993725.0
L202540,C101414,Business Loan,Branch,2023-06-08,589000.0,12,15.2,9,Delinquent,85087.0
L202541,C104860,Auto Loan,Digital,2025-05-24,1575000.0,84,14.75,7,Delinquent,1230761.0
L202542,C104012,Personal Loan,DSA,2024-07-27,413000.0,120,15.4,13,Delinquent,323557.0
L202543,C102012,Auto Loan,Branch,2024-03-29,1666000.0,120,10.67,10,Delinquent,1237032.0
L202544,C104868,Personal Loan,Digital,2023-09-08,254000.0,84,11.9,73,Delinquent,169506.0
L202545,C100937,Business Loan,Digital,2024-06-16,2269000.0,120,15.26,8,Delinquent,1704059.0
L202546,C101660,Personal Loan,Digital,2026-03-02,571000.0,84,16.59,3,Delinquent,564153.0
L202547,C104653,Auto Loan,Branch,2023-09-19,1523000.0,24,12.31,9,Delinquent,252187.0
L202548,C104852,Home Loan,Branch,2024-11-10,2798000.0,24,8.58,11,Delinquent,583180.0
L202549,C104116,Personal Loan,Digital,2023-02-09,773000.0,60,20.38,3,Delinquent,214118.0
L202550,C100957,Auto Loan,Branch,2025-04-20,1102000.0,24,12.22,33,Delinquent,320989.0
L202551,C101093,Home Loan,Branch,2025-12-05,3910000.0,60,11.43,0,Current,3774916.0
L202552,C103238,Auto Loan,Digital,2026-03-19,1123000.0,48,13.92,14,Delinquent,1045141.0
L202553,C100280,Home Loan,Branch,2025-08-31,1434000.0,48,9.72,4,Delinquent,1218676.0
L202554,C104956,Personal Loan,Digital,2025-03-18,298000.0,24,20.83,12,Delinquent,116315.0
L202555,C104708,Personal Loan,Partner,2024-11-30,626000.0,36,17.13,17,Delinquent,256136.0
L202556,C104042,Auto Loan,Digital,2025-11-10,247000.0,84,13.07,13,Delinquent,228539.0
L202557,C104841,Home Loan,Branch,2023-01-12,5042000.0,60,9.69,1,Delinquent,1598045.0
L202558,C101149,Home Loan,Branch,2023-10-16,3885000.0,120,9.07,49,Delinquent,2791887.0
L202559,C104407,Personal Loan,Digital,2023-02-23,181000.0,84,16.43,1,Delinquent,98791.0
L202560,C101287,Personal Loan,Digital,2023-10-03,445000.0,120,15.77,13,Delinquent,344911.0
L202561,C100606,Auto Loan,Partner,2023-09-25,662000.0,24,14.78,7,Delinquent,76164.0
L202562,C101313,Business Loan,Digital,2024-06-13,2718000.0,36,16.29,102,NPL,995527.0
L202563,C103874,Auto Loan,Digital,2025-04-09,192000.0,48,11.65,8,Delinquent,130213.0
L202564,C104715,Auto Loan,Digital,2025-11-23,1422000.0,48,13.9,124,NPL,1168027.0
L202565,C103060,Home Loan,Digital,2024-12-19,5259000.0,48,9.21,10,Delinquent,3027419.0
L202566,C101228,Auto Loan,Branch,2023-02-16,1602000.0,24,11.66,7,Delinquent,143367.0
L202567,C103005,Business Loan,Digital,2023-04-29,1230000.0,24,14.86,58,Delinquent,279745.0
L202568,C102549,Personal Loan,Branch,2024-06-13,798000.0,36,20.75,11,Delinquent,218731.0
L202569,C102590,Auto Loan,Digital,2025-01-05,1544000.0,120,13.37,173,NPL,1212073.0
L202570,C101750,Personal Loan,Digital,2025-09-16,319000.0,24,20.54,13,Delinquent,192242.0
L202571,C100694,Personal Loan,DSA,2024-03-24,56000.0,48,12.04,4,Delinquent,19564.0
L202572,C101807,Personal Loan,Branch,2023-08-01,644000.0,48,20.0,0,Current,140400.0
L202573,C104452,Personal Loan,Partner,2023-06-19,871000.0,36,11.23,11,Delinquent,135344.0
L202574,C102042,Personal Loan,Digital,2025-01-08,165000.0,24,20.69,29,Delinquent,16616.0
L202575,C100104,Personal Loan,DSA,2026-04-12,828000.0,48,21.6,5,Delinquent,793841.0
L202576,C101726,Personal Loan,Digital,2023-03-25,226000.0,12,18.1,9,Delinquent,37285.0
L202577,C102305,Personal Loan,DSA,2023-01-12,510000.0,120,16.82,49,Delinquent,298242.0
L202578,C103000,Personal Loan,Digital,2023-01-13,520000.0,24,17.67,5,Delinquent,137439.0
L202579,C103209,Personal Loan,Branch,2024-10-17,238000.0,84,19.39,13,Delinquent,168277.0
L202580,C102128,Business Loan,Digital,2024-01-18,1455000.0,12,15.79,55,Delinquent,116400.0
L202581,C100716,Auto Loan,Partner,2025-09-16,1081000.0,84,9.98,15,Delinquent,927376.0
L202582,C102206,Personal Loan,Digital,2025-08-24,382000.0,12,13.74,1,Delinquent,45554.0
L202583,C100017,Personal Loan,DSA,2024-08-25,211000.0,36,15.4,5,Delinquent,76391.0
L202584,C102530,Home Loan,Partner,2023-02-19,3157000.0,48,8.51,14,Delinquent,367054.0
L202585,C102226,Personal Loan,Branch,2024-11-15,465000.0,120,14.24,51,Delinquent,383053.0
L202586,C101781,Personal Loan,Partner,2024-03-13,351000.0,60,15.07,42,Delinquent,194132.0
L202587,C103310,Personal Loan,Digital,2025-09-30,248000.0,60,21.94,59,Delinquent,204253.0
L202588,C103773,Home Loan,Branch,2025-05-24,3400000.0,120,9.27,172,NPL,2847264.0
L202589,C101320,Auto Loan,DSA,2026-02-24,1196000.0,120,9.63,8,Delinquent,1153661.0
L202590,C102518,Home Loan,DSA,2024-03-18,2733000.0,24,9.71,11,Delinquent,351468.0
L202591,C102549,Personal Loan,Digital,2024-01-23,398000.0,36,15.92,18,Delinquent,71501.0
L202592,C102547,Personal Loan,Branch,2024-07-28,74000.0,12,11.07,51,Delinquent,7365.0
L202593,C102017,Business Loan,Digital,2025-09-17,850000.0,84,12.18,10,Delinquent,727450.0
L202594,C101050,Auto Loan,DSA,2024-08-23,1440000.0,84,11.08,2,Delinquent,1062411.0
L202595,C100858,Auto Loan,Digital,2024-02-08,1404000.0,12,9.02,6,Delinquent,238718.0
L202596,C100155,Business Loan,Digital,2025-12-25,1984000.0,48,14.97,5,Delinquent,1776006.0
L202597,C100261,Auto Loan,Digital,2024-04-14,1072000.0,120,12.73,4,Delinquent,786515.0
L202598,C104047,Personal Loan,Digital,2025-11-17,304000.0,120,12.56,5,Delinquent,262605.0
L202599,C100350,Auto Loan,Branch,2025-02-05,547000.0,36,11.28,5,Delinquent,319081.0
L202600,C104278,Personal Loan,DSA,2023-03-18,210000.0,48,17.07,8,Delinquent,21528.0
L202601,C104483,Auto Loan,Branch,2024-08-14,768000.0,36,13.72,25,Delinquent,237478.0
L202602,C101207,Home Loan,Digital,2025-04-10,5452000.0,120,9.28,5,Delinquent,4859772.0
L202603,C102215,Personal Loan,Partner,2026-01-03,318000.0,36,16.16,11,Delinquent,258756.0
L202604,C101801,Personal Loan,Digital,2024-10-13,128000.0,12,13.15,5,Delinquent,20599.0
L202605,C101970,Home Loan,DSA,2023-01-18,1412000.0,84,10.29,107,NPL,623252.0
L202606,C101791,Auto Loan,Branch,2024-03-01,1185000.0,120,10.45,0,Current,853952.0
L202607,C101713,Personal Loan,Digital,2026-03-08,899000.0,24,16.24,97,NPL,726337.0
L202608,C103422,Personal Loan,DSA,2024-08-14,495000.0,36,21.06,19,Delinquent,184852.0
L202609,C102064,Personal Loan,Partner,2024-04-06,881000.0,84,18.9,9,Delinquent,548589.0
L202610,C100937,Business Loan,Digital,2025-11-21,1159000.0,120,11.15,0,Current,1064448.0
L202611,C101895,Business Loan,Branch,2024-05-15,2780000.0,12,11.26,91,NPL,395422.0
L202612,C104894,Auto Loan,Branch,2025-07-16,452000.0,12,14.21,7,Delinquent,59247.0
L202613,C104940,Home Loan,DSA,2023-01-25,3041000.0,120,8.1,2,Delinquent,1778435.0
L202614,C100310,Home Loan,Digital,2024-11-12,4791000.0,24,10.43,11,Delinquent,818824.0
L202615,C102879,Personal Loan,Branch,2023-01-29,57000.0,12,18.77,3,Delinquent,5774.0
L202616,C104869,Personal Loan,Digital,2023-07-30,87000.0,60,16.68,25,Delinquent,37744.0
L202617,C100970,Personal Loan,Branch,2024-10-15,866000.0,36,21.92,117,NPL,307152.0
L202618,C100344,Business Loan,Branch,2025-01-12,1638000.0,12,13.52,13,Delinquent,394012.0
L202619,C101060,Home Loan,Partner,2023-05-23,1499000.0,48,10.96,10,Delinquent,319379.0
L202620,C101588,Personal Loan,Digital,2024-08-20,154000.0,48,18.37,13,Delinquent,67203.0
L202621,C104674,Home Loan,Branch,2024-05-02,5159000.0,60,9.31,15,Delinquent,2788568.0
L202622,C101254,Personal Loan,Partner,2024-06-20,95000.0,24,13.98,53,Delinquent,13586.0
L202623,C101660,Home Loan,Partner,2025-08-30,4307000.0,120,10.88,1,Delinquent,3863070.0
L202624,C101299,Auto Loan,Partner,2026-02-06,594000.0,48,11.8,90,NPL,568991.0
L202625,C101958,Business Loan,DSA,2023-03-31,2308000.0,12,17.94,7,Delinquent,543650.0
L202626,C104974,Auto Loan,Partner,2026-04-06,521000.0,84,11.42,13,Delinquent,487832.0
L202627,C100420,Business Loan,Branch,2023-03-03,1844000.0,36,16.26,3,Delinquent,416840.0
L202628,C102292,Personal Loan,Partner,2026-02-15,293000.0,60,19.71,14,Delinquent,257589.0
L202629,C103070,Auto Loan,Digital,2025-01-08,168000.0,60,14.61,64,Delinquent,105491.0
L202630,C100598,Business Loan,Branch,2025-06-05,2910000.0,84,14.06,119,NPL,2563396.0
L202631,C100223,Personal Loan,Branch,2023-10-19,728000.0,24,14.33,9,Delinquent,90618.0
L202632,C104912,Business Loan,Branch,2024-12-19,579000.0,36,16.75,2,Delinquent,280518.0
L202633,C101346,Education Loan,DSA,2024-12-11,812000.0,120,10.68,0,Current,693471.0
L202634,C101214,Auto Loan,Partner,2024-01-19,926000.0,84,10.57,4,Delinquent,560130.0
L202635,C101744,Personal Loan,Branch,2024-08-26,399000.0,12,16.54,0,Current,70046.0
L202636,C100363,Personal Loan,DSA,2026-02-10,161000.0,48,16.84,2,Delinquent,154141.0
L202637,C100735,Auto Loan,DSA,2023-05-10,315000.0,84,13.3,9,Delinquent,164548.0
L202638,C100121,Business Loan,Branch,2024-06-30,1546000.0,48,12.69,5,Delinquent,757282.0
L202639,C102675,Personal Loan,DSA,2024-02-09,149000.0,84,19.26,33,Delinquent,90899.0
L202640,C102317,Personal Loan,Branch,2023-08-30,799000.0,60,12.3,36,Delinquent,354372.0
L202641,C101371,Personal Loan,Branch,2024-07-28,510000.0,84,12.83,0,Current,333139.0
L202642,C104592,Home Loan,Digital,2023-05-13,5724000.0,48,10.81,7,Delinquent,1138140.0
L202643,C101527,Business Loan,Partner,2023-05-26,2938000.0,120,17.73,7,Delinquent,1878422.0
L202644,C100085,Home Loan,Branch,2025-09-29,3301000.0,48,8.26,2,Delinquent,2539971.0
L202645,C100499,Home Loan,Branch,2024-01-18,1805000.0,60,10.16,11,Delinquent,709734.0
L202646,C103626,Auto Loan,Digital,2024-01-29,1017000.0,36,12.08,29,Delinquent,103104.0
L202647,C102667,Home Loan,DSA,2025-03-03,3560000.0,84,9.25,12,Delinquent,2563119.0
L202648,C101303,Auto Loan,Partner,2025-07-08,819000.0,60,14.45,7,Delinquent,619745.0
L202649,C101238,Personal Loan,Digital,2025-11-04,58000.0,12,17.08,49,Delinquent,15405.0
L202650,C101096,Personal Loan,DSA,2025-01-22,753000.0,36,17.92,180,NPL,331476.0
L202651,C102110,Business Loan,Digital,2023-11-14,346000.0,60,15.64,0,Current,135206.0
L202652,C103519,Home Loan,Branch,2023-12-07,2081000.0,12,8.62,13,Delinquent,242837.0
L202653,C103191,Personal Loan,Digital,2025-04-28,504000.0,120,17.15,50,Delinquent,446231.0
L202654,C103740,Home Loan,Branch,2025-10-17,3121000.0,12,8.12,2,Delinquent,411780.0
L202655,C100207,Auto Loan,DSA,2026-01-07,297000.0,12,14.01,13,Delinquent,121592.0
L202656,C102796,Personal Loan,Branch,2025-10-10,68000.0,120,16.24,26,Delinquent,67155.0
L202657,C103823,Home Loan,Branch,2025-01-22,3758000.0,24,10.3,93,NPL,787051.0
L202658,C101012,Personal Loan,Partner,2023-07-26,848000.0,84,20.45,49,Delinquent,511018.0
L202659,C102914,Business Loan,Partner,2024-05-14,1262000.0,36,14.61,5,Delinquent,246192.0
L202660,C100032,Auto Loan,Digital,2023-05-27,1207000.0,120,11.34,5,Delinquent,908411.0
L202661,C104550,Business Loan,DSA,2024-06-10,902000.0,36,11.24,0,Current,147750.0
L202662,C103687,Auto Loan,Partner,2024-12-21,1558000.0,48,13.93,13,Delinquent,731773.0
L202663,C103116,Business Loan,Branch,2025-03-20,2026000.0,120,13.37,10,Delinquent,1787088.0
L202664,C102999,Personal Loan,Digital,2023-10-08,818000.0,24,21.92,22,Delinquent,111861.0
L202665,C103350,Personal Loan,Branch,2025-04-15,532000.0,24,14.23,99,NPL,183479.0
L202666,C102113,Business Loan,DSA,2024-02-03,2809000.0,120,11.95,14,Delinquent,1998786.0
L202667,C104835,Business Loan,Branch,2025-04-14,2356000.0,24,14.86,4,Delinquent,879090.0
L202668,C101068,Business Loan,DSA,2026-01-29,1199000.0,60,17.54,4,Delinquent,987740.0
L202669,C104053,Education Loan,Branch,2023-12-14,771000.0,36,12.78,4,Delinquent,156096.0
L202670,C103810,Auto Loan,Digital,2023-07-30,290000.0,120,13.78,6,Delinquent,231180.0
L202671,C104188,Home Loan,DSA,2026-03-06,4184000.0,48,8.96,10,Delinquent,3344400.0
L202672,C100355,Business Loan,Branch,2024-07-18,1892000.0,36,16.02,7,Delinquent,649179.0
L202673,C102226,Personal Loan,Partner,2023-10-05,865000.0,36,12.0,17,Delinquent,210307.0
L202674,C103214,Business Loan,Branch,2023-12-20,2714000.0,84,15.38,5,Delinquent,1732948.0
L202675,C103095,Business Loan,Digital,2024-07-15,826000.0,12,17.69,7,Delinquent,104146.0
L202676,C103442,Auto Loan,DSA,2024-02-22,1065000.0,84,14.68,135,NPL,639867.0
L202677,C103172,Home Loan,Branch,2025-12-22,2864000.0,12,9.86,50,Delinquent,1146010.0
L202678,C101117,Auto Loan,Digital,2024-03-20,1573000.0,60,13.32,13,Delinquent,865256.0
L202679,C104140,Business Loan,Digital,2024-07-20,408000.0,36,15.98,5,Delinquent,106497.0
L202680,C102417,Personal Loan,Digital,2023-11-08,545000.0,24,18.82,7,Delinquent,104827.0
L202681,C104854,Personal Loan,Digital,2025-04-27,638000.0,24,15.84,10,Delinquent,235447.0
L202682,C102601,Auto Loan,Digital,2025-07-05,1235000.0,84,10.75,14,Delinquent,902177.0
L202683,C102688,Business Loan,Branch,2024-11-08,2793000.0,120,11.24,29,Delinquent,2374285.0
L202684,C102957,Auto Loan,Branch,2025-09-01,1509000.0,48,10.57,100,NPL,1008552.0
L202685,C104356,Auto Loan,Partner,2023-11-26,898000.0,12,13.1,82,Delinquent,111648.0
L202686,C104506,Personal Loan,Digital,2024-10-09,881000.0,84,19.88,8,Delinquent,703266.0
L202687,C102924,Home Loan,Branch,2025-05-25,1891000.0,12,9.69,15,Delinquent,310512.0
L202688,C102733,Business Loan,Branch,2025-12-15,921000.0,48,10.7,0,Current,739105.0
L202689,C100273,Personal Loan,DSA,2024-01-28,207000.0,120,11.47,12,Delinquent,161215.0
L202690,C100337,Home Loan,Digital,2023-06-13,1503000.0,12,9.03,4,Delinquent,189055.0
L202691,C103683,Personal Loan,Branch,2025-07-28,497000.0,36,13.09,15,Delinquent,352553.0
L202692,C101725,Personal Loan,Partner,2024-08-30,258000.0,48,17.55,32,Delinquent,123186.0
L202693,C102184,Home Loan,Partner,2023-03-08,1386000.0,24,9.45,9,Delinquent,174386.0
L202694,C103142,Business Loan,Partner,2025-09-21,1247000.0,36,14.34,48,Delinquent,903749.0
L202695,C101110,Home Loan,Digital,2024-08-21,2396000.0,36,11.18,140,NPL,986652.0
L202696,C101666,Auto Loan,Digital,2025-01-15,284000.0,120,9.61,12,Delinquent,241020.0
L202697,C100215,Home Loan,Branch,2024-03-06,4705000.0,12,8.43,8,Delinquent,806189.0
L202698,C103840,Business Loan,Digital,2026-03-28,1258000.0,84,16.29,35,Delinquent,1193491.0
L202699,C102543,Personal Loan,Digital,2024-05-31,321000.0,84,11.51,11,Delinquent,241892.0
L202700,C100950,Personal Loan,Branch,2024-12-15,338000.0,36,17.23,8,Delinquent,122596.0
L202701,C102981,Home Loan,Digital,2024-10-05,1999000.0,84,10.39,44,Delinquent,1319943.0
L202702,C100716,Education Loan,Digital,2026-02-26,296000.0,60,10.77,7,Delinquent,256297.0
L202703,C103904,Auto Loan,DSA,2025-01-04,1542000.0,120,10.18,1,Delinquent,1366277.0
L202704,C101156,Auto Loan,Branch,2023-04-29,243000.0,48,11.96,11,Delinquent,47509.0
L202705,C101352,Home Loan,Partner,2025-10-25,4389000.0,24,9.01,2,Delinquent,2921265.0
L202706,C104381,Personal Loan,Digital,2023-02-21,459000.0,60,16.82,5,Delinquent,146833.0
L202707,C103716,Education Loan,Digital,2024-09-22,127000.0,48,11.51,1,Delinquent,73916.0
L202708,C103405,Home Loan,Partner,2024-03-03,3063000.0,48,10.92,0,Current,1262599.0
L202709,C103010,Auto Loan,Branch,2024-07-31,631000.0,24,9.62,54,Delinquent,114079.0
L202710,C102601,Business Loan,Partner,2025-10-06,1425000.0,36,10.93,10,Delinquent,909068.0
L202711,C100961,Auto Loan,DSA,2023-05-11,848000.0,48,14.2,3,Delinquent,211697.0
L202712,C101502,Personal Loan,Partner,2023-03-02,432000.0,84,14.18,7,Delinquent,220613.0
L202713,C104814,Personal Loan,Digital,2025-12-18,132000.0,120,16.07,31,Delinquent,132000.0
L202714,C104593,Personal Loan,Branch,2023-10-30,170000.0,120,11.45,37,Delinquent,133151.0
L202715,C103632,Education Loan,Branch,2024-06-14,848000.0,24,11.61,7,Delinquent,135573.0
L202716,C104444,Business Loan,DSA,2026-03-28,1894000.0,12,11.38,5,Delinquent,1173643.0
L202717,C104021,Home Loan,Branch,2025-05-20,5038000.0,36,11.43,79,Delinquent,3271704.0
L202718,C101998,Business Loan,Branch,2025-02-08,2115000.0,12,12.62,112,NPL,220617.0
L202719,C103578,Personal Loan,Partner,2023-01-09,365000.0,120,14.34,2,Delinquent,239207.0
L202720,C103764,Personal Loan,Digital,2024-04-16,523000.0,48,20.56,7,Delinquent,165406.0
L202721,C100692,Personal Loan,Branch,2024-09-15,898000.0,60,16.72,11,Delinquent,572007.0
L202722,C104568,Business Loan,DSA,2023-04-04,301000.0,84,17.72,154,NPL,168852.0
L202723,C102466,Personal Loan,Branch,2025-02-15,588000.0,24,18.7,6,Delinquent,173578.0
L202724,C101567,Personal Loan,Digital,2025-06-25,473000.0,120,16.05,28,Delinquent,410986.0
L202725,C102371,Personal Loan,Branch,2024-03-17,434000.0,120,11.19,10,Delinquent,315127.0
L202726,C101644,Home Loan,Digital,2026-01-15,1913000.0,36,9.47,93,NPL,1631184.0
L202727,C101663,Home Loan,Branch,2026-01-25,1947000.0,60,11.06,4,Delinquent,1864561.0
L202728,C102730,Personal Loan,DSA,2025-06-08,737000.0,48,12.27,69,Delinquent,451090.0
L202729,C104989,Business Loan,Digital,2024-01-13,652000.0,24,15.38,4,Delinquent,90085.0
L202730,C102042,Education Loan,Branch,2023-05-20,647000.0,84,9.7,8,Delinquent,348144.0
L202731,C101074,Personal Loan,Partner,2025-04-16,515000.0,84,15.29,5,Delinquent,397892.0
L202732,C103808,Education Loan,DSA,2024-09-30,663000.0,36,8.7,10,Delinquent,288965.0
L202733,C101475,Business Loan,Digital,2025-05-10,358000.0,120,13.83,15,Delinquent,318363.0
L202734,C102685,Business Loan,Partner,2024-04-28,1564000.0,12,15.85,9,Delinquent,238124.0
L202735,C101268,Personal Loan,Branch,2023-07-03,54000.0,24,18.66,14,Delinquent,7062.0
L202736,C101060,Business Loan,Digital,2025-12-20,981000.0,84,16.0,9,Delinquent,910539.0
L202737,C101260,Auto Loan,Partner,2026-03-01,1465000.0,48,11.19,57,Delinquent,1283914.0
L202738,C101782,Personal Loan,Digital,2025-07-03,350000.0,24,11.56,43,Delinquent,143098.0
L202739,C104778,Business Loan,Branch,2023-01-29,1841000.0,60,13.81,1,Delinquent,482187.0
L202740,C103357,Personal Loan,DSA,2025-08-20,112000.0,120,19.76,12,Delinquent,96603.0
L202741,C103479,Business Loan,Branch,2026-04-10,2204000.0,36,16.61,9,Delinquent,1963149.0
L202742,C100268,Auto Loan,Branch,2024-05-11,775000.0,24,9.5,51,Delinquent,149769.0
L202743,C100055,Home Loan,DSA,2024-08-26,2046000.0,12,8.24,8,Delinquent,163680.0
L202744,C101711,Personal Loan,Branch,2023-01-30,751000.0,60,19.58,7,Delinquent,222841.0
L202745,C104439,Business Loan,Branch,2024-12-22,1485000.0,48,12.11,6,Delinquent,1047846.0
L202746,C100081,Personal Loan,Digital,2025-06-30,480000.0,120,17.94,4,Delinquent,438308.0
L202747,C103831,Business Loan,Digital,2023-08-30,1211000.0,24,14.83,9,Delinquent,194003.0
L202748,C104105,Auto Loan,Digital,2025-01-29,679000.0,24,9.05,5,Delinquent,215906.0
L202749,C101390,Personal Loan,DSA,2023-11-10,522000.0,84,19.2,45,Delinquent,259143.0
L202750,C100586,Auto Loan,Digital,2023-06-19,567000.0,36,14.37,1,Delinquent,131941.0
L202751,C100768,Education Loan,DSA,2023-01-28,905000.0,48,11.21,27,Delinquent,98543.0
L202752,C100387,Education Loan,Branch,2025-06-27,1052000.0,48,8.82,15,Delinquent,777507.0
L202753,C104219,Personal Loan,Branch,2023-09-12,256000.0,60,18.65,6,Delinquent,88997.0
L202754,C103933,Personal Loan,Partner,2023-06-29,176000.0,48,12.01,11,Delinquent,25086.0
L202755,C103364,Personal Loan,Digital,2026-02-28,728000.0,12,15.76,9,Delinquent,405392.0
L202756,C100448,Business Loan,Branch,2025-06-06,1315000.0,36,15.1,180,NPL,809153.0
L202757,C104751,Personal Loan,Partner,2023-11-05,732000.0,60,20.62,6,Delinquent,333676.0
L202758,C103422,Personal Loan,Digital,2025-05-06,575000.0,48,20.9,90,NPL,432383.0
L202759,C104140,Home Loan,Digital,2024-08-22,4277000.0,60,9.58,4,Delinquent,2165721.0
L202760,C101900,Education Loan,Branch,2023-01-10,529000.0,60,11.61,13,Delinquent,140174.0
L202761,C100989,Personal Loan,Digital,2023-11-21,859000.0,12,19.9,10,Delinquent,68720.0
L202762,C104109,Auto Loan,Branch,2025-07-18,1292000.0,36,13.81,8,Delinquent,838935.0
L202763,C100257,Personal Loan,Digital,2025-05-12,736000.0,12,17.95,177,NPL,190793.0
L202764,C100915,Auto Loan,DSA,2024-05-04,895000.0,60,14.94,41,Delinquent,547065.0
L202765,C100769,Auto Loan,Digital,2026-03-29,640000.0,36,13.98,54,Delinquent,530919.0
L202766,C100423,Business Loan,Branch,2024-08-30,2385000.0,24,10.79,9,Delinquent,373365.0
L202767,C102756,Auto Loan,Branch,2023-01-16,397000.0,60,9.59,12,Delinquent,100308.0
L202768,C101143,Personal Loan,DSA,2026-03-03,452000.0,24,20.85,8,Delinquent,393936.0
L202769,C104831,Home Loan,Partner,2023-01-28,1323000.0,24,10.55,168,NPL,242561.0
L202770,C104661,Personal Loan,Branch,2026-01-08,558000.0,12,20.88,4,Delinquent,205905.0
L202771,C100843,Personal Loan,Digital,2023-04-01,830000.0,36,11.03,19,Delinquent,137665.0
L202772,C104146,Education Loan,Digital,2024-04-04,1189000.0,120,10.7,11,Delinquent,922424.0
L202773,C100196,Home Loan,DSA,2023-03-07,2167000.0,24,10.59,1,Delinquent,358132.0
L202774,C101429,Business Loan,Partner,2025-05-01,1777000.0,36,12.62,11,Delinquent,1037387.0
L202775,C103300,Personal Loan,DSA,2024-01-04,644000.0,48,18.12,11,Delinquent,258320.0
L202776,C101031,Business Loan,Branch,2024-09-07,392000.0,36,13.7,13,Delinquent,154411.0
L202777,C100391,Business Loan,DSA,2023-08-16,644000.0,84,11.44,39,Delinquent,374306.0
L202778,C100785,Auto Loan,Partner,2025-09-13,642000.0,60,13.38,11,Delinquent,515013.0
L202779,C103294,Personal Loan,Digital,2024-07-08,530000.0,12,20.78,70,Delinquent,78040.0
L202780,C101107,Business Loan,Digital,2024-01-19,1432000.0,36,15.21,52,Delinquent,184752.0
L202781,C101230,Business Loan,Branch,2023-01-28,2206000.0,84,13.15,3,Delinquent,995627.0
L202782,C101026,Personal Loan,Branch,2024-07-19,684000.0,48,11.26,22,Delinquent,290605.0
L202783,C104410,Education Loan,Partner,2025-05-20,444000.0,12,11.56,9,Delinquent,75713.0
L202784,C104441,Business Loan,Branch,2023-05-15,2787000.0,36,12.6,8,Delinquent,605217.0
L202785,C104025,Personal Loan,DSA,2024-09-02,757000.0,36,14.5,12,Delinquent,283411.0
L202786,C100100,Home Loan,Branch,2026-01-17,4476000.0,24,9.33,10,Delinquent,3029469.0
L202787,C101253,Personal Loan,Branch,2025-11-06,125000.0,24,11.59,9,Delinquent,72690.0
L202788,C104401,Home Loan,Digital,2025-12-16,2482000.0,120,10.98,156,NPL,2418116.0
L202789,C102770,Business Loan,Branch,2025-12-12,2781000.0,84,12.87,51,Delinquent,2435862.0
L202790,C100208,Business Loan,DSA,2023-11-28,2377000.0,12,11.99,13,Delinquent,344694.0
L202791,C101246,Personal Loan,Branch,2023-07-11,795000.0,120,21.74,2,Delinquent,535422.0
L202792,C104135,Auto Loan,DSA,2024-11-30,1382000.0,36,14.17,18,Delinquent,505467.0
L202793,C104395,Home Loan,Partner,2025-05-09,4693000.0,24,10.03,34,Delinquent,1886390.0
L202794,C102129,Home Loan,Digital,2024-03-30,5662000.0,60,10.72,13,Delinquent,2826861.0
L202795,C100758,Auto Loan,Branch,2023-10-07,1252000.0,120,12.28,4,Delinquent,800618.0
L202796,C100387,Auto Loan,DSA,2023-07-06,593000.0,48,9.08,15,Delinquent,134494.0
L202797,C101127,Personal Loan,Branch,2024-09-03,521000.0,120,18.12,51,Delinquent,420428.0
L202798,C103996,Personal Loan,Branch,2023-02-24,643000.0,48,18.11,103,NPL,149491.0
L202799,C104133,Business Loan,Partner,2025-04-01,977000.0,48,12.27,58,Delinquent,643346.0
L202800,C101283,Personal Loan,Branch,2025-09-14,877000.0,60,19.94,6,Delinquent,628044.0
L202801,C104887,Home Loan,Digital,2025-09-21,1917000.0,120,8.29,33,Delinquent,1877957.0
L202802,C104391,Education Loan,Branch,2023-12-13,1138000.0,84,12.89,71,Delinquent,737261.0
L202803,C104938,Business Loan,DSA,2023-04-30,2774000.0,60,10.66,0,Current,840017.0
L202804,C103762,Auto Loan,Digital,2024-09-10,875000.0,12,14.69,1,Delinquent,234655.0
L202805,C102865,Personal Loan,Digital,2025-06-07,845000.0,24,20.45,11,Delinquent,333719.0
L202806,C104909,Auto Loan,Digital,2025-12-19,481000.0,12,14.91,10,Delinquent,215500.0
L202807,C103444,Auto Loan,Branch,2023-05-25,1081000.0,36,13.09,7,Delinquent,172465.0
L202808,C104160,Home Loan,Branch,2023-01-24,3115000.0,36,8.2,55,Delinquent,700340.0
L202809,C102015,Personal Loan,DSA,2023-06-19,73000.0,12,21.57,8,Delinquent,8354.0
L202810,C101205,Personal Loan,Partner,2024-10-18,754000.0,48,17.56,12,Delinquent,404564.0
L202811,C102868,Home Loan,DSA,2023-07-19,4037000.0,24,9.79,5,Delinquent,529496.0
L202812,C102047,Education Loan,DSA,2026-02-20,297000.0,84,11.94,107,NPL,259697.0
L202813,C101756,Auto Loan,Digital,2024-02-20,1074000.0,48,9.47,10,Delinquent,351766.0
L202814,C103484,Personal Loan,Digital,2025-08-29,79000.0,12,20.17,11,Delinquent,6320.0
L202815,C103054,Personal Loan,DSA,2024-01-26,852000.0,84,18.81,137,NPL,575324.0
L202816,C101581,Home Loan,Branch,2023-09-21,1870000.0,60,9.09,57,Delinquent,870141.0
L202817,C101208,Home Loan,Digital,2023-04-13,2885000.0,84,8.25,119,NPL,1665560.0
L202818,C102733,Personal Loan,Branch,2023-08-30,71000.0,36,17.62,6,Delinquent,8621.0
L202819,C101636,Education Loan,Digital,2025-06-19,951000.0,120,9.68,21,Delinquent,774171.0
L202820,C101189,Business Loan,DSA,2025-07-03,950000.0,48,12.61,3,Delinquent,638043.0
L202821,C101111,Education Loan,Digital,2025-03-12,536000.0,60,12.65,32,Delinquent,395527.0
L202822,C103315,Home Loan,DSA,2023-04-06,1867000.0,48,11.42,8,Delinquent,247427.0
L202823,C102077,Business Loan,Partner,2024-01-20,663000.0,60,16.92,11,Delinquent,281344.0
L202824,C101711,Auto Loan,Partner,2024-12-20,705000.0,24,10.13,0,Current,182062.0
L202825,C100576,Home Loan,DSA,2026-01-29,1623000.0,48,9.32,88,Delinquent,1351815.0
L202826,C100276,Personal Loan,Partner,2023-10-08,345000.0,24,13.45,8,Delinquent,77092.0
L202827,C103475,Personal Loan,Digital,2023-08-12,60000.0,24,15.09,56,Delinquent,7099.0
L202828,C104839,Personal Loan,DSA,2025-10-04,775000.0,84,21.05,154,NPL,661751.0
L202829,C101624,Business Loan,Digital,2024-07-15,2688000.0,84,17.78,5,Delinquent,1876545.0
L202830,C104220,Auto Loan,Partner,2024-03-31,439000.0,84,9.74,26,Delinquent,288243.0
L202831,C103008,Education Loan,Digital,2024-04-05,723000.0,60,11.19,11,Delinquent,401887.0
L202832,C101519,Auto Loan,Digital,2024-05-12,607000.0,24,12.01,2,Delinquent,100360.0
L202833,C102834,Personal Loan,DSA,2024-08-04,786000.0,12,21.68,15,Delinquent,158234.0
L202834,C100649,Home Loan,DSA,2025-08-11,3164000.0,60,9.9,41,Delinquent,2336308.0
L202835,C101689,Personal Loan,Branch,2025-04-06,748000.0,120,21.53,103,NPL,611247.0
L202836,C103677,Business Loan,Digital,2023-04-16,2641000.0,48,16.61,12,Delinquent,553982.0
L202837,C104256,Personal Loan,Digital,2023-06-09,375000.0,24,13.62,3,Delinquent,37420.0
L202838,C101104,Personal Loan,Digital,2024-12-22,164000.0,60,13.52,7,Delinquent,109282.0
L202839,C104554,Home Loan,Partner,2025-10-03,2712000.0,24,8.15,167,NPL,1401130.0
L202840,C103028,Business Loan,Digital,2026-03-01,684000.0,120,16.19,4,Delinquent,684000.0
L202841,C101147,Home Loan,Partner,2025-12-09,5554000.0,36,10.0,5,Delinquent,3928323.0
L202842,C103896,Personal Loan,Digital,2025-02-19,649000.0,60,15.25,14,Delinquent,445123.0
L202843,C104406,Business Loan,Branch,2023-10-13,1384000.0,60,13.8,11,Delinquent,525308.0
L202844,C101363,Personal Loan,Digital,2023-04-09,652000.0,120,14.16,4,Delinquent,443555.0
L202845,C100529,Auto Loan,Digital,2025-06-02,904000.0,36,13.27,1,Delinquent,564780.0
L202846,C101424,Auto Loan,DSA,2025-12-26,386000.0,48,14.92,30,Delinquent,353374.0
L202847,C103783,Personal Loan,Digital,2024-05-01,682000.0,36,21.04,2,Delinquent,172081.0
L202848,C100309,Home Loan,Digital,2023-06-04,5201000.0,12,10.62,42,Delinquent,580632.0
L202849,C101446,Personal Loan,Digital,2025-05-27,236000.0,36,13.7,13,Delinquent,142992.0
L202850,C101600,Personal Loan,Partner,2024-03-18,253000.0,24,14.16,10,Delinquent,44768.0
L202851,C100084,Auto Loan,Branch,2025-02-04,1243000.0,84,11.4,2,Delinquent,1027321.0
L202852,C102988,Personal Loan,Branch,2023-08-07,187000.0,60,12.1,5,Delinquent,73576.0
L202853,C104031,Personal Loan,Digital,2024-03-03,320000.0,12,15.69,11,Delinquent,63083.0
L202854,C100779,Auto Loan,DSA,2025-05-16,237000.0,36,14.94,11,Delinquent,139096.0
L202855,C104434,Business Loan,Digital,2025-10-25,504000.0,12,17.83,4,Delinquent,84436.0
L202856,C104766,Business Loan,Branch,2023-11-14,1245000.0,48,10.74,9,Delinquent,328036.0
L202857,C104354,Business Loan,Digital,2025-08-17,2787000.0,24,15.27,8,Delinquent,1409786.0
L202858,C103613,Home Loan,Branch,2023-11-10,2609000.0,84,9.5,57,Delinquent,1549999.0
L202859,C102241,Home Loan,Branch,2025-06-02,5132000.0,120,9.67,15,Delinquent,4514782.0
L202860,C101020,Auto Loan,Branch,2024-05-11,930000.0,60,9.86,2,Delinquent,583899.0
L202861,C104565,Business Loan,Branch,2025-04-21,1325000.0,12,11.58,8,Delinquent,206130.0
L202862,C102654,Home Loan,Digital,2023-12-10,4074000.0,84,9.39,25,Delinquent,2685016.0
L202863,C102261,Education Loan,DSA,2023-04-10,749000.0,48,10.94,16,Delinquent,136909.0
L202864,C101958,Auto Loan,Branch,2025-07-30,655000.0,12,14.97,103,NPL,120569.0
L202865,C101092,Personal Loan,Digital,2023-01-09,815000.0,12,16.89,4,Delinquent,82350.0
L202866,C101912,Business Loan,Digital,2024-09-24,471000.0,120,12.3,6,Delinquent,391162.0
L202867,C103992,Personal Loan,Branch,2023-03-12,96000.0,84,18.33,9,Delinquent,55836.0
L202868,C102800,Education Loan,DSA,2024-10-29,178000.0,36,10.18,69,Delinquent,66777.0
L202869,C101978,Personal Loan,Branch,2023-05-11,753000.0,12,12.23,1,Delinquent,91182.0
L202870,C100541,Auto Loan,Partner,2023-07-13,249000.0,60,9.72,3,Delinquent,88954.0
L202871,C102075,Auto Loan,Digital,2026-03-28,1687000.0,48,11.89,14,Delinquent,1609004.0
L202872,C101077,Personal Loan,Branch,2026-01-01,462000.0,36,11.41,0,Current,353020.0
L202873,C101989,Auto Loan,Partner,2024-06-19,1520000.0,12,13.75,5,Delinquent,192662.0
L202874,C100749,Personal Loan,Digital,2024-02-23,375000.0,24,21.85,4,Delinquent,45484.0
L202875,C104739,Home Loan,Branch,2025-04-14,4084000.0,24,9.48,4,Delinquent,1204757.0
L202876,C100870,Personal Loan,Digital,2024-03-28,526000.0,48,13.73,5,Delinquent,177195.0
L202877,C100621,Business Loan,Digital,2023-07-01,2053000.0,60,16.78,1,Delinquent,759344.0
L202878,C103277,Business Loan,DSA,2023-10-18,2638000.0,12,13.98,8,Delinquent,513965.0
L202879,C101719,Personal Loan,Digital,2025-01-10,471000.0,120,12.6,11,Delinquent,361326.0
L202880,C104981,Business Loan,Partner,2026-02-26,881000.0,12,11.39,15,Delinquent,506536.0
L202881,C102021,Business Loan,Partner,2025-02-21,2120000.0,60,17.77,6,Delinquent,1719429.0
L202882,C103256,Personal Loan,Branch,2024-12-29,61000.0,24,12.65,41,Delinquent,10182.0
L202883,C104171,Education Loan,Partner,2025-07-30,126000.0,120,9.55,11,Delinquent,115492.0
L202884,C104924,Personal Loan,Branch,2023-03-15,308000.0,36,15.92,8,Delinquent,51859.0
L202885,C104049,Business Loan,Partner,2025-01-17,2842000.0,60,14.82,9,Delinquent,1825202.0
L202886,C102886,Auto Loan,Branch,2023-08-20,1753000.0,24,12.03,48,Delinquent,269397.0
L202887,C104073,Education Loan,Branch,2024-05-19,849000.0,36,10.69,13,Delinquent,156704.0
L202888,C101417,Personal Loan,Digital,2024-07-30,575000.0,120,19.4,49,Delinquent,456461.0
L202889,C104351,Personal Loan,Branch,2025-05-25,665000.0,84,12.1,1,Delinquent,615553.0
L202890,C104362,Business Loan,DSA,2023-08-14,2193000.0,12,10.55,79,Delinquent,574435.0
L202891,C101920,Auto Loan,Branch,2026-02-19,1208000.0,60,11.84,10,Delinquent,1009690.0
L202892,C100336,Auto Loan,Digital,2024-12-27,902000.0,120,14.4,4,Delinquent,699705.0
L202893,C103424,Auto Loan,Partner,2024-02-22,718000.0,60,9.81,21,Delinquent,396368.0
L202894,C100513,Auto Loan,Digital,2024-01-05,545000.0,36,12.01,5,Delinquent,80431.0
L202895,C100088,Personal Loan,Digital,2023-05-03,266000.0,36,22.0,13,Delinquent,49272.0
L202896,C104739,Personal Loan,Partner,2024-02-24,271000.0,84,15.84,7,Delinquent,179744.0
L202897,C102839,Personal Loan,Branch,2023-05-21,347000.0,120,14.6,8,Delinquent,222388.0
L202898,C103251,Personal Loan,Branch,2025-08-01,711000.0,120,15.62,12,Delinquent,689843.0
L202899,C104403,Business Loan,Branch,2025-08-10,342000.0,60,14.84,10,Delinquent,247254.0
L202900,C104645,Home Loan,Branch,2024-09-21,4190000.0,60,10.5,13,Delinquent,2547262.0
L202901,C104783,Home Loan,Branch,2026-03-03,2482000.0,84,9.61,9,Delinquent,2310814.0
L202902,C100665,Personal Loan,Digital,2023-05-16,841000.0,48,19.42,14,Delinquent,115499.0
L202903,C101620,Business Loan,Branch,2025-11-20,1123000.0,12,13.01,13,Delinquent,307082.0
L202904,C103842,Personal Loan,Digital,2024-03-22,456000.0,60,12.69,13,Delinquent,242506.0
L202905,C100144,Personal Loan,DSA,2025-06-28,635000.0,84,12.32,11,Delinquent,541383.0
L202906,C101175,Business Loan,Digital,2025-12-11,538000.0,120,17.52,11,Delinquent,524547.0
L202907,C102574,Personal Loan,Digital,2023-06-03,396000.0,36,15.6,5,Delinquent,98569.0
L202908,C101717,Business Loan,Branch,2025-10-12,840000.0,12,12.16,2,Delinquent,162745.0
L202909,C100864,Personal Loan,DSA,2026-04-05,52000.0,60,14.59,9,Delinquent,48152.0
L202910,C104495,Business Loan,Digital,2025-06-30,360000.0,48,14.69,15,Delinquent,258010.0
L202911,C102240,Personal Loan,DSA,2023-06-25,744000.0,60,18.09,135,NPL,225029.0
L202912,C102057,Personal Loan,Digital,2025-10-09,376000.0,48,18.48,49,Delinquent,310853.0
L202913,C103288,Home Loan,DSA,2023-11-30,3839000.0,60,8.27,2,Delinquent,1658461.0
L202914,C103353,Auto Loan,Digital,2023-04-20,810000.0,84,14.04,47,Delinquent,486293.0
L202915,C102464,Business Loan,Digital,2025-02-11,1340000.0,24,13.84,21,Delinquent,293410.0
L202916,C104437,Personal Loan,Digital,2023-05-27,570000.0,12,12.59,2,Delinquent,90486.0
L202917,C101480,Auto Loan,Digital,2024-11-13,1633000.0,84,13.72,2,Delinquent,1321726.0
L202918,C104355,Personal Loan,Digital,2023-01-23,518000.0,60,12.05,12,Delinquent,151922.0
L202919,C104342,Business Loan,DSA,2025-06-07,1007000.0,24,14.84,2,Delinquent,441094.0
L202920,C100045,Education Loan,Branch,2023-05-31,874000.0,36,10.85,41,Delinquent,163530.0
L202921,C103774,Personal Loan,Partner,2025-03-15,287000.0,48,16.77,10,Delinquent,177478.0
L202922,C100792,Personal Loan,Partner,2025-09-15,117000.0,84,13.79,12,Delinquent,113689.0
L202923,C102428,Business Loan,Branch,2023-04-27,629000.0,48,11.95,15,Delinquent,53792.0
L202924,C104594,Business Loan,Branch,2023-02-15,2881000.0,12,16.79,0,Current,413461.0
L202925,C100978,Auto Loan,Digital,2025-11-19,1524000.0,84,14.73,8,Delinquent,1359356.0
L202926,C102813,Home Loan,Branch,2024-07-12,2102000.0,84,10.85,3,Delinquent,1585124.0
L202927,C103889,Business Loan,Branch,2024-08-29,1652000.0,12,12.97,5,Delinquent,226573.0
L202928,C102401,Personal Loan,Digital,2023-10-24,615000.0,12,18.63,11,Delinquent,50742.0
L202929,C100391,Education Loan,Digital,2024-07-24,723000.0,12,11.75,56,Delinquent,110157.0
L202930,C100327,Business Loan,Branch,2025-09-25,1775000.0,120,12.05,7,Delinquent,1661993.0
L202931,C102590,Business Loan,Partner,2025-10-09,2494000.0,120,15.27,113,NPL,2202914.0
L202932,C100126,Business Loan,Branch,2025-08-21,2632000.0,48,12.69,1,Delinquent,1888113.0
L202933,C100078,Education Loan,Branch,2023-12-14,246000.0,36,10.12,13,Delinquent,35706.0
L202934,C104768,Personal Loan,Branch,2025-07-08,560000.0,120,17.49,15,Delinquent,464129.0
L202935,C102665,Business Loan,Partner,2024-06-23,1509000.0,24,11.46,10,Delinquent,255763.0
L202936,C102370,Personal Loan,Partner,2024-03-29,844000.0,12,14.95,45,Delinquent,115199.0
L202937,C100502,Personal Loan,Branch,2024-01-27,679000.0,84,13.32,9,Delinquent,414203.0
L202938,C103933,Personal Loan,DSA,2026-01-15,238000.0,120,19.46,38,Delinquent,238000.0
L202939,C102553,Personal Loan,Branch,2023-07-27,702000.0,84,18.65,3,Delinquent,422497.0
L202940,C101101,Home Loan,Branch,2025-12-11,1999000.0,48,9.99,10,Delinquent,1560338.0
L202941,C103765,Home Loan,Branch,2025-12-30,3242000.0,120,10.56,0,Current,3002343.0
L202942,C101186,Personal Loan,DSA,2025-02-19,858000.0,12,12.36,3,Delinquent,118762.0
L202943,C102516,Personal Loan,Digital,2023-02-01,145000.0,120,11.15,4,Delinquent,100622.0
L202944,C102802,Personal Loan,Digital,2025-01-05,754000.0,120,13.11,7,Delinquent,634664.0
L202945,C101396,Auto Loan,Branch,2023-05-19,1561000.0,48,12.5,24,Delinquent,304092.0
L202946,C104381,Auto Loan,Partner,2024-02-09,1273000.0,24,12.08,14,Delinquent,188308.0
L202947,C103518,Auto Loan,Partner,2023-04-01,932000.0,24,10.05,3,Delinquent,165984.0
L202948,C101443,Business Loan,Branch,2025-06-02,331000.0,24,15.55,6,Delinquent,108971.0
L202949,C100783,Auto Loan,Digital,2024-08-03,875000.0,12,14.01,8,Delinquent,184600.0
L202950,C101644,Personal Loan,DSA,2026-01-31,681000.0,12,18.31,101,NPL,343002.0
L202951,C102327,Home Loan,Partner,2025-03-31,1629000.0,48,10.46,4,Delinquent,975580.0
L202952,C102754,Home Loan,Digital,2024-01-15,5946000.0,48,10.06,18,Delinquent,1684612.0
L202953,C102001,Personal Loan,Branch,2025-07-19,457000.0,12,11.2,12,Delinquent,70694.0
L202954,C100201,Business Loan,Digital,2023-12-10,1294000.0,60,14.16,146,NPL,584554.0
L202955,C103381,Personal Loan,Digital,2023-11-19,819000.0,48,13.88,2,Delinquent,246477.0
L202956,C101894,Education Loan,Digital,2023-11-13,271000.0,36,12.33,11,Delinquent,42433.0
L202957,C101678,Personal Loan,Branch,2025-05-02,261000.0,120,16.6,3,Delinquent,238068.0
L202958,C102782,Auto Loan,DSA,2026-03-25,908000.0,60,11.91,144,NPL,809997.0
L202959,C104177,Personal Loan,Partner,2025-10-21,896000.0,36,19.92,140,NPL,567326.0
L202960,C100025,Business Loan,Digital,2024-10-10,975000.0,84,12.71,6,Delinquent,721768.0
L202961,C104804,Business Loan,Digital,2023-01-13,2233000.0,120,14.87,0,Current,1432864.0
L202962,C103191,Personal Loan,Digital,2026-03-07,656000.0,48,13.94,45,Delinquent,593799.0
L202963,C102734,Personal Loan,Digital,2024-04-05,266000.0,60,16.47,10,Delinquent,132794.0
L202964,C100255,Auto Loan,Branch,2025-01-10,278000.0,120,9.18,59,Delinquent,235235.0
L202965,C103557,Personal Loan,Digital,2024-05-23,169000.0,48,15.7,0,Current,86274.0
L202966,C103600,Personal Loan,Digital,2023-12-19,295000.0,12,14.94,8,Delinquent,36877.0
L202967,C102803,Education Loan,Partner,2023-12-30,898000.0,36,12.05,107,NPL,111600.0
L202968,C104009,Auto Loan,Branch,2024-12-04,1435000.0,84,10.53,2,Delinquent,1098313.0
L202969,C104194,Personal Loan,Branch,2024-05-30,681000.0,120,12.11,42,Delinquent,566155.0
L202970,C104194,Home Loan,Digital,2023-07-06,2520000.0,84,11.34,2,Delinquent,1294709.0
L202971,C101634,Personal Loan,DSA,2024-03-29,51000.0,120,21.47,12,Delinquent,39461.0
L202972,C103367,Business Loan,Digital,2024-06-21,2621000.0,48,16.09,5,Delinquent,1068670.0
L202973,C100287,Personal Loan,Branch,2025-01-20,406000.0,84,14.53,1,Delinquent,340212.0
L202974,C102808,Personal Loan,Digital,2024-06-15,272000.0,12,18.86,3,Delinquent,25415.0
L202975,C100730,Personal Loan,Branch,2023-08-23,216000.0,84,11.87,15,Delinquent,113846.0
L202976,C101538,Education Loan,Digital,2024-11-22,527000.0,48,10.95,4,Delinquent,282422.0
L202977,C103384,Personal Loan,DSA,2025-10-01,813000.0,12,12.99,57,Delinquent,120431.0
L202978,C102124,Auto Loan,Digital,2024-04-09,1192000.0,24,12.0,53,Delinquent,95360.0
L202979,C104318,Home Loan,Digital,2025-01-30,2131000.0,84,9.98,47,Delinquent,1800116.0
L202980,C100436,Business Loan,Branch,2024-06-30,2416000.0,12,12.44,4,Delinquent,348712.0
L202981,C104860,Personal Loan,Digital,2023-12-23,664000.0,60,11.73,1,Delinquent,298514.0
L202982,C103536,Business Loan,Partner,2025-11-17,2584000.0,48,11.9,13,Delinquent,2137322.0
L202983,C102153,Education Loan,Digital,2026-03-02,962000.0,48,9.88,100,NPL,890427.0
L202984,C100124,Personal Loan,DSA,2023-08-05,424000.0,60,16.83,10,Delinquent,150804.0
L202985,C100209,Personal Loan,Digital,2025-01-17,109000.0,60,13.81,15,Delinquent,81757.0
L202986,C102068,Education Loan,DSA,2026-01-12,500000.0,84,11.35,3,Delinquent,457425.0
L202987,C102863,Home Loan,Branch,2024-10-06,5738000.0,48,10.9,166,NPL,2814500.0
L202988,C102532,Business Loan,Partner,2024-10-08,1540000.0,24,11.36,120,NPL,123200.0
L202989,C101487,Business Loan,Branch,2026-02-25,1014000.0,120,13.31,1,Delinquent,938388.0
L202990,C103251,Personal Loan,Branch,2025-01-24,712000.0,120,17.11,5,Delinquent,543579.0
L202991,C103072,Personal Loan,Branch,2025-10-15,221000.0,24,20.98,0,Current,116201.0
L202992,C101716,Personal Loan,Digital,2023-05-06,435000.0,48,21.7,4,Delinquent,56629.0
L202993,C101628,Auto Loan,Digital,2024-12-08,222000.0,48,10.11,2,Delinquent,145165.0
L202994,C102214,Home Loan,Digital,2023-06-24,2429000.0,60,11.38,3,Delinquent,1056906.0
L202995,C103717,Auto Loan,Branch,2023-09-02,992000.0,12,9.88,88,Delinquent,152652.0
L202996,C102937,Auto Loan,Digital,2025-05-29,695000.0,24,13.04,15,Delinquent,257807.0
L202997,C100636,Business Loan,Branch,2025-11-09,634000.0,24,11.52,22,Delinquent,426409.0
L202998,C104616,Personal Loan,DSA,2025-12-16,500000.0,84,12.34,96,NPL,462242.0
L202999,C101011,Home Loan,Branch,2025-07-06,3831000.0,60,9.47,41,Delinquent,3063348.0
L203000,C103360,Personal Loan,Digital,2024-09-14,251000.0,60,11.58,123,NPL,158375.0
L203001,C100084,Personal Loan,Digital,2024-06-04,288000.0,36,13.57,1,Delinquent,92316.0
L203002,C101273,Personal Loan,Digital,2023-07-21,470000.0,24,21.4,4,Delinquent,58071.0
L203003,C102824,Business Loan,DSA,2025-08-01,1648000.0,12,13.17,1,Delinquent,258320.0
L203004,C104237,Home Loan,Partner,2025-08-14,5162000.0,48,8.3,57,Delinquent,4016651.0
L203005,C102814,Personal Loan,Digital,2023-06-03,548000.0,84,20.83,30,Delinquent,271312.0
L203006,C100276,Auto Loan,Digital,2026-01-06,443000.0,36,12.36,3,Delinquent,390468.0
L203007,C104779,Auto Loan,Branch,2024-01-30,1225000.0,120,10.45,6,Delinquent,865793.0
L203008,C101362,Home Loan,Digital,2025-03-15,4053000.0,120,8.79,47,Delinquent,3440274.0
L203009,C101824,Personal Loan,Digital,2023-06-03,762000.0,12,18.15,7,Delinquent,119140.0
L203010,C100541,Personal Loan,DSA,2023-08-08,217000.0,120,13.22,11,Delinquent,149813.0
L203011,C103482,Personal Loan,Digital,2024-12-27,382000.0,84,11.64,24,Delinquent,272419.0
L203012,C102236,Personal Loan,Digital,2024-05-09,599000.0,60,15.01,14,Delinquent,339417.0
L203013,C101098,Personal Loan,Partner,2023-02-02,177000.0,24,21.05,11,Delinquent,15991.0
L203014,C103185,Auto Loan,Branch,2026-02-01,815000.0,36,10.82,5,Delinquent,703803.0
L203015,C100980,Business Loan,DSA,2025-11-30,1975000.0,84,13.23,6,Delinquent,1960703.0
L203016,C102655,Personal Loan,Digital,2023-08-18,868000.0,48,15.09,4,Delinquent,242717.0
L203017,C103319,Personal Loan,Branch,2025-02-18,84000.0,120,17.58,8,Delinquent,69920.0
L203018,C104057,Business Loan,Branch,2023-07-24,1746000.0,24,11.22,8,Delinquent,392554.0
L203019,C103475,Auto Loan,Digital,2025-05-10,1232000.0,36,14.51,5,Delinquent,648146.0
L203020,C102838,Auto Loan,Branch,2025-04-22,986000.0,84,13.49,1,Delinquent,776552.0
L203021,C100170,Business Loan,Partner,2025-06-13,2273000.0,12,15.59,31,Delinquent,446200.0
L203022,C101164,Auto Loan,Branch,2024-10-13,1471000.0,48,14.97,41,Delinquent,818147.0
L203023,C102890,Business Loan,Branch,2023-01-29,2033000.0,36,11.18,0,Current,367894.0
L203024,C102683,Home Loan,Digital,2023-09-03,3011000.0,48,10.28,14,Delinquent,667426.0
L203025,C102669,Education Loan,Branch,2026-04-04,130000.0,24,9.59,42,Delinquent,100069.0
L203026,C103678,Auto Loan,Branch,2025-01-09,1420000.0,12,12.92,10,Delinquent,196603.0
L203027,C104525,Personal Loan,Digital,2024-02-15,685000.0,84,20.24,11,Delinquent,426946.0
L203028,C102515,Auto Loan,Digital,2026-01-29,896000.0,12,11.66,5,Delinquent,445225.0
L203029,C100673,Personal Loan,Digital,2024-05-31,228000.0,36,11.85,72,Delinquent,71087.0
L203030,C102210,Home Loan,Digital,2025-10-23,3609000.0,24,11.33,120,NPL,2077812.0
L203031,C101265,Personal Loan,Digital,2025-08-24,772000.0,60,17.56,148,NPL,614692.0
L203032,C102646,Auto Loan,DSA,2023-01-08,1214000.0,48,11.8,10,Delinquent,205007.0
L203033,C102949,Home Loan,Digital,2026-01-22,5191000.0,120,10.27,14,Delinquent,4379353.0
L203034,C102741,Auto Loan,DSA,2025-11-18,1411000.0,48,14.02,5,Delinquent,1213234.0
L203035,C102909,Auto Loan,Branch,2026-04-05,345000.0,24,12.89,12,Delinquent,256003.0
L203036,C101553,Personal Loan,Digital,2025-01-22,130000.0,84,19.69,0,Current,94631.0
L203037,C100885,Personal Loan,Digital,2025-04-17,856000.0,84,17.99,119,NPL,765568.0
L203038,C104272,Home Loan,Digital,2023-11-17,5150000.0,84,9.71,9,Delinquent,3247979.0
L203039,C102008,Auto Loan,Branch,2023-07-01,312000.0,48,9.68,8,Delinquent,80070.0
L203040,C101039,Education Loan,Branch,2023-04-23,1074000.0,60,10.79,12,Delinquent,312292.0
L203041,C104977,Personal Loan,Branch,2023-07-31,403000.0,24,20.12,13,Delinquent,49134.0
L203042,C100165,Auto Loan,Branch,2026-03-11,1549000.0,12,12.47,13,Delinquent,905529.0
L203043,C101732,Education Loan,Digital,2023-11-27,1109000.0,12,12.27,11,Delinquent,188818.0
L203044,C103708,Auto Loan,Digital,2023-02-04,308000.0,48,12.28,1,Delinquent,56992.0
L203045,C102055,Personal Loan,Branch,2025-04-03,625000.0,24,16.68,22,Delinquent,221830.0
L203046,C104212,Home Loan,Digital,2023-08-10,1651000.0,120,9.18,4,Delinquent,1163519.0
L203047,C101795,Business Loan,Digital,2024-09-04,2612000.0,12,12.52,5,Delinquent,399730.0
L203048,C103214,Home Loan,Branch,2025-03-16,5472000.0,48,8.53,2,Delinquent,3533859.0
L203049,C102138,Personal Loan,Branch,2024-11-19,229000.0,48,15.64,28,Delinquent,125541.0
L203050,C102345,Home Loan,Digital,2025-06-28,5162000.0,48,9.51,41,Delinquent,3347821.0
L203051,C102490,Personal Loan,Digital,2023-01-22,285000.0,48,19.64,13,Delinquent,35775.0
L203052,C104877,Auto Loan,DSA,2023-11-16,1663000.0,12,9.88,13,Delinquent,387939.0
L203053,C103800,Education Loan,Branch,2024-05-02,811000.0,60,8.91,46,Delinquent,429184.0
L203054,C101854,Education Loan,Digital,2025-06-03,845000.0,24,12.93,10,Delinquent,333181.0
L203055,C102084,Auto Loan,Digital,2024-10-12,185000.0,24,11.7,6,Delinquent,25291.0
L203056,C102030,Business Loan,DSA,2025-07-07,773000.0,60,17.05,13,Delinquent,586390.0
L203057,C103681,Business Loan,DSA,2025-06-08,2474000.0,84,16.58,5,Delinquent,2027325.0
L203058,C102956,Education Loan,Branch,2025-08-21,1061000.0,120,10.76,6,Delinquent,913443.0
L203059,C102673,Business Loan,Partner,2024-12-30,2618000.0,84,13.83,12,Delinquent,2032801.0
L203060,C102153,Business Loan,Digital,2025-06-23,1249000.0,84,10.74,14,Delinquent,1089931.0
L203061,C101993,Personal Loan,Partner,2025-03-26,558000.0,48,14.75,2,Delinquent,340445.0
L203062,C102777,Personal Loan,Branch,2023-02-09,66000.0,84,13.33,54,Delinquent,35299.0
L203063,C104156,Personal Loan,Digital,2023-12-04,328000.0,120,16.97,13,Delinquent,245276.0
L203064,C104833,Auto Loan,Digital,2025-12-06,546000.0,84,12.56,8,Delinquent,460227.0
L203065,C100305,Education Loan,Branch,2023-04-20,647000.0,12,11.33,1,Delinquent,125878.0
L203066,C101188,Education Loan,DSA,2024-11-06,575000.0,60,8.72,0,Current,381166.0
L203067,C103426,Business Loan,Branch,2025-07-08,1254000.0,120,13.86,111,NPL,1055775.0
L203068,C100743,Business Loan,Branch,2024-06-01,834000.0,48,16.9,2,Delinquent,364310.0
L203069,C103053,Home Loan,Branch,2023-08-04,1600000.0,12,9.82,3,Delinquent,317673.0
L203070,C102118,Home Loan,Partner,2023-01-30,3000000.0,36,10.8,9,Delinquent,468028.0
L203071,C100954,Auto Loan,Partner,2025-03-03,1686000.0,60,13.7,6,Delinquent,1159386.0
L203072,C102520,Personal Loan,Digital,2024-12-09,504000.0,84,12.21,29,Delinquent,389317.0
L203073,C102546,Business Loan,Digital,2025-04-09,2210000.0,60,10.98,168,NPL,1553705.0
L203074,C103566,Auto Loan,Branch,2023-07-15,814000.0,48,9.81,8,Delinquent,173769.0
L203075,C104130,Personal Loan,Digital,2024-07-15,710000.0,48,17.72,6,Delinquent,339936.0
L203076,C104776,Auto Loan,Partner,2024-10-19,521000.0,48,13.37,9,Delinquent,327175.0
L203077,C102196,Auto Loan,DSA,2025-10-02,1617000.0,120,12.34,139,NPL,1419218.0
L203078,C103444,Business Loan,DSA,2023-08-16,2876000.0,120,13.5,10,Delinquent,2181745.0
L203079,C103937,Business Loan,Branch,2025-04-14,2676000.0,48,17.49,5,Delinquent,1433332.0
L203080,C104936,Personal Loan,DSA,2025-04-05,531000.0,24,15.89,13,Delinquent,170489.0
L203081,C103252,Business Loan,Partner,2024-12-13,1218000.0,24,17.79,0,Current,228470.0
L203082,C101232,Personal Loan,Partner,2023-04-17,94000.0,36,14.64,45,Delinquent,17966.0
L203083,C101710,Home Loan,Digital,2023-05-23,3062000.0,24,8.24,14,Delinquent,534846.0
L203084,C101045,Home Loan,Branch,2024-12-21,2910000.0,12,8.66,15,Delinquent,232800.0
L203085,C100989,Business Loan,Partner,2025-01-17,1431000.0,36,15.12,15,Delinquent,775769.0
L203086,C101533,Business Loan,Digital,2025-02-11,1620000.0,36,17.21,29,Delinquent,734579.0
L203087,C102492,Personal Loan,Branch,2025-07-17,255000.0,84,13.49,0,Current,205425.0
L203088,C103936,Auto Loan,Branch,2024-04-19,1331000.0,120,14.68,0,Current,917940.0
L203089,C101456,Business Loan,Digital,2023-12-22,2978000.0,36,16.45,106,NPL,527509.0
L203090,C100933,Education Loan,DSA,2026-01-05,1111000.0,24,9.79,0,Current,814637.0
L203091,C100633,Personal Loan,Partner,2025-04-10,465000.0,36,13.01,40,Delinquent,250013.0
L203092,C100981,Personal Loan,Partner,2024-09-23,613000.0,84,12.59,2,Delinquent,414645.0
L203093,C102164,Home Loan,Digital,2024-10-31,1630000.0,36,8.82,7,Delinquent,683338.0
L203094,C102059,Business Loan,Partner,2025-06-19,1443000.0,48,14.77,46,Delinquent,909187.0
L203095,C101995,Personal Loan,Branch,2024-01-08,120000.0,48,21.33,15,Delinquent,59151.0
L203096,C101588,Home Loan,Branch,2024-06-17,2773000.0,48,11.24,10,Delinquent,1293837.0
L203097,C102267,Education Loan,Branch,2023-02-21,664000.0,48,10.28,50,Delinquent,145352.0
L203098,C103233,Home Loan,DSA,2025-08-08,2346000.0,120,9.01,3,Delinquent,2195600.0
L203099,C100223,Auto Loan,Partner,2024-08-23,189000.0,12,13.77,4,Delinquent,26381.0
L203100,C104451,Education Loan,DSA,2025-12-12,447000.0,48,12.8,56,Delinquent,359130.0
L203101,C101529,Personal Loan,Partner,2023-12-23,386000.0,60,15.79,14,Delinquent,200429.0
L203102,C100694,Personal Loan,Digital,2024-05-10,378000.0,36,21.66,0,Current,93825.0
L203103,C100874,Personal Loan,DSA,2023-03-07,525000.0,48,19.77,11,Delinquent,105741.0
L203104,C102734,Auto Loan,Branch,2026-03-06,428000.0,60,13.09,28,Delinquent,390559.0
L203105,C102604,Personal Loan,DSA,2024-02-16,608000.0,84,14.9,7,Delinquent,444503.0
L203106,C100443,Personal Loan,DSA,2023-07-03,133000.0,48,18.56,35,Delinquent,32111.0
L203107,C102497,Personal Loan,Digital,2025-01-04,717000.0,60,18.46,33,Delinquent,460726.0
L203108,C101108,Auto Loan,Branch,2025-10-12,1087000.0,48,10.46,4,Delinquent,919506.0
L203109,C104556,Business Loan,Branch,2023-05-14,1666000.0,48,14.67,15,Delinquent,332300.0
L203110,C101546,Home Loan,Partner,2024-09-23,5096000.0,120,8.61,134,NPL,3998345.0
L203111,C104998,Business Loan,Digital,2024-07-22,2803000.0,36,12.83,0,Current,836649.0
L203112,C102896,Education Loan,Digital,2023-06-16,177000.0,84,11.39,8,Delinquent,89835.0
L203113,C104822,Business Loan,Partner,2023-11-28,637000.0,24,12.8,6,Delinquent,71316.0
L203114,C102775,Auto Loan,Digital,2025-01-20,1180000.0,36,10.78,9,Delinquent,609516.0
L203115,C100630,Personal Loan,Branch,2026-04-02,542000.0,24,15.6,31,Delinquent,490638.0
L203116,C103216,Home Loan,DSA,2023-06-07,3080000.0,24,8.28,111,NPL,526756.0
L203117,C102389,Personal Loan,Digital,2025-01-26,66000.0,36,14.23,10,Delinquent,31788.0
L203118,C104095,Home Loan,Digital,2025-11-30,1477000.0,12,9.11,12,Delinquent,460133.0
L203119,C101957,Education Loan,DSA,2025-06-26,1027000.0,60,10.6,32,Delinquent,810501.0
L203120,C100937,Personal Loan,Digital,2025-09-06,260000.0,24,11.65,6,Delinquent,146391.0
L203121,C100569,Personal Loan,Branch,2026-01-04,718000.0,60,20.47,47,Delinquent,597456.0
L203122,C103717,Business Loan,Branch,2025-02-24,2086000.0,120,17.72,74,Delinquent,1757749.0
L203123,C101165,Education Loan,Partner,2023-02-15,1132000.0,120,12.6,9,Delinquent,756223.0
L203124,C103336,Business Loan,Digital,2023-10-07,1482000.0,12,13.97,10,Delinquent,153126.0
L203125,C100673,Personal Loan,Partner,2024-05-11,774000.0,60,16.16,164,NPL,483373.0
L203126,C100399,Auto Loan,Digital,2026-03-01,1554000.0,120,13.09,11,Delinquent,1554000.0
L203127,C103553,Home Loan,Branch,2023-09-09,5049000.0,60,9.52,2,Delinquent,2356345.0
L203128,C101724,Auto Loan,Digital,2025-10-20,622000.0,60,14.95,13,Delinquent,495183.0
L203129,C102837,Auto Loan,Digital,2025-01-31,171000.0,84,11.89,47,Delinquent,138785.0
L203130,C100139,Business Loan,DSA,2025-05-08,2139000.0,48,15.86,1,Delinquent,1538180.0
L203131,C100941,Personal Loan,Digital,2023-05-06,336000.0,60,21.73,25,Delinquent,103026.0
L203132,C100451,Education Loan,Digital,2024-03-14,512000.0,84,10.13,17,Delinquent,319375.0
L203133,C101400,Personal Loan,DSA,2024-07-10,605000.0,60,21.12,6,Delinquent,327578.0
L203134,C101419,Personal Loan,Branch,2024-08-04,518000.0,36,19.8,8,Delinquent,158932.0
L203135,C101873,Business Loan,Partner,2025-11-18,971000.0,84,17.28,0,Current,814380.0
L203136,C101216,Home Loan,Digital,2024-02-10,2327000.0,12,10.13,3,Delinquent,288109.0
L203137,C102284,Home Loan,Digital,2025-11-08,4760000.0,60,8.18,11,Delinquent,4212859.0
L203138,C104501,Personal Loan,Branch,2025-10-16,881000.0,24,13.3,3,Delinquent,490567.0
L203139,C100431,Personal Loan,Branch,2025-02-09,336000.0,12,19.82,4,Delinquent,66309.0
L203140,C104469,Personal Loan,DSA,2024-01-06,158000.0,84,18.62,6,Delinquent,90866.0
L203141,C102063,Business Loan,Digital,2023-04-29,2925000.0,84,12.35,14,Delinquent,1643800.0
L203142,C102890,Personal Loan,Partner,2023-10-13,677000.0,60,18.69,3,Delinquent,310742.0
L203143,C103360,Education Loan,Digital,2024-12-29,277000.0,12,12.14,153,NPL,41273.0
L203144,C103676,Business Loan,Digital,2023-09-15,2443000.0,48,11.21,10,Delinquent,622739.0
L203145,C104720,Business Loan,Digital,2025-12-18,1708000.0,48,15.1,57,Delinquent,1446173.0
L203146,C104999,Business Loan,Partner,2024-04-26,377000.0,84,10.72,7,Delinquent,268489.0
L203147,C100492,Auto Loan,Partner,2023-12-05,714000.0,120,9.84,7,Delinquent,487164.0
L203148,C102051,Home Loan,Branch,2025-01-17,2901000.0,48,11.17,5,Delinquent,1772906.0
L203149,C102696,Business Loan,Digital,2023-07-07,1465000.0,60,15.49,0,Current,520749.0
L203150,C102613,Home Loan,Partner,2025-09-24,5149000.0,48,9.64,112,NPL,4060345.0
L203151,C104957,Personal Loan,Branch,2024-10-21,581000.0,120,15.31,102,NPL,466627.0
L203152,C103256,Auto Loan,Branch,2026-01-14,646000.0,120,12.44,7,Delinquent,637104.0
L203153,C102013,Personal Loan,Partner,2025-10-22,435000.0,84,15.42,8,Delinquent,355667.0
L203154,C104603,Auto Loan,Digital,2023-04-07,207000.0,60,11.21,11,Delinquent,65162.0
L203155,C103655,Education Loan,Partner,2025-12-13,171000.0,48,12.76,12,Delinquent,143890.0
L203156,C103986,Auto Loan,Digital,2023-02-26,233000.0,60,10.32,13,Delinquent,60351.0
L203157,C103138,Personal Loan,Digital,2025-08-09,127000.0,36,21.28,5,Delinquent,75075.0
L203158,C100323,Personal Loan,Digital,2024-03-11,160000.0,60,20.31,7,Delinquent,89645.0
L203159,C104853,Personal Loan,Digital,2024-02-18,442000.0,12,17.29,70,Delinquent,57492.0
L203160,C103565,Personal Loan,Partner,2025-08-30,508000.0,24,21.86,5,Delinquent,248436.0
L203161,C100747,Auto Loan,DSA,2023-11-26,1469000.0,84,10.4,6,Delinquent,907682.0
L203162,C101260,Business Loan,Partner,2025-12-24,1696000.0,120,14.69,28,Delinquent,1539512.0
L203163,C101705,Auto Loan,Branch,2023-02-18,553000.0,24,9.55,10,Delinquent,63960.0
L203164,C101275,Auto Loan,Partner,2023-07-22,229000.0,12,13.5,158,NPL,32344.0
L203165,C103105,Home Loan,DSA,2024-03-05,3069000.0,36,11.14,8,Delinquent,513445.0
L203166,C102737,Personal Loan,Branch,2023-12-09,548000.0,36,15.35,5,Delinquent,117355.0
L203167,C101062,Auto Loan,Digital,2025-11-10,728000.0,120,10.48,65,Delinquent,687725.0
L203168,C103482,Home Loan,Branch,2025-12-18,2512000.0,36,10.42,57,Delinquent,1879072.0
L203169,C101435,Personal Loan,Branch,2024-05-20,485000.0,120,11.03,13,Delinquent,408289.0
L203170,C100797,Auto Loan,Partner,2024-11-21,826000.0,120,11.59,10,Delinquent,672637.0
L203171,C104784,Personal Loan,Partner,2024-02-11,64000.0,12,11.23,2,Delinquent,14810.0
L203172,C101573,Personal Loan,Branch,2024-05-04,748000.0,60,16.04,38,Delinquent,372107.0
L203173,C101164,Home Loan,Branch,2024-02-08,5495000.0,24,9.0,7,Delinquent,661635.0
L203174,C103581,Personal Loan,Branch,2023-10-20,297000.0,36,15.8,11,Delinquent,23760.0
L203175,C103818,Auto Loan,DSA,2025-04-13,654000.0,36,9.46,13,Delinquent,347044.0
L203176,C100761,Personal Loan,Digital,2023-05-16,123000.0,36,17.47,91,NPL,40315.0
L203177,C100280,Business Loan,Digital,2023-12-15,1482000.0,24,10.95,11,Delinquent,204225.0
L203178,C104249,Home Loan,Digital,2023-05-11,2860000.0,12,11.02,37,Delinquent,507396.0
L203179,C102521,Personal Loan,Partner,2024-06-26,333000.0,24,16.39,4,Delinquent,38992.0
L203180,C102281,Personal Loan,Branch,2025-03-19,644000.0,12,12.94,49,Delinquent,91306.0
L203181,C102103,Education Loan,Branch,2024-09-13,364000.0,36,11.71,7,Delinquent,134295.0
L203182,C102930,Home Loan,Digital,2025-05-14,1837000.0,24,10.33,4,Delinquent,782113.0
L203183,C103368,Business Loan,Partner,2024-11-20,832000.0,24,13.52,5,Delinquent,111940.0
L203184,C100402,Business Loan,DSA,2024-03-14,2393000.0,48,13.25,2,Delinquent,1072675.0
L203185,C101328,Personal Loan,Partner,2025-12-30,877000.0,60,14.06,144,NPL,740581.0
L203186,C104773,Auto Loan,Partner,2024-12-28,1638000.0,36,10.2,11,Delinquent,746238.0
L203187,C100835,Auto Loan,Branch,2023-02-15,914000.0,48,13.64,9,Delinquent,120276.0
L203188,C104538,Business Loan,DSA,2023-07-07,2678000.0,120,10.96,42,Delinquent,1895934.0
L203189,C102007,Home Loan,Partner,2025-03-16,4184000.0,120,10.49,15,Delinquent,3663072.0
L203190,C100951,Education Loan,Branch,2023-01-26,911000.0,24,11.98,13,Delinquent,209109.0
L203191,C102974,Auto Loan,Digital,2023-07-26,1186000.0,60,14.3,4,Delinquent,516543.0
L203192,C103316,Business Loan,Branch,2023-04-30,1361000.0,84,15.37,14,Delinquent,722958.0
L203193,C101750,Personal Loan,DSA,2025-08-29,696000.0,48,21.55,155,NPL,515634.0
L203194,C103966,Home Loan,Branch,2023-05-08,2270000.0,84,8.12,8,Delinquent,1171895.0
L203195,C100320,Personal Loan,Digital,2023-08-30,412000.0,36,19.97,13,Delinquent,49498.0
L203196,C100610,Business Loan,DSA,2026-03-27,1747000.0,24,10.53,3,Delinquent,1431623.0
L203197,C103108,Personal Loan,Digital,2023-05-25,527000.0,36,17.45,14,Delinquent,113435.0
L203198,C102888,Auto Loan,Branch,2023-10-11,1164000.0,24,13.38,13,Delinquent,239251.0
L203199,C103496,Personal Loan,Branch,2025-09-03,215000.0,60,18.76,0,Current,191054.0
L203200,C104253,Personal Loan,Partner,2023-06-10,703000.0,60,12.79,0,Current,218450.0
L203201,C104651,Personal Loan,Partner,2023-10-03,470000.0,120,18.62,12,Delinquent,357029.0
L203202,C102534,Business Loan,DSA,2025-08-12,302000.0,120,11.26,120,NPL,259514.0
L203203,C102507,Personal Loan,Branch,2023-01-01,779000.0,48,13.01,9,Delinquent,132919.0
L203204,C104619,Business Loan,DSA,2024-03-15,1136000.0,48,17.2,40,Delinquent,434749.0
L203205,C104804,Business Loan,Digital,2023-11-04,752000.0,12,16.45,57,Delinquent,131196.0
L203206,C100240,Education Loan,Digital,2023-09-05,800000.0,36,12.36,75,Delinquent,170881.0
L203207,C102529,Auto Loan,Branch,2024-04-15,1676000.0,36,9.98,1,Delinquent,357785.0
L203208,C104597,Auto Loan,Branch,2023-09-22,1479000.0,12,10.45,13,Delinquent,172438.0
L203209,C100256,Auto Loan,Branch,2025-07-17,364000.0,12,10.83,28,Delinquent,43977.0
L203210,C104887,Personal Loan,Digital,2023-06-16,152000.0,84,12.15,11,Delinquent,92161.0
L203211,C103746,Home Loan,Branch,2024-04-24,1599000.0,12,9.01,41,Delinquent,267416.0
L203212,C100780,Business Loan,Digital,2023-04-06,562000.0,24,17.06,13,Delinquent,57597.0
L203213,C103205,Personal Loan,Digital,2023-05-07,535000.0,60,14.34,63,Delinquent,194083.0
L203214,C102155,Personal Loan,Digital,2025-03-27,112000.0,24,17.86,4,Delinquent,39875.0
L203215,C101672,Auto Loan,Digital,2024-06-26,619000.0,60,9.36,126,NPL,440911.0
L203216,C103104,Business Loan,Digital,2024-06-11,912000.0,24,16.06,160,NPL,86616.0
L203217,C103677,Personal Loan,Branch,2023-11-22,421000.0,36,13.41,41,Delinquent,65522.0
L203218,C104467,Business Loan,Branch,2023-06-28,2210000.0,60,14.46,0,Current,744849.0
L203219,C102088,Personal Loan,Digital,2025-11-18,273000.0,84,15.69,160,NPL,262327.0
L203220,C100798,Home Loan,Digital,2025-08-08,4215000.0,36,9.14,4,Delinquent,2693657.0
L203221,C104319,Education Loan,Digital,2024-07-08,858000.0,60,9.09,7,Delinquent,474986.0
L203222,C101671,Home Loan,Digital,2023-01-23,2782000.0,84,11.28,50,Delinquent,1414390.0
L203223,C103797,Auto Loan,Branch,2025-12-13,435000.0,84,13.05,13,Delinquent,385506.0
L203224,C103990,Education Loan,Branch,2024-05-31,694000.0,12,12.99,11,Delinquent,151065.0
L203225,C100293,Personal Loan,Digital,2023-08-16,841000.0,12,12.04,27,Delinquent,212594.0
L203226,C102051,Personal Loan,Digital,2023-06-02,186000.0,60,20.94,53,Delinquent,56038.0
L203227,C100425,Education Loan,Digital,2026-04-10,767000.0,48,12.28,8,Delinquent,737394.0
L203228,C103025,Auto Loan,Branch,2023-02-03,480000.0,120,9.96,10,Delinquent,337410.0
L203229,C103975,Education Loan,DSA,2024-03-21,683000.0,60,8.89,12,Delinquent,336790.0
L203230,C102801,Business Loan,Digital,2024-10-22,1046000.0,84,16.51,39,Delinquent,813898.0
L203231,C101620,Auto Loan,Digital,2023-12-19,1731000.0,84,11.45,13,Delinquent,1180998.0
L203232,C104866,Home Loan,Digital,2023-07-06,2704000.0,24,9.18,14,Delinquent,309134.0
L203233,C100428,Home Loan,Digital,2025-02-12,2935000.0,120,10.52,6,Delinquent,2395244.0
L203234,C100708,Personal Loan,DSA,2023-03-24,839000.0,60,16.06,8,Delinquent,257995.0
L203235,C101831,Home Loan,Branch,2026-03-15,3391000.0,12,8.3,9,Delinquent,2079260.0
L203236,C104743,Business Loan,Branch,2024-07-28,2664000.0,120,15.28,0,Current,2054345.0
L203237,C104473,Education Loan,Branch,2025-06-01,674000.0,24,11.86,59,Delinquent,342387.0
L203238,C102821,Education Loan,Partner,2025-10-09,897000.0,84,11.66,13,Delinquent,801596.0
L203239,C104761,Education Loan,Partner,2025-08-05,112000.0,36,11.03,18,Delinquent,71512.0
L203240,C104521,Personal Loan,DSA,2024-08-05,803000.0,120,15.28,14,Delinquent,666967.0
L203241,C102935,Home Loan,Digital,2023-04-03,1216000.0,12,11.32,164,NPL,148261.0
L203242,C100590,Personal Loan,Branch,2023-04-06,134000.0,120,17.43,60,Delinquent,83529.0
L203243,C104498,Auto Loan,DSA,2024-03-02,1084000.0,48,10.55,1,Delinquent,439153.0
L203244,C103208,Education Loan,Branch,2024-01-01,159000.0,12,12.7,14,Delinquent,12720.0
L203245,C100706,Business Loan,Branch,2025-11-30,2378000.0,48,12.9,49,Delinquent,1951212.0
L203246,C104201,Business Loan,DSA,2024-06-19,1836000.0,24,10.88,4,Delinquent,179992.0
L203247,C101994,Personal Loan,Branch,2026-04-11,549000.0,48,16.66,14,Delinquent,518816.0
L203248,C103935,Home Loan,DSA,2023-12-04,1517000.0,84,9.14,5,Delinquent,918834.0
L203249,C101309,Personal Loan,DSA,2026-03-06,645000.0,12,14.79,0,Current,374333.0
L203250,C100050,Auto Loan,DSA,2024-02-10,1347000.0,84,9.87,13,Delinquent,770171.0
L203251,C102270,Personal Loan,DSA,2026-04-14,136000.0,84,14.87,0,Current,136000.0
L203252,C102262,Business Loan,Digital,2024-08-23,1257000.0,12,17.73,25,Delinquent,170251.0
L203253,C104319,Home Loan,Digital,2023-01-23,5052000.0,84,9.27,6,Delinquent,2397279.0
L203254,C100577,Auto Loan,DSA,2026-02-04,1234000.0,120,10.84,0,Current,1067571.0
L203255,C104566,Business Loan,DSA,2023-09-04,623000.0,60,12.96,1,Delinquent,294404.0
L203256,C100765,Personal Loan,Partner,2025-08-23,315000.0,36,18.33,7,Delinquent,210242.0
L203257,C104673,Auto Loan,Partner,2025-09-10,850000.0,24,14.99,15,Delinquent,452447.0
L203258,C103532,Business Loan,DSA,2023-09-03,725000.0,120,14.92,10,Delinquent,567647.0
L203259,C101800,Education Loan,Partner,2024-11-13,764000.0,84,12.97,14,Delinquent,542110.0
L203260,C104783,Personal Loan,Branch,2025-07-31,406000.0,12,13.53,15,Delinquent,62275.0
L203261,C101796,Auto Loan,Partner,2026-02-09,1311000.0,24,10.56,2,Delinquent,1057936.0
L203262,C103171,Home Loan,Partner,2024-04-18,3914000.0,60,8.89,60,Delinquent,2128868.0
L203263,C100081,Personal Loan,Branch,2024-05-07,761000.0,60,19.58,4,Delinquent,415238.0
L203264,C100512,Personal Loan,Digital,2025-09-05,56000.0,120,18.82,14,Delinquent,52074.0
L203265,C101767,Auto Loan,Digital,2024-08-12,416000.0,60,12.11,0,Current,258649.0
L203266,C101220,Personal Loan,DSA,2025-01-10,86000.0,60,13.53,176,NPL,57998.0
L203267,C101138,Auto Loan,Branch,2023-05-19,369000.0,36,12.01,26,Delinquent,66202.0
L203268,C101895,Personal Loan,Digital,2025-03-25,852000.0,12,14.9,6,Delinquent,170474.0
L203269,C103044,Personal Loan,Digital,2024-02-05,67000.0,24,13.98,5,Delinquent,9221.0
L203270,C100627,Business Loan,Digital,2024-03-10,2406000.0,12,15.8,127,NPL,450124.0
L203271,C103761,Personal Loan,Partner,2025-12-17,477000.0,120,17.08,91,NPL,477000.0
L203272,C104240,Personal Loan,Digital,2025-05-05,268000.0,60,19.59,50,Delinquent,211895.0
L203273,C104179,Personal Loan,Digital,2024-10-30,153000.0,36,13.04,2,Delinquent,61946.0
L203274,C100973,Personal Loan,Partner,2024-11-09,280000.0,84,16.39,11,Delinquent,196805.0
L203275,C104403,Home Loan,Branch,2025-10-24,2433000.0,60,8.3,12,Delinquent,1995449.0
L203276,C100648,Business Loan,Branch,2025-01-12,2789000.0,84,10.66,5,Delinquent,2052056.0
L203277,C100535,Auto Loan,Branch,2023-09-09,740000.0,12,10.89,51,Delinquent,97316.0
L203278,C103629,Personal Loan,Partner,2024-10-18,867000.0,60,15.43,6,Delinquent,609759.0
L203279,C103803,Personal Loan,Partner,2025-01-20,588000.0,12,12.21,12,Delinquent,124973.0
L203280,C100635,Business Loan,Digital,2023-03-08,1624000.0,36,11.39,2,Delinquent,397606.0
L203281,C102079,Personal Loan,Branch,2023-06-09,117000.0,36,18.79,12,Delinquent,13146.0
L203282,C102052,Personal Loan,Digital,2024-07-23,645000.0,12,12.2,2,Delinquent,91526.0
L203283,C103614,Personal Loan,Digital,2024-11-21,618000.0,120,18.2,4,Delinquent,459155.0
L203284,C102578,Business Loan,Digital,2023-03-03,1460000.0,60,13.44,58,Delinquent,521347.0
L203285,C103004,Auto Loan,Branch,2024-06-28,1610000.0,84,14.82,3,Delinquent,1269764.0
L203286,C100402,Personal Loan,Branch,2023-07-22,662000.0,48,13.39,14,Delinquent,120130.0
L203287,C104885,Personal Loan,Partner,2025-03-11,222000.0,48,11.48,2,Delinquent,166799.0
L203288,C102779,Business Loan,Digital,2024-07-24,1477000.0,24,15.48,2,Delinquent,244079.0
L203289,C103344,Personal Loan,Branch,2023-04-23,676000.0,24,13.94,24,Delinquent,130056.0
L203290,C102401,Home Loan,Partner,2024-05-02,2975000.0,120,10.4,3,Delinquent,2127631.0
L203291,C101232,Business Loan,Digital,2026-01-22,869000.0,120,10.75,2,Delinquent,851540.0
L203292,C103343,Personal Loan,DSA,2023-02-27,53000.0,48,15.04,105,NPL,11279.0
L203293,C101443,Personal Loan,Branch,2024-04-30,508000.0,120,12.74,15,Delinquent,374479.0
L203294,C101096,Auto Loan,Partner,2023-06-14,1783000.0,84,12.65,9,Delinquent,1014970.0
L203295,C102763,Auto Loan,Branch,2025-12-18,1503000.0,84,13.08,1,Delinquent,1392510.0
L203296,C101784,Home Loan,Partner,2024-07-12,4829000.0,60,8.72,133,NPL,2834381.0
L203297,C104472,Home Loan,DSA,2025-01-22,2691000.0,36,9.94,5,Delinquent,1499178.0
L203298,C103299,Home Loan,Branch,2026-03-07,3833000.0,24,8.24,72,Delinquent,3057763.0
L203299,C101868,Home Loan,Branch,2023-03-02,3209000.0,48,9.68,10,Delinquent,614755.0
L203300,C100178,Personal Loan,DSA,2024-08-06,447000.0,120,19.82,9,Delinquent,382343.0
L203301,C101706,Personal Loan,Branch,2023-03-22,776000.0,12,19.82,7,Delinquent,62080.0
L203302,C100579,Personal Loan,Branch,2025-07-16,447000.0,60,14.13,77,Delinquent,351678.0
L203303,C101096,Home Loan,DSA,2024-12-05,2618000.0,48,8.24,4,Delinquent,1452346.0
L203304,C101418,Home Loan,Branch,2024-06-15,5579000.0,60,9.97,50,Delinquent,3068320.0
L203305,C103263,Auto Loan,Digital,2023-12-16,998000.0,60,10.98,6,Delinquent,432520.0
L203306,C100532,Auto Loan,Digital,2023-08-19,952000.0,48,12.82,39,Delinquent,217110.0
L203307,C100811,Education Loan,Branch,2026-01-01,556000.0,60,10.93,2,Delinquent,440250.0
L203308,C100198,Auto Loan,Digital,2023-01-26,668000.0,84,14.6,173,NPL,307549.0
L203309,C104586,Auto Loan,Branch,2023-06-04,935000.0,24,10.51,7,Delinquent,86921.0
L203310,C104937,Personal Loan,Partner,2024-03-26,138000.0,120,15.23,11,Delinquent,99787.0
L203311,C101491,Business Loan,Branch,2024-04-15,1296000.0,48,12.8,45,Delinquent,588036.0
L203312,C102279,Home Loan,DSA,2026-01-08,1850000.0,36,8.43,1,Delinquent,1621081.0
L203313,C101506,Business Loan,DSA,2024-01-09,2025000.0,120,12.55,12,Delinquent,1545266.0
L203314,C102669,Education Loan,DSA,2024-01-25,1192000.0,84,10.04,5,Delinquent,786969.0
L203315,C102756,Personal Loan,Branch,2023-10-08,539000.0,24,13.46,2,Delinquent,59231.0
L203316,C101275,Education Loan,Branch,2024-03-18,587000.0,12,12.2,11,Delinquent,65605.0
L203317,C103225,Auto Loan,Digital,2023-11-20,1655000.0,84,9.77,169,NPL,1004862.0
L203318,C100039,Auto Loan,DSA,2025-04-11,1418000.0,36,11.4,102,NPL,789251.0
L203319,C103222,Home Loan,DSA,2025-08-16,3093000.0,120,10.2,5,Delinquent,2886801.0
L203320,C103754,Personal Loan,Branch,2025-06-03,875000.0,120,21.42,12,Delinquent,791521.0
L203321,C100265,Business Loan,DSA,2025-08-22,419000.0,12,17.39,30,Delinquent,71743.0
L203322,C103619,Personal Loan,Branch,2024-12-31,886000.0,60,12.73,9,Delinquent,683637.0
L203323,C103688,Auto Loan,Digital,2025-04-05,467000.0,48,10.31,67,Delinquent,310826.0
L203324,C104863,Personal Loan,Digital,2024-02-10,243000.0,12,12.63,3,Delinquent,44482.0
L203325,C104031,Personal Loan,Branch,2026-04-10,276000.0,36,21.77,9,Delinquent,268606.0
L203326,C100106,Auto Loan,Partner,2026-02-08,949000.0,36,11.91,14,Delinquent,810042.0
L203327,C100409,Business Loan,Digital,2023-03-11,674000.0,60,11.64,15,Delinquent,205436.0
L203328,C100686,Business Loan,Branch,2024-02-28,2216000.0,84,16.13,14,Delinquent,1309186.0
L203329,C102909,Auto Loan,Branch,2025-04-11,1735000.0,24,14.11,9,Delinquent,479689.0
L203330,C103561,Auto Loan,DSA,2023-12-17,1240000.0,36,11.92,46,Delinquent,235692.0
L203331,C103291,Education Loan,DSA,2024-09-07,277000.0,36,8.91,4,Delinquent,102572.0
L203332,C101651,Home Loan,Branch,2025-10-08,2971000.0,24,10.42,10,Delinquent,1863564.0
L203333,C101005,Auto Loan,Branch,2025-11-28,1119000.0,120,10.91,6,Delinquent,1033117.0
L203334,C100319,Business Loan,Digital,2026-01-27,2879000.0,84,16.73,13,Delinquent,2571389.0
L203335,C101871,Business Loan,Digital,2025-02-18,1235000.0,12,16.48,42,Delinquent,120712.0
L203336,C101505,Business Loan,Branch,2026-02-21,713000.0,24,13.02,15,Delinquent,561127.0
L203337,C101519,Home Loan,Digital,2025-02-18,5540000.0,24,8.86,13,Delinquent,1332313.0
L203338,C100439,Home Loan,Digital,2024-10-01,5475000.0,24,8.4,76,Delinquent,674512.0
L203339,C101457,Auto Loan,Branch,2023-08-29,206000.0,24,13.48,53,Delinquent,51580.0
L203340,C104189,Auto Loan,Digital,2025-11-09,393000.0,60,11.59,9,Delinquent,359447.0
L203341,C101205,Auto Loan,Branch,2023-11-06,1053000.0,84,12.38,11,Delinquent,609293.0
L203342,C104385,Personal Loan,Branch,2023-08-09,870000.0,60,14.81,10,Delinquent,389380.0
L203343,C100433,Personal Loan,Partner,2025-07-06,685000.0,60,11.45,54,Delinquent,520765.0
L203344,C103185,Home Loan,Branch,2025-12-02,5635000.0,12,10.74,8,Delinquent,2068471.0
L203345,C100540,Personal Loan,Branch,2026-03-17,456000.0,12,17.36,15,Delinquent,300457.0
L203346,C101928,Home Loan,Partner,2025-06-28,2365000.0,48,9.28,52,Delinquent,1442218.0
L203347,C104769,Personal Loan,Partner,2026-02-26,131000.0,60,19.81,43,Delinquent,118658.0
L203348,C103844,Personal Loan,DSA,2024-04-24,615000.0,12,19.73,84,Delinquent,99772.0
L203349,C102569,Business Loan,Branch,2023-05-08,755000.0,84,15.71,11,Delinquent,379868.0
L203350,C103158,Auto Loan,Digital,2023-10-22,1678000.0,120,14.24,155,NPL,1169110.0
L203351,C103302,Business Loan,DSA,2023-07-11,747000.0,60,15.37,10,Delinquent,275463.0
L203352,C103960,Personal Loan,DSA,2025-06-30,736000.0,84,21.02,54,Delinquent,612469.0
L203353,C102965,Personal Loan,Branch,2024-05-22,404000.0,84,16.23,0,Current,255200.0
L203354,C102555,Personal Loan,Digital,2024-05-31,328000.0,84,20.58,7,Delinquent,221930.0
L203355,C100379,Personal Loan,Branch,2026-01-10,300000.0,48,14.84,79,Delinquent,242599.0
L203356,C104792,Personal Loan,Digital,2026-03-20,794000.0,84,13.11,15,Delinquent,762998.0
L203357,C102831,Home Loan,Branch,2023-06-24,3173000.0,12,8.33,6,Delinquent,267028.0
L203358,C101451,Personal Loan,Digital,2025-10-22,734000.0,24,19.77,0,Current,399321.0
L203359,C100675,Business Loan,Digital,2025-02-05,1570000.0,48,12.1,4,Delinquent,1106564.0
L203360,C103021,Home Loan,Partner,2025-08-06,4529000.0,12,9.57,11,Delinquent,970903.0
L203361,C103913,Personal Loan,Partner,2026-02-13,701000.0,48,20.84,40,Delinquent,665662.0
L203362,C104041,Business Loan,DSA,2024-02-05,2281000.0,48,10.76,152,NPL,898268.0
L203363,C104430,Home Loan,Branch,2025-08-26,1267000.0,48,11.35,7,Delinquent,1016138.0
L203364,C104470,Personal Loan,Partner,2025-05-03,791000.0,60,19.72,14,Delinquent,692152.0
L203365,C103116,Auto Loan,Branch,2025-03-01,1170000.0,36,11.23,8,Delinquent,498418.0
L203366,C104734,Auto Loan,Branch,2025-06-26,1650000.0,120,11.83,1,Delinquent,1504378.0
L203367,C100371,Auto Loan,Digital,2025-07-10,275000.0,12,9.67,2,Delinquent,61355.0
L203368,C101976,Education Loan,DSA,2024-05-06,921000.0,24,12.72,13,Delinquent,87006.0
L203369,C102420,Personal Loan,Branch,2026-01-16,539000.0,120,14.99,54,Delinquent,498405.0
L203370,C103497,Home Loan,Branch,2023-04-24,1786000.0,120,8.44,27,Delinquent,1108972.0
L203371,C101496,Business Loan,Branch,2023-08-13,1643000.0,120,16.41,10,Delinquent,1055818.0
L203372,C101451,Auto Loan,Digital,2025-06-01,573000.0,12,9.24,2,Delinquent,45840.0
L203373,C104517,Education Loan,DSA,2024-07-07,902000.0,48,12.12,1,Delinquent,444268.0
L203374,C103247,Business Loan,Digital,2023-12-20,390000.0,36,16.7,8,Delinquent,78856.0
L203375,C103176,Home Loan,Digital,2024-09-03,1757000.0,12,10.92,125,NPL,297947.0
L203376,C100922,Auto Loan,DSA,2023-06-09,1614000.0,36,9.32,6,Delinquent,218830.0
L203377,C102502,Home Loan,Digital,2023-01-03,3734000.0,12,8.32,9,Delinquent,559506.0
L203378,C102108,Personal Loan,Digital,2023-02-21,643000.0,36,16.28,3,Delinquent,92546.0
L203379,C103103,Home Loan,Digital,2025-12-07,4772000.0,60,9.4,3,Delinquent,4491994.0
L203380,C104602,Personal Loan,DSA,2024-01-28,369000.0,84,12.18,15,Delinquent,226705.0
L203381,C101393,Auto Loan,DSA,2025-12-21,1119000.0,12,14.85,23,Delinquent,469150.0
L203382,C104055,Auto Loan,Branch,2024-09-03,591000.0,48,12.36,6,Delinquent,409580.0
L203383,C103169,Education Loan,Partner,2024-01-01,524000.0,36,10.61,6,Delinquent,83428.0
L203384,C102483,Personal Loan,Digital,2023-02-16,405000.0,84,15.92,6,Delinquent,169730.0
L203385,C104751,Home Loan,Partner,2023-05-10,3689000.0,24,9.67,8,Delinquent,998705.0
L203386,C100735,Home Loan,Digital,2024-11-07,2660000.0,120,8.95,2,Delinquent,2044489.0
L203387,C103392,Home Loan,Digital,2025-01-08,5732000.0,24,8.17,2,Delinquent,1511663.0
L203388,C101993,Personal Loan,Branch,2025-12-10,411000.0,48,13.42,1,Delinquent,361807.0
L203389,C103411,Home Loan,Digital,2023-08-21,5878000.0,84,8.74,14,Delinquent,3260822.0
L203390,C100694,Auto Loan,Digital,2024-12-18,1588000.0,36,14.08,6,Delinquent,641529.0
L203391,C103682,Personal Loan,Partner,2023-04-13,772000.0,84,12.9,3,Delinquent,462123.0
L203392,C100343,Auto Loan,Partner,2024-09-21,1092000.0,12,12.06,5,Delinquent,151321.0
L203393,C101745,Personal Loan,Digital,2023-07-31,464000.0,120,15.58,11,Delinquent,291681.0
L203394,C104533,Personal Loan,Partner,2023-10-06,123000.0,84,13.9,172,NPL,78572.0
L203395,C103164,Business Loan,Partner,2024-05-13,670000.0,24,11.42,13,Delinquent,117069.0
L203396,C102458,Personal Loan,Partner,2024-06-11,245000.0,120,21.04,8,Delinquent,170382.0
L203397,C101656,Personal Loan,Digital,2023-05-20,318000.0,84,18.31,5,Delinquent,184825.0
L203398,C100447,Education Loan,Branch,2024-12-21,705000.0,24,10.52,0,Current,139021.0
L203399,C100556,Personal Loan,Partner,2024-04-25,876000.0,36,19.85,8,Delinquent,239900.0
L203400,C103584,Home Loan,Digital,2025-11-04,3801000.0,120,10.41,6,Delinquent,3801000.0
L203401,C101371,Home Loan,Digital,2024-12-31,4631000.0,36,9.08,1,Delinquent,1922748.0
L203402,C100371,Auto Loan,Digital,2025-11-24,189000.0,120,13.07,7,Delinquent,178285.0
L203403,C102192,Auto Loan,Branch,2023-01-21,464000.0,24,12.98,59,Delinquent,68693.0
L203404,C101981,Auto Loan,Branch,2024-06-26,593000.0,60,12.91,9,Delinquent,363931.0
L203405,C104790,Education Loan,Branch,2025-10-05,523000.0,24,8.99,11,Delinquent,289313.0
L203406,C101152,Home Loan,Digital,2023-08-09,3307000.0,60,8.78,43,Delinquent,1375263.0
L203407,C101338,Home Loan,Digital,2023-09-23,2619000.0,84,10.36,69,Delinquent,1720106.0
L203408,C100824,Education Loan,Digital,2025-04-28,537000.0,84,9.72,6,Delinquent,491310.0
L203409,C100942,Personal Loan,Branch,2023-01-22,96000.0,36,15.73,13,Delinquent,16837.0
L203410,C102668,Education Loan,Branch,2026-02-14,665000.0,120,10.01,37,Delinquent,594702.0
L203411,C101115,Education Loan,Digital,2026-02-04,1188000.0,36,12.72,6,Delinquent,1058934.0
L203412,C103599,Education Loan,Branch,2026-02-23,1041000.0,60,9.84,20,Delinquent,864393.0
L203413,C104088,Personal Loan,Partner,2025-07-24,173000.0,120,19.47,5,Delinquent,138027.0
L203414,C102436,Auto Loan,Digital,2026-04-09,1265000.0,12,12.48,6,Delinquent,817528.0
L203415,C101198,Business Loan,Digital,2026-03-14,2720000.0,60,16.6,177,NPL,2377340.0
L203416,C104105,Personal Loan,Digital,2023-10-30,321000.0,84,13.51,13,Delinquent,196703.0
L203417,C104832,Auto Loan,Digital,2023-07-05,1166000.0,36,14.38,7,Delinquent,235792.0
L203418,C104587,Personal Loan,Branch,2025-10-01,576000.0,36,17.53,6,Delinquent,427743.0
L203419,C104601,Personal Loan,DSA,2024-06-29,296000.0,84,16.95,27,Delinquent,179700.0
L203420,C104036,Business Loan,Branch,2023-03-04,2810000.0,48,10.92,47,Delinquent,224800.0
L203421,C103692,Education Loan,Digital,2024-06-19,1072000.0,12,9.59,14,Delinquent,151968.0
L203422,C104783,Personal Loan,Digital,2023-01-19,60000.0,60,17.71,146,NPL,16870.0
L203423,C101698,Personal Loan,Digital,2024-11-24,527000.0,120,16.93,15,Delinquent,459337.0
L203424,C104646,Auto Loan,DSA,2025-03-19,1195000.0,36,9.12,4,Delinquent,689956.0
L203425,C100103,Personal Loan,DSA,2023-02-28,486000.0,84,20.52,2,Delinquent,257555.0
L203426,C104163,Auto Loan,Digital,2023-05-24,479000.0,12,11.86,5,Delinquent,49436.0
L203427,C101671,Auto Loan,Branch,2025-12-21,532000.0,12,10.93,148,NPL,127516.0
L203428,C101464,Home Loan,DSA,2024-04-11,1410000.0,48,9.3,34,Delinquent,498258.0
L203429,C103377,Business Loan,Digital,2023-03-02,1425000.0,24,11.32,9,Delinquent,305432.0
L203430,C100872,Personal Loan,Digital,2023-01-15,430000.0,48,12.96,176,NPL,120427.0
L203431,C104970,Personal Loan,Digital,2024-04-24,197000.0,36,13.11,4,Delinquent,27884.0
L203432,C103636,Business Loan,Digital,2023-04-15,1396000.0,120,17.64,5,Delinquent,830721.0
L203433,C100096,Personal Loan,DSA,2023-06-11,859000.0,36,16.27,128,NPL,197104.0
L203434,C104228,Personal Loan,Digital,2023-09-08,248000.0,12,14.5,9,Delinquent,38076.0
L203435,C100540,Auto Loan,Partner,2025-04-22,563000.0,24,11.56,5,Delinquent,223941.0
L203436,C104116,Personal Loan,DSA,2024-10-27,280000.0,120,12.07,0,Current,212583.0
L203437,C104065,Home Loan,Digital,2025-07-19,1878000.0,48,8.35,14,Delinquent,1378949.0
L203438,C103219,Business Loan,Branch,2024-02-03,899000.0,48,17.07,4,Delinquent,414077.0
L203439,C103003,Personal Loan,Branch,2023-04-05,712000.0,84,20.04,2,Delinquent,363486.0
L203440,C104150,Home Loan,Branch,2024-11-07,3801000.0,24,9.9,106,NPL,560046.0
L203441,C104253,Personal Loan,Branch,2026-03-05,476000.0,84,14.47,0,Current,466422.0
L203442,C103536,Auto Loan,Branch,2025-02-17,156000.0,36,13.86,10,Delinquent,91665.0
L203443,C100855,Personal Loan,Digital,2023-10-21,86000.0,84,13.4,11,Delinquent,53711.0
L203444,C103327,Business Loan,Branch,2023-01-05,958000.0,12,13.92,4,Delinquent,165059.0
L203445,C101008,Personal Loan,Branch,2023-04-07,755000.0,36,20.45,13,Delinquent,87791.0
L203446,C100233,Business Loan,Digital,2025-10-14,659000.0,48,15.69,11,Delinquent,551420.0
L203447,C100759,Business Loan,DSA,2023-12-16,1770000.0,48,11.45,3,Delinquent,645091.0
L203448,C102303,Business Loan,Branch,2023-03-11,2279000.0,120,12.81,14,Delinquent,1587968.0
L203449,C104819,Auto Loan,Partner,2024-02-11,458000.0,36,9.15,7,Delinquent,99378.0
L203450,C100170,Personal Loan,Partner,2025-11-13,444000.0,84,11.73,46,Delinquent,422098.0
L203451,C100371,Home Loan,Partner,2024-05-22,1456000.0,120,10.34,5,Delinquent,1170580.0
L203452,C100462,Home Loan,Digital,2026-03-17,1492000.0,36,10.14,29,Delinquent,1251816.0
L203453,C100953,Personal Loan,DSA,2024-08-25,351000.0,84,14.88,2,Delinquent,267641.0
L203454,C102706,Home Loan,Digital,2025-12-20,4087000.0,36,10.81,8,Delinquent,3476138.0
L203455,C104107,Auto Loan,DSA,2023-08-30,1018000.0,48,12.26,14,Delinquent,282017.0
L203456,C100238,Home Loan,Branch,2024-10-12,3269000.0,36,10.66,36,Delinquent,1221508.0
L203457,C104023,Education Loan,Branch,2024-07-25,512000.0,36,8.68,6,Delinquent,175015.0
L203458,C104567,Auto Loan,Partner,2025-07-12,1267000.0,12,14.71,15,Delinquent,154755.0
L203459,C100397,Home Loan,Digital,2023-06-11,2108000.0,84,9.08,9,Delinquent,1067994.0
L203460,C102252,Home Loan,Branch,2023-07-27,3070000.0,24,8.68,4,Delinquent,481876.0
L203461,C104074,Auto Loan,Branch,2023-09-25,726000.0,84,11.76,1,Delinquent,430278.0
L203462,C103500,Home Loan,Digital,2026-01-29,1961000.0,84,8.92,13,Delinquent,1741252.0
L203463,C100926,Personal Loan,DSA,2025-12-12,570000.0,120,15.3,35,Delinquent,551631.0
L203464,C100739,Home Loan,Partner,2023-01-28,4879000.0,60,10.28,23,Delinquent,1511885.0
L203465,C102229,Auto Loan,Branch,2024-05-20,1407000.0,24,14.25,0,Current,143404.0
L203466,C104238,Personal Loan,Branch,2024-10-23,495000.0,36,19.01,15,Delinquent,214228.0
L203467,C104744,Personal Loan,Branch,2025-12-06,259000.0,84,17.43,120,NPL,229385.0
L203468,C102391,Personal Loan,DSA,2024-07-07,434000.0,24,15.17,12,Delinquent,91360.0
L203469,C102648,Personal Loan,Digital,2025-07-15,772000.0,84,15.14,14,Delinquent,614640.0
L203470,C102794,Personal Loan,DSA,2025-08-14,66000.0,84,19.49,7,Delinquent,56656.0
L203471,C102451,Business Loan,Digital,2024-09-06,878000.0,60,16.5,7,Delinquent,544436.0
L203472,C103243,Auto Loan,Branch,2025-06-13,1627000.0,12,13.52,158,NPL,252941.0
L203473,C101369,Personal Loan,Branch,2023-03-26,511000.0,48,11.04,6,Delinquent,125850.0
L203474,C102700,Education Loan,Branch,2024-02-01,1162000.0,24,9.16,7,Delinquent,228244.0
L203475,C103065,Auto Loan,DSA,2025-10-21,1445000.0,120,11.48,21,Delinquent,1356587.0
L203476,C102816,Personal Loan,Digital,2023-07-16,572000.0,36,16.64,3,Delinquent,88947.0
L203477,C104875,Business Loan,Partner,2024-09-04,779000.0,48,17.7,2,Delinquent,442314.0
L203478,C103723,Business Loan,Branch,2025-08-11,386000.0,120,12.74,1,Delinquent,323377.0
L203479,C103672,Home Loan,Partner,2024-09-11,1310000.0,12,10.99,91,NPL,257788.0
L203480,C104033,Personal Loan,Branch,2026-03-18,122000.0,84,11.11,11,Delinquent,113140.0
L203481,C102639,Business Loan,Branch,2025-10-21,922000.0,24,12.99,5,Delinquent,508123.0
L203482,C101531,Personal Loan,Branch,2023-04-28,619000.0,12,19.51,13,Delinquent,99310.0
L203483,C102679,Home Loan,Branch,2024-09-27,1911000.0,24,9.73,87,Delinquent,256225.0
L203484,C104611,Business Loan,Branch,2025-05-29,2260000.0,48,13.91,9,Delinquent,1691315.0
L203485,C104397,Business Loan,Branch,2025-06-17,2578000.0,24,13.72,13,Delinquent,1085987.0
L203486,C101770,Auto Loan,Digital,2024-09-10,1608000.0,84,10.09,9,Delinquent,1243813.0
L203487,C102416,Personal Loan,DSA,2024-04-26,861000.0,12,17.9,99,NPL,155283.0
L203488,C101362,Personal Loan,DSA,2024-01-10,780000.0,48,20.29,74,Delinquent,256899.0
L203489,C100061,Business Loan,DSA,2024-03-02,2898000.0,12,17.82,104,NPL,331233.0
L203490,C101558,Auto Loan,DSA,2023-01-18,992000.0,48,11.52,50,Delinquent,188750.0
L203491,C100506,Business Loan,Partner,2025-10-28,2954000.0,84,12.06,5,Delinquent,2700919.0
L203492,C101793,Personal Loan,Branch,2025-05-18,705000.0,120,12.93,4,Delinquent,608877.0
L203493,C100269,Education Loan,Partner,2023-12-11,724000.0,84,10.24,47,Delinquent,478028.0
L203494,C101585,Personal Loan,Digital,2023-06-08,87000.0,84,11.53,5,Delinquent,44564.0
L203495,C103573,Personal Loan,Digital,2024-09-20,487000.0,84,19.6,5,Delinquent,356920.0
L203496,C104219,Business Loan,Digital,2025-10-17,2617000.0,48,15.01,35,Delinquent,1992501.0
L203497,C104438,Home Loan,Branch,2026-04-08,2015000.0,120,11.36,12,Delinquent,1925421.0
L203498,C102806,Auto Loan,Branch,2023-11-14,844000.0,24,13.73,21,Delinquent,144169.0
L203499,C102732,Auto Loan,Digital,2024-06-09,551000.0,48,10.35,59,Delinquent,215565.0
L203500,C104839,Business Loan,DSA,2024-12-11,394000.0,24,16.99,156,NPL,78979.0
L203501,C102779,Personal Loan,Partner,2024-12-14,57000.0,24,19.98,40,Delinquent,11494.0
L203502,C100420,Personal Loan,Branch,2023-12-08,277000.0,24,21.21,6,Delinquent,56559.0
L203503,C104680,Auto Loan,Branch,2025-09-06,1599000.0,84,9.99,33,Delinquent,1494280.0
L203504,C103070,Business Loan,Digital,2025-04-22,1426000.0,60,13.0,172,NPL,1110645.0
L203505,C103334,Education Loan,Digital,2025-09-24,656000.0,48,10.71,1,Delinquent,540643.0
L203506,C100481,Home Loan,Branch,2023-05-21,4365000.0,48,10.58,15,Delinquent,570518.0
L203507,C102349,Auto Loan,Digital,2025-03-21,539000.0,36,13.0,4,Delinquent,309844.0
L203508,C102295,Home Loan,DSA,2024-02-16,4810000.0,60,10.78,8,Delinquent,2740833.0
L203509,C104074,Personal Loan,Branch,2025-07-04,883000.0,24,14.16,6,Delinquent,458778.0
L203510,C101914,Personal Loan,Branch,2024-09-02,708000.0,24,18.95,14,Delinquent,125045.0
L203511,C101716,Personal Loan,Branch,2024-09-14,164000.0,36,19.44,10,Delinquent,69528.0
L203512,C103404,Personal Loan,Digital,2024-12-03,440000.0,48,19.21,2,Delinquent,299867.0
L203513,C100078,Personal Loan,Branch,2023-09-24,706000.0,60,17.76,5,Delinquent,285571.0
L203514,C103728,Personal Loan,Digital,2024-11-26,717000.0,60,19.59,3,Delinquent,515800.0
L203515,C100037,Business Loan,Partner,2025-11-23,2438000.0,12,17.76,18,Delinquent,853041.0
L203516,C101191,Personal Loan,Branch,2023-04-06,750000.0,120,11.83,12,Delinquent,469306.0
L203517,C102488,Business Loan,Branch,2023-07-20,2224000.0,84,11.24,6,Delinquent,1307049.0
L203518,C100969,Business Loan,Branch,2023-02-10,1121000.0,24,17.0,15,Delinquent,209749.0
L203519,C100177,Home Loan,Partner,2024-08-02,2183000.0,24,8.56,6,Delinquent,271823.0
L203520,C102098,Auto Loan,Digital,2023-10-12,665000.0,24,14.28,14,Delinquent,69502.0
L203521,C103536,Personal Loan,DSA,2024-12-09,286000.0,120,11.92,15,Delinquent,248963.0
L203522,C101210,Personal Loan,Partner,2023-02-15,616000.0,120,18.55,65,Delinquent,404683.0
L203523,C101371,Auto Loan,Partner,2023-05-09,1335000.0,36,12.97,28,Delinquent,172072.0
L203524,C103384,Auto Loan,Partner,2023-09-22,539000.0,12,13.71,14,Delinquent,43120.0
L203525,C104739,Home Loan,Branch,2025-02-28,3816000.0,36,8.85,12,Delinquent,2026017.0
L203526,C102589,Business Loan,Digital,2023-03-13,656000.0,48,16.07,39,Delinquent,86486.0
L203527,C102795,Auto Loan,Partner,2024-09-23,735000.0,120,11.09,7,Delinquent,554247.0
L203528,C104135,Home Loan,Digital,2024-09-24,3911000.0,120,10.93,12,Delinquent,3286293.0
L203529,C100331,Personal Loan,DSA,2024-01-17,203000.0,60,15.13,11,Delinquent,103300.0
L203530,C104907,Business Loan,Partner,2023-05-06,1584000.0,48,10.56,33,Delinquent,211025.0
L203531,C102380,Education Loan,Digital,2025-05-05,678000.0,48,9.13,9,Delinquent,433475.0
L203532,C101891,Auto Loan,DSA,2024-05-13,896000.0,60,12.91,6,Delinquent,450754.0
L203533,C103090,Business Loan,Digital,2024-12-18,1671000.0,12,14.21,10,Delinquent,289043.0
L203534,C104560,Home Loan,Branch,2025-07-12,4194000.0,24,11.25,0,Current,2125919.0
L203535,C104686,Personal Loan,Branch,2023-01-16,405000.0,60,11.35,5,Delinquent,71364.0
L203536,C103886,Business Loan,Digital,2025-07-15,956000.0,84,16.84,9,Delinquent,792959.0
L203537,C102419,Auto Loan,Partner,2023-04-15,414000.0,36,9.51,1,Delinquent,60840.0
L203538,C100746,Auto Loan,Partner,2024-11-05,1670000.0,120,13.25,13,Delinquent,1665972.0
L203539,C100952,Auto Loan,Branch,2023-04-19,158000.0,84,14.58,8,Delinquent,82931.0
L203540,C104180,Home Loan,DSA,2023-02-06,5014000.0,48,10.27,8,Delinquent,612399.0
L203541,C100626,Personal Loan,Branch,2024-05-10,158000.0,120,20.56,0,Current,131609.0
L203542,C102408,Auto Loan,Digital,2024-10-06,1628000.0,120,12.15,1,Delinquent,1229607.0
L203543,C102039,Personal Loan,Partner,2024-01-08,369000.0,48,18.24,1,Delinquent,102065.0
L203544,C103546,Personal Loan,Partner,2023-10-31,77000.0,12,13.7,6,Delinquent,14332.0
L203545,C101717,Personal Loan,Digital,2023-08-06,757000.0,60,20.02,12,Delinquent,317656.0
L203546,C103514,Personal Loan,Digital,2024-11-13,872000.0,84,16.82,5,Delinquent,618410.0
L203547,C102541,Business Loan,Digital,2024-04-25,805000.0,120,13.06,8,Delinquent,642922.0
L203548,C104430,Personal Loan,DSA,2025-12-26,577000.0,120,14.48,9,Delinquent,534248.0
L203549,C100935,Personal Loan,Branch,2024-06-05,274000.0,12,19.63,32,Delinquent,28119.0
L203550,C103806,Business Loan,Branch,2024-12-19,1324000.0,84,14.68,12,Delinquent,1103018.0
L203551,C103609,Business Loan,DSA,2026-02-22,395000.0,36,12.58,2,Delinquent,324479.0
L203552,C104124,Auto Loan,Branch,2026-02-02,679000.0,12,14.14,7,Delinquent,348264.0
L203553,C102452,Education Loan,Digital,2024-08-21,644000.0,48,12.86,4,Delinquent,375518.0
L203554,C101605,Auto Loan,Digital,2023-09-08,1474000.0,60,10.01,6,Delinquent,675938.0
L203555,C102586,Business Loan,Branch,2024-04-19,660000.0,60,10.77,5,Delinquent,331706.0
L203556,C104866,Home Loan,Branch,2023-11-18,5223000.0,12,8.23,14,Delinquent,1159802.0
L203557,C100975,Personal Loan,Branch,2024-08-07,81000.0,12,21.12,10,Delinquent,11036.0
L203558,C103308,Home Loan,Branch,2023-06-28,2308000.0,12,11.42,16,Delinquent,247529.0
L203559,C101122,Business Loan,Digital,2024-04-28,2441000.0,12,14.24,11,Delinquent,370887.0
L203560,C103869,Auto Loan,Digital,2023-04-04,920000.0,12,11.54,92,NPL,100920.0
L203561,C102118,Business Loan,Digital,2026-03-14,632000.0,24,11.95,4,Delinquent,478862.0
L203562,C104295,Auto Loan,DSA,2023-01-13,297000.0,24,12.34,12,Delinquent,32768.0
L203563,C100818,Auto Loan,DSA,2025-12-02,225000.0,84,13.17,0,Current,225000.0
L203564,C100619,Personal Loan,DSA,2026-01-18,791000.0,48,11.31,4,Delinquent,714773.0
L203565,C104754,Personal Loan,Digital,2026-02-25,399000.0,48,12.7,19,Delinquent,322944.0
L203566,C101683,Auto Loan,DSA,2024-06-26,687000.0,84,10.48,13,Delinquent,509095.0
L203567,C100425,Personal Loan,Branch,2025-07-16,433000.0,60,17.29,5,Delinquent,363397.0
L203568,C104180,Business Loan,Branch,2026-01-31,521000.0,24,14.55,26,Delinquent,363740.0
L203569,C102071,Personal Loan,Branch,2025-10-02,549000.0,120,18.67,10,Delinquent,492572.0
L203570,C104610,Personal Loan,DSA,2025-11-02,287000.0,12,20.67,0,Current,40209.0
L203571,C102190,Auto Loan,Digital,2024-08-10,335000.0,36,10.9,5,Delinquent,105467.0
L203572,C103781,Personal Loan,Partner,2025-06-11,297000.0,36,14.88,12,Delinquent,155092.0
L203573,C102894,Auto Loan,Branch,2023-09-11,1181000.0,24,12.78,83,Delinquent,188866.0
L203574,C102412,Personal Loan,Digital,2026-01-06,707000.0,36,15.97,6,Delinquent,626369.0
L203575,C102430,Personal Loan,Branch,2024-07-23,783000.0,24,11.09,164,NPL,153166.0
L203576,C101256,Auto Loan,DSA,2023-11-13,1788000.0,48,11.26,33,Delinquent,603518.0
L203577,C103684,Home Loan,Digital,2023-12-23,5056000.0,12,11.34,1,Delinquent,855233.0
L203578,C102626,Auto Loan,Digital,2025-10-24,1790000.0,48,13.81,58,Delinquent,1594771.0
L203579,C100008,Personal Loan,Digital,2023-08-19,676000.0,48,16.82,133,NPL,208133.0
L203580,C101987,Auto Loan,Branch,2025-03-26,1155000.0,120,9.3,8,Delinquent,892022.0
L203581,C102030,Home Loan,DSA,2023-11-28,5434000.0,24,10.63,39,Delinquent,800319.0
L203582,C104429,Personal Loan,DSA,2024-12-20,734000.0,24,15.45,13,Delinquent,94966.0
L203583,C102135,Auto Loan,Digital,2024-10-05,641000.0,60,13.05,5,Delinquent,442533.0
L203584,C102837,Auto Loan,Branch,2025-01-12,1509000.0,48,12.32,12,Delinquent,960500.0
L203585,C100415,Education Loan,DSA,2023-09-30,360000.0,60,12.06,39,Delinquent,138603.0
L203586,C101961,Business Loan,DSA,2025-12-23,2608000.0,84,13.45,56,Delinquent,2575190.0
L203587,C101421,Auto Loan,Partner,2025-11-28,1325000.0,48,10.42,6,Delinquent,1138128.0
L203588,C102493,Personal Loan,Branch,2026-01-19,160000.0,48,20.46,22,Delinquent,160000.0
L203589,C104493,Business Loan,Partner,2024-08-19,659000.0,36,13.82,11,Delinquent,201139.0
L203590,C104668,Auto Loan,Partner,2023-08-01,1306000.0,12,12.13,8,Delinquent,184135.0
L203591,C101435,Business Loan,Branch,2024-10-27,641000.0,36,10.89,32,Delinquent,216419.0
L203592,C103067,Auto Loan,DSA,2023-04-07,1288000.0,36,11.07,15,Delinquent,161967.0
L203593,C104772,Personal Loan,Branch,2025-04-27,98000.0,84,11.71,15,Delinquent,77058.0
L203594,C101145,Business Loan,Branch,2023-11-24,2872000.0,60,13.99,15,Delinquent,1365385.0
L203595,C102192,Business Loan,Digital,2023-08-26,2079000.0,24,13.13,140,NPL,245459.0
L203596,C102501,Personal Loan,Branch,2025-08-30,89000.0,24,21.64,111,NPL,46077.0
L203597,C100017,Auto Loan,Branch,2025-03-02,1423000.0,60,13.42,2,Delinquent,979406.0
L203598,C102329,Home Loan,Digital,2023-04-27,2219000.0,60,9.93,1,Delinquent,725488.0
L203599,C100607,Auto Loan,Partner,2025-11-13,860000.0,36,13.68,13,Delinquent,677644.0
L203600,C101553,Business Loan,Branch,2025-03-05,2373000.0,12,14.66,1,Delinquent,189840.0
L203601,C100578,Personal Loan,Branch,2023-11-20,606000.0,48,13.4,41,Delinquent,210581.0
L203602,C103682,Personal Loan,Branch,2024-04-24,517000.0,60,17.9,47,Delinquent,279970.0
L203603,C104174,Personal Loan,Branch,2024-07-03,664000.0,24,12.26,13,Delinquent,81871.0
L203604,C101342,Business Loan,Partner,2025-12-30,1932000.0,48,12.56,8,Delinquent,1639681.0
L203605,C100202,Personal Loan,Digital,2024-10-26,58000.0,120,12.03,5,Delinquent,48834.0
L203606,C102463,Auto Loan,DSA,2025-09-11,1608000.0,60,11.2,18,Delinquent,1397712.0
L203607,C100574,Business Loan,Digital,2023-02-08,2412000.0,84,14.14,10,Delinquent,1166030.0
L203608,C102206,Business Loan,Partner,2024-09-01,602000.0,12,12.15,14,Delinquent,133360.0
L203609,C102720,Personal Loan,Digital,2023-04-13,616000.0,120,17.02,58,Delinquent,461258.0
L203610,C102335,Personal Loan,Partner,2024-04-01,555000.0,120,15.6,4,Delinquent,427077.0
L203611,C102611,Education Loan,Digital,2024-10-22,638000.0,60,12.55,139,NPL,470281.0
L203612,C102834,Home Loan,Partner,2025-09-28,4889000.0,60,8.24,13,Delinquent,3730629.0
L203613,C100818,Personal Loan,Digital,2023-11-30,606000.0,24,14.66,3,Delinquent,60473.0
L203614,C103417,Personal Loan,Partner,2023-10-21,725000.0,60,12.77,175,NPL,353933.0
L203615,C103343,Business Loan,Branch,2025-10-18,539000.0,60,11.94,7,Delinquent,501564.0
L203616,C100715,Business Loan,Digital,2024-10-14,2792000.0,84,12.31,0,Current,1923657.0
L203617,C102170,Home Loan,Digital,2025-05-22,5558000.0,24,10.42,4,Delinquent,2442240.0
L203618,C101442,Personal Loan,Digital,2026-01-22,731000.0,12,21.58,9,Delinquent,399338.0
L203619,C101987,Auto Loan,Digital,2023-02-26,983000.0,48,9.01,4,Delinquent,114993.0
L203620,C103865,Personal Loan,Branch,2024-12-25,285000.0,24,13.13,5,Delinquent,39195.0
L203621,C102983,Business Loan,Partner,2023-04-01,1033000.0,120,13.26,15,Delinquent,693650.0
L203622,C104539,Personal Loan,Digital,2026-01-21,691000.0,24,16.5,9,Delinquent,480685.0
L203623,C102846,Personal Loan,Branch,2024-06-12,215000.0,24,13.03,7,Delinquent,17200.0
L203624,C100224,Personal Loan,DSA,2024-06-14,466000.0,24,16.0,14,Delinquent,90716.0
L203625,C103557,Personal Loan,DSA,2023-08-17,209000.0,120,12.35,14,Delinquent,146437.0
L203626,C100367,Home Loan,Branch,2025-01-25,5416000.0,12,8.28,37,Delinquent,670804.0
L203627,C101710,Auto Loan,Branch,2024-10-13,1685000.0,48,11.01,42,Delinquent,982020.0
L203628,C104670,Home Loan,Digital,2026-02-02,3463000.0,120,11.42,124,NPL,3281213.0
L203629,C104949,Auto Loan,DSA,2023-01-05,352000.0,36,14.22,106,NPL,72871.0
L203630,C100740,Personal Loan,Branch,2025-06-03,836000.0,36,12.66,48,Delinquent,532057.0
L203631,C104926,Home Loan,Branch,2026-02-21,2296000.0,60,10.37,60,Delinquent,1971511.0
L203632,C104897,Home Loan,DSA,2025-12-22,4073000.0,12,8.58,6,Delinquent,1780184.0
L203633,C104392,Auto Loan,Branch,2025-01-19,420000.0,48,10.69,2,Delinquent,279911.0
L203634,C104142,Personal Loan,Partner,2025-09-25,159000.0,60,15.91,11,Delinquent,130717.0
L203635,C100376,Business Loan,DSA,2023-02-20,1010000.0,36,14.6,8,Delinquent,239663.0
L203636,C100604,Personal Loan,Partner,2023-04-04,120000.0,36,19.29,12,Delinquent,19866.0
L203637,C103069,Personal Loan,Digital,2025-04-17,500000.0,24,18.77,46,Delinquent,189247.0
L203638,C100513,Personal Loan,Branch,2023-11-07,497000.0,24,20.99,14,Delinquent,74624.0
L203639,C101255,Auto Loan,Digital,2025-05-01,1096000.0,36,11.05,9,Delinquent,537335.0
L203640,C104887,Personal Loan,Branch,2025-06-08,843000.0,120,14.07,3,Delinquent,787115.0
L203641,C104553,Personal Loan,Branch,2025-03-12,424000.0,24,13.51,156,NPL,127889.0
L203642,C101275,Home Loan,Digital,2025-12-04,4214000.0,84,8.87,46,Delinquent,3555043.0
L203643,C102694,Personal Loan,Digital,2023-09-18,483000.0,36,14.81,1,Delinquent,84939.0
L203644,C102694,Personal Loan,Branch,2025-08-20,257000.0,60,20.12,14,Delinquent,213675.0
L203645,C101314,Auto Loan,Branch,2025-08-19,789000.0,84,10.5,46,Delinquent,687821.0
L203646,C101182,Auto Loan,Branch,2024-01-11,1464000.0,48,11.78,78,Delinquent,505880.0
L203647,C102186,Personal Loan,DSA,2023-09-01,624000.0,120,20.6,2,Delinquent,443037.0
L203648,C103004,Personal Loan,Branch,2025-01-15,686000.0,12,15.46,8,Delinquent,90902.0
L203649,C104022,Personal Loan,DSA,2025-12-01,192000.0,60,16.54,180,NPL,168125.0
L203650,C104201,Education Loan,DSA,2025-03-04,310000.0,48,11.9,7,Delinquent,192214.0
L203651,C100103,Business Loan,DSA,2023-05-22,930000.0,48,14.16,2,Delinquent,147704.0
L203652,C103285,Personal Loan,Partner,2024-06-08,256000.0,36,11.09,73,Delinquent,64730.0
L203653,C103081,Education Loan,Partner,2024-04-19,1181000.0,84,12.87,6,Delinquent,847788.0
L203654,C100234,Home Loan,Branch,2024-12-06,1238000.0,48,9.03,15,Delinquent,696880.0
L203655,C104174,Home Loan,Branch,2024-12-02,5281000.0,84,11.11,9,Delinquent,4032731.0
L203656,C102976,Education Loan,DSA,2026-03-29,590000.0,36,12.54,8,Delinquent,478006.0
L203657,C103595,Auto Loan,DSA,2025-10-07,363000.0,12,13.13,128,NPL,67958.0
L203658,C103306,Auto Loan,Branch,2024-10-15,888000.0,48,12.72,107,NPL,523687.0
L203659,C101672,Auto Loan,Partner,2023-06-20,813000.0,120,10.76,162,NPL,577904.0
L203660,C101005,Education Loan,Partner,2023-08-22,438000.0,48,9.76,14,Delinquent,96638.0
L203661,C101890,Personal Loan,Partner,2023-07-25,406000.0,120,20.78,111,NPL,287355.0
L203662,C103811,Personal Loan,Branch,2024-08-27,479000.0,12,11.82,175,NPL,59217.0
L203663,C103184,Home Loan,Digital,2023-07-04,3963000.0,60,10.81,4,Delinquent,1559832.0
L203664,C103135,Education Loan,Digital,2023-07-30,536000.0,24,11.97,4,Delinquent,58770.0
L203665,C100652,Personal Loan,Digital,2023-06-30,653000.0,12,13.23,5,Delinquent,135098.0
L203666,C100048,Personal Loan,Branch,2025-04-05,497000.0,48,16.09,154,NPL,362621.0
L203667,C103340,Home Loan,Branch,2023-12-05,2122000.0,60,9.19,118,NPL,962301.0
L203668,C104753,Personal Loan,Partner,2025-12-18,761000.0,120,15.64,2,Delinquent,689927.0
L203669,C101794,Auto Loan,Digital,2024-08-15,317000.0,48,11.25,0,Current,135873.0
L203670,C102228,Personal Loan,Digital,2025-03-22,310000.0,120,16.33,15,Delinquent,304028.0
L203671,C104790,Business Loan,Branch,2024-09-26,358000.0,60,14.61,8,Delinquent,232186.0
L203672,C101162,Business Loan,Partner,2025-11-19,702000.0,48,17.19,180,NPL,569005.0
L203673,C102610,Home Loan,Partner,2023-06-03,2668000.0,24,10.45,13,Delinquent,339058.0
L203674,C100431,Business Loan,DSA,2025-05-23,2199000.0,60,17.96,3,Delinquent,1551911.0
L203675,C101319,Personal Loan,Branch,2024-11-24,607000.0,120,21.16,0,Current,529669.0
L203676,C101873,Auto Loan,Branch,2024-06-08,499000.0,48,14.94,12,Delinquent,238458.0
L203677,C103428,Auto Loan,Digital,2025-04-18,339000.0,60,10.61,9,Delinquent,242005.0
L203678,C101539,Personal Loan,DSA,2024-10-07,740000.0,36,13.7,15,Delinquent,301266.0
L203679,C102303,Personal Loan,Partner,2025-01-22,258000.0,120,16.45,8,Delinquent,226407.0
L203680,C101490,Home Loan,Branch,2024-10-01,5474000.0,48,10.13,0,Current,3018564.0
L203681,C100706,Home Loan,Branch,2023-05-25,3131000.0,36,8.6,15,Delinquent,755477.0
L203682,C103967,Auto Loan,Digital,2024-04-15,847000.0,48,11.23,1,Delinquent,341052.0
L203683,C103365,Personal Loan,Digital,2026-03-10,91000.0,60,21.35,7,Delinquent,77097.0
L203684,C103230,Personal Loan,Digital,2023-04-22,350000.0,120,12.49,94,NPL,241062.0
L203685,C102915,Education Loan,Digital,2023-10-04,1055000.0,48,12.14,119,NPL,285501.0
L203686,C100666,Personal Loan,Partner,2025-04-22,873000.0,36,12.56,15,Delinquent,496515.0
L203687,C102577,Education Loan,Branch,2023-06-29,1182000.0,36,11.39,9,Delinquent,212148.0
L203688,C103541,Auto Loan,Digital,2023-02-26,1473000.0,24,14.89,6,Delinquent,144547.0
L203689,C102473,Auto Loan,Digital,2025-07-07,1600000.0,24,9.43,14,Delinquent,615381.0
L203690,C103618,Personal Loan,DSA,2023-09-02,519000.0,24,14.8,11,Delinquent,99242.0
L203691,C101646,Business Loan,DSA,2023-09-22,1742000.0,84,17.25,1,Delinquent,1038835.0
L203692,C102572,Business Loan,Partner,2024-06-28,491000.0,36,11.78,7,Delinquent,182562.0
L203693,C101904,Auto Loan,Digital,2025-10-11,509000.0,120,13.51,11,Delinquent,490263.0
L203694,C104979,Auto Loan,Branch,2026-03-30,175000.0,48,13.38,7,Delinquent,162166.0
L203695,C100896,Home Loan,DSA,2023-11-11,1562000.0,12,10.57,17,Delinquent,138271.0
L203696,C101418,Personal Loan,Partner,2024-01-04,858000.0,120,13.25,15,Delinquent,717643.0
L203697,C103406,Education Loan,Branch,2024-09-12,429000.0,60,9.93,0,Current,221943.0
L203698,C100293,Personal Loan,Branch,2025-08-11,233000.0,24,21.49,3,Delinquent,117477.0
L203699,C102564,Home Loan,Branch,2023-03-24,2887000.0,84,8.83,1,Delinquent,1327974.0
L203700,C100145,Personal Loan,Digital,2024-05-18,614000.0,12,11.92,21,Delinquent,93332.0
L203701,C102640,Business Loan,Digital,2023-05-05,1979000.0,12,14.17,42,Delinquent,316452.0
L203702,C101603,Auto Loan,Branch,2023-09-23,552000.0,24,11.87,11,Delinquent,60646.0
L203703,C100950,Auto Loan,Branch,2025-01-23,1762000.0,60,11.15,35,Delinquent,1124409.0
L203704,C102490,Personal Loan,Digital,2023-02-01,181000.0,60,20.78,11,Delinquent,48955.0
L203705,C101656,Personal Loan,Digital,2025-10-31,393000.0,36,18.95,7,Delinquent,294472.0
L203706,C100392,Personal Loan,Branch,2023-04-17,315000.0,120,15.36,9,Delinquent,218482.0
L203707,C102664,Education Loan,Digital,2025-09-14,831000.0,84,9.4,15,Delinquent,744772.0
L203708,C102829,Personal Loan,Branch,2024-05-15,298000.0,60,19.02,10,Delinquent,157150.0
L203709,C103310,Education Loan,Branch,2024-11-07,148000.0,12,11.04,14,Delinquent,16718.0
L203710,C104505,Personal Loan,Branch,2024-04-25,691000.0,84,16.71,4,Delinquent,513084.0
L203711,C103513,Business Loan,Branch,2024-03-17,2627000.0,12,12.85,51,Delinquent,210160.0
L203712,C103985,Auto Loan,Branch,2025-01-21,1489000.0,60,9.18,51,Delinquent,1083431.0
L203713,C103241,Business Loan,Branch,2024-01-16,2608000.0,24,12.78,163,NPL,296563.0
L203714,C103363,Auto Loan,Branch,2023-03-16,1158000.0,120,12.1,41,Delinquent,776205.0
L203715,C103967,Business Loan,DSA,2023-01-14,1638000.0,120,10.81,104,NPL,1158204.0
L203716,C103309,Auto Loan,DSA,2023-12-07,1200000.0,60,14.8,2,Delinquent,553797.0
L203717,C102512,Personal Loan,Branch,2023-09-21,188000.0,48,13.25,14,Delinquent,56943.0
L203718,C103652,Education Loan,Digital,2023-01-29,1116000.0,60,11.49,1,Delinquent,331594.0
L203719,C104827,Auto Loan,Branch,2023-04-30,1235000.0,120,10.33,138,NPL,843082.0
L203720,C102472,Personal Loan,Partner,2025-11-12,809000.0,120,14.54,8,Delinquent,752922.0
L203721,C101131,Personal Loan,Branch,2024-08-18,471000.0,120,16.6,44,Delinquent,388396.0
L203722,C102009,Home Loan,Branch,2024-04-22,5370000.0,48,8.49,10,Delinquent,2132517.0
L203723,C100072,Business Loan,Digital,2026-01-06,2929000.0,12,14.73,175,NPL,1184301.0
L203724,C101534,Business Loan,Branch,2024-12-02,1744000.0,24,16.95,42,Delinquent,211777.0
L203725,C104436,Personal Loan,Branch,2023-06-02,170000.0,36,21.64,148,NPL,32771.0
L203726,C100499,Auto Loan,Branch,2025-05-02,277000.0,120,14.35,10,Delinquent,274566.0
L203727,C104441,Personal Loan,Digital,2025-05-01,675000.0,36,12.86,1,Delinquent,426068.0
L203728,C102811,Personal Loan,Branch,2023-11-18,462000.0,48,18.76,47,Delinquent,163450.0
L203729,C101593,Business Loan,Branch,2025-03-15,1958000.0,84,11.26,15,Delinquent,1505564.0
L203730,C102363,Personal Loan,Partner,2023-06-11,601000.0,84,19.63,3,Delinquent,272222.0
L203731,C104393,Personal Loan,Branch,2026-04-03,53000.0,24,11.28,176,NPL,38230.0
L203732,C100595,Personal Loan,Branch,2024-11-27,478000.0,36,15.18,51,Delinquent,143186.0
L203733,C102829,Personal Loan,Digital,2023-12-07,517000.0,120,11.21,5,Delinquent,378907.0
L203734,C101342,Personal Loan,Branch,2025-12-20,166000.0,120,11.45,13,Delinquent,149473.0
L203735,C102706,Personal Loan,DSA,2024-08-30,863000.0,60,14.54,6,Delinquent,539596.0
L203736,C103937,Home Loan,Branch,2025-12-07,2484000.0,84,11.02,3,Delinquent,2325961.0
L203737,C104607,Business Loan,Branch,2023-04-24,1785000.0,48,14.02,5,Delinquent,266959.0
L203738,C101279,Personal Loan,DSA,2024-01-05,558000.0,60,21.8,8,Delinquent,246030.0
L203739,C103319,Business Loan,DSA,2024-05-31,634000.0,120,12.37,9,Delinquent,535762.0
L203740,C102129,Auto Loan,DSA,2023-11-16,353000.0,84,13.18,2,Delinquent,224215.0
L203741,C102514,Personal Loan,Branch,2024-09-13,776000.0,84,15.84,115,NPL,568025.0
L203742,C100807,Personal Loan,Digital,2024-02-29,832000.0,84,20.9,9,Delinquent,548664.0
L203743,C104284,Personal Loan,Partner,2025-11-27,66000.0,12,17.85,14,Delinquent,23776.0
L203744,C100850,Business Loan,Digital,2023-10-22,1701000.0,84,10.59,51,Delinquent,978415.0
L203745,C100200,Auto Loan,Partner,2023-08-16,932000.0,60,13.62,9,Delinquent,420320.0
L203746,C103782,Personal Loan,DSA,2026-03-03,600000.0,48,13.46,3,Delinquent,557487.0
L203747,C102028,Personal Loan,DSA,2025-05-06,812000.0,120,14.79,3,Delinquent,773135.0
L203748,C100334,Personal Loan,Branch,2023-02-11,203000.0,60,21.33,14,Delinquent,76501.0
L203749,C103405,Auto Loan,Partner,2025-10-14,1101000.0,60,10.12,12,Delinquent,963000.0
L203750,C101426,Personal Loan,Partner,2023-08-18,131000.0,120,14.81,2,Delinquent,99620.0
L203751,C104881,Home Loan,DSA,2025-03-31,3122000.0,48,9.06,10,Delinquent,2072768.0
L203752,C104905,Auto Loan,Partner,2023-02-03,1687000.0,60,14.26,128,NPL,560726.0
L203753,C102752,Auto Loan,DSA,2023-11-08,727000.0,12,10.94,55,Delinquent,62924.0
L203754,C102380,Personal Loan,Digital,2025-10-21,323000.0,12,15.58,7,Delinquent,90001.0
L203755,C102225,Home Loan,Digital,2023-02-01,3607000.0,36,8.25,6,Delinquent,580529.0
L203756,C103032,Home Loan,DSA,2024-07-19,4941000.0,12,11.14,12,Delinquent,482331.0
L203757,C104546,Business Loan,DSA,2024-04-23,2058000.0,48,15.71,125,NPL,964355.0
L203758,C103204,Home Loan,Digital,2023-10-01,4512000.0,84,9.22,104,NPL,2933232.0
L203759,C100497,Home Loan,Digital,2023-05-23,2838000.0,36,9.5,14,Delinquent,463294.0
L203760,C100981,Personal Loan,Partner,2024-04-19,786000.0,12,21.82,7,Delinquent,109772.0
L203761,C103148,Auto Loan,Branch,2024-03-15,1772000.0,120,11.94,5,Delinquent,1175268.0
L203762,C101847,Auto Loan,DSA,2023-05-08,1619000.0,60,12.31,113,NPL,555259.0
L203763,C102397,Auto Loan,Digital,2025-05-07,1687000.0,12,11.84,45,Delinquent,392964.0
L203764,C102004,Auto Loan,DSA,2023-05-10,430000.0,120,12.22,13,Delinquent,278295.0
L203765,C102980,Business Loan,Branch,2024-04-03,1117000.0,48,11.71,35,Delinquent,430291.0
L203766,C101154,Business Loan,Digital,2026-02-10,375000.0,48,12.2,11,Delinquent,352274.0
L203767,C100369,Personal Loan,Branch,2024-03-21,166000.0,84,17.16,4,Delinquent,97198.0
L203768,C101170,Personal Loan,Digital,2025-04-15,423000.0,24,16.65,59,Delinquent,134520.0
L203769,C103340,Education Loan,DSA,2024-07-08,1134000.0,24,8.67,152,NPL,212408.0
L203770,C103040,Auto Loan,Digital,2025-02-05,564000.0,120,10.79,11,Delinquent,502415.0
L203771,C104046,Education Loan,Digital,2025-07-27,842000.0,12,11.55,10,Delinquent,78526.0
L203772,C100543,Home Loan,Branch,2024-07-21,3189000.0,48,8.45,12,Delinquent,1690367.0
L203773,C100708,Education Loan,Digital,2025-02-24,347000.0,24,9.93,15,Delinquent,110029.0
L203774,C100646,Personal Loan,Partner,2024-08-10,859000.0,24,13.45,7,Delinquent,102513.0
L203775,C102814,Auto Loan,DSA,2024-01-12,204000.0,120,13.2,96,NPL,151731.0
L203776,C102867,Home Loan,Branch,2025-07-15,4161000.0,36,9.68,13,Delinquent,2889907.0
L203777,C100797,Personal Loan,Digital,2024-04-13,615000.0,120,18.29,8,Delinquent,465414.0
L203778,C102247,Personal Loan,DSA,2023-03-04,889000.0,84,12.72,7,Delinquent,381382.0
L203779,C100258,Personal Loan,Digital,2023-11-21,135000.0,60,14.91,1,Delinquent,66425.0
L203780,C103060,Personal Loan,Digital,2025-03-11,822000.0,60,14.65,1,Delinquent,643179.0
L203781,C102850,Education Loan,Partner,2025-03-05,114000.0,24,9.1,8,Delinquent,34478.0
L203782,C100135,Education Loan,Partner,2024-10-22,771000.0,48,9.53,2,Delinquent,409872.0
L203783,C100443,Business Loan,Branch,2024-06-21,1291000.0,120,16.2,46,Delinquent,1018033.0
L203784,C103525,Education Loan,Digital,2024-01-04,674000.0,12,12.37,116,NPL,70859.0
L203785,C104496,Business Loan,Digital,2023-02-26,1596000.0,84,13.33,11,Delinquent,655919.0
L203786,C104250,Education Loan,Partner,2023-09-16,811000.0,36,8.93,20,Delinquent,156547.0
L203787,C102836,Personal Loan,Branch,2026-04-09,52000.0,48,12.24,2,Delinquent,50506.0
L203788,C102621,Personal Loan,Branch,2025-10-31,855000.0,60,17.02,46,Delinquent,762429.0
L203789,C104043,Business Loan,Digital,2023-04-06,1281000.0,84,16.51,1,Delinquent,672122.0
L203790,C104205,Home Loan,Digital,2026-01-22,5665000.0,24,11.35,124,NPL,4580448.0
L203791,C104533,Auto Loan,Branch,2025-07-17,1534000.0,60,13.64,95,NPL,1220155.0
L203792,C101999,Auto Loan,Partner,2023-04-25,675000.0,120,11.77,10,Delinquent,455807.0
L203793,C102381,Personal Loan,Branch,2024-05-15,303000.0,24,12.94,53,Delinquent,24240.0
L203794,C100395,Personal Loan,Branch,2023-07-23,810000.0,12,12.62,10,Delinquent,111115.0
L203795,C100876,Business Loan,Branch,2025-05-11,550000.0,24,17.68,0,Current,154062.0
L203796,C101888,Home Loan,Branch,2025-03-11,3185000.0,24,8.26,37,Delinquent,1158924.0
L203797,C104048,Personal Loan,Branch,2023-09-19,742000.0,48,14.62,2,Delinquent,205055.0
L203798,C102232,Auto Loan,Digital,2025-07-17,1256000.0,12,12.24,0,Current,272955.0
L203799,C102937,Home Loan,Branch,2023-12-17,2034000.0,60,10.31,9,Delinquent,836486.0
L203800,C104328,Home Loan,Digital,2024-08-12,4908000.0,24,8.92,32,Delinquent,746203.0
L203801,C102379,Auto Loan,Digital,2023-05-15,1322000.0,48,9.5,0,Current,216837.0
L203802,C101674,Home Loan,Digital,2026-01-17,4749000.0,36,8.85,3,Delinquent,3349964.0
L203803,C103652,Education Loan,Partner,2023-08-12,176000.0,120,12.62,6,Delinquent,134722.0
L203804,C101576,Home Loan,Partner,2025-11-13,3730000.0,48,9.81,5,Delinquent,3237074.0
L203805,C101942,Education Loan,Digital,2025-10-12,895000.0,120,11.58,24,Delinquent,834258.0
L203806,C104441,Business Loan,Digital,2023-06-01,2721000.0,120,13.12,0,Current,1941756.0
L203807,C102187,Business Loan,DSA,2023-05-15,664000.0,84,13.56,8,Delinquent,328803.0
L203808,C101255,Business Loan,Digital,2023-06-20,2243000.0,36,16.2,155,NPL,201485.0
L203809,C104174,Auto Loan,DSA,2025-10-04,742000.0,84,12.92,4,Delinquent,625745.0
L203810,C103213,Home Loan,Digital,2023-04-14,2986000.0,24,8.64,15,Delinquent,328343.0
L203811,C103839,Auto Loan,Branch,2025-01-03,1234000.0,84,14.63,7,Delinquent,936029.0
L203812,C101634,Personal Loan,Digital,2025-11-16,238000.0,24,17.21,47,Delinquent,155631.0
L203813,C103910,Personal Loan,Partner,2023-12-19,604000.0,48,14.47,5,Delinquent,195881.0
L203814,C104758,Personal Loan,Digital,2024-10-31,243000.0,12,18.98,48,Delinquent,56969.0
L203815,C100818,Business Loan,DSA,2023-04-07,796000.0,48,15.67,14,Delinquent,63680.0
L203816,C100949,Personal Loan,DSA,2026-02-03,363000.0,24,15.25,11,Delinquent,285247.0
L203817,C102821,Auto Loan,Digital,2024-12-24,527000.0,84,14.89,2,Delinquent,383912.0
L203818,C103620,Personal Loan,Branch,2025-05-25,85000.0,36,19.57,15,Delinquent,49405.0
L203819,C100003,Personal Loan,Digital,2023-10-29,700000.0,120,19.11,12,Delinquent,562565.0
L203820,C102751,Home Loan,Branch,2025-05-28,3704000.0,24,10.57,6,Delinquent,1395579.0
L203821,C100637,Business Loan,Digital,2025-01-21,2436000.0,84,14.58,3,Delinquent,1824652.0
L203822,C104894,Personal Loan,Branch,2023-05-31,309000.0,12,18.12,6,Delinquent,38023.0
L203823,C103633,Business Loan,Partner,2024-11-14,2708000.0,48,16.41,15,Delinquent,1501290.0
L203824,C104971,Personal Loan,DSA,2023-05-12,184000.0,120,21.6,14,Delinquent,124146.0
L203825,C101091,Home Loan,Branch,2025-03-15,3475000.0,24,11.2,0,Current,1015940.0
L203826,C103969,Personal Loan,DSA,2026-01-22,536000.0,12,20.79,123,NPL,202907.0
L203827,C101911,Personal Loan,DSA,2025-10-30,550000.0,60,17.41,55,Delinquent,440262.0
L203828,C100518,Personal Loan,DSA,2024-08-02,294000.0,84,14.43,10,Delinquent,223884.0
L203829,C102401,Personal Loan,Branch,2025-11-28,229000.0,24,20.91,12,Delinquent,160980.0
L203830,C102346,Auto Loan,Digital,2026-04-07,499000.0,24,12.13,5,Delinquent,424462.0
L203831,C102502,Auto Loan,Digital,2024-06-30,334000.0,60,13.88,7,Delinquent,184996.0
L203832,C104273,Personal Loan,Digital,2024-01-23,500000.0,48,15.21,109,NPL,181284.0
L203833,C101398,Business Loan,Digital,2023-08-14,305000.0,24,10.78,1,Delinquent,33858.0
L203834,C103193,Auto Loan,Branch,2025-01-15,197000.0,12,11.07,11,Delinquent,41686.0
L203835,C100997,Personal Loan,Partner,2024-04-04,69000.0,36,12.79,13,Delinquent,18404.0
L203836,C104395,Home Loan,Partner,2024-11-18,1470000.0,12,10.14,14,Delinquent,233802.0
L203837,C102291,Personal Loan,Branch,2026-02-13,451000.0,84,17.73,5,Delinquent,406785.0
L203838,C103997,Business Loan,Branch,2023-03-23,2007000.0,36,14.34,25,Delinquent,342609.0
L203839,C101345,Home Loan,Branch,2023-12-18,1594000.0,12,8.19,15,Delinquent,287182.0
L203840,C101565,Personal Loan,Partner,2024-09-14,113000.0,60,20.09,5,Delinquent,70477.0
L203841,C104915,Personal Loan,Branch,2025-05-16,500000.0,84,12.57,11,Delinquent,390100.0
L203842,C100976,Personal Loan,DSA,2026-01-14,526000.0,120,15.04,1,Delinquent,523802.0
L203843,C102807,Home Loan,DSA,2025-11-11,3270000.0,84,11.36,11,Delinquent,3030579.0
L203844,C101613,Auto Loan,Branch,2024-06-28,1361000.0,48,12.68,1,Delinquent,568170.0
L203845,C101951,Education Loan,DSA,2024-10-25,175000.0,36,9.86,11,Delinquent,71476.0
L203846,C103480,Personal Loan,Digital,2024-07-21,619000.0,60,13.61,3,Delinquent,336953.0
L203847,C103910,Personal Loan,Branch,2023-05-06,225000.0,24,21.89,11,Delinquent,30436.0
L203848,C102406,Personal Loan,Partner,2025-04-21,742000.0,48,19.93,47,Delinquent,491877.0
L203849,C103191,Personal Loan,Digital,2025-09-11,425000.0,36,16.42,4,Delinquent,271896.0
L203850,C100220,Auto Loan,Branch,2025-07-25,1439000.0,120,11.53,15,Delinquent,1226824.0
L203851,C101170,Education Loan,Digital,2024-03-08,268000.0,24,10.07,52,Delinquent,56449.0
L203852,C103713,Business Loan,Digital,2025-09-20,2104000.0,48,15.18,1,Delinquent,1453792.0
L203853,C103330,Personal Loan,Digital,2023-09-20,647000.0,24,15.37,7,Delinquent,116832.0
L203854,C100224,Business Loan,Digital,2024-06-26,1921000.0,24,15.89,11,Delinquent,307221.0
L203855,C104456,Business Loan,DSA,2023-10-28,741000.0,60,10.79,8,Delinquent,362917.0
L203856,C102047,Personal Loan,Branch,2024-06-16,628000.0,60,12.62,147,NPL,315823.0
L203857,C101519,Education Loan,Digital,2026-01-15,789000.0,84,12.57,14,Delinquent,743713.0
L203858,C102312,Auto Loan,Branch,2024-07-22,928000.0,120,13.63,15,Delinquent,788430.0
L203859,C101975,Business Loan,Digital,2025-06-25,502000.0,120,11.13,6,Delinquent,502000.0
L203860,C102516,Home Loan,DSA,2026-03-08,4314000.0,84,9.43,2,Delinquent,4148660.0
L203861,C100821,Personal Loan,Branch,2023-07-04,254000.0,12,21.73,9,Delinquent,42778.0
L203862,C100696,Business Loan,Branch,2026-01-20,2140000.0,84,11.17,4,Delinquent,1942327.0
L203863,C104949,Home Loan,DSA,2023-05-17,4825000.0,120,9.06,130,NPL,3597496.0
L203864,C103739,Education Loan,Branch,2025-01-17,685000.0,12,10.27,57,Delinquent,77063.0
L203865,C101807,Personal Loan,Branch,2024-06-25,248000.0,84,20.79,10,Delinquent,170206.0
L203866,C104247,Personal Loan,Digital,2023-12-08,761000.0,48,13.98,2,Delinquent,184668.0
L203867,C103978,Auto Loan,Digital,2025-02-05,1574000.0,36,13.83,8,Delinquent,649383.0
L203868,C103490,Auto Loan,Branch,2025-12-16,608000.0,48,13.4,170,NPL,493037.0
L203869,C103607,Home Loan,DSA,2023-03-25,2272000.0,48,8.69,11,Delinquent,322920.0
L203870,C104756,Auto Loan,Branch,2023-07-25,913000.0,120,9.88,11,Delinquent,636725.0
L203871,C104171,Auto Loan,DSA,2024-09-01,330000.0,120,11.79,14,Delinquent,227178.0
L203872,C101288,Auto Loan,DSA,2023-05-09,209000.0,24,14.89,3,Delinquent,39868.0
L203873,C103634,Personal Loan,Branch,2024-01-16,772000.0,120,11.32,10,Delinquent,496123.0
L203874,C100804,Auto Loan,DSA,2024-05-12,747000.0,48,14.73,10,Delinquent,284152.0
L203875,C102514,Auto Loan,Digital,2024-06-02,668000.0,120,14.73,61,Delinquent,512841.0
L203876,C100337,Business Loan,Partner,2025-04-02,2969000.0,84,16.04,57,Delinquent,2436470.0
L203877,C100848,Auto Loan,DSA,2024-07-08,155000.0,60,12.88,0,Current,87528.0
L203878,C103608,Home Loan,Digital,2023-03-05,5850000.0,12,8.15,9,Delinquent,841494.0
L203879,C101859,Personal Loan,Digital,2025-02-14,376000.0,36,11.94,157,NPL,147754.0
L203880,C100811,Personal Loan,Digital,2024-01-11,323000.0,120,11.01,8,Delinquent,251061.0
L203881,C104897,Personal Loan,DSA,2023-01-11,729000.0,36,15.99,14,Delinquent,66205.0
L203882,C104691,Auto Loan,Digital,2025-07-29,1174000.0,60,9.58,2,Delinquent,952677.0
L203883,C101147,Business Loan,DSA,2024-05-28,2325000.0,36,15.77,1,Delinquent,739110.0
L203884,C102992,Education Loan,Branch,2025-03-02,511000.0,12,9.86,54,Delinquent,57873.0
L203885,C101470,Auto Loan,Partner,2025-02-24,958000.0,36,13.83,13,Delinquent,466145.0
L203886,C104021,Auto Loan,Branch,2023-04-12,1214000.0,60,11.36,49,Delinquent,453621.0
L203887,C103440,Auto Loan,Branch,2025-09-25,1770000.0,120,11.53,22,Delinquent,1626273.0
L203888,C102174,Home Loan,Branch,2023-08-31,4575000.0,60,8.44,11,Delinquent,2006784.0
L203889,C104655,Auto Loan,Partner,2025-06-17,574000.0,48,13.55,13,Delinquent,422477.0
L203890,C103675,Home Loan,DSA,2025-05-20,4514000.0,12,11.49,24,Delinquent,692529.0
L203891,C100757,Home Loan,Digital,2023-05-28,3441000.0,120,8.19,1,Delinquent,2288076.0
L203892,C102219,Business Loan,Partner,2023-05-20,2000000.0,120,16.17,8,Delinquent,1357004.0
L203893,C104149,Auto Loan,Branch,2025-10-14,771000.0,48,13.9,14,Delinquent,659468.0
L203894,C102694,Personal Loan,Branch,2023-01-12,661000.0,48,14.33,11,Delinquent,118141.0
L203895,C100500,Home Loan,Branch,2023-09-20,5898000.0,84,8.87,45,Delinquent,3097754.0
L203896,C103868,Education Loan,Digital,2026-04-06,126000.0,48,9.18,33,Delinquent,106368.0
L203897,C102406,Personal Loan,Digital,2023-05-13,518000.0,12,16.15,2,Delinquent,91127.0
L203898,C101191,Education Loan,Branch,2025-01-06,905000.0,60,10.33,4,Delinquent,496316.0
L203899,C104078,Education Loan,Branch,2024-03-16,951000.0,24,10.31,57,Delinquent,76080.0
L203900,C104423,Auto Loan,Digital,2024-05-29,1192000.0,24,9.45,6,Delinquent,118560.0
L203901,C102938,Personal Loan,Branch,2023-06-04,95000.0,24,16.67,12,Delinquent,17230.0
L203902,C103582,Personal Loan,Digital,2024-12-17,303000.0,60,19.99,11,Delinquent,219002.0
L203903,C101206,Personal Loan,Digital,2024-02-05,331000.0,24,13.54,2,Delinquent,47237.0
L203904,C103733,Home Loan,Branch,2025-03-15,1657000.0,36,8.32,11,Delinquent,823422.0
L203905,C104522,Business Loan,Branch,2025-08-06,2893000.0,84,15.8,7,Delinquent,2454227.0
L203906,C101191,Education Loan,Digital,2024-08-17,369000.0,120,12.98,14,Delinquent,352362.0
L203907,C104715,Personal Loan,DSA,2023-01-24,349000.0,36,21.56,166,NPL,67146.0
L203908,C100451,Home Loan,Digital,2025-02-28,2768000.0,120,9.06,165,NPL,2259926.0
L203909,C102230,Home Loan,Digital,2024-08-19,2579000.0,36,9.29,7,Delinquent,843832.0
L203910,C100365,Home Loan,Partner,2025-04-30,5139000.0,84,10.86,8,Delinquent,3820050.0
L203911,C102238,Home Loan,DSA,2025-08-04,3877000.0,12,10.74,3,Delinquent,582110.0
L203912,C103236,Education Loan,Branch,2023-08-04,145000.0,24,10.79,3,Delinquent,17736.0
L203913,C104353,Home Loan,Partner,2023-05-13,4880000.0,36,10.3,9,Delinquent,693407.0
L203914,C100751,Personal Loan,Digital,2024-05-23,536000.0,48,14.33,10,Delinquent,200382.0
L203915,C104438,Auto Loan,Digital,2025-12-18,1697000.0,48,12.37,7,Delinquent,1464031.0
L203916,C104996,Personal Loan,DSA,2024-01-01,315000.0,120,18.34,6,Delinquent,236996.0
L203917,C100333,Education Loan,Digital,2024-06-02,626000.0,12,11.27,6,Delinquent,128803.0
L203918,C104806,Education Loan,Partner,2025-08-14,1045000.0,36,9.13,120,NPL,639621.0
L203919,C104533,Personal Loan,Branch,2025-08-28,237000.0,36,19.02,56,Delinquent,154497.0
L203920,C100146,Auto Loan,Digital,2025-07-12,1601000.0,36,9.4,6,Delinquent,1104376.0
L203921,C100317,Business Loan,Branch,2026-01-31,499000.0,48,15.54,26,Delinquent,448420.0
L203922,C103626,Home Loan,DSA,2025-08-30,3016000.0,24,10.13,12,Delinquent,1670202.0
L203923,C102100,Home Loan,Branch,2023-07-10,4363000.0,48,9.03,14,Delinquent,1086736.0
L203924,C101304,Education Loan,Digital,2024-06-08,942000.0,12,10.51,57,Delinquent,176445.0
L203925,C102021,Personal Loan,Partner,2025-07-23,361000.0,24,15.76,26,Delinquent,207038.0
L203926,C101705,Home Loan,Branch,2024-11-21,3459000.0,12,10.53,10,Delinquent,819834.0
L203927,C104876,Personal Loan,Branch,2023-06-24,122000.0,60,19.62,0,Current,42468.0
L203928,C101202,Personal Loan,Digital,2025-04-26,691000.0,24,15.5,13,Delinquent,274374.0
L203929,C100443,Business Loan,Digital,2023-07-27,2230000.0,120,16.6,64,Delinquent,1355114.0
L203930,C104153,Auto Loan,Branch,2024-01-22,1444000.0,36,11.83,7,Delinquent,247260.0
L203931,C104200,Auto Loan,Branch,2026-03-15,633000.0,24,12.24,3,Delinquent,522122.0
L203932,C104469,Personal Loan,Branch,2026-03-19,857000.0,48,13.64,1,Delinquent,791362.0
L203933,C104857,Business Loan,Branch,2023-01-28,2250000.0,12,15.66,61,Delinquent,632020.0
L203934,C100203,Personal Loan,DSA,2024-03-30,266000.0,48,16.38,58,Delinquent,120873.0
L203935,C103845,Home Loan,Branch,2024-01-17,4219000.0,48,9.78,7,Delinquent,1519370.0
L203936,C101351,Personal Loan,Digital,2024-10-06,236000.0,36,15.52,4,Delinquent,69316.0
L203937,C102109,Home Loan,Branch,2025-09-24,5902000.0,84,10.86,5,Delinquent,5273755.0
L203938,C102244,Auto Loan,Partner,2025-09-19,235000.0,120,10.51,12,Delinquent,235000.0
L203939,C104928,Personal Loan,DSA,2023-06-13,352000.0,84,14.27,125,NPL,151190.0
L203940,C102610,Home Loan,Digital,2025-06-15,2390000.0,84,8.56,1,Delinquent,2075514.0
L203941,C101114,Home Loan,DSA,2023-02-07,3446000.0,36,8.93,1,Delinquent,451668.0
L203942,C100439,Auto Loan,Branch,2024-08-24,1668000.0,36,11.96,17,Delinquent,648282.0
L203943,C102945,Auto Loan,Branch,2024-11-12,1153000.0,12,9.95,2,Delinquent,130731.0
L203944,C104151,Business Loan,Digital,2024-05-04,1447000.0,48,14.82,148,NPL,592101.0
L203945,C103552,Personal Loan,Digital,2025-11-20,361000.0,120,12.1,7,Delinquent,350742.0
L203946,C104670,Personal Loan,Branch,2025-02-03,534000.0,120,15.82,20,Delinquent,455806.0
L203947,C100210,Personal Loan,Digital,2026-03-16,585000.0,12,19.86,3,Delinquent,381812.0
L203948,C102015,Personal Loan,DSA,2024-06-06,837000.0,24,21.87,2,Delinquent,158312.0
L203949,C103059,Home Loan,Partner,2024-05-01,2240000.0,120,9.39,8,Delinquent,1734241.0
L203950,C104287,Personal Loan,Partner,2024-12-11,275000.0,36,13.86,12,Delinquent,156968.0
L203951,C101564,Personal Loan,Digital,2023-10-16,450000.0,60,13.43,160,NPL,182595.0
L203952,C103382,Personal Loan,Digital,2025-08-17,135000.0,60,20.44,147,NPL,112382.0
L203953,C101040,Home Loan,Digital,2023-12-30,2214000.0,36,8.26,6,Delinquent,556629.0
L203954,C102959,Auto Loan,Digital,2023-05-27,1530000.0,48,14.48,12,Delinquent,216406.0
L203955,C103876,Home Loan,DSA,2024-07-19,2914000.0,84,10.05,178,NPL,2045524.0
L203956,C104096,Education Loan,Branch,2025-04-16,205000.0,48,9.77,0,Current,143638.0
L203957,C102260,Personal Loan,Partner,2024-10-07,812000.0,120,16.5,15,Delinquent,576981.0
L203958,C102366,Home Loan,Branch,2023-03-06,2400000.0,12,10.57,96,NPL,298924.0
L203959,C104410,Personal Loan,Branch,2023-01-20,780000.0,12,15.08,9,Delinquent,143389.0
L203960,C102739,Business Loan,Branch,2025-05-30,2647000.0,48,11.99,56,Delinquent,2004171.0
L203961,C101751,Personal Loan,DSA,2026-04-11,174000.0,60,15.15,148,NPL,163718.0
L203962,C101374,Education Loan,Branch,2023-09-08,728000.0,120,12.45,94,NPL,547862.0
L203963,C103559,Auto Loan,Digital,2026-03-03,202000.0,120,12.99,3,Delinquent,194199.0
L203964,C103561,Auto Loan,Branch,2024-08-15,1205000.0,120,14.18,7,Delinquent,920740.0
L203965,C102689,Home Loan,Digital,2023-06-18,2097000.0,48,8.41,52,Delinquent,406373.0
L203966,C100796,Personal Loan,Digital,2023-11-17,893000.0,60,15.32,80,Delinquent,391677.0
L203967,C100808,Personal Loan,Partner,2026-03-03,462000.0,24,15.73,6,Delinquent,373651.0
L203968,C101216,Business Loan,Branch,2024-01-22,2244000.0,120,17.54,7,Delinquent,1698515.0
L203969,C100060,Business Loan,Branch,2025-10-03,2898000.0,84,13.55,39,Delinquent,2488364.0
L203970,C102400,Personal Loan,Branch,2025-01-24,575000.0,84,14.14,2,Delinquent,409646.0
L203971,C102075,Personal Loan,Digital,2025-08-26,598000.0,60,15.89,48,Delinquent,532428.0
L203972,C101927,Personal Loan,DSA,2024-06-01,786000.0,24,20.43,33,Delinquent,146162.0
L203973,C104675,Business Loan,Branch,2023-05-19,1476000.0,60,13.63,4,Delinquent,530111.0
L203974,C101198,Home Loan,Partner,2024-08-08,4640000.0,60,10.27,22,Delinquent,2977106.0
L203975,C104045,Auto Loan,Branch,2026-02-08,1196000.0,36,12.32,13,Delinquent,1059713.0
L203976,C100960,Personal Loan,DSA,2026-04-13,469000.0,120,18.04,1,Delinquent,463288.0
L203977,C103059,Education Loan,DSA,2024-05-06,345000.0,36,9.96,10,Delinquent,70083.0
L203978,C104305,Personal Loan,Partner,2023-05-26,231000.0,60,11.38,10,Delinquent,75806.0
L203979,C104190,Personal Loan,Digital,2023-09-15,589000.0,120,17.46,4,Delinquent,458028.0
L203980,C102955,Education Loan,DSA,2024-04-06,161000.0,84,8.82,141,NPL,97188.0
L203981,C101037,Auto Loan,Branch,2026-03-21,1715000.0,84,11.63,11,Delinquent,1597186.0
L203982,C101887,Home Loan,Digital,2024-09-28,5869000.0,60,9.91,12,Delinquent,3967973.0
L203983,C102124,Business Loan,DSA,2024-08-17,2519000.0,12,17.1,40,Delinquent,285583.0
L203984,C104229,Personal Loan,Branch,2025-09-03,851000.0,12,12.75,15,Delinquent,127061.0
L203985,C101888,Personal Loan,DSA,2023-08-02,519000.0,84,17.59,0,Current,278415.0
L203986,C104126,Personal Loan,Branch,2023-12-05,401000.0,12,16.31,2,Delinquent,68881.0
L203987,C104759,Personal Loan,Digital,2025-06-16,811000.0,60,17.73,39,Delinquent,574663.0
L203988,C100555,Auto Loan,Digital,2024-04-17,1764000.0,84,12.34,15,Delinquent,1253391.0
L203989,C104679,Home Loan,Branch,2024-12-14,2214000.0,24,9.18,1,Delinquent,417270.0
L203990,C102837,Home Loan,Digital,2025-09-12,3608000.0,36,8.52,114,NPL,2369648.0
L203991,C103005,Business Loan,Partner,2025-06-08,1761000.0,84,11.01,5,Delinquent,1345558.0
L203992,C101529,Personal Loan,Branch,2024-09-28,407000.0,48,20.83,11,Delinquent,238028.0
L203993,C101670,Personal Loan,Branch,2023-03-22,255000.0,60,14.25,55,Delinquent,78727.0
L203994,C102705,Home Loan,Branch,2025-10-24,1856000.0,36,11.18,11,Delinquent,1163942.0
L203995,C100995,Business Loan,Digital,2023-04-14,1827000.0,24,15.31,0,Current,223140.0
L203996,C103590,Home Loan,DSA,2023-03-19,5174000.0,24,8.46,7,Delinquent,1274344.0
L203997,C103335,Education Loan,Partner,2023-09-16,1021000.0,24,10.85,29,Delinquent,84448.0
L203998,C100043,Business Loan,Digital,2023-12-11,1213000.0,36,11.03,15,Delinquent,184318.0
L203999,C101054,Business Loan,Branch,2025-08-10,1316000.0,60,14.19,8,Delinquent,1109858.0
L204000,C102568,Business Loan,Branch,2024-10-31,2618000.0,48,17.04,13,Delinquent,1379427.0
L204001,C103711,Auto Loan,Branch,2026-01-13,971000.0,48,13.27,165,NPL,768524.0
L204002,C101459,Business Loan,Digital,2023-05-27,685000.0,36,15.9,2,Delinquent,106267.0
L204003,C104434,Auto Loan,Partner,2026-03-19,1448000.0,60,11.62,1,Delinquent,1319365.0
L204004,C102671,Personal Loan,Branch,2024-08-01,562000.0,120,16.51,8,Delinquent,430251.0
L204005,C102695,Personal Loan,DSA,2024-12-18,304000.0,84,15.63,6,Delinquent,238580.0
L204006,C100550,Business Loan,Digital,2023-01-22,2540000.0,120,14.17,15,Delinquent,1833008.0
L204007,C103142,Personal Loan,Partner,2025-05-24,482000.0,48,20.68,8,Delinquent,315497.0
L204008,C104088,Business Loan,Partner,2024-08-28,2278000.0,12,10.66,13,Delinquent,345265.0
L204009,C101057,Education Loan,Partner,2025-06-17,578000.0,24,12.58,6,Delinquent,264188.0
L204010,C102719,Home Loan,Digital,2026-01-09,4373000.0,24,8.82,12,Delinquent,3167120.0
L204011,C100032,Personal Loan,Branch,2023-09-19,230000.0,48,21.07,5,Delinquent,45184.0
L204012,C101056,Personal Loan,Branch,2026-02-11,106000.0,12,21.88,9,Delinquent,52439.0
L204013,C100355,Home Loan,Branch,2024-08-01,1918000.0,36,10.33,10,Delinquent,589008.0
L204014,C103849,Auto Loan,Digital,2024-01-18,1517000.0,60,13.51,12,Delinquent,715607.0
L204015,C104979,Personal Loan,Partner,2025-04-28,813000.0,36,18.78,10,Delinquent,531851.0
L204016,C100189,Home Loan,Digital,2023-01-05,3131000.0,48,8.23,10,Delinquent,250480.0
L204017,C103512,Home Loan,Digital,2025-03-29,3643000.0,48,10.37,6,Delinquent,2697725.0
L204018,C102965,Personal Loan,Branch,2025-12-30,409000.0,12,16.47,18,Delinquent,144059.0
L204019,C103511,Personal Loan,Digital,2023-09-08,318000.0,24,20.28,15,Delinquent,30552.0
L204020,C102509,Personal Loan,Branch,2024-11-11,592000.0,60,16.86,168,NPL,366087.0
L204021,C104958,Business Loan,Branch,2025-07-30,1420000.0,48,14.66,10,Delinquent,1128239.0
L204022,C100199,Personal Loan,Branch,2024-11-27,337000.0,36,14.97,8,Delinquent,161287.0
L204023,C100746,Personal Loan,Partner,2026-01-18,300000.0,48,17.66,2,Delinquent,254662.0
L204024,C101249,Home Loan,Digital,2025-09-05,5848000.0,48,9.68,14,Delinquent,4397638.0
L204025,C103913,Auto Loan,Partner,2023-11-27,295000.0,60,14.08,35,Delinquent,132016.0
L204026,C100386,Business Loan,Digital,2024-04-17,1274000.0,84,13.05,10,Delinquent,845979.0
L204027,C100618,Home Loan,DSA,2025-03-16,1382000.0,12,8.5,13,Delinquent,200784.0
L204028,C103662,Auto Loan,DSA,2024-05-19,1747000.0,12,14.55,14,Delinquent,358974.0
L204029,C102093,Business Loan,Partner,2024-04-15,2651000.0,60,13.23,5,Delinquent,1456351.0
L204030,C103529,Business Loan,Branch,2025-10-18,2016000.0,120,10.83,6,Delinquent,1938179.0
L204031,C101834,Auto Loan,Branch,2023-05-15,560000.0,60,14.19,7,Delinquent,171358.0
L204032,C100447,Auto Loan,Branch,2024-08-12,1228000.0,12,12.58,174,NPL,98240.0
L204033,C102986,Personal Loan,Digital,2024-03-30,213000.0,120,14.73,2,Delinquent,161380.0
L204034,C100547,Home Loan,Branch,2025-06-01,3698000.0,48,10.71,12,Delinquent,2777868.0
L204035,C102395,Business Loan,Digital,2026-03-26,1905000.0,12,13.24,15,Delinquent,1243219.0
L204036,C104402,Personal Loan,Digital,2025-12-22,600000.0,120,14.72,147,NPL,566901.0
L204037,C100915,Personal Loan,Partner,2024-02-28,127000.0,12,19.78,4,Delinquent,19229.0
L204038,C101005,Auto Loan,DSA,2024-04-17,456000.0,120,10.52,4,Delinquent,338032.0
L204039,C104742,Business Loan,DSA,2023-05-28,2957000.0,84,17.76,7,Delinquent,1768590.0
L204040,C101519,Personal Loan,DSA,2025-12-02,622000.0,84,18.74,15,Delinquent,577895.0
L204041,C101863,Business Loan,Branch,2023-12-30,1959000.0,120,11.96,2,Delinquent,1396645.0
L204042,C103422,Personal Loan,Branch,2024-01-28,665000.0,60,13.58,152,NPL,363156.0
L204043,C100641,Business Loan,Digital,2024-03-29,2001000.0,12,14.26,8,Delinquent,233988.0
L204044,C100304,Business Loan,Partner,2026-01-20,2343000.0,48,17.36,5,Delinquent,2008683.0
L204045,C104217,Business Loan,Branch,2026-04-05,1575000.0,24,14.67,12,Delinquent,1184962.0
L204046,C104739,Education Loan,Digital,2024-01-02,1092000.0,24,12.22,5,Delinquent,193137.0
L204047,C104936,Education Loan,DSA,2025-02-15,525000.0,12,9.75,8,Delinquent,77139.0
L204048,C100116,Education Loan,Branch,2023-10-09,1089000.0,48,9.31,14,Delinquent,266775.0
L204049,C102649,Home Loan,Partner,2024-07-05,3454000.0,60,9.97,14,Delinquent,2468042.0
L204050,C104246,Home Loan,Partner,2025-05-14,3940000.0,36,11.16,14,Delinquent,2438647.0
L204051,C104224,Personal Loan,Branch,2024-08-27,289000.0,60,17.17,21,Delinquent,201208.0
L204052,C101805,Personal Loan,Digital,2026-01-11,283000.0,120,13.96,7,Delinquent,274689.0
L204053,C102452,Auto Loan,Branch,2024-09-03,616000.0,36,10.49,9,Delinquent,214624.0
L204054,C100751,Personal Loan,Digital,2025-07-10,513000.0,12,11.51,4,Delinquent,45156.0
L204055,C100696,Education Loan,Partner,2024-07-08,711000.0,60,11.02,12,Delinquent,407695.0
L204056,C101888,Personal Loan,Branch,2025-06-07,381000.0,60,15.39,52,Delinquent,329115.0
L204057,C101152,Personal Loan,Partner,2025-09-14,378000.0,12,18.01,10,Delinquent,55037.0
L204058,C104865,Personal Loan,Partner,2026-03-13,756000.0,84,20.9,2,Delinquent,713133.0
L204059,C100401,Personal Loan,DSA,2024-02-10,219000.0,60,19.55,9,Delinquent,110889.0
L204060,C102645,Personal Loan,Digital,2024-10-30,569000.0,12,19.4,10,Delinquent,148855.0
L204061,C102783,Auto Loan,Branch,2025-04-30,984000.0,60,9.44,154,NPL,682553.0
L204062,C100297,Personal Loan,Digital,2025-12-01,441000.0,60,15.66,88,Delinquent,379054.0
L204063,C102204,Business Loan,Branch,2023-05-02,1943000.0,12,16.55,8,Delinquent,339843.0
L204064,C104708,Home Loan,Branch,2023-02-14,2006000.0,48,9.84,16,Delinquent,395492.0
L204065,C100548,Auto Loan,Branch,2023-04-12,1779000.0,48,9.03,79,Delinquent,295338.0
L204066,C100718,Auto Loan,Digital,2023-06-08,753000.0,12,9.07,14,Delinquent,60240.0
L204067,C100827,Personal Loan,Branch,2023-11-27,751000.0,36,20.69,14,Delinquent,151829.0
L204068,C100274,Personal Loan,Branch,2023-11-22,434000.0,60,13.65,49,Delinquent,201598.0
L204069,C104425,Business Loan,DSA,2023-05-04,1960000.0,60,15.4,11,Delinquent,744860.0
L204070,C100228,Auto Loan,Branch,2026-02-09,1572000.0,36,11.33,129,NPL,1280108.0
L204071,C101406,Personal Loan,Branch,2025-08-31,877000.0,60,15.67,39,Delinquent,778662.0
L204072,C104132,Auto Loan,Branch,2023-08-25,746000.0,48,13.41,9,Delinquent,195655.0
L204073,C104977,Personal Loan,Branch,2024-04-21,802000.0,12,20.03,0,Current,94980.0
L204074,C100766,Personal Loan,Branch,2024-04-04,579000.0,12,11.54,7,Delinquent,142027.0
L204075,C101801,Personal Loan,Branch,2025-10-13,749000.0,60,18.63,2,Delinquent,615773.0
L204076,C100895,Business Loan,Digital,2023-02-12,2482000.0,36,16.62,9,Delinquent,409236.0
L204077,C100963,Home Loan,Branch,2025-10-25,5343000.0,84,8.12,4,Delinquent,4880086.0
L204078,C104721,Auto Loan,Branch,2023-04-04,419000.0,12,13.27,4,Delinquent,77714.0
L204079,C101688,Personal Loan,DSA,2024-09-23,537000.0,84,17.2,2,Delinquent,359245.0
L204080,C103059,Personal Loan,Digital,2024-11-30,745000.0,84,17.92,9,Delinquent,664049.0
L204081,C100784,Personal Loan,Digital,2023-09-09,305000.0,84,21.13,0,Current,187353.0
L204082,C101428,Home Loan,Partner,2023-04-28,3292000.0,84,9.6,0,Current,1983257.0
L204083,C101805,Business Loan,DSA,2024-05-29,1223000.0,12,15.13,12,Delinquent,121104.0
L204084,C102933,Business Loan,Digital,2025-12-15,1180000.0,24,13.73,8,Delinquent,798721.0
L204085,C104501,Personal Loan,Digital,2024-11-09,602000.0,24,20.49,9,Delinquent,92558.0
L204086,C101216,Personal Loan,Branch,2025-11-28,539000.0,12,15.96,10,Delinquent,177327.0
L204087,C103226,Personal Loan,Digital,2024-02-24,101000.0,84,17.09,27,Delinquent,75065.0
L204088,C102472,Business Loan,Digital,2025-01-16,716000.0,120,13.44,8,Delinquent,648490.0
L204089,C103976,Home Loan,Partner,2025-11-11,2841000.0,84,9.48,126,NPL,2424614.0
L204090,C101674,Business Loan,Partner,2024-04-20,2296000.0,48,11.29,9,Delinquent,1187701.0
L204091,C102119,Personal Loan,Branch,2026-03-26,361000.0,120,16.02,32,Delinquent,324959.0
L204092,C103114,Auto Loan,Partner,2025-12-01,583000.0,84,12.08,11,Delinquent,528309.0
L204093,C102216,Auto Loan,DSA,2024-12-17,401000.0,60,13.83,9,Delinquent,247286.0
L204094,C103795,Auto Loan,DSA,2024-08-08,852000.0,24,9.53,44,Delinquent,176716.0
L204095,C100070,Home Loan,Partner,2023-07-21,4487000.0,84,11.46,0,Current,2411062.0
L204096,C101743,Personal Loan,Branch,2023-08-17,607000.0,24,14.23,9,Delinquent,71279.0
L204097,C100873,Home Loan,Digital,2025-11-23,4290000.0,60,8.64,0,Current,3870954.0
L204098,C100720,Education Loan,Partner,2024-02-19,1058000.0,36,11.4,1,Delinquent,210267.0
L204099,C100267,Personal Loan,Branch,2026-01-13,335000.0,60,18.83,11,Delinquent,290555.0
L204100,C101779,Auto Loan,DSA,2024-03-11,1538000.0,84,11.54,29,Delinquent,1030255.0
L204101,C101088,Education Loan,DSA,2023-11-03,951000.0,60,10.56,22,Delinquent,421174.0
L204102,C103791,Auto Loan,Partner,2024-11-26,321000.0,48,11.08,1,Delinquent,194561.0
L204103,C102511,Home Loan,Branch,2023-12-30,1232000.0,12,10.45,4,Delinquent,157420.0
L204104,C103936,Personal Loan,DSA,2024-04-26,631000.0,84,16.81,3,Delinquent,444681.0
L204105,C104427,Business Loan,Branch,2024-07-11,881000.0,60,10.67,6,Delinquent,501859.0
L204106,C103928,Business Loan,Partner,2025-09-08,362000.0,12,13.55,8,Delinquent,65591.0
L204107,C102105,Education Loan,Digital,2025-10-01,657000.0,48,12.72,10,Delinquent,456456.0
L204108,C104873,Personal Loan,Digital,2025-01-21,246000.0,48,21.7,22,Delinquent,145032.0
L204109,C101927,Education Loan,Partner,2026-02-04,212000.0,12,10.84,44,Delinquent,94795.0
L204110,C104124,Personal Loan,Digital,2023-10-30,274000.0,36,13.14,15,Delinquent,22963.0
L204111,C100864,Auto Loan,Digital,2025-02-24,660000.0,12,9.96,9,Delinquent,103714.0
L204112,C104843,Personal Loan,Digital,2024-04-27,263000.0,24,12.57,11,Delinquent,45732.0
L204113,C101517,Personal Loan,Digital,2024-05-20,872000.0,84,18.08,3,Delinquent,641373.0
L204114,C103134,Auto Loan,DSA,2025-05-17,1546000.0,36,9.44,11,Delinquent,973830.0
L204115,C101770,Home Loan,DSA,2024-02-05,3718000.0,12,10.94,4,Delinquent,372561.0
L204116,C101147,Education Loan,Branch,2023-10-18,1146000.0,48,10.44,1,Delinquent,347466.0
L204117,C101648,Personal Loan,Branch,2024-07-27,566000.0,48,15.93,79,Delinquent,277113.0
L204118,C103041,Business Loan,Digital,2023-04-20,2455000.0,36,16.16,15,Delinquent,259743.0
L204119,C100559,Home Loan,Branch,2024-11-07,3049000.0,12,10.28,3,Delinquent,396670.0
L204120,C100990,Personal Loan,DSA,2025-05-03,106000.0,120,17.53,10,Delinquent,97160.0
L204121,C104600,Personal Loan,Digital,2023-07-04,275000.0,12,13.4,15,Delinquent,46781.0
L204122,C100427,Business Loan,Branch,2024-05-02,1513000.0,36,11.45,8,Delinquent,283901.0
L204123,C103612,Business Loan,Digital,2023-11-30,1274000.0,60,12.55,1,Delinquent,542030.0
L204124,C101507,Personal Loan,Branch,2023-05-30,264000.0,120,14.39,137,NPL,181067.0
L204125,C101597,Home Loan,DSA,2023-06-07,2909000.0,60,9.74,55,Delinquent,744281.0
L204126,C101814,Home Loan,Branch,2024-07-29,3561000.0,60,8.23,2,Delinquent,1993469.0
L204127,C101914,Auto Loan,Branch,2024-10-18,809000.0,48,10.71,43,Delinquent,457754.0
L204128,C103545,Auto Loan,Branch,2024-11-03,1638000.0,84,11.63,1,Delinquent,1164091.0
L204129,C104023,Business Loan,Digital,2023-03-20,2016000.0,48,11.28,59,Delinquent,336452.0
L204130,C101816,Personal Loan,DSA,2023-01-31,119000.0,60,18.79,12,Delinquent,21216.0
L204131,C100858,Personal Loan,Digital,2023-05-25,555000.0,36,12.04,5,Delinquent,100898.0
L204132,C100016,Personal Loan,Branch,2025-08-07,634000.0,84,12.03,13,Delinquent,515767.0
L204133,C103623,Education Loan,Digital,2025-02-12,843000.0,12,9.3,5,Delinquent,150426.0
L204134,C104585,Auto Loan,Digital,2024-08-12,1022000.0,24,12.1,0,Current,216422.0
L204135,C100172,Personal Loan,DSA,2023-02-07,600000.0,84,15.96,13,Delinquent,308336.0
L204136,C102948,Business Loan,Branch,2023-01-31,530000.0,12,11.09,51,Delinquent,65428.0
L204137,C101092,Auto Loan,DSA,2024-04-16,1680000.0,60,13.92,0,Current,1009791.0
L204138,C101054,Personal Loan,Digital,2025-10-31,810000.0,60,20.02,0,Current,671025.0
L204139,C104143,Personal Loan,Digital,2023-05-14,167000.0,12,14.63,15,Delinquent,21429.0
L204140,C101262,Business Loan,Digital,2024-12-03,2771000.0,24,16.31,7,Delinquent,368423.0
L204141,C101520,Auto Loan,Branch,2024-11-17,1391000.0,36,9.92,14,Delinquent,561992.0
L204142,C100621,Personal Loan,Branch,2026-03-01,75000.0,48,13.47,13,Delinquent,62638.0
L204143,C104521,Personal Loan,DSA,2023-12-24,360000.0,48,21.23,3,Delinquent,105211.0
L204144,C104533,Personal Loan,Digital,2023-12-04,311000.0,24,20.11,176,NPL,66729.0
L204145,C104567,Auto Loan,Digital,2024-12-24,1034000.0,36,9.84,7,Delinquent,559027.0
L204146,C101152,Personal Loan,Digital,2024-05-10,886000.0,60,18.11,5,Delinquent,460966.0
L204147,C100939,Personal Loan,Branch,2023-07-25,668000.0,120,16.62,25,Delinquent,487634.0
L204148,C104704,Personal Loan,Branch,2025-03-06,626000.0,84,20.96,3,Delinquent,499961.0
L204149,C103065,Education Loan,Digital,2026-02-26,821000.0,120,11.3,5,Delinquent,758087.0
L204150,C101322,Home Loan,Branch,2026-01-01,5876000.0,48,10.94,11,Delinquent,5258302.0
L204151,C100234,Personal Loan,Partner,2023-05-02,281000.0,12,11.08,19,Delinquent,37062.0
L204152,C103997,Home Loan,Branch,2025-08-07,2845000.0,36,11.4,168,NPL,2052595.0
L204153,C104012,Auto Loan,DSA,2025-04-20,633000.0,120,12.7,5,Delinquent,541837.0
L204154,C100053,Business Loan,Branch,2025-02-10,850000.0,60,10.83,8,Delinquent,622846.0
L204155,C102392,Education Loan,Partner,2024-07-11,118000.0,24,11.29,21,Delinquent,16215.0
L204156,C102417,Home Loan,DSA,2025-08-12,5404000.0,84,8.45,2,Delinquent,4818134.0
L204157,C102321,Home Loan,Branch,2024-11-15,4676000.0,36,9.21,59,Delinquent,1693715.0
L204158,C101847,Personal Loan,Digital,2023-04-24,109000.0,36,16.6,82,Delinquent,9661.0
L204159,C101642,Business Loan,Partner,2023-06-05,1997000.0,12,14.34,6,Delinquent,380065.0
L204160,C101673,Auto Loan,Digital,2025-05-19,707000.0,12,14.99,7,Delinquent,111486.0
L204161,C104602,Personal Loan,Branch,2024-05-02,871000.0,48,19.24,3,Delinquent,357505.0
L204162,C104961,Home Loan,DSA,2024-11-25,3048000.0,60,9.26,14,Delinquent,2055109.0
L204163,C100560,Personal Loan,Digital,2025-08-24,134000.0,24,21.87,153,NPL,62007.0
L204164,C103605,Auto Loan,Branch,2023-11-26,385000.0,48,14.59,33,Delinquent,143834.0
L204165,C102868,Personal Loan,DSA,2025-12-07,289000.0,36,18.83,4,Delinquent,213627.0
L204166,C101279,Personal Loan,Partner,2023-10-14,515000.0,48,20.83,3,Delinquent,147285.0
L204167,C100930,Personal Loan,Branch,2024-06-21,533000.0,120,20.48,12,Delinquent,413151.0
L204168,C103763,Personal Loan,Digital,2023-12-12,341000.0,48,17.96,9,Delinquent,137860.0
L204169,C101824,Personal Loan,Branch,2025-04-18,860000.0,60,14.47,3,Delinquent,558762.0
L204170,C100648,Auto Loan,Partner,2023-05-28,861000.0,60,13.05,11,Delinquent,238008.0
L204171,C104846,Auto Loan,Partner,2024-02-05,292000.0,84,11.27,3,Delinquent,158735.0
L204172,C104630,Home Loan,Partner,2023-11-24,4168000.0,120,10.48,9,Delinquent,3077691.0
L204173,C102094,Home Loan,Branch,2025-05-15,4405000.0,84,11.04,3,Delinquent,3553015.0
L204174,C102132,Business Loan,Branch,2023-03-27,586000.0,24,17.91,3,Delinquent,136452.0
L204175,C102103,Business Loan,Digital,2025-02-12,2208000.0,24,13.08,101,NPL,620843.0
L204176,C100954,Auto Loan,Branch,2025-03-18,1044000.0,24,14.84,1,Delinquent,240974.0
L204177,C100528,Auto Loan,Branch,2025-05-21,247000.0,84,10.16,15,Delinquent,201233.0
L204178,C101365,Business Loan,Branch,2024-09-06,2564000.0,120,17.28,6,Delinquent,2157327.0
L204179,C101935,Auto Loan,DSA,2025-02-15,534000.0,12,13.72,8,Delinquent,78365.0
L204180,C100776,Personal Loan,DSA,2023-06-03,497000.0,120,13.56,74,Delinquent,329505.0
L204181,C100178,Home Loan,DSA,2024-10-25,5247000.0,60,10.49,4,Delinquent,3227347.0
L204182,C104653,Personal Loan,Branch,2025-04-16,371000.0,48,17.53,2,Delinquent,248425.0
L204183,C104389,Business Loan,DSA,2023-10-25,1948000.0,84,12.87,6,Delinquent,1062911.0
L204184,C101530,Auto Loan,Digital,2023-08-02,812000.0,48,9.41,7,Delinquent,195928.0
L204185,C103073,Education Loan,Branch,2023-12-25,184000.0,36,12.7,58,Delinquent,31192.0
L204186,C100715,Personal Loan,Digital,2024-08-16,404000.0,48,13.82,51,Delinquent,196920.0
L204187,C104634,Home Loan,DSA,2023-02-27,4930000.0,48,9.92,13,Delinquent,763022.0
L204188,C104065,Auto Loan,Branch,2026-01-09,1432000.0,48,14.35,8,Delinquent,1232032.0
L204189,C100880,Business Loan,DSA,2025-02-22,749000.0,84,14.31,12,Delinquent,579516.0
L204190,C101067,Business Loan,Digital,2025-07-02,2010000.0,84,10.67,2,Delinquent,1801092.0
L204191,C101664,Personal Loan,Digital,2025-10-15,646000.0,84,12.64,10,Delinquent,500018.0
L204192,C100471,Education Loan,Partner,2024-12-01,709000.0,48,8.96,146,NPL,357899.0
L204193,C101735,Education Loan,DSA,2025-07-14,897000.0,120,10.54,80,Delinquent,824903.0
L204194,C103342,Education Loan,Digital,2024-12-02,233000.0,84,11.62,2,Delinquent,186632.0
L204195,C103631,Auto Loan,Branch,2025-07-14,1015000.0,36,14.85,15,Delinquent,634890.0
L204196,C100038,Business Loan,Digital,2023-03-19,831000.0,84,16.44,149,NPL,461909.0
L204197,C101760,Personal Loan,DSA,2025-09-16,650000.0,36,21.21,43,Delinquent,436881.0
L204198,C104163,Personal Loan,Partner,2024-05-27,605000.0,36,14.57,14,Delinquent,138355.0
L204199,C104354,Personal Loan,DSA,2024-07-26,214000.0,48,14.88,4,Delinquent,108460.0
L204200,C102814,Home Loan,DSA,2024-01-04,4990000.0,60,11.0,3,Delinquent,2539639.0
L204201,C103677,Education Loan,DSA,2024-04-25,424000.0,24,10.34,4,Delinquent,63481.0
L204202,C101235,Auto Loan,DSA,2024-07-23,1408000.0,48,9.85,6,Delinquent,800315.0
L204203,C104342,Home Loan,Branch,2024-03-21,4758000.0,84,11.18,9,Delinquent,3283481.0
L204204,C102368,Business Loan,Digital,2026-02-15,2731000.0,120,17.91,10,Delinquent,2249917.0
L204205,C103459,Auto Loan,Digital,2024-09-06,775000.0,36,9.96,9,Delinquent,279522.0
L204206,C101313,Home Loan,Digital,2025-08-01,2931000.0,48,9.38,0,Current,2272195.0
L204207,C100865,Auto Loan,Digital,2026-02-22,1764000.0,120,11.01,45,Delinquent,1764000.0
L204208,C102665,Home Loan,Partner,2025-01-01,1496000.0,84,10.92,11,Delinquent,1252737.0
L204209,C102613,Auto Loan,Partner,2024-02-09,953000.0,60,14.25,8,Delinquent,498576.0
L204210,C102859,Business Loan,DSA,2025-04-25,1120000.0,12,17.66,5,Delinquent,175960.0
L204211,C104041,Home Loan,DSA,2023-01-14,5354000.0,84,9.65,15,Delinquent,2702370.0
L204212,C103859,Home Loan,DSA,2025-05-26,3801000.0,60,9.98,11,Delinquent,2936535.0
L204213,C101509,Auto Loan,DSA,2023-01-11,1336000.0,48,10.79,4,Delinquent,106880.0
L204214,C102331,Business Loan,Branch,2024-07-01,1166000.0,12,14.03,37,Delinquent,207816.0
L204215,C100427,Home Loan,Partner,2023-11-28,4968000.0,60,9.6,30,Delinquent,1917211.0
L204216,C103934,Business Loan,Branch,2025-11-05,2812000.0,60,16.88,3,Delinquent,2689806.0
L204217,C100677,Auto Loan,DSA,2025-02-12,829000.0,24,13.66,16,Delinquent,201319.0
L204218,C100347,Personal Loan,Branch,2025-01-10,84000.0,36,13.02,2,Delinquent,41916.0
L204219,C102602,Home Loan,Digital,2025-02-24,1524000.0,120,11.17,136,NPL,1358522.0
L204220,C104607,Personal Loan,Branch,2025-06-04,571000.0,60,13.32,13,Delinquent,461995.0
L204221,C101882,Personal Loan,DSA,2023-07-11,452000.0,48,21.92,8,Delinquent,112988.0
L204222,C100928,Personal Loan,Partner,2023-01-14,560000.0,48,18.97,6,Delinquent,89064.0
L204223,C100922,Auto Loan,Branch,2026-01-24,182000.0,48,10.15,9,Delinquent,180655.0
L204224,C104183,Auto Loan,Branch,2024-10-07,1349000.0,84,14.97,86,Delinquent,1079321.0
L204225,C103303,Home Loan,Partner,2025-03-14,3494000.0,12,10.9,106,NPL,356855.0
L204226,C102474,Home Loan,Branch,2024-03-13,4147000.0,12,8.63,13,Delinquent,567754.0
L204227,C104637,Home Loan,DSA,2025-10-15,3203000.0,24,8.53,42,Delinquent,2336892.0
L204228,C100524,Business Loan,DSA,2023-03-08,2515000.0,24,12.62,3,Delinquent,201200.0
L204229,C103082,Education Loan,DSA,2024-06-12,1143000.0,12,8.87,152,NPL,151416.0
L204230,C101800,Business Loan,Branch,2025-02-14,1385000.0,36,17.76,26,Delinquent,625859.0
L204231,C101168,Personal Loan,DSA,2024-07-10,719000.0,12,17.57,49,Delinquent,77027.0
L204232,C104592,Business Loan,Partner,2026-01-19,1449000.0,36,17.95,10,Delinquent,1064833.0
L204233,C104784,Business Loan,Digital,2023-01-11,2593000.0,12,17.13,153,NPL,469523.0
L204234,C104174,Personal Loan,DSA,2025-05-29,222000.0,12,14.79,6,Delinquent,44063.0
L204235,C100743,Personal Loan,Branch,2025-11-23,503000.0,60,12.81,6,Delinquent,437255.0
L204236,C103612,Personal Loan,Partner,2023-04-06,684000.0,48,18.7,15,Delinquent,107134.0
L204237,C101793,Auto Loan,Branch,2025-02-08,661000.0,120,14.91,3,Delinquent,542563.0
L204238,C101900,Home Loan,Branch,2023-03-10,5943000.0,60,8.21,0,Current,2166816.0
L204239,C100969,Personal Loan,Branch,2025-01-19,329000.0,36,21.75,15,Delinquent,176886.0
L204240,C102944,Personal Loan,Partner,2024-02-19,102000.0,84,17.22,5,Delinquent,73911.0
L204241,C104287,Home Loan,Digital,2025-09-25,1240000.0,84,8.15,14,Delinquent,1009268.0
L204242,C101161,Auto Loan,Branch,2023-10-14,516000.0,24,9.15,0,Current,62799.0
L204243,C102688,Home Loan,Branch,2024-03-24,5120000.0,48,11.37,13,Delinquent,2043432.0
L204244,C103240,Personal Loan,Partner,2023-02-03,132000.0,24,20.06,14,Delinquent,25020.0
L204245,C103153,Auto Loan,Branch,2025-06-02,463000.0,120,9.03,9,Delinquent,401535.0
L204246,C101305,Education Loan,Digital,2023-02-18,628000.0,48,11.52,49,Delinquent,115986.0
L204247,C100145,Personal Loan,Digital,2025-03-15,431000.0,12,16.5,5,Delinquent,34480.0
L204248,C104146,Home Loan,DSA,2024-02-19,1505000.0,84,10.84,12,Delinquent,1020418.0
L204249,C102984,Personal Loan,DSA,2026-02-02,587000.0,120,13.21,4,Delinquent,538210.0
L204250,C103523,Personal Loan,DSA,2023-06-10,173000.0,36,17.68,59,Delinquent,15679.0
L204251,C102660,Business Loan,Branch,2025-02-04,313000.0,48,12.09,19,Delinquent,194432.0
L204252,C101931,Education Loan,Digital,2023-08-22,111000.0,84,12.08,161,NPL,66983.0
L204253,C101259,Personal Loan,Branch,2023-02-23,64000.0,12,19.98,55,Delinquent,5703.0
L204254,C103298,Personal Loan,Digital,2025-11-09,80000.0,120,11.46,10,Delinquent,80000.0
L204255,C104158,Personal Loan,Digital,2025-11-25,674000.0,12,14.44,35,Delinquent,183728.0
L204256,C101626,Auto Loan,Digital,2026-04-07,1402000.0,24,14.42,89,Delinquent,1346438.0
L204257,C100121,Personal Loan,Partner,2023-08-13,247000.0,36,13.42,8,Delinquent,23674.0
L204258,C100779,Home Loan,Partner,2025-08-23,1877000.0,60,8.51,8,Delinquent,1435555.0
L204259,C102896,Personal Loan,Branch,2024-08-11,484000.0,84,17.6,19,Delinquent,322160.0
L204260,C101176,Auto Loan,DSA,2023-10-07,1790000.0,24,10.17,3,Delinquent,263896.0
L204261,C104072,Education Loan,DSA,2024-04-17,665000.0,36,10.77,5,Delinquent,189805.0
L204262,C101359,Personal Loan,Partner,2023-07-31,138000.0,84,15.2,14,Delinquent,73750.0
L204263,C102470,Business Loan,Branch,2025-01-09,413000.0,36,12.9,50,Delinquent,192390.0
L204264,C101134,Business Loan,Digital,2024-11-25,1030000.0,36,12.11,1,Delinquent,416311.0
L204265,C102273,Personal Loan,Digital,2023-07-26,237000.0,36,14.05,3,Delinquent,42390.0
L204266,C103392,Education Loan,Branch,2025-07-29,473000.0,60,8.75,11,Delinquent,382138.0
L204267,C103979,Auto Loan,Digital,2024-11-08,1320000.0,84,13.63,2,Delinquent,1176200.0
L204268,C103699,Home Loan,Branch,2025-02-27,4044000.0,120,11.47,45,Delinquent,3526635.0
L204269,C102537,Auto Loan,Branch,2023-06-11,788000.0,84,9.57,74,Delinquent,448944.0
L204270,C102286,Personal Loan,DSA,2025-08-22,501000.0,24,15.01,2,Delinquent,281536.0
L204271,C101628,Personal Loan,Branch,2024-03-13,253000.0,36,14.04,15,Delinquent,26479.0
L204272,C104939,Home Loan,Branch,2024-08-07,4744000.0,60,10.87,4,Delinquent,2621720.0
L204273,C103668,Business Loan,Digital,2023-07-07,1292000.0,36,16.68,10,Delinquent,220421.0
L204274,C104456,Business Loan,Digital,2026-03-31,790000.0,48,11.61,5,Delinquent,781105.0
L204275,C103699,Home Loan,Digital,2024-09-12,5112000.0,36,10.11,8,Delinquent,1764460.0
L204276,C100436,Personal Loan,Partner,2025-08-02,243000.0,60,17.82,14,Delinquent,191466.0
L204277,C101327,Personal Loan,Digital,2025-01-03,57000.0,60,15.86,48,Delinquent,37480.0
L204278,C102303,Education Loan,Branch,2023-03-03,215000.0,12,11.08,5,Delinquent,35348.0
L204279,C101574,Personal Loan,Branch,2025-04-15,753000.0,120,17.29,51,Delinquent,715405.0
L204280,C104543,Business Loan,Digital,2024-03-12,2472000.0,12,14.43,112,NPL,318256.0
L204281,C102460,Personal Loan,Digital,2024-12-20,772000.0,36,17.48,58,Delinquent,402949.0
L204282,C101102,Personal Loan,Partner,2024-11-02,113000.0,84,11.47,2,Delinquent,72538.0
L204283,C102990,Personal Loan,Digital,2025-07-30,292000.0,12,18.44,25,Delinquent,57928.0
L204284,C101892,Home Loan,Digital,2023-09-27,4425000.0,36,10.36,19,Delinquent,723559.0
L204285,C100640,Personal Loan,Partner,2026-03-09,707000.0,60,18.16,135,NPL,643330.0
L204286,C104735,Business Loan,DSA,2024-04-29,1718000.0,60,13.17,130,NPL,1006145.0
L204287,C104728,Auto Loan,DSA,2025-05-13,1765000.0,120,9.96,36,Delinquent,1546133.0
L204288,C103881,Personal Loan,Digital,2025-01-25,704000.0,60,13.07,43,Delinquent,417839.0
L204289,C101571,Auto Loan,Branch,2024-11-09,1335000.0,60,10.08,17,Delinquent,856020.0
L204290,C104162,Home Loan,Digital,2024-10-24,5010000.0,24,10.19,19,Delinquent,750628.0
L204291,C101442,Auto Loan,Branch,2025-01-04,914000.0,120,11.51,56,Delinquent,756202.0
L204292,C104398,Business Loan,Digital,2025-10-30,1241000.0,36,11.64,7,Delinquent,901869.0
L204293,C104421,Education Loan,Partner,2023-11-28,762000.0,24,10.06,10,Delinquent,98012.0
L204294,C100856,Auto Loan,Digital,2023-11-12,793000.0,12,12.76,46,Delinquent,105114.0
L204295,C101575,Personal Loan,Branch,2026-03-31,106000.0,120,17.49,5,Delinquent,98532.0
L204296,C103497,Home Loan,Branch,2026-01-10,5103000.0,12,9.48,13,Delinquent,2147921.0
L204297,C101171,Home Loan,Partner,2024-04-18,3098000.0,24,8.64,6,Delinquent,541201.0
L204298,C104015,Home Loan,Branch,2024-01-22,3500000.0,120,9.5,25,Delinquent,2247007.0
L204299,C103395,Personal Loan,Digital,2025-06-16,639000.0,60,18.97,33,Delinquent,483440.0
L204300,C101133,Personal Loan,DSA,2026-01-09,549000.0,60,14.27,10,Delinquent,485282.0
L204301,C103879,Education Loan,Branch,2026-02-11,662000.0,12,11.66,3,Delinquent,348476.0
L204302,C100217,Education Loan,DSA,2023-10-25,1110000.0,36,11.5,27,Delinquent,102450.0
L204303,C101920,Personal Loan,Branch,2023-09-14,99000.0,84,15.22,178,NPL,59290.0
L204304,C100892,Education Loan,DSA,2024-09-01,772000.0,48,10.12,15,Delinquent,396127.0
L204305,C100001,Business Loan,Branch,2023-08-03,471000.0,12,14.32,15,Delinquent,56729.0
L204306,C103708,Personal Loan,Branch,2026-01-23,298000.0,60,13.66,5,Delinquent,254659.0
L204307,C100764,Business Loan,Branch,2024-02-27,2716000.0,12,14.41,14,Delinquent,454436.0
L204308,C103472,Education Loan,Partner,2023-11-29,511000.0,12,9.97,10,Delinquent,40880.0
L204309,C100378,Auto Loan,Digital,2026-03-12,625000.0,24,13.33,9,Delinquent,511451.0
L204310,C104459,Business Loan,DSA,2025-10-15,2970000.0,36,12.19,14,Delinquent,2220284.0
L204311,C104890,Personal Loan,Digital,2026-02-04,829000.0,48,14.34,46,Delinquent,654485.0
L204312,C101585,Auto Loan,DSA,2024-08-24,1718000.0,60,12.94,7,Delinquent,1046879.0
L204313,C102431,Auto Loan,Digital,2025-08-09,1251000.0,120,10.78,5,Delinquent,1056825.0
L204314,C103109,Auto Loan,Digital,2024-05-18,850000.0,36,10.35,36,Delinquent,290924.0
L204315,C102949,Personal Loan,Digital,2023-03-26,765000.0,36,20.5,11,Delinquent,67380.0
L204316,C100134,Auto Loan,Branch,2025-03-07,342000.0,36,12.22,15,Delinquent,205193.0
L204317,C104897,Business Loan,Partner,2023-04-06,2315000.0,48,13.68,6,Delinquent,334174.0
L204318,C104676,Business Loan,Partner,2023-08-27,2058000.0,48,11.29,5,Delinquent,559260.0
L204319,C102434,Personal Loan,Branch,2023-12-22,694000.0,24,17.9,2,Delinquent,114734.0
L204320,C102773,Home Loan,Partner,2025-03-01,1842000.0,84,10.59,4,Delinquent,1318072.0
L204321,C100850,Personal Loan,Branch,2025-07-22,434000.0,48,14.71,40,Delinquent,308847.0
L204322,C103742,Auto Loan,DSA,2023-07-31,654000.0,84,10.23,15,Delinquent,355379.0
L204323,C102573,Personal Loan,DSA,2025-05-31,587000.0,12,17.14,27,Delinquent,46960.0
L204324,C101420,Education Loan,Branch,2025-05-03,562000.0,60,11.27,15,Delinquent,413403.0
L204325,C101536,Auto Loan,Branch,2024-12-17,1322000.0,120,11.49,8,Delinquent,1106707.0
L204326,C100410,Home Loan,DSA,2025-01-02,3710000.0,84,8.6,90,NPL,2622698.0
L204327,C103945,Auto Loan,Digital,2024-04-26,1412000.0,36,10.86,14,Delinquent,426853.0
L204328,C100315,Personal Loan,Digital,2023-06-17,304000.0,12,20.15,4,Delinquent,32335.0
L204329,C102818,Personal Loan,DSA,2023-06-10,430000.0,120,12.87,174,NPL,262600.0
L204330,C104074,Personal Loan,Branch,2023-05-01,177000.0,24,12.29,12,Delinquent,35636.0
L204331,C100262,Auto Loan,Branch,2024-07-29,272000.0,48,10.27,54,Delinquent,118334.0
L204332,C100760,Business Loan,Partner,2024-12-29,2779000.0,84,11.82,12,Delinquent,2033235.0
L204333,C103812,Personal Loan,DSA,2023-06-22,549000.0,48,11.93,35,Delinquent,140661.0
L204334,C104121,Business Loan,Digital,2023-05-26,2780000.0,24,12.76,15,Delinquent,316250.0
L204335,C100406,Personal Loan,Branch,2025-04-13,551000.0,84,16.34,13,Delinquent,476055.0
L204336,C101327,Personal Loan,Partner,2025-01-20,564000.0,24,19.29,3,Delinquent,126449.0
L204337,C103032,Auto Loan,Branch,2026-01-23,601000.0,120,11.88,5,Delinquent,549544.0
L204338,C102707,Business Loan,Branch,2026-04-13,2962000.0,12,16.28,6,Delinquent,2112337.0
L204339,C102584,Education Loan,Branch,2026-03-31,419000.0,12,12.81,2,Delinquent,261354.0
L204340,C101310,Auto Loan,DSA,2023-05-28,1418000.0,48,10.13,139,NPL,355259.0
L204341,C102695,Home Loan,Branch,2024-03-14,5289000.0,36,9.64,9,Delinquent,1018104.0
L204342,C100251,Personal Loan,Branch,2024-07-22,109000.0,48,15.01,26,Delinquent,56546.0
L204343,C104364,Personal Loan,Digital,2025-06-05,362000.0,48,17.16,11,Delinquent,229323.0
L204344,C102712,Education Loan,Digital,2026-01-14,1181000.0,24,9.03,3,Delinquent,807781.0
L204345,C101864,Auto Loan,Branch,2025-09-25,704000.0,36,12.84,28,Delinquent,451716.0
L204346,C101836,Personal Loan,Digital,2026-01-29,749000.0,36,19.48,108,NPL,673285.0
L204347,C101850,Personal Loan,Digital,2023-01-23,67000.0,120,13.19,14,Delinquent,41841.0
L204348,C102176,Personal Loan,Branch,2023-02-05,386000.0,120,16.63,6,Delinquent,229848.0
L204349,C100964,Business Loan,Branch,2024-05-08,1128000.0,48,16.08,17,Delinquent,457077.0
L204350,C103008,Home Loan,Partner,2025-08-27,4238000.0,24,10.51,10,Delinquent,2071888.0
L204351,C100919,Education Loan,DSA,2024-01-27,793000.0,48,9.73,22,Delinquent,356442.0
L204352,C101569,Home Loan,Branch,2023-10-14,5323000.0,36,10.52,9,Delinquent,920259.0
L204353,C104355,Business Loan,Digital,2023-10-14,2415000.0,12,17.4,3,Delinquent,207944.0
L204354,C102820,Personal Loan,Branch,2025-06-14,437000.0,36,16.59,7,Delinquent,258467.0
L204355,C104516,Personal Loan,Digital,2025-08-02,775000.0,36,20.64,0,Current,519277.0
L204356,C103289,Personal Loan,DSA,2024-03-02,297000.0,48,16.21,6,Delinquent,120293.0
L204357,C103918,Personal Loan,Branch,2023-03-10,422000.0,84,17.53,5,Delinquent,213898.0
L204358,C100448,Education Loan,Partner,2023-09-27,275000.0,84,11.42,16,Delinquent,146859.0
L204359,C102522,Business Loan,Digital,2023-12-14,2633000.0,120,13.78,84,Delinquent,2003113.0
L204360,C101751,Personal Loan,Branch,2024-07-18,397000.0,120,21.97,52,Delinquent,314623.0
L204361,C100086,Home Loan,Branch,2024-04-05,2838000.0,24,9.2,14,Delinquent,486681.0
L204362,C100450,Home Loan,Branch,2023-07-31,3601000.0,36,10.06,13,Delinquent,288080.0
L204363,C100950,Auto Loan,DSA,2026-03-30,168000.0,24,10.2,2,Delinquent,140645.0
L204364,C100035,Personal Loan,Digital,2024-05-24,108000.0,36,17.01,13,Delinquent,34548.0
L204365,C102187,Personal Loan,DSA,2023-09-24,858000.0,84,15.12,55,Delinquent,499436.0
L204366,C100257,Personal Loan,Branch,2024-04-18,613000.0,60,13.1,144,NPL,320157.0
L204367,C104123,Business Loan,Branch,2025-06-12,2992000.0,84,15.33,13,Delinquent,2369118.0
L204368,C102962,Home Loan,Digital,2026-03-01,2748000.0,120,8.2,14,Delinquent,2340106.0
L204369,C104816,Auto Loan,Digital,2024-06-18,1385000.0,120,9.49,7,Delinquent,1081811.0
L204370,C100422,Education Loan,Branch,2024-10-12,1018000.0,12,9.24,43,Delinquent,121512.0
L204371,C100400,Personal Loan,Branch,2023-12-28,464000.0,36,14.05,4,Delinquent,97875.0
L204372,C104343,Personal Loan,Partner,2025-04-16,63000.0,120,16.63,5,Delinquent,50778.0
L204373,C101961,Personal Loan,Digital,2025-04-03,527000.0,36,13.03,9,Delinquent,290900.0
L204374,C103798,Auto Loan,Branch,2023-07-29,1521000.0,84,10.47,33,Delinquent,882513.0
L204375,C100950,Home Loan,DSA,2024-10-20,3210000.0,48,11.37,23,Delinquent,1805600.0
L204376,C100045,Personal Loan,Digital,2026-04-11,346000.0,48,20.19,76,Delinquent,303468.0
L204377,C102490,Personal Loan,DSA,2023-10-08,293000.0,36,12.42,38,Delinquent,37603.0
L204378,C102867,Auto Loan,Partner,2024-08-20,1371000.0,60,14.66,13,Delinquent,850869.0
L204379,C100557,Auto Loan,Branch,2025-03-16,1685000.0,12,10.01,0,Current,230181.0
L204380,C100052,Personal Loan,Partner,2023-04-01,550000.0,120,21.13,10,Delinquent,370972.0
L204381,C101061,Business Loan,Branch,2024-09-17,1390000.0,84,13.12,1,Delinquent,897497.0
L204382,C100546,Personal Loan,Branch,2025-01-01,363000.0,24,18.66,11,Delinquent,65579.0
L204383,C104981,Personal Loan,Digital,2024-10-15,365000.0,60,18.36,57,Delinquent,243147.0
L204384,C104942,Personal Loan,DSA,2024-01-17,251000.0,120,15.31,3,Delinquent,183339.0
L204385,C100080,Auto Loan,Branch,2025-08-24,1139000.0,12,13.58,2,Delinquent,91120.0
L204386,C102286,Auto Loan,Branch,2023-12-19,1182000.0,24,10.89,13,Delinquent,183379.0
L204387,C101923,Home Loan,Branch,2024-09-04,2853000.0,48,8.69,15,Delinquent,1437343.0
L204388,C100137,Personal Loan,Branch,2024-01-16,162000.0,120,18.9,2,Delinquent,112877.0
L204389,C103334,Home Loan,Branch,2025-10-19,5853000.0,12,9.0,10,Delinquent,1466891.0
L204390,C104252,Home Loan,Branch,2024-06-24,5474000.0,12,10.89,14,Delinquent,1037176.0
L204391,C103057,Home Loan,Partner,2024-04-07,5855000.0,36,9.07,3,Delinquent,1091296.0
L204392,C104587,Home Loan,DSA,2023-12-11,3104000.0,60,9.48,10,Delinquent,1470342.0
L204393,C103188,Home Loan,Partner,2024-10-05,3292000.0,60,10.49,6,Delinquent,2063277.0
L204394,C102742,Personal Loan,Branch,2025-07-23,269000.0,12,11.69,172,NPL,30168.0
L204395,C104740,Personal Loan,Branch,2025-01-18,253000.0,48,11.39,11,Delinquent,169586.0
L204396,C103530,Personal Loan,Digital,2023-08-03,175000.0,48,15.88,9,Delinquent,36860.0
L204397,C103824,Auto Loan,Digital,2023-01-24,238000.0,48,9.93,10,Delinquent,33167.0
L204398,C103901,Home Loan,Digital,2023-06-20,2731000.0,12,9.46,25,Delinquent,355287.0
L204399,C100159,Auto Loan,Branch,2025-12-05,1546000.0,48,13.34,55,Delinquent,1307169.0
L204400,C103674,Personal Loan,DSA,2023-05-06,694000.0,12,11.86,3,Delinquent,159345.0
L204401,C103743,Personal Loan,Digital,2023-08-02,496000.0,48,14.08,7,Delinquent,143920.0
L204402,C102473,Personal Loan,Digital,2024-05-07,581000.0,84,17.4,8,Delinquent,449969.0
L204403,C102822,Personal Loan,Digital,2023-08-12,773000.0,12,14.83,9,Delinquent,148074.0
L204404,C104164,Business Loan,Branch,2023-05-16,2650000.0,120,13.08,9,Delinquent,1855541.0
L204405,C100710,Personal Loan,Branch,2023-08-13,327000.0,60,14.38,6,Delinquent,88075.0
L204406,C102637,Personal Loan,Partner,2023-01-31,728000.0,60,13.37,13,Delinquent,225474.0
L204407,C103853,Personal Loan,Digital,2024-09-10,64000.0,48,17.78,93,NPL,31603.0
L204408,C101298,Personal Loan,Branch,2023-12-20,153000.0,84,17.97,106,NPL,87045.0
L204409,C101319,Business Loan,Branch,2023-12-13,1857000.0,24,11.49,4,Delinquent,234739.0
L204410,C100021,Education Loan,Branch,2026-03-22,343000.0,24,11.89,11,Delinquent,273325.0
L204411,C101562,Home Loan,Partner,2026-01-05,3626000.0,48,10.28,35,Delinquent,2881530.0
L204412,C101793,Personal Loan,DSA,2023-01-14,790000.0,60,21.97,3,Delinquent,207195.0
L204413,C104763,Home Loan,Digital,2025-12-24,2181000.0,84,9.25,10,Delinquent,2181000.0
L204414,C100413,Home Loan,Partner,2023-03-18,4481000.0,48,9.64,36,Delinquent,358480.0
L204415,C103232,Home Loan,Digital,2024-12-05,2414000.0,12,9.22,12,Delinquent,400888.0
L204416,C100317,Personal Loan,Partner,2024-11-30,650000.0,84,19.14,7,Delinquent,503561.0
L204417,C103998,Personal Loan,Digital,2025-01-12,691000.0,84,12.53,4,Delinquent,548920.0
L204418,C102347,Personal Loan,DSA,2024-08-20,325000.0,48,15.4,38,Delinquent,164596.0
L204419,C102130,Personal Loan,Partner,2025-03-11,317000.0,12,13.42,3,Delinquent,55096.0
L204420,C104719,Auto Loan,Digital,2023-05-06,1510000.0,120,9.89,105,NPL,908808.0
L204421,C103746,Business Loan,Branch,2024-06-23,2810000.0,60,16.17,14,Delinquent,1540712.0
L204422,C100528,Personal Loan,Branch,2025-12-09,375000.0,120,13.85,14,Delinquent,346364.0
L204423,C101331,Business Loan,Branch,2024-11-04,1315000.0,12,12.59,10,Delinquent,326817.0
L204424,C101369,Personal Loan,Branch,2025-03-20,476000.0,36,11.84,8,Delinquent,246208.0
L204425,C103049,Personal Loan,Digital,2023-03-21,229000.0,24,13.12,11,Delinquent,23317.0
L204426,C104151,Auto Loan,Digital,2024-08-16,365000.0,84,9.32,6,Delinquent,275412.0
L204427,C103189,Personal Loan,Branch,2023-04-30,496000.0,36,13.3,56,Delinquent,99330.0
L204428,C102010,Business Loan,Partner,2024-10-14,2271000.0,120,10.73,10,Delinquent,1860891.0
L204429,C103733,Education Loan,Branch,2024-02-16,224000.0,36,9.29,15,Delinquent,18061.0
L204430,C103795,Personal Loan,Branch,2025-08-13,424000.0,36,13.75,11,Delinquent,286094.0
L204431,C100403,Personal Loan,Branch,2025-07-31,502000.0,60,20.05,128,NPL,383664.0
L204432,C102712,Personal Loan,Partner,2023-04-28,657000.0,84,17.61,13,Delinquent,352019.0
L204433,C103554,Business Loan,Digital,2024-03-23,1019000.0,36,12.89,5,Delinquent,168418.0
L204434,C103020,Personal Loan,Branch,2026-01-24,84000.0,12,12.92,3,Delinquent,39520.0
L204435,C101225,Business Loan,Branch,2023-01-18,681000.0,120,15.58,13,Delinquent,415101.0
L204436,C100806,Personal Loan,Digital,2023-05-16,817000.0,36,17.9,7,Delinquent,65360.0
L204437,C101455,Auto Loan,Partner,2026-01-26,153000.0,12,10.84,11,Delinquent,81551.0
L204438,C101762,Personal Loan,Digital,2024-07-04,160000.0,60,21.6,6,Delinquent,84267.0
L204439,C104608,Business Loan,Digital,2025-01-12,989000.0,84,11.11,8,Delinquent,771375.0
L204440,C103109,Auto Loan,Digital,2023-10-25,601000.0,36,9.58,21,Delinquent,138612.0
L204441,C104179,Personal Loan,Branch,2024-05-14,829000.0,24,20.87,12,Delinquent,91074.0
L204442,C100134,Personal Loan,Digital,2025-03-09,873000.0,120,12.92,43,Delinquent,771759.0
L204443,C103920,Home Loan,Digital,2024-01-08,5836000.0,120,8.97,8,Delinquent,4023137.0
L204444,C100942,Home Loan,DSA,2025-10-04,2519000.0,60,10.95,12,Delinquent,2161212.0
L204445,C102829,Business Loan,Branch,2026-01-15,2095000.0,24,16.93,3,Delinquent,1463416.0
L204446,C101933,Home Loan,Branch,2025-01-10,2979000.0,48,10.53,1,Delinquent,1502040.0
L204447,C104319,Education Loan,Digital,2023-11-12,188000.0,60,8.82,28,Delinquent,90405.0
L204448,C103373,Personal Loan,DSA,2023-09-26,117000.0,120,12.86,9,Delinquent,81879.0
L204449,C102302,Business Loan,Digital,2023-01-29,2531000.0,120,11.93,66,Delinquent,1673527.0
L204450,C102548,Business Loan,DSA,2025-07-24,1618000.0,84,11.74,5,Delinquent,1384499.0
L204451,C103535,Auto Loan,DSA,2025-12-12,1547000.0,60,13.55,4,Delinquent,1287077.0
L204452,C103594,Education Loan,Partner,2026-02-05,1017000.0,24,12.14,0,Current,816730.0
L204453,C102867,Home Loan,Digital,2026-03-18,2740000.0,12,8.12,7,Delinquent,1746730.0
L204454,C103635,Auto Loan,Partner,2023-07-13,876000.0,84,14.93,4,Delinquent,458501.0
L204455,C103946,Personal Loan,DSA,2025-04-18,56000.0,12,15.14,55,Delinquent,8191.0
L204456,C100156,Personal Loan,Digital,2023-11-01,501000.0,48,18.18,99,NPL,189579.0
L204457,C101835,Auto Loan,Digital,2023-07-29,748000.0,48,12.07,2,Delinquent,167113.0
L204458,C104509,Business Loan,Branch,2024-09-27,1515000.0,24,17.28,0,Current,208915.0
L204459,C101606,Education Loan,Digital,2025-03-22,872000.0,24,8.94,11,Delinquent,330036.0
L204460,C104122,Auto Loan,DSA,2025-06-06,1347000.0,120,13.8,14,Delinquent,1347000.0
L204461,C102747,Business Loan,Partner,2024-08-13,2037000.0,84,16.41,4,Delinquent,1362623.0
L204462,C101356,Business Loan,Digital,2023-06-02,455000.0,36,17.97,0,Current,65541.0
L204463,C101752,Business Loan,Partner,2023-03-23,2600000.0,84,12.99,11,Delinquent,1319149.0
L204464,C102423,Personal Loan,Branch,2023-03-02,194000.0,12,11.89,0,Current,38413.0
L204465,C100625,Home Loan,Partner,2025-07-09,4892000.0,24,8.46,15,Delinquent,2661985.0
L204466,C101541,Home Loan,Digital,2024-11-11,1383000.0,120,9.61,44,Delinquent,1124899.0
L204467,C103406,Business Loan,Digital,2024-02-15,509000.0,84,11.51,11,Delinquent,281277.0
L204468,C104534,Auto Loan,Digital,2025-08-14,809000.0,12,9.88,121,NPL,119293.0
L204469,C104752,Business Loan,Partner,2024-03-03,2510000.0,24,17.13,1,Delinquent,364178.0
L204470,C101915,Education Loan,Branch,2023-12-24,322000.0,48,8.78,15,Delinquent,125170.0
L204471,C103971,Auto Loan,Digital,2025-08-26,646000.0,36,11.66,27,Delinquent,400732.0
L204472,C101981,Business Loan,Partner,2024-11-30,1901000.0,48,15.24,9,Delinquent,1047650.0
L204473,C104034,Auto Loan,Branch,2025-03-23,847000.0,84,9.6,9,Delinquent,727848.0
L204474,C104560,Auto Loan,Digital,2025-08-22,1499000.0,84,12.58,2,Delinquent,1325350.0
L204475,C102229,Home Loan,Digital,2024-01-11,3715000.0,84,9.57,1,Delinquent,2364598.0
L204476,C103004,Education Loan,DSA,2023-02-04,1033000.0,12,12.62,10,Delinquent,177365.0
L204477,C104335,Business Loan,Partner,2025-03-07,1879000.0,48,14.16,4,Delinquent,1197923.0
L204478,C100690,Business Loan,Branch,2024-02-08,2281000.0,84,15.17,5,Delinquent,1328123.0
L204479,C101234,Personal Loan,DSA,2026-03-10,432000.0,60,17.79,7,Delinquent,396677.0
L204480,C103131,Home Loan,Digital,2023-12-30,4117000.0,60,10.16,6,Delinquent,1974856.0
L204481,C100896,Business Loan,Digital,2025-08-14,331000.0,84,12.04,15,Delinquent,316937.0
L204482,C103973,Education Loan,Branch,2025-05-17,813000.0,36,8.87,6,Delinquent,468926.0
L204483,C101332,Education Loan,Branch,2025-04-29,101000.0,84,8.57,23,Delinquent,85249.0
L204484,C101690,Auto Loan,Digital,2025-03-10,607000.0,84,11.09,50,Delinquent,495089.0
L204485,C104054,Auto Loan,Branch,2023-03-31,1152000.0,24,14.76,0,Current,234072.0
L204486,C102636,Personal Loan,DSA,2025-09-19,375000.0,24,15.6,11,Delinquent,209813.0
L204487,C103955,Business Loan,Branch,2023-11-19,1078000.0,36,10.85,3,Delinquent,114640.0
L204488,C103135,Personal Loan,Partner,2024-10-20,567000.0,120,17.49,3,Delinquent,560305.0
L204489,C102572,Business Loan,Partner,2023-11-05,2583000.0,48,11.48,6,Delinquent,587171.0
L204490,C102553,Personal Loan,Digital,2023-10-01,212000.0,120,12.53,4,Delinquent,143596.0
L204491,C104015,Education Loan,Partner,2024-04-01,248000.0,36,11.63,77,Delinquent,49423.0
L204492,C104996,Home Loan,Partner,2024-06-03,5846000.0,60,8.75,3,Delinquent,3809110.0
L204493,C100122,Personal Loan,DSA,2025-12-26,815000.0,120,12.05,10,Delinquent,742707.0
L204494,C102534,Auto Loan,Digital,2024-04-20,1003000.0,36,9.85,175,NPL,175335.0
L204495,C103917,Auto Loan,Digital,2026-02-10,1706000.0,84,11.66,46,Delinquent,1619390.0
L204496,C103217,Business Loan,DSA,2025-03-12,2270000.0,36,11.73,8,Delinquent,1346552.0
L204497,C102420,Auto Loan,DSA,2025-02-02,649000.0,120,9.65,11,Delinquent,507185.0
L204498,C103968,Auto Loan,Digital,2026-02-18,338000.0,84,9.0,50,Delinquent,324921.0
L204499,C102342,Personal Loan,Digital,2026-04-06,257000.0,84,16.12,14,Delinquent,249363.0
L204500,C100683,Business Loan,Branch,2024-07-03,320000.0,24,10.67,4,Delinquent,33570.0
L204501,C101362,Education Loan,DSA,2024-04-21,1094000.0,120,8.75,15,Delinquent,773468.0
L204502,C100220,Business Loan,Partner,2025-02-05,2499000.0,36,14.54,14,Delinquent,1270912.0
L204503,C103511,Personal Loan,Branch,2023-09-03,126000.0,36,20.93,9,Delinquent,13322.0
L204504,C104865,Business Loan,Branch,2023-08-02,1142000.0,48,14.03,2,Delinquent,258715.0
L204505,C101897,Personal Loan,Partner,2024-01-11,433000.0,60,20.78,21,Delinquent,235775.0
L204506,C103662,Education Loan,Branch,2024-11-20,205000.0,84,11.65,115,NPL,156797.0
L204507,C104913,Personal Loan,DSA,2026-04-12,353000.0,120,18.44,15,Delinquent,336028.0
L204508,C101967,Personal Loan,Digital,2025-05-24,879000.0,24,11.04,50,Delinquent,441365.0
L204509,C104412,Personal Loan,Digital,2024-01-05,325000.0,84,14.5,44,Delinquent,210453.0
L204510,C100089,Business Loan,Branch,2025-07-05,2272000.0,12,12.61,14,Delinquent,268421.0
L204511,C103389,Auto Loan,Branch,2024-09-11,1747000.0,48,14.81,89,Delinquent,960145.0
L204512,C100832,Auto Loan,Digital,2026-03-14,590000.0,120,10.2,15,Delinquent,590000.0
L204513,C103908,Personal Loan,Digital,2025-01-06,598000.0,84,21.47,5,Delinquent,480763.0
L204514,C100049,Business Loan,DSA,2026-03-31,989000.0,120,14.37,53,Delinquent,989000.0
L204515,C104165,Home Loan,Partner,2025-07-22,5997000.0,12,10.28,1,Delinquent,1251516.0
L204516,C101983,Personal Loan,DSA,2024-09-10,209000.0,48,19.26,8,Delinquent,107021.0
L204517,C101185,Business Loan,Digital,2025-07-28,694000.0,12,16.19,1,Delinquent,150353.0
L204518,C102775,Home Loan,Digital,2025-10-29,4517000.0,60,10.8,7,Delinquent,4172217.0
L204519,C104949,Auto Loan,Branch,2023-09-07,390000.0,24,10.7,169,NPL,62320.0
L204520,C100803,Home Loan,DSA,2025-06-03,3751000.0,24,9.71,8,Delinquent,1961093.0
L204521,C101551,Auto Loan,Digital,2026-04-04,1577000.0,36,10.08,142,NPL,1369953.0
L204522,C103200,Personal Loan,Partner,2024-09-21,96000.0,120,16.47,4,Delinquent,76241.0
L204523,C100469,Home Loan,Digital,2024-06-28,5089000.0,36,8.82,55,Delinquent,1157799.0
L204524,C104772,Home Loan,Branch,2023-02-06,4873000.0,120,8.5,8,Delinquent,3171381.0
L204525,C102619,Business Loan,Digital,2025-06-05,1424000.0,60,13.06,14,Delinquent,1052748.0
L204526,C104953,Personal Loan,DSA,2026-03-18,410000.0,24,12.7,10,Delinquent,322318.0
L204527,C102076,Personal Loan,Partner,2025-01-08,548000.0,24,16.97,30,Delinquent,130032.0
L204528,C104166,Personal Loan,Digital,2026-03-04,385000.0,84,19.46,24,Delinquent,349690.0
L204529,C101655,Home Loan,Digital,2023-06-13,1995000.0,84,8.14,4,Delinquent,1044294.0
L204530,C102220,Personal Loan,Branch,2024-09-13,846000.0,24,11.0,7,Delinquent,182391.0
L204531,C101735,Auto Loan,Partner,2025-07-19,1653000.0,48,13.81,89,Delinquent,1124288.0
L204532,C102738,Personal Loan,Digital,2024-02-18,804000.0,48,20.11,51,Delinquent,348354.0
L204533,C101117,Home Loan,DSA,2025-10-01,1775000.0,48,8.82,46,Delinquent,1589687.0
L204534,C102517,Auto Loan,Digital,2023-05-15,565000.0,36,11.46,3,Delinquent,128176.0
L204535,C104200,Personal Loan,Partner,2025-10-30,777000.0,120,13.4,8,Delinquent,690148.0
L204536,C100779,Auto Loan,DSA,2023-03-08,920000.0,120,14.55,7,Delinquent,526562.0
L204537,C103965,Auto Loan,Branch,2023-04-20,1735000.0,36,13.19,143,NPL,228210.0
L204538,C104273,Business Loan,Digital,2025-08-22,327000.0,48,16.25,131,NPL,240551.0
L204539,C100175,Home Loan,Branch,2026-03-08,1409000.0,120,10.59,5,Delinquent,1218766.0
L204540,C103379,Personal Loan,DSA,2024-05-06,151000.0,84,18.63,3,Delinquent,94890.0
L204541,C102426,Personal Loan,DSA,2023-09-22,840000.0,48,14.66,7,Delinquent,218696.0
L204542,C103190,Home Loan,Digital,2024-11-06,5032000.0,60,10.49,118,NPL,3431137.0
L204543,C101474,Business Loan,Branch,2023-12-08,2584000.0,84,13.63,133,NPL,1627300.0
L204544,C101102,Personal Loan,Partner,2023-12-28,854000.0,48,17.02,14,Delinquent,288112.0
L204545,C101436,Personal Loan,Partner,2023-01-03,737000.0,120,20.01,8,Delinquent,492370.0
L204546,C100766,Auto Loan,Digital,2025-01-06,207000.0,60,14.32,8,Delinquent,142360.0
L204547,C102028,Auto Loan,DSA,2023-07-10,1440000.0,36,14.77,9,Delinquent,204092.0
L204548,C104366,Business Loan,Branch,2025-06-29,911000.0,12,16.24,55,Delinquent,72880.0
L204549,C103894,Personal Loan,Branch,2023-09-07,118000.0,84,16.95,1,Delinquent,63841.0
L204550,C100898,Business Loan,Partner,2025-12-07,1561000.0,48,13.45,5,Delinquent,1318399.0
L204551,C102791,Auto Loan,DSA,2025-04-01,758000.0,60,10.12,51,Delinquent,494174.0
L204552,C100369,Business Loan,Branch,2024-08-18,386000.0,24,14.04,3,Delinquent,79133.0
L204553,C100298,Personal Loan,Digital,2024-05-21,279000.0,120,20.49,3,Delinquent,218242.0
L204554,C103129,Personal Loan,Digital,2023-12-27,346000.0,84,12.69,123,NPL,248881.0
L204555,C101513,Personal Loan,Branch,2023-03-25,757000.0,12,21.79,12,Delinquent,120287.0
L204556,C103522,Business Loan,Partner,2023-04-03,1166000.0,120,11.21,161,NPL,797251.0
L204557,C100780,Personal Loan,Branch,2024-11-13,852000.0,36,11.78,14,Delinquent,312208.0
L204558,C100599,Personal Loan,Branch,2025-10-21,158000.0,84,16.17,12,Delinquent,151809.0
L204559,C103576,Personal Loan,DSA,2025-04-12,71000.0,120,13.46,7,Delinquent,63548.0
L204560,C101035,Business Loan,Branch,2025-10-21,2028000.0,120,14.99,3,Delinquent,1869149.0
L204561,C100291,Personal Loan,Digital,2025-06-05,738000.0,120,13.87,14,Delinquent,674485.0
L204562,C103944,Home Loan,Digital,2024-02-29,5992000.0,24,9.2,31,Delinquent,885434.0
L204563,C103527,Business Loan,Branch,2026-01-26,469000.0,48,17.77,12,Delinquent,387523.0
L204564,C104648,Business Loan,Digital,2023-09-06,2472000.0,24,15.2,9,Delinquent,297854.0
L204565,C102996,Business Loan,Digital,2023-11-25,1544000.0,84,12.35,11,Delinquent,964603.0
L204566,C102383,Home Loan,Partner,2025-03-19,4385000.0,60,9.89,115,NPL,3537757.0
L204567,C103353,Personal Loan,Partner,2023-02-14,53000.0,36,17.52,10,Delinquent,6573.0
L204568,C103961,Personal Loan,Branch,2025-06-26,188000.0,12,20.3,103,NPL,34875.0
L204569,C103146,Personal Loan,Digital,2023-12-30,720000.0,120,16.83,8,Delinquent,495314.0
L204570,C101598,Home Loan,Digital,2025-05-16,5486000.0,48,8.37,15,Delinquent,3953088.0
L204571,C104449,Personal Loan,Branch,2025-06-06,650000.0,60,22.0,126,NPL,513570.0
L204572,C103517,Home Loan,Branch,2023-03-27,2704000.0,60,11.04,47,Delinquent,765775.0
L204573,C104387,Home Loan,Digital,2024-01-30,3599000.0,60,8.46,2,Delinquent,1874527.0
L204574,C102787,Auto Loan,Digital,2026-03-27,1123000.0,24,14.58,6,Delinquent,850225.0
L204575,C102250,Personal Loan,Partner,2026-01-22,423000.0,24,11.22,7,Delinquent,310468.0
L204576,C104217,Education Loan,Branch,2024-10-15,1114000.0,36,10.61,83,Delinquent,422895.0
L204577,C103059,Business Loan,Branch,2024-05-26,2817000.0,120,13.81,3,Delinquent,2374933.0
L204578,C103880,Personal Loan,Partner,2024-12-31,751000.0,84,17.74,5,Delinquent,567845.0
L204579,C104450,Home Loan,Partner,2025-05-26,3120000.0,120,11.3,55,Delinquent,2941665.0
L204580,C101421,Education Loan,Digital,2023-02-24,521000.0,36,9.98,4,Delinquent,110330.0
L204581,C100966,Education Loan,DSA,2024-01-16,588000.0,36,12.79,13,Delinquent,148129.0
L204582,C100748,Home Loan,DSA,2023-01-15,5330000.0,60,8.11,70,Delinquent,833759.0
L204583,C103000,Personal Loan,Branch,2024-08-30,613000.0,12,19.34,14,Delinquent,100834.0
L204584,C104039,Education Loan,Digital,2023-06-01,693000.0,120,10.88,4,Delinquent,517663.0
L204585,C104882,Auto Loan,DSA,2025-12-12,1500000.0,84,12.3,2,Delinquent,1392568.0
L204586,C100164,Auto Loan,Digital,2024-04-14,735000.0,84,10.44,7,Delinquent,491149.0
L204587,C100009,Personal Loan,Partner,2025-11-27,238000.0,84,14.67,7,Delinquent,220165.0
L204588,C103396,Business Loan,Partner,2026-02-07,2805000.0,84,14.57,15,Delinquent,2511273.0
L204589,C101348,Auto Loan,Digital,2023-11-23,993000.0,48,12.63,7,Delinquent,396237.0
L204590,C102380,Home Loan,Branch,2025-05-23,5389000.0,36,9.8,12,Delinquent,3194647.0
L204591,C100394,Business Loan,Partner,2023-02-27,1378000.0,120,14.73,14,Delinquent,876319.0
L204592,C100377,Personal Loan,Digital,2026-04-14,813000.0,24,20.05,3,Delinquent,595979.0
L204593,C102641,Home Loan,Branch,2025-06-26,5988000.0,120,8.78,10,Delinquent,5551558.0
L204594,C103443,Auto Loan,DSA,2025-03-26,162000.0,84,9.24,4,Delinquent,119749.0
L204595,C104432,Auto Loan,DSA,2024-11-27,909000.0,84,14.65,28,Delinquent,754194.0
L204596,C102415,Education Loan,Branch,2023-04-30,520000.0,48,9.0,57,Delinquent,118295.0
L204597,C103228,Auto Loan,Branch,2023-11-10,1160000.0,84,9.77,5,Delinquent,689921.0
L204598,C104301,Personal Loan,Partner,2025-04-13,766000.0,60,12.27,8,Delinquent,487560.0
L204599,C102160,Personal Loan,Partner,2023-09-14,885000.0,84,21.08,15,Delinquent,482451.0
L204600,C101044,Home Loan,Digital,2025-02-08,5002000.0,36,10.04,45,Delinquent,2543249.0
L204601,C104128,Personal Loan,Branch,2025-09-24,67000.0,84,12.61,9,Delinquent,59005.0
L204602,C100012,Auto Loan,Digital,2025-11-29,259000.0,24,10.94,7,Delinquent,161747.0
L204603,C101380,Home Loan,Digital,2023-03-20,1534000.0,120,8.68,155,NPL,1131336.0
L204604,C100653,Personal Loan,Branch,2024-10-15,316000.0,48,18.62,8,Delinquent,157673.0
L204605,C103218,Personal Loan,Digital,2023-06-06,684000.0,120,15.29,69,Delinquent,396498.0
L204606,C101349,Home Loan,Branch,2023-10-22,3743000.0,12,8.21,10,Delinquent,703637.0
L204607,C101722,Personal Loan,DSA,2025-11-22,463000.0,36,11.73,56,Delinquent,371500.0
L204608,C103262,Auto Loan,DSA,2025-05-29,666000.0,48,13.92,148,NPL,458722.0
L204609,C101482,Personal Loan,DSA,2025-03-21,268000.0,120,13.66,0,Current,227735.0
L204610,C101814,Business Loan,Branch,2025-06-23,2800000.0,24,12.43,41,Delinquent,1200746.0
L204611,C102496,Home Loan,Digital,2023-05-23,2844000.0,48,8.72,59,Delinquent,487275.0
L204612,C100592,Business Loan,Digital,2024-09-09,2050000.0,24,13.26,82,Delinquent,390671.0
L204613,C104676,Business Loan,Digital,2023-10-03,384000.0,84,11.51,13,Delinquent,229572.0
L204614,C104908,Business Loan,DSA,2023-04-24,1729000.0,48,14.89,4,Delinquent,228013.0
L204615,C103566,Business Loan,DSA,2026-01-02,2316000.0,24,17.25,2,Delinquent,1743758.0
L204616,C100542,Personal Loan,DSA,2024-05-11,103000.0,60,19.77,5,Delinquent,63087.0
L204617,C102363,Personal Loan,Branch,2023-09-01,606000.0,60,15.39,3,Delinquent,250417.0
L204618,C101776,Auto Loan,Digital,2025-10-04,991000.0,84,11.46,8,Delinquent,871663.0
L204619,C100832,Home Loan,Branch,2025-04-27,3834000.0,36,8.47,14,Delinquent,2393225.0
L204620,C104384,Auto Loan,Digital,2023-12-31,726000.0,24,10.8,0,Current,172869.0
L204621,C102076,Auto Loan,Digital,2025-09-08,1116000.0,60,14.38,12,Delinquent,889877.0
L204622,C103264,Personal Loan,DSA,2025-05-27,337000.0,60,13.14,7,Delinquent,257105.0
L204623,C103456,Personal Loan,Partner,2023-11-17,358000.0,24,17.15,7,Delinquent,56015.0
L204624,C101599,Auto Loan,Branch,2023-11-01,369000.0,60,12.47,8,Delinquent,159991.0
L204625,C101744,Auto Loan,Partner,2023-07-25,972000.0,60,12.84,15,Delinquent,383343.0
L204626,C104852,Business Loan,DSA,2024-01-30,1441000.0,24,15.29,7,Delinquent,442389.0
L204627,C104123,Auto Loan,Digital,2023-12-11,194000.0,120,11.52,12,Delinquent,138755.0
L204628,C102506,Personal Loan,Digital,2024-02-09,601000.0,12,21.81,6,Delinquent,123784.0
L204629,C102668,Personal Loan,Branch,2023-08-29,521000.0,60,11.03,6,Delinquent,190991.0
L204630,C100041,Home Loan,Branch,2023-06-12,4872000.0,60,8.73,14,Delinquent,1672411.0
L204631,C101022,Personal Loan,Branch,2025-05-02,499000.0,36,17.28,91,NPL,211151.0
L204632,C100031,Business Loan,DSA,2024-02-26,771000.0,48,12.15,6,Delinquent,295204.0
L204633,C104030,Auto Loan,Branch,2023-05-02,939000.0,36,11.95,9,Delinquent,78349.0
L204634,C104706,Business Loan,Digital,2025-05-18,829000.0,120,14.87,5,Delinquent,737619.0
L204635,C100811,Home Loan,Partner,2023-10-03,3503000.0,48,10.09,9,Delinquent,928626.0
L204636,C101406,Personal Loan,DSA,2024-04-26,687000.0,60,21.96,12,Delinquent,316012.0
L204637,C101762,Home Loan,Branch,2025-10-07,1629000.0,36,10.2,13,Delinquent,1170071.0
L204638,C104061,Personal Loan,DSA,2023-12-26,799000.0,24,21.18,11,Delinquent,107497.0
L204639,C102037,Personal Loan,Branch,2023-08-09,248000.0,24,11.04,11,Delinquent,62807.0
L204640,C100218,Home Loan,DSA,2025-04-20,3477000.0,84,9.88,29,Delinquent,2871400.0
L204641,C102930,Home Loan,Branch,2023-04-06,4270000.0,120,8.6,13,Delinquent,2552688.0
L204642,C100735,Personal Loan,Branch,2024-09-10,656000.0,12,18.63,8,Delinquent,109923.0
L204643,C103226,Auto Loan,Partner,2025-09-09,270000.0,12,14.76,36,Delinquent,46578.0
L204644,C104284,Auto Loan,Branch,2024-06-07,588000.0,60,10.08,6,Delinquent,319067.0
L204645,C100339,Personal Loan,Branch,2023-07-09,479000.0,24,14.74,14,Delinquent,66024.0
L204646,C104971,Auto Loan,Branch,2025-08-13,1513000.0,84,11.42,81,Delinquent,1353559.0
L204647,C103316,Personal Loan,Digital,2025-05-23,91000.0,84,18.84,6,Delinquent,70588.0
L204648,C100260,Home Loan,DSA,2024-04-03,5516000.0,24,8.89,147,NPL,1326441.0
L204649,C101101,Auto Loan,Branch,2023-07-01,918000.0,12,12.96,31,Delinquent,187637.0
L204650,C100839,Home Loan,Branch,2024-10-15,1552000.0,24,9.84,13,Delinquent,266989.0
L204651,C104419,Business Loan,Partner,2025-07-23,1698000.0,12,13.15,12,Delinquent,151685.0
L204652,C103615,Home Loan,Branch,2023-02-08,1213000.0,12,10.23,36,Delinquent,258308.0
L204653,C101865,Personal Loan,Branch,2024-08-09,841000.0,120,13.83,9,Delinquent,622691.0
L204654,C102648,Home Loan,Branch,2024-02-12,1423000.0,24,10.4,159,NPL,228474.0
L204655,C101742,Personal Loan,Partner,2024-03-09,689000.0,48,15.52,26,Delinquent,263037.0
L204656,C102030,Personal Loan,Digital,2023-10-12,731000.0,24,19.17,15,Delinquent,134234.0
L204657,C103191,Home Loan,Digital,2025-02-19,4262000.0,24,8.24,44,Delinquent,1075937.0
L204658,C100973,Personal Loan,Digital,2025-11-28,398000.0,24,16.99,11,Delinquent,239644.0
L204659,C103799,Home Loan,Digital,2023-04-24,1284000.0,24,9.81,37,Delinquent,152468.0
L204660,C104728,Auto Loan,DSA,2023-01-26,388000.0,48,13.59,37,Delinquent,51153.0
L204661,C104871,Business Loan,Partner,2024-04-16,1512000.0,60,12.54,37,Delinquent,891833.0
L204662,C100862,Business Loan,Digital,2025-04-20,1048000.0,120,11.7,11,Delinquent,913513.0
L204663,C102059,Auto Loan,DSA,2023-04-03,1587000.0,60,12.19,38,Delinquent,425544.0
L204664,C101327,Business Loan,Branch,2025-06-26,2723000.0,12,13.52,11,Delinquent,514894.0
L204665,C103175,Auto Loan,Digital,2025-05-17,1626000.0,24,13.86,15,Delinquent,676355.0
L204666,C101622,Auto Loan,Digital,2024-02-04,1523000.0,36,11.14,1,Delinquent,181902.0
L204667,C101974,Business Loan,Branch,2024-02-01,347000.0,60,15.2,0,Current,155995.0
L204668,C100693,Business Loan,Branch,2023-11-05,1515000.0,24,13.09,8,Delinquent,206372.0
L204669,C102800,Business Loan,Branch,2025-05-02,2357000.0,48,10.75,44,Delinquent,1543254.0
L204670,C102682,Business Loan,Branch,2023-07-17,2573000.0,84,13.72,14,Delinquent,1545010.0
L204671,C102758,Home Loan,DSA,2024-02-05,5349000.0,12,9.94,168,NPL,819860.0
L204672,C101707,Education Loan,Branch,2023-11-29,821000.0,120,10.88,17,Delinquent,556927.0
L204673,C103780,Home Loan,Digital,2024-03-25,1277000.0,60,8.7,4,Delinquent,672720.0
L204674,C103040,Personal Loan,Branch,2026-01-01,809000.0,48,14.12,4,Delinquent,692568.0
L204675,C100883,Personal Loan,Digital,2023-01-30,776000.0,24,20.58,12,Delinquent,78881.0
L204676,C101840,Auto Loan,Branch,2023-02-22,1004000.0,120,9.38,9,Delinquent,631009.0
L204677,C103304,Personal Loan,Branch,2024-05-06,107000.0,36,18.85,8,Delinquent,27779.0
L204678,C100583,Personal Loan,Digital,2024-07-02,112000.0,120,13.45,7,Delinquent,95517.0
L204679,C101762,Personal Loan,Branch,2026-04-08,816000.0,120,16.78,1,Delinquent,816000.0
L204680,C104363,Auto Loan,Digital,2023-11-14,1575000.0,36,11.73,13,Delinquent,176337.0
L204681,C102209,Personal Loan,Digital,2024-11-02,196000.0,12,17.42,12,Delinquent,43443.0
L204682,C102549,Auto Loan,Partner,2025-04-15,1523000.0,12,14.23,15,Delinquent,193398.0
L204683,C103408,Auto Loan,Digital,2025-04-17,1246000.0,60,14.56,21,Delinquent,955573.0
L204684,C101610,Business Loan,Digital,2024-02-05,1496000.0,120,12.42,9,Delinquent,1209179.0
L204685,C104133,Auto Loan,Digital,2025-10-17,1198000.0,84,13.58,11,Delinquent,1090341.0
L204686,C100082,Personal Loan,Digital,2024-02-20,630000.0,84,11.63,5,Delinquent,389747.0
L204687,C102364,Education Loan,Digital,2024-06-03,410000.0,120,12.38,131,NPL,326385.0
L204688,C102990,Business Loan,Digital,2023-03-11,2841000.0,84,13.83,9,Delinquent,1489946.0
L204689,C101196,Personal Loan,Digital,2026-04-10,796000.0,24,15.97,13,Delinquent,627955.0
L204690,C103913,Personal Loan,DSA,2025-12-28,60000.0,48,11.6,4,Delinquent,49985.0
L204691,C100398,Home Loan,Digital,2023-10-22,1433000.0,36,10.17,144,NPL,266270.0
L204692,C103251,Business Loan,Branch,2024-09-17,2342000.0,24,17.59,4,Delinquent,298306.0
L204693,C103167,Business Loan,Digital,2025-09-30,1866000.0,48,14.34,4,Delinquent,1401724.0
L204694,C103939,Business Loan,DSA,2023-03-24,2410000.0,36,14.9,100,NPL,192800.0
L204695,C101036,Education Loan,DSA,2025-03-19,195000.0,84,9.86,7,Delinquent,140322.0
L204696,C100775,Auto Loan,Branch,2025-06-21,1401000.0,48,12.31,124,NPL,1157134.0
L204697,C102903,Personal Loan,Digital,2025-02-09,62000.0,60,18.72,14,Delinquent,40614.0
L204698,C104859,Personal Loan,Partner,2025-07-25,410000.0,60,20.05,7,Delinquent,311115.0
L204699,C103925,Personal Loan,Branch,2023-09-27,578000.0,24,20.41,7,Delinquent,119173.0
L204700,C101057,Personal Loan,Digital,2024-07-07,176000.0,12,17.64,7,Delinquent,17776.0
L204701,C102040,Personal Loan,Branch,2025-01-30,890000.0,48,18.97,15,Delinquent,530304.0
L204702,C101334,Home Loan,DSA,2026-03-20,1208000.0,84,9.53,4,Delinquent,1200104.0
L204703,C103900,Business Loan,Branch,2023-03-12,1522000.0,60,17.11,15,Delinquent,482376.0
L204704,C102562,Personal Loan,DSA,2023-09-29,434000.0,84,11.78,98,NPL,225892.0
L204705,C102188,Business Loan,Branch,2024-01-27,2721000.0,84,11.47,6,Delinquent,1651725.0
L204706,C100026,Education Loan,Branch,2025-10-10,874000.0,120,12.03,7,Delinquent,843872.0
L204707,C103169,Personal Loan,Branch,2025-07-06,98000.0,84,21.0,7,Delinquent,81209.0
L204708,C102213,Personal Loan,Branch,2025-10-12,712000.0,84,14.11,57,Delinquent,628537.0
L204709,C100199,Home Loan,DSA,2025-02-13,5145000.0,60,10.37,12,Delinquent,3609448.0
L204710,C100979,Business Loan,Branch,2024-09-17,1000000.0,120,17.88,12,Delinquent,870630.0
L204711,C103633,Auto Loan,Branch,2024-04-25,1156000.0,84,11.34,0,Current,726693.0
L204712,C103746,Personal Loan,Partner,2024-10-10,436000.0,12,20.3,16,Delinquent,34880.0
L204713,C102469,Auto Loan,Digital,2023-05-03,659000.0,12,11.05,6,Delinquent,127067.0
L204714,C103789,Business Loan,Digital,2023-05-15,985000.0,120,17.83,1,Delinquent,595157.0
L204715,C103692,Personal Loan,Branch,2023-03-26,96000.0,120,14.88,8,Delinquent,56728.0
L204716,C103079,Auto Loan,Partner,2023-06-09,537000.0,84,9.25,3,Delinquent,317459.0
L204717,C101043,Home Loan,Digital,2024-01-31,4279000.0,84,8.19,53,Delinquent,2634492.0
L204718,C102109,Personal Loan,Branch,2024-05-22,561000.0,48,17.05,6,Delinquent,251505.0
L204719,C104082,Business Loan,Digital,2026-04-01,1770000.0,60,11.22,8,Delinquent,1462236.0
L204720,C101552,Personal Loan,Digital,2026-01-06,323000.0,36,13.02,117,NPL,270928.0
L204721,C103301,Business Loan,Digital,2025-07-14,734000.0,60,17.99,25,Delinquent,540060.0
L204722,C104138,Auto Loan,Digital,2023-09-15,1194000.0,24,11.79,2,Delinquent,241318.0
L204723,C102667,Personal Loan,Digital,2024-09-25,440000.0,48,15.03,2,Delinquent,232521.0
L204724,C102536,Auto Loan,Digital,2024-07-24,546000.0,12,10.06,13,Delinquent,102856.0
L204725,C100939,Personal Loan,Branch,2025-01-20,631000.0,24,13.06,6,Delinquent,155078.0
L204726,C102483,Personal Loan,DSA,2023-03-19,726000.0,36,19.62,13,Delinquent,103131.0
L204727,C100210,Personal Loan,Branch,2023-03-16,115000.0,60,17.96,19,Delinquent,32528.0
L204728,C100568,Business Loan,DSA,2023-12-26,2470000.0,36,12.37,10,Delinquent,274916.0
L204729,C102710,Business Loan,Branch,2023-04-07,1078000.0,36,14.26,15,Delinquent,222506.0
L204730,C101092,Personal Loan,Digital,2024-03-22,751000.0,84,11.5,6,Delinquent,428126.0
L204731,C101738,Home Loan,Digital,2024-04-11,1525000.0,84,9.63,5,Delinquent,912343.0
L204732,C101803,Education Loan,Digital,2026-03-01,776000.0,24,8.54,2,Delinquent,599107.0
L204733,C102367,Auto Loan,DSA,2025-03-21,965000.0,24,9.43,54,Delinquent,191809.0
L204734,C103495,Personal Loan,Digital,2023-08-20,803000.0,24,12.2,148,NPL,105106.0
L204735,C102231,Home Loan,Partner,2024-12-06,3307000.0,24,8.22,1,Delinquent,535639.0
L204736,C104227,Home Loan,Partner,2023-05-01,1402000.0,24,9.46,15,Delinquent,271987.0
L204737,C102411,Personal Loan,Partner,2026-03-13,565000.0,120,21.0,65,Delinquent,565000.0
L204738,C104965,Home Loan,Branch,2023-03-06,3509000.0,120,11.14,2,Delinquent,2016782.0
L204739,C104998,Auto Loan,Branch,2023-09-28,1538000.0,48,14.97,14,Delinquent,439997.0
L204740,C102138,Auto Loan,DSA,2024-09-18,881000.0,24,11.22,41,Delinquent,171024.0
L204741,C103828,Personal Loan,Branch,2025-04-03,888000.0,120,14.64,10,Delinquent,784403.0
L204742,C102267,Auto Loan,DSA,2024-09-15,1208000.0,48,13.75,5,Delinquent,664072.0
L204743,C104376,Home Loan,Branch,2026-01-30,4114000.0,24,10.15,3,Delinquent,2972249.0
L204744,C103831,Business Loan,DSA,2023-08-24,605000.0,36,16.37,1,Delinquent,78094.0
L204745,C101693,Personal Loan,Branch,2026-04-14,86000.0,36,12.94,169,NPL,74044.0
L204746,C101607,Home Loan,Partner,2023-10-25,2097000.0,48,8.31,39,Delinquent,667611.0
L204747,C104404,Home Loan,Digital,2025-05-27,5397000.0,36,9.93,0,Current,3577155.0
L204748,C102703,Personal Loan,Branch,2024-01-18,625000.0,12,20.11,10,Delinquent,109824.0
L204749,C103474,Auto Loan,Digital,2025-03-30,815000.0,24,13.79,7,Delinquent,220262.0
L204750,C103386,Auto Loan,Digital,2023-01-12,1274000.0,120,11.98,81,Delinquent,756024.0
L204751,C100830,Home Loan,Partner,2025-05-13,1831000.0,120,11.25,31,Delinquent,1493903.0
L204752,C101182,Home Loan,Digital,2025-09-07,4355000.0,36,10.0,5,Delinquent,2775150.0
L204753,C104502,Auto Loan,Digital,2024-02-13,1455000.0,84,9.79,9,Delinquent,944757.0
L204754,C101398,Auto Loan,Branch,2025-07-16,632000.0,24,11.1,9,Delinquent,261073.0
L204755,C104343,Business Loan,DSA,2024-10-01,1017000.0,36,17.51,1,Delinquent,350810.0
L204756,C101781,Business Loan,Branch,2024-01-20,2533000.0,36,16.8,72,Delinquent,492249.0
L204757,C104234,Auto Loan,Partner,2024-11-30,1587000.0,84,14.86,6,Delinquent,1173697.0
L204758,C102889,Personal Loan,Digital,2024-11-20,551000.0,120,19.23,10,Delinquent,448893.0
L204759,C100497,Business Loan,DSA,2024-02-15,2007000.0,120,12.49,11,Delinquent,1493859.0
L204760,C101353,Personal Loan,DSA,2024-01-29,899000.0,36,17.78,10,Delinquent,155527.0
L204761,C104764,Auto Loan,Branch,2024-06-19,310000.0,60,9.94,125,NPL,170962.0
L204762,C101041,Education Loan,Branch,2023-02-02,946000.0,48,11.76,41,Delinquent,75680.0
L204763,C101138,Personal Loan,Branch,2024-11-21,746000.0,84,16.46,163,NPL,559611.0
L204764,C100748,Personal Loan,Branch,2024-12-08,94000.0,120,17.05,26,Delinquent,75345.0
L204765,C103049,Personal Loan,Branch,2024-10-08,869000.0,120,14.62,4,Delinquent,784891.0
L204766,C104047,Education Loan,DSA,2025-05-15,169000.0,120,12.86,1,Delinquent,137180.0
L204767,C104682,Home Loan,Digital,2024-08-15,2912000.0,24,10.72,4,Delinquent,520980.0
L204768,C104430,Business Loan,Digital,2024-02-05,2847000.0,120,16.55,4,Delinquent,2090394.0
L204769,C104420,Personal Loan,Digital,2025-08-22,433000.0,24,11.88,9,Delinquent,277298.0
L204770,C104524,Personal Loan,Branch,2023-10-17,283000.0,12,17.03,13,Delinquent,50167.0
L204771,C102839,Personal Loan,Digital,2023-01-12,210000.0,84,11.77,14,Delinquent,119175.0
L204772,C104109,Business Loan,Branch,2023-11-14,385000.0,48,16.88,23,Delinquent,68585.0
L204773,C103174,Personal Loan,Partner,2025-05-09,116000.0,84,15.11,7,Delinquent,94426.0
L204774,C100687,Education Loan,DSA,2024-02-23,891000.0,60,12.92,79,Delinquent,418339.0
L204775,C100122,Auto Loan,Branch,2023-07-21,838000.0,36,14.6,9,Delinquent,157237.0
L204776,C100489,Business Loan,DSA,2024-07-15,1844000.0,84,13.68,6,Delinquent,1330129.0
L204777,C101729,Home Loan,Digital,2023-08-18,5951000.0,60,9.35,2,Delinquent,2564766.0
L204778,C102496,Home Loan,Branch,2025-06-24,4214000.0,48,9.42,12,Delinquent,3030711.0
L204779,C103193,Personal Loan,Branch,2023-05-04,279000.0,48,20.03,3,Delinquent,62627.0
L204780,C102608,Home Loan,Branch,2023-08-27,4396000.0,48,9.05,0,Current,1134752.0
L204781,C101832,Auto Loan,DSA,2025-07-27,188000.0,24,11.59,0,Current,85682.0
L204782,C103665,Personal Loan,DSA,2025-04-27,218000.0,36,20.79,9,Delinquent,125820.0
L204783,C104307,Education Loan,Digital,2023-10-22,1158000.0,12,12.85,12,Delinquent,244100.0
L204784,C101115,Personal Loan,Branch,2026-03-03,222000.0,84,19.48,5,Delinquent,214310.0
L204785,C101309,Personal Loan,Branch,2023-03-18,61000.0,60,20.91,12,Delinquent,20357.0
L204786,C104655,Auto Loan,Digital,2023-08-05,421000.0,60,13.39,6,Delinquent,177183.0
L204787,C104853,Home Loan,Branch,2023-10-01,1469000.0,36,11.48,11,Delinquent,237458.0
L204788,C101550,Personal Loan,Digital,2024-09-01,91000.0,120,11.38,3,Delinquent,71297.0
L204789,C102548,Education Loan,Branch,2024-09-05,362000.0,84,12.05,15,Delinquent,264129.0
L204790,C102890,Personal Loan,Branch,2024-03-09,760000.0,60,21.04,1,Delinquent,305077.0
L204791,C103174,Auto Loan,Digital,2023-10-08,913000.0,60,13.68,13,Delinquent,280358.0
L204792,C104322,Personal Loan,Branch,2024-12-21,900000.0,120,12.1,9,Delinquent,784648.0
L204793,C100529,Personal Loan,DSA,2024-04-27,137000.0,12,19.67,14,Delinquent,12987.0
L204794,C102618,Home Loan,DSA,2025-11-23,5057000.0,120,8.46,5,Delinquent,4404526.0
L204795,C101083,Business Loan,Digital,2023-04-01,2399000.0,48,13.44,4,Delinquent,391947.0
L204796,C103768,Home Loan,Partner,2025-11-29,3948000.0,12,8.54,23,Delinquent,1230851.0
L204797,C102983,Personal Loan,Digital,2025-09-09,490000.0,36,18.81,46,Delinquent,347255.0
L204798,C103746,Personal Loan,DSA,2024-06-15,528000.0,12,11.03,32,Delinquent,51229.0
L204799,C104527,Education Loan,Digital,2025-04-19,784000.0,60,11.02,13,Delinquent,595872.0
L204800,C103951,Personal Loan,DSA,2025-06-27,360000.0,120,20.96,7,Delinquent,310708.0
L204801,C104271,Auto Loan,Digital,2025-11-27,1388000.0,60,9.46,3,Delinquent,1280727.0
L204802,C104056,Personal Loan,Digital,2024-09-05,239000.0,60,15.44,8,Delinquent,140735.0
L204803,C103128,Personal Loan,Branch,2023-04-08,352000.0,12,13.21,8,Delinquent,60272.0
L204804,C101963,Personal Loan,Digital,2025-07-15,507000.0,24,13.06,15,Delinquent,217784.0
L204805,C101682,Personal Loan,Digital,2023-07-04,652000.0,24,21.06,0,Current,160077.0
L204806,C101818,Home Loan,Partner,2025-11-27,4980000.0,48,11.3,66,Delinquent,4084507.0
L204807,C103037,Home Loan,Digital,2025-09-11,2134000.0,84,8.71,51,Delinquent,1886306.0
L204808,C104018,Business Loan,Branch,2025-05-04,976000.0,48,11.56,107,NPL,709153.0
L204809,C101836,Personal Loan,Digital,2024-02-22,414000.0,24,16.05,55,Delinquent,55815.0
L204810,C102899,Home Loan,DSA,2023-03-14,3016000.0,12,8.92,5,Delinquent,798104.0
L204811,C102070,Home Loan,DSA,2024-05-31,4873000.0,12,8.23,61,Delinquent,957337.0
L204812,C103039,Personal Loan,Digital,2023-10-22,368000.0,120,14.65,162,NPL,238947.0
L204813,C104094,Personal Loan,Branch,2026-03-13,794000.0,24,12.35,12,Delinquent,653800.0
L204814,C102060,Personal Loan,Partner,2025-07-31,782000.0,36,17.15,6,Delinquent,542523.0
L204815,C101985,Personal Loan,Partner,2023-08-13,117000.0,48,21.78,13,Delinquent,32906.0
L204816,C101009,Home Loan,Partner,2023-01-24,2727000.0,48,9.28,5,Delinquent,264005.0
L204817,C102494,Personal Loan,DSA,2026-01-09,442000.0,84,12.27,86,Delinquent,400430.0
L204818,C102285,Home Loan,Branch,2024-09-13,3757000.0,120,8.48,31,Delinquent,3218120.0
L204819,C100801,Home Loan,Partner,2025-05-20,5687000.0,24,10.28,12,Delinquent,2066451.0
L204820,C104849,Home Loan,Branch,2025-01-02,1242000.0,120,9.61,8,Delinquent,984084.0
L204821,C104299,Personal Loan,Branch,2024-01-10,714000.0,36,15.62,165,NPL,74023.0
L204822,C101455,Home Loan,Digital,2025-09-10,1955000.0,24,11.35,2,Delinquent,1003277.0
L204823,C104722,Home Loan,Digital,2023-09-21,4854000.0,48,11.4,5,Delinquent,859514.0
L204824,C101361,Education Loan,DSA,2025-08-25,1171000.0,24,9.8,25,Delinquent,559984.0
L204825,C102095,Personal Loan,Digital,2026-03-08,701000.0,36,14.21,16,Delinquent,618229.0
L204826,C100654,Personal Loan,Branch,2023-03-29,184000.0,12,20.12,8,Delinquent,37499.0
L204827,C103061,Business Loan,Digital,2025-07-28,384000.0,84,15.18,46,Delinquent,319596.0
L204828,C102406,Personal Loan,Partner,2025-03-26,319000.0,24,16.16,26,Delinquent,101979.0
L204829,C101337,Personal Loan,Partner,2025-07-09,811000.0,120,20.7,56,Delinquent,719690.0
L204830,C101443,Business Loan,Branch,2025-08-06,2139000.0,36,16.86,15,Delinquent,1395024.0
L204831,C104677,Home Loan,Branch,2026-01-27,1209000.0,24,9.66,10,Delinquent,825371.0
L204832,C103436,Auto Loan,Branch,2023-05-07,269000.0,84,13.23,10,Delinquent,124793.0
L204833,C100765,Personal Loan,DSA,2023-12-28,475000.0,48,11.8,0,Current,190362.0
L204834,C100676,Personal Loan,Digital,2024-08-05,326000.0,24,14.83,8,Delinquent,46652.0
L204835,C100351,Personal Loan,Digital,2025-11-30,858000.0,36,18.53,8,Delinquent,690579.0
L204836,C101237,Business Loan,Branch,2025-02-18,584000.0,24,14.39,10,Delinquent,154841.0
L204837,C103691,Home Loan,DSA,2024-12-29,5553000.0,60,10.21,59,Delinquent,4114234.0
L204838,C100310,Auto Loan,DSA,2024-02-15,1145000.0,36,13.57,55,Delinquent,116660.0
L204839,C101247,Education Loan,Digital,2023-05-29,596000.0,12,12.21,6,Delinquent,80759.0
L204840,C100208,Education Loan,Branch,2024-03-20,659000.0,12,11.43,27,Delinquent,83027.0
L204841,C103248,Personal Loan,Digital,2024-07-26,692000.0,120,15.76,1,Delinquent,521976.0
L204842,C104071,Auto Loan,Partner,2023-05-04,165000.0,24,11.18,101,NPL,13200.0
L204843,C102646,Auto Loan,Digital,2023-07-12,379000.0,84,13.91,12,Delinquent,211049.0
L204844,C104530,Business Loan,DSA,2025-07-18,2864000.0,48,13.18,87,Delinquent,2176472.0
L204845,C103443,Education Loan,Branch,2023-10-22,428000.0,60,10.01,7,Delinquent,217321.0
L204846,C103820,Auto Loan,Branch,2023-10-12,225000.0,48,12.1,12,Delinquent,60085.0
L204847,C101569,Auto Loan,Branch,2023-05-04,1654000.0,36,10.55,12,Delinquent,148520.0
L204848,C104326,Personal Loan,Branch,2024-06-05,337000.0,60,18.71,1,Delinquent,170930.0
L204849,C103156,Auto Loan,Branch,2023-02-22,1572000.0,12,12.41,91,NPL,173610.0
L204850,C100433,Auto Loan,Digital,2024-09-11,1270000.0,36,9.42,7,Delinquent,466248.0
L204851,C100414,Auto Loan,Digital,2023-03-28,910000.0,12,13.4,10,Delinquent,89196.0
L204852,C104491,Auto Loan,DSA,2023-04-15,918000.0,48,9.65,12,Delinquent,148351.0
L204853,C101376,Home Loan,Digital,2026-03-16,2789000.0,48,10.26,9,Delinquent,2359831.0
L204854,C102331,Home Loan,Branch,2024-06-01,3388000.0,120,10.61,99,NPL,2604550.0
L204855,C103803,Education Loan,Branch,2023-12-18,530000.0,12,10.35,8,Delinquent,131464.0
L204856,C103844,Personal Loan,Branch,2023-07-02,581000.0,84,13.06,32,Delinquent,327233.0
L204857,C100136,Business Loan,DSA,2024-06-22,889000.0,60,17.0,4,Delinquent,462136.0
L204858,C103079,Auto Loan,Digital,2023-10-07,692000.0,60,11.72,0,Current,391460.0
L204859,C104566,Home Loan,Digital,2023-09-26,4889000.0,120,11.27,5,Delinquent,3725748.0
L204860,C101750,Home Loan,Partner,2024-03-03,4980000.0,84,9.07,5,Delinquent,3397444.0
L204861,C102714,Home Loan,Branch,2023-06-10,2943000.0,36,8.29,13,Delinquent,398073.0
L204862,C101324,Business Loan,Digital,2024-08-10,872000.0,36,11.31,3,Delinquent,322558.0
L204863,C103607,Personal Loan,Branch,2024-05-05,855000.0,84,16.97,9,Delinquent,605375.0
L204864,C100591,Business Loan,Branch,2024-06-05,1510000.0,120,16.87,0,Current,1103892.0
L204865,C102598,Business Loan,Digital,2025-07-27,2682000.0,36,15.14,3,Delinquent,1901740.0
L204866,C102064,Personal Loan,DSA,2023-03-27,395000.0,60,13.93,9,Delinquent,142830.0
L204867,C103206,Personal Loan,DSA,2023-11-19,153000.0,24,19.29,29,Delinquent,22292.0
L204868,C102471,Personal Loan,Branch,2024-02-25,215000.0,60,18.87,118,NPL,102317.0
L204869,C104909,Personal Loan,Digital,2024-04-05,294000.0,24,14.63,167,NPL,63469.0
L204870,C104916,Personal Loan,Partner,2023-02-17,449000.0,84,21.08,12,Delinquent,214228.0
L204871,C101421,Personal Loan,DSA,2023-11-01,806000.0,60,19.96,14,Delinquent,356089.0
L204872,C100187,Education Loan,DSA,2023-10-28,753000.0,12,12.56,7,Delinquent,69954.0
L204873,C102464,Auto Loan,Digital,2026-01-01,1652000.0,84,14.9,5,Delinquent,1419174.0
L204874,C102951,Business Loan,Branch,2023-04-13,1624000.0,12,10.73,15,Delinquent,388680.0
L204875,C103759,Auto Loan,DSA,2024-08-20,647000.0,24,10.85,0,Current,142829.0
L204876,C102625,Auto Loan,Branch,2023-07-20,1594000.0,60,12.62,14,Delinquent,703203.0
L204877,C102933,Business Loan,Digital,2026-03-16,982000.0,60,13.28,12,Delinquent,920388.0
L204878,C100115,Personal Loan,Branch,2024-08-25,147000.0,60,12.57,10,Delinquent,78823.0
L204879,C103814,Auto Loan,Digital,2024-01-26,836000.0,36,10.85,4,Delinquent,140707.0
L204880,C101649,Business Loan,Digital,2026-01-17,2878000.0,120,13.35,2,Delinquent,2782561.0
L204881,C101923,Education Loan,Branch,2025-02-12,585000.0,60,8.77,12,Delinquent,409025.0
L204882,C102115,Home Loan,Digital,2023-08-22,5872000.0,48,8.96,12,Delinquent,1675434.0
L204883,C100359,Business Loan,Branch,2025-05-04,1090000.0,84,16.39,78,Delinquent,995565.0
L204884,C102472,Home Loan,DSA,2025-05-26,5268000.0,24,8.45,2,Delinquent,1952653.0
L204885,C101906,Personal Loan,Partner,2024-09-01,78000.0,36,21.25,4,Delinquent,28493.0
L204886,C101168,Personal Loan,Branch,2023-02-22,786000.0,48,19.44,2,Delinquent,76453.0
L204887,C101230,Home Loan,Branch,2025-06-06,4039000.0,12,8.79,4,Delinquent,713372.0
L204888,C100171,Personal Loan,Partner,2024-02-08,553000.0,36,15.3,12,Delinquent,82344.0
L204889,C104439,Personal Loan,DSA,2023-05-07,288000.0,84,19.99,8,Delinquent,154335.0
L204890,C101470,Personal Loan,DSA,2024-04-26,190000.0,60,13.28,49,Delinquent,94851.0
L204891,C104373,Business Loan,Digital,2024-08-16,2610000.0,120,11.26,16,Delinquent,1998732.0
L204892,C104182,Business Loan,Branch,2023-05-11,660000.0,60,17.96,4,Delinquent,142971.0
L204893,C102288,Business Loan,Partner,2023-09-19,2495000.0,12,11.66,7,Delinquent,371087.0
L204894,C104040,Auto Loan,Digital,2025-02-03,330000.0,24,9.33,43,Delinquent,74277.0
L204895,C101057,Education Loan,Digital,2025-03-15,286000.0,36,11.09,174,NPL,154223.0
L204896,C100904,Home Loan,DSA,2023-06-24,5949000.0,36,10.16,61,Delinquent,873614.0
L204897,C104496,Home Loan,DSA,2023-10-20,1608000.0,120,9.49,9,Delinquent,1203383.0
L204898,C103232,Home Loan,Branch,2025-08-18,2726000.0,60,8.18,13,Delinquent,2424598.0
L204899,C103446,Personal Loan,Partner,2023-04-18,508000.0,120,16.39,4,Delinquent,315222.0
L204900,C104619,Auto Loan,Digital,2024-12-10,1605000.0,120,11.52,16,Delinquent,1391541.0
L204901,C100070,Home Loan,Branch,2024-05-15,1765000.0,60,10.85,4,Delinquent,880220.0
L204902,C100861,Education Loan,Branch,2025-06-08,880000.0,36,10.6,40,Delinquent,517537.0
L204903,C104809,Personal Loan,Digital,2023-02-12,805000.0,48,17.35,30,Delinquent,113568.0
L204904,C100644,Personal Loan,Digital,2023-07-17,325000.0,84,17.1,4,Delinquent,193343.0
L204905,C102243,Personal Loan,Branch,2025-09-12,569000.0,84,11.74,1,Delinquent,458482.0
L204906,C100111,Personal Loan,Digital,2024-01-16,684000.0,36,16.18,58,Delinquent,54720.0
L204907,C101629,Education Loan,Digital,2024-03-28,1107000.0,12,9.37,11,Delinquent,163627.0
L204908,C100863,Auto Loan,Digital,2025-04-26,551000.0,36,11.16,3,Delinquent,227711.0
L204909,C101279,Personal Loan,Partner,2024-07-17,496000.0,48,15.54,13,Delinquent,262405.0
L204910,C104070,Auto Loan,Branch,2024-06-28,889000.0,60,13.9,8,Delinquent,537997.0
L204911,C101379,Home Loan,Partner,2023-03-11,4950000.0,60,9.09,10,Delinquent,1510386.0
L204912,C104070,Personal Loan,Branch,2025-01-28,733000.0,120,20.17,0,Current,644306.0
L204913,C104475,Home Loan,Branch,2023-06-16,2115000.0,60,11.36,10,Delinquent,562535.0
L204914,C102703,Personal Loan,Branch,2024-05-11,182000.0,36,20.87,4,Delinquent,50253.0
L204915,C102693,Auto Loan,Partner,2024-02-25,1320000.0,84,14.19,7,Delinquent,890997.0
L204916,C101668,Business Loan,Branch,2025-03-17,389000.0,48,16.11,36,Delinquent,216379.0
L204917,C103334,Personal Loan,Branch,2025-03-22,188000.0,36,18.48,1,Delinquent,101714.0
L204918,C104034,Auto Loan,Branch,2025-02-08,1364000.0,12,10.45,9,Delinquent,172538.0
L204919,C104316,Auto Loan,Digital,2025-01-09,482000.0,84,9.09,1,Delinquent,323470.0
L204920,C100976,Personal Loan,Digital,2023-12-26,869000.0,60,18.91,1,Delinquent,396503.0
L204921,C103431,Home Loan,Branch,2024-02-22,2661000.0,12,8.17,7,Delinquent,455153.0
L204922,C100700,Personal Loan,Digital,2025-11-24,886000.0,36,17.57,11,Delinquent,579835.0
L204923,C102452,Personal Loan,Partner,2025-05-02,340000.0,36,11.88,1,Delinquent,205435.0
L204924,C100447,Home Loan,Partner,2025-05-28,2439000.0,12,10.36,39,Delinquent,501006.0
L204925,C102751,Personal Loan,Partner,2025-11-09,342000.0,84,20.69,6,Delinquent,282932.0
L204926,C104257,Home Loan,Branch,2023-03-23,4591000.0,60,8.47,75,Delinquent,1102136.0
L204927,C104086,Business Loan,Branch,2023-01-03,1650000.0,24,12.28,3,Delinquent,327073.0
L204928,C103575,Home Loan,Branch,2023-02-15,1418000.0,60,11.27,10,Delinquent,387369.0
L204929,C102888,Education Loan,Partner,2024-08-22,1051000.0,48,11.6,13,Delinquent,589996.0
L204930,C103123,Personal Loan,DSA,2025-05-09,425000.0,12,13.78,7,Delinquent,62540.0
L204931,C100500,Home Loan,Digital,2026-02-14,2668000.0,60,8.84,11,Delinquent,2229945.0
L204932,C103638,Auto Loan,Digital,2025-01-28,1246000.0,60,10.24,41,Delinquent,783786.0
L204933,C103408,Auto Loan,Digital,2025-05-30,158000.0,24,11.64,1,Delinquent,79772.0
L204934,C100718,Education Loan,Digital,2026-01-14,489000.0,84,9.65,14,Delinquent,405737.0
L204935,C103162,Personal Loan,Digital,2023-07-24,222000.0,84,17.61,9,Delinquent,119525.0
L204936,C101924,Personal Loan,Digital,2025-03-21,570000.0,48,17.56,0,Current,346137.0
L204937,C102547,Auto Loan,Branch,2025-03-09,1133000.0,84,12.2,17,Delinquent,785286.0
L204938,C104071,Auto Loan,Branch,2023-09-07,1428000.0,84,13.16,24,Delinquent,861855.0
L204939,C101611,Business Loan,Branch,2024-07-15,1338000.0,48,14.19,13,Delinquent,577505.0
L204940,C104584,Business Loan,Partner,2023-02-20,699000.0,48,11.08,11,Delinquent,122832.0
L204941,C102085,Personal Loan,Partner,2024-07-30,127000.0,36,21.85,14,Delinquent,39802.0
L204942,C102566,Business Loan,DSA,2024-09-30,1278000.0,24,10.52,16,Delinquent,226739.0
L204943,C100145,Auto Loan,DSA,2024-03-28,860000.0,48,14.74,90,NPL,245942.0
L204944,C100611,Auto Loan,Branch,2024-08-18,608000.0,24,13.11,10,Delinquent,78896.0
L204945,C101409,Personal Loan,Branch,2025-01-30,422000.0,12,19.77,9,Delinquent,81314.0
L204946,C104893,Business Loan,Branch,2026-01-29,1408000.0,24,16.27,57,Delinquent,1005733.0
L204947,C101300,Auto Loan,Branch,2024-04-18,782000.0,12,13.07,116,NPL,102371.0
L204948,C101976,Personal Loan,DSA,2025-04-30,513000.0,60,20.23,8,Delinquent,349936.0
L204949,C104271,Personal Loan,Branch,2024-06-10,96000.0,24,11.47,13,Delinquent,13184.0
L204950,C101595,Auto Loan,Partner,2025-12-16,520000.0,36,9.66,12,Delinquent,379085.0
L204951,C104065,Business Loan,Digital,2024-11-06,1458000.0,36,14.36,13,Delinquent,577471.0
L204952,C100600,Home Loan,Branch,2025-06-26,1488000.0,48,9.05,9,Delinquent,998365.0
L204953,C100666,Business Loan,DSA,2023-12-15,956000.0,24,17.73,0,Current,192540.0
L204954,C100064,Home Loan,DSA,2025-03-03,5716000.0,84,8.5,28,Delinquent,4793323.0
L204955,C100625,Home Loan,Digital,2023-11-01,4097000.0,12,8.81,2,Delinquent,364764.0
L204956,C103019,Auto Loan,Branch,2024-11-06,1532000.0,12,12.3,3,Delinquent,412981.0
L204957,C100454,Personal Loan,Digital,2023-08-21,238000.0,24,18.31,10,Delinquent,38607.0
L204958,C103063,Personal Loan,Digital,2024-11-27,124000.0,12,19.7,12,Delinquent,20335.0
L204959,C102996,Auto Loan,DSA,2023-08-03,456000.0,12,11.69,3,Delinquent,101131.0
L204960,C101172,Personal Loan,Branch,2024-08-31,605000.0,84,14.58,100,NPL,449608.0
L204961,C100186,Personal Loan,Partner,2024-08-03,421000.0,60,21.65,49,Delinquent,231850.0
L204962,C100810,Personal Loan,Branch,2025-10-03,641000.0,12,21.19,13,Delinquent,51280.0
L204963,C100716,Personal Loan,Partner,2023-05-06,874000.0,60,12.73,1,Delinquent,134674.0
L204964,C102641,Personal Loan,Branch,2023-10-09,811000.0,24,15.23,2,Delinquent,205755.0
L204965,C104655,Personal Loan,DSA,2025-05-02,81000.0,12,16.03,13,Delinquent,12903.0
L204966,C102178,Education Loan,Branch,2026-01-03,434000.0,48,10.57,7,Delinquent,377445.0
L204967,C103169,Auto Loan,DSA,2025-08-26,174000.0,84,9.9,15,Delinquent,155339.0
L204968,C101519,Auto Loan,Partner,2024-11-02,1228000.0,120,14.68,1,Delinquent,973231.0
L204969,C100459,Personal Loan,Branch,2023-11-17,665000.0,12,21.34,7,Delinquent,115116.0
L204970,C101092,Personal Loan,Branch,2024-06-08,265000.0,48,19.45,2,Delinquent,101441.0
L204971,C102397,Business Loan,Partner,2025-10-24,760000.0,48,12.91,137,NPL,616050.0
L204972,C104297,Auto Loan,Partner,2023-09-11,1544000.0,12,13.22,10,Delinquent,291491.0
L204973,C101243,Business Loan,DSA,2026-03-28,2223000.0,60,16.54,6,Delinquent,1959229.0
L204974,C104920,Personal Loan,Digital,2023-11-28,270000.0,60,21.55,8,Delinquent,163028.0
L204975,C103195,Auto Loan,Branch,2024-08-02,1203000.0,12,10.21,15,Delinquent,96240.0
L204976,C101778,Home Loan,Digital,2024-12-01,3342000.0,36,8.17,9,Delinquent,1554223.0
L204977,C103112,Personal Loan,DSA,2023-12-21,534000.0,120,11.59,4,Delinquent,391213.0
L204978,C103491,Business Loan,Branch,2023-07-02,2555000.0,12,11.14,31,Delinquent,564601.0
L204979,C103430,Personal Loan,Branch,2024-01-08,697000.0,12,19.09,10,Delinquent,93791.0
L204980,C104328,Home Loan,Partner,2023-01-04,3144000.0,48,9.25,6,Delinquent,312425.0
L204981,C103310,Personal Loan,DSA,2025-02-03,750000.0,120,17.46,28,Delinquent,669901.0
L204982,C100135,Auto Loan,DSA,2023-11-08,1314000.0,60,9.35,11,Delinquent,531257.0
L204983,C101887,Business Loan,Partner,2024-06-15,1194000.0,60,13.27,14,Delinquent,728777.0
L204984,C104541,Home Loan,Digital,2023-12-31,3421000.0,120,10.29,3,Delinquent,2293562.0
L204985,C101036,Education Loan,Branch,2023-08-29,736000.0,12,9.23,9,Delinquent,83270.0
L204986,C102496,Personal Loan,Partner,2026-02-03,285000.0,84,17.72,153,NPL,251179.0
L204987,C102502,Business Loan,Partner,2024-02-15,2650000.0,120,14.27,23,Delinquent,1792066.0
L204988,C102784,Auto Loan,Branch,2024-11-29,767000.0,84,9.68,1,Delinquent,529950.0
L204989,C104345,Education Loan,Branch,2024-02-12,1144000.0,24,11.84,49,Delinquent,258492.0
L204990,C102700,Business Loan,Digital,2024-05-01,1916000.0,120,17.51,9,Delinquent,1688383.0
L204991,C100003,Home Loan,Branch,2023-10-26,2355000.0,48,10.37,9,Delinquent,475915.0
L204992,C101215,Home Loan,Branch,2026-03-25,3263000.0,36,11.41,4,Delinquent,3082140.0
L204993,C103156,Business Loan,Branch,2024-12-24,397000.0,24,11.09,34,Delinquent,83303.0
L204994,C103912,Business Loan,DSA,2024-03-16,520000.0,48,14.52,1,Delinquent,206729.0
L204995,C103234,Auto Loan,Branch,2024-10-27,991000.0,24,9.08,55,Delinquent,79280.0
L204996,C103662,Auto Loan,Partner,2026-02-23,265000.0,120,10.46,8,Delinquent,265000.0
L204997,C101204,Home Loan,Digital,2025-01-14,4235000.0,24,10.94,9,Delinquent,516634.0
L204998,C100479,Personal Loan,Digital,2026-02-03,675000.0,48,14.37,41,Delinquent,584483.0
L204999,C104743,Personal Loan,DSA,2025-03-07,567000.0,12,12.38,7,Delinquent,62326.0
L205000,C102814,Auto Loan,Digital,2025-04-07,339000.0,12,10.71,46,Delinquent,46513.0
L205001,C103693,Auto Loan,DSA,2024-03-24,685000.0,84,13.04,8,Delinquent,498780.0
L205002,C104786,Auto Loan,Partner,2024-09-22,155000.0,120,10.2,0,Current,109970.0
L205003,C100913,Auto Loan,DSA,2024-12-26,499000.0,36,10.92,15,Delinquent,195342.0
L205004,C104356,Personal Loan,DSA,2025-09-13,455000.0,36,16.46,47,Delinquent,309229.0
L205005,C101832,Personal Loan,DSA,2025-06-09,817000.0,60,18.55,47,Delinquent,670041.0
L205006,C103130,Personal Loan,Digital,2024-01-24,281000.0,24,13.97,11,Delinquent,50165.0
L205007,C101934,Personal Loan,Digital,2024-05-30,90000.0,24,20.95,2,Delinquent,21711.0
L205008,C100994,Auto Loan,Digital,2024-03-17,226000.0,60,10.69,9,Delinquent,119014.0
L205009,C104398,Business Loan,Partner,2026-03-28,637000.0,48,10.8,3,Delinquent,592038.0
L205010,C101737,Business Loan,Digital,2023-09-06,2744000.0,36,11.21,8,Delinquent,322200.0
L205011,C100124,Personal Loan,Branch,2024-11-27,217000.0,24,21.91,1,Delinquent,17360.0
L205012,C100752,Business Loan,Digital,2023-11-03,1119000.0,36,15.06,41,Delinquent,258627.0
L205013,C104808,Auto Loan,Digital,2023-06-07,982000.0,84,14.75,12,Delinquent,548190.0
L205014,C104110,Personal Loan,Digital,2023-06-13,834000.0,24,15.61,156,NPL,121589.0
L205015,C103323,Auto Loan,Digital,2023-01-25,391000.0,24,11.04,10,Delinquent,42032.0
L205016,C103894,Education Loan,Partner,2025-10-17,1144000.0,12,9.32,8,Delinquent,320526.0
L205017,C103244,Personal Loan,Branch,2025-09-27,390000.0,24,16.12,47,Delinquent,192654.0
L205018,C104552,Auto Loan,Partner,2023-01-02,764000.0,12,13.9,6,Delinquent,68390.0
L205019,C100499,Personal Loan,DSA,2023-11-18,530000.0,60,20.23,32,Delinquent,226252.0
L205020,C100317,Personal Loan,Branch,2024-05-24,187000.0,24,15.61,31,Delinquent,33347.0
L205021,C103475,Personal Loan,Branch,2023-07-05,63000.0,60,20.97,3,Delinquent,22894.0
L205022,C104824,Personal Loan,Partner,2024-03-13,279000.0,36,11.08,11,Delinquent,63313.0
L205023,C102907,Auto Loan,DSA,2026-01-14,1390000.0,84,11.44,177,NPL,1337535.0
L205024,C104833,Personal Loan,Branch,2024-04-10,684000.0,84,16.58,2,Delinquent,446301.0
L205025,C102005,Auto Loan,Digital,2024-09-02,241000.0,12,10.96,0,Current,51612.0
L205026,C103373,Business Loan,Branch,2025-10-09,1337000.0,24,13.65,13,Delinquent,697624.0
L205027,C102546,Business Loan,Digital,2023-01-03,1157000.0,84,16.61,78,Delinquent,530623.0
L205028,C104409,Personal Loan,Branch,2025-09-12,177000.0,60,11.21,4,Delinquent,145062.0
L205029,C103237,Personal Loan,Digital,2024-06-29,483000.0,12,18.29,16,Delinquent,92583.0
L205030,C102193,Home Loan,Digital,2025-03-07,4224000.0,120,10.82,54,Delinquent,3927191.0
L205031,C101224,Personal Loan,Digital,2026-02-24,852000.0,84,13.81,3,Delinquent,766798.0
L205032,C101568,Personal Loan,Branch,2025-04-06,821000.0,36,17.43,15,Delinquent,465790.0
L205033,C100374,Auto Loan,DSA,2023-12-28,282000.0,48,10.91,15,Delinquent,81870.0
L205034,C100772,Auto Loan,DSA,2025-08-22,1354000.0,120,12.47,0,Current,1203641.0
L205035,C102545,Personal Loan,Digital,2023-10-14,771000.0,120,19.94,5,Delinquent,570824.0
L205036,C100158,Personal Loan,Partner,2024-04-07,736000.0,60,16.57,4,Delinquent,410889.0
L205037,C102357,Business Loan,DSA,2025-02-15,2361000.0,60,13.79,7,Delinquent,1691746.0
L205038,C100210,Education Loan,Branch,2024-06-24,877000.0,120,11.15,10,Delinquent,662206.0
L205039,C100810,Auto Loan,Branch,2025-10-20,1733000.0,24,13.25,50,Delinquent,1038516.0
L205040,C103458,Auto Loan,Digital,2023-10-21,945000.0,36,12.21,10,Delinquent,119863.0
L205041,C100145,Auto Loan,DSA,2025-02-07,747000.0,60,9.46,60,Delinquent,526413.0
L205042,C101683,Personal Loan,Partner,2023-10-13,262000.0,60,13.58,1,Delinquent,106600.0
L205043,C100953,Business Loan,Branch,2024-12-11,2927000.0,36,14.46,178,NPL,1205512.0
L205044,C100271,Personal Loan,Branch,2026-01-26,181000.0,24,19.48,12,Delinquent,128669.0
L205045,C101042,Auto Loan,DSA,2026-03-12,1753000.0,60,10.61,138,NPL,1634670.0
L205046,C100562,Personal Loan,Partner,2025-07-01,743000.0,120,12.83,7,Delinquent,635667.0
L205047,C100403,Auto Loan,Digital,2025-01-31,1182000.0,12,11.6,154,NPL,104220.0
L205048,C103327,Business Loan,Digital,2024-06-27,2808000.0,36,17.9,4,Delinquent,933451.0
L205049,C100625,Business Loan,Partner,2024-01-13,1530000.0,84,10.73,10,Delinquent,898806.0
L205050,C104694,Home Loan,Digital,2023-02-16,5381000.0,24,8.27,62,Delinquent,654668.0
L205051,C102434,Auto Loan,DSA,2024-09-01,1112000.0,84,13.22,6,Delinquent,761914.0
L205052,C102040,Auto Loan,Partner,2025-06-10,809000.0,48,13.28,12,Delinquent,570392.0
L205053,C104379,Auto Loan,Branch,2025-09-29,837000.0,12,13.25,128,NPL,137567.0
L205054,C103889,Home Loan,Branch,2026-02-12,3132000.0,24,10.12,8,Delinquent,2316113.0
L205055,C102103,Home Loan,Partner,2023-08-07,4876000.0,12,10.44,118,NPL,852558.0
L205056,C104868,Auto Loan,Digital,2026-01-17,598000.0,24,9.37,24,Delinquent,423436.0
L205057,C102654,Personal Loan,Branch,2023-11-30,541000.0,24,14.01,8,Delinquent,88441.0
L205058,C103542,Auto Loan,Digital,2025-05-06,1579000.0,36,9.84,10,Delinquent,1025777.0
L205059,C104849,Personal Loan,Digital,2025-06-13,355000.0,48,21.48,2,Delinquent,244930.0
L205060,C103616,Auto Loan,Branch,2025-02-16,1378000.0,24,11.18,47,Delinquent,381625.0
L205061,C102955,Home Loan,DSA,2024-05-18,5030000.0,120,8.51,115,NPL,4215806.0
L205062,C103080,Business Loan,Branch,2023-05-26,2113000.0,12,13.51,0,Current,235326.0
L205063,C103271,Personal Loan,Branch,2024-08-23,164000.0,84,19.98,11,Delinquent,105401.0
L205064,C104889,Home Loan,Branch,2023-04-13,5621000.0,36,10.96,5,Delinquent,831947.0
L205065,C103506,Personal Loan,Digital,2025-01-22,867000.0,24,20.37,12,Delinquent,216466.0
L205066,C101500,Business Loan,Partner,2023-11-15,1275000.0,24,17.15,15,Delinquent,228822.0
L205067,C100110,Personal Loan,Digital,2023-08-21,452000.0,84,15.57,5,Delinquent,255384.0
L205068,C103915,Home Loan,DSA,2024-11-07,5020000.0,60,9.04,2,Delinquent,3277337.0
L205069,C102441,Personal Loan,Branch,2023-10-26,483000.0,84,15.09,24,Delinquent,280679.0
L205070,C102076,Business Loan,Digital,2025-12-31,1300000.0,12,16.82,2,Delinquent,563996.0
L205071,C104676,Personal Loan,Digital,2023-04-30,823000.0,120,17.14,14,Delinquent,557104.0
L205072,C100778,Auto Loan,DSA,2025-11-11,1597000.0,60,13.66,4,Delinquent,1299627.0
L205073,C100188,Personal Loan,Digital,2025-07-16,414000.0,12,13.21,12,Delinquent,91649.0
L205074,C103697,Personal Loan,DSA,2024-01-03,220000.0,48,14.54,11,Delinquent,83826.0
L205075,C104621,Personal Loan,Branch,2024-11-13,841000.0,84,15.65,50,Delinquent,590325.0
L205076,C104148,Auto Loan,Partner,2024-03-15,1467000.0,48,14.69,21,Delinquent,518791.0
L205077,C104356,Personal Loan,DSA,2023-10-14,735000.0,60,11.31,126,NPL,298825.0
L205078,C104318,Education Loan,Partner,2024-01-08,466000.0,48,12.26,12,Delinquent,225895.0
L205079,C103428,Home Loan,Branch,2024-02-14,3610000.0,12,11.13,8,Delinquent,288800.0
L205080,C104610,Auto Loan,Branch,2024-09-28,865000.0,48,12.29,0,Current,571385.0
L205081,C101707,Personal Loan,Digital,2024-11-26,488000.0,84,17.58,10,Delinquent,362521.0
L205082,C103725,Personal Loan,Digital,2025-08-28,563000.0,48,21.89,13,Delinquent,407573.0
L205083,C100461,Business Loan,DSA,2024-11-16,2240000.0,120,15.74,4,Delinquent,1996867.0
L205084,C102639,Business Loan,Branch,2025-07-28,2845000.0,48,13.13,34,Delinquent,2075098.0
L205085,C101454,Auto Loan,Digital,2026-01-09,1396000.0,60,12.58,16,Delinquent,1368576.0
L205086,C104694,Business Loan,Branch,2025-11-29,1018000.0,36,11.01,48,Delinquent,782555.0
L205087,C102181,Personal Loan,Digital,2024-05-04,842000.0,12,17.95,46,Delinquent,141859.0
L205088,C101048,Education Loan,Branch,2024-09-18,162000.0,36,10.0,13,Delinquent,59876.0
L205089,C102847,Home Loan,Partner,2025-08-25,5550000.0,84,10.08,10,Delinquent,5240678.0
L205090,C100387,Business Loan,Branch,2025-02-28,2372000.0,12,16.29,15,Delinquent,273248.0
L205091,C100634,Auto Loan,Digital,2023-06-06,1004000.0,24,12.11,14,Delinquent,132017.0
L205092,C102159,Personal Loan,Branch,2026-02-18,681000.0,36,16.67,0,Current,574302.0
L205093,C103155,Auto Loan,Branch,2025-07-09,1243000.0,120,13.39,15,Delinquent,1105386.0
L205094,C102912,Education Loan,Digital,2025-03-21,455000.0,48,12.48,3,Delinquent,336706.0
L205095,C100278,Personal Loan,Branch,2026-04-02,134000.0,12,16.63,178,NPL,93744.0
L205096,C103400,Home Loan,Digital,2023-07-20,2496000.0,84,9.62,31,Delinquent,1377300.0
L205097,C100289,Auto Loan,Branch,2025-11-28,1055000.0,48,9.22,13,Delinquent,864627.0
L205098,C104078,Personal Loan,DSA,2024-01-28,501000.0,48,12.74,10,Delinquent,155861.0
L205099,C100196,Personal Loan,Partner,2025-09-02,879000.0,24,15.54,14,Delinquent,470446.0
L205100,C100134,Business Loan,DSA,2023-04-01,1073000.0,84,14.58,5,Delinquent,594764.0
L205101,C102589,Business Loan,Branch,2024-10-29,776000.0,120,16.62,131,NPL,615362.0
L205102,C104011,Home Loan,Digital,2023-05-13,1780000.0,84,9.47,1,Delinquent,864993.0
L205103,C103826,Education Loan,Branch,2026-02-12,187000.0,12,12.93,2,Delinquent,107369.0
L205104,C103001,Personal Loan,Digital,2024-08-13,861000.0,36,14.03,3,Delinquent,329645.0
L205105,C100893,Personal Loan,DSA,2025-10-22,175000.0,84,17.81,171,NPL,145892.0
L205106,C104765,Personal Loan,Branch,2025-06-05,657000.0,48,18.89,120,NPL,439914.0
L205107,C100103,Home Loan,Branch,2024-08-02,3384000.0,60,11.23,9,Delinquent,2249591.0
L205108,C101740,Auto Loan,DSA,2023-08-15,1478000.0,36,11.45,14,Delinquent,174436.0
L205109,C103771,Personal Loan,Digital,2024-07-15,657000.0,48,14.99,2,Delinquent,340619.0
L205110,C103085,Home Loan,Branch,2024-01-20,1359000.0,12,10.77,5,Delinquent,139470.0
L205111,C103953,Auto Loan,Partner,2023-11-01,538000.0,36,9.46,47,Delinquent,74384.0
L205112,C103833,Auto Loan,Branch,2024-02-08,344000.0,84,13.14,7,Delinquent,267185.0
L205113,C104699,Auto Loan,DSA,2023-10-03,888000.0,120,13.65,13,Delinquent,567145.0
L205114,C102582,Auto Loan,Branch,2025-10-05,689000.0,84,11.39,19,Delinquent,573899.0
L205115,C104105,Education Loan,Partner,2025-12-26,712000.0,84,9.7,1,Delinquent,606083.0
L205116,C100780,Auto Loan,DSA,2023-08-09,1005000.0,12,11.73,3,Delinquent,175801.0
L205117,C100871,Business Loan,Branch,2023-09-12,1648000.0,24,17.22,11,Delinquent,131840.0
L205118,C100249,Education Loan,Partner,2023-02-10,539000.0,60,9.81,5,Delinquent,204495.0
L205119,C101023,Business Loan,Branch,2024-05-17,2108000.0,24,17.88,15,Delinquent,295260.0
L205120,C100558,Personal Loan,Partner,2025-01-18,674000.0,84,11.38,23,Delinquent,492036.0
L205121,C104122,Home Loan,DSA,2023-11-13,5863000.0,60,11.34,24,Delinquent,2958511.0
L205122,C102475,Home Loan,Branch,2024-09-24,5531000.0,12,10.79,11,Delinquent,773110.0
L205123,C102221,Personal Loan,Digital,2024-02-07,475000.0,48,11.71,49,Delinquent,209472.0
L205124,C103199,Auto Loan,Branch,2023-01-04,1516000.0,36,13.55,15,Delinquent,242359.0
L205125,C101798,Personal Loan,Digital,2023-10-13,805000.0,120,21.87,11,Delinquent,561595.0
L205126,C102853,Auto Loan,Digital,2025-07-06,1463000.0,24,14.39,14,Delinquent,710894.0
L205127,C100018,Business Loan,Digital,2025-11-25,2198000.0,120,12.27,89,Delinquent,2131386.0
L205128,C103565,Home Loan,DSA,2024-05-23,2064000.0,48,8.27,2,Delinquent,933367.0
L205129,C104358,Education Loan,Partner,2024-11-27,581000.0,24,10.86,1,Delinquent,64338.0
L205130,C100195,Business Loan,Digital,2024-10-19,1840000.0,24,16.53,15,Delinquent,457750.0
L205131,C100403,Business Loan,DSA,2023-12-30,2804000.0,24,16.47,173,NPL,406679.0
L205132,C100682,Personal Loan,Branch,2025-03-15,162000.0,12,18.4,0,Current,19302.0
L205133,C103041,Education Loan,Partner,2024-05-03,306000.0,12,9.76,7,Delinquent,61457.0
L205134,C103806,Personal Loan,Partner,2023-03-03,856000.0,12,18.96,1,Delinquent,156307.0
L205135,C104115,Business Loan,Partner,2024-04-07,1000000.0,120,12.7,7,Delinquent,798629.0
L205136,C103906,Personal Loan,DSA,2023-07-27,372000.0,120,16.12,13,Delinquent,248929.0
L205137,C102886,Personal Loan,Branch,2024-07-27,850000.0,84,21.34,1,Delinquent,550588.0
L205138,C103512,Personal Loan,Branch,2024-07-09,280000.0,12,11.57,25,Delinquent,49755.0
L205139,C101400,Auto Loan,Digital,2024-07-15,155000.0,12,13.45,3,Delinquent,20830.0
L205140,C103728,Business Loan,Branch,2023-07-26,1482000.0,24,15.71,15,Delinquent,228764.0
L205141,C100915,Auto Loan,Digital,2026-02-10,1288000.0,60,11.47,38,Delinquent,1268323.0
L205142,C104818,Auto Loan,Digital,2023-05-20,537000.0,60,9.33,1,Delinquent,226305.0
L205143,C100209,Personal Loan,DSA,2023-12-18,734000.0,48,18.73,11,Delinquent,206343.0
L205144,C104722,Education Loan,Digital,2024-01-25,463000.0,60,11.83,11,Delinquent,259211.0
L205145,C102303,Home Loan,Branch,2024-06-30,4035000.0,120,9.45,0,Current,3411887.0
L205146,C103223,Business Loan,DSA,2024-05-26,1758000.0,12,17.26,14,Delinquent,249520.0
L205147,C100800,Business Loan,Branch,2026-03-30,608000.0,24,17.13,9,Delinquent,540986.0
L205148,C101597,Personal Loan,Branch,2025-10-16,703000.0,48,19.62,57,Delinquent,543095.0
L205149,C104312,Personal Loan,Digital,2023-03-07,235000.0,36,13.66,33,Delinquent,36145.0
L205150,C100071,Auto Loan,Branch,2024-12-14,528000.0,48,11.36,14,Delinquent,336379.0
L205151,C100959,Education Loan,Branch,2024-09-10,576000.0,12,9.66,3,Delinquent,68257.0
L205152,C103159,Auto Loan,Branch,2026-01-20,1120000.0,24,14.52,1,Delinquent,759339.0
L205153,C104021,Business Loan,Branch,2024-02-14,2615000.0,24,16.42,7,Delinquent,459362.0
L205154,C102157,Education Loan,Branch,2024-07-02,104000.0,84,8.73,8,Delinquent,70554.0
L205155,C100438,Personal Loan,Digital,2026-01-19,228000.0,84,20.02,14,Delinquent,216842.0
L205156,C100736,Home Loan,DSA,2024-07-20,4568000.0,120,9.12,161,NPL,3564100.0
L205157,C104452,Auto Loan,Branch,2024-12-28,204000.0,120,10.72,51,Delinquent,150049.0
L205158,C101077,Personal Loan,Branch,2024-01-09,100000.0,36,21.1,7,Delinquent,13188.0
L205159,C102894,Business Loan,Branch,2025-07-28,365000.0,60,18.0,52,Delinquent,309194.0
L205160,C104683,Personal Loan,Branch,2023-04-08,869000.0,24,16.21,2,Delinquent,129714.0
L205161,C101879,Auto Loan,Digital,2026-03-17,1460000.0,84,10.68,7,Delinquent,1363967.0
L205162,C100332,Home Loan,Digital,2023-07-26,3358000.0,36,9.81,167,NPL,351791.0
L205163,C104066,Business Loan,DSA,2024-11-22,2023000.0,48,16.06,5,Delinquent,1254629.0
L205164,C103938,Home Loan,DSA,2023-03-23,2583000.0,120,8.27,14,Delinquent,1512100.0
L205165,C103256,Auto Loan,Partner,2023-04-26,534000.0,60,11.91,54,Delinquent,176972.0
L205166,C104511,Personal Loan,Partner,2025-04-24,777000.0,84,11.21,4,Delinquent,703251.0
L205167,C103879,Business Loan,Branch,2025-08-01,2599000.0,12,15.38,0,Current,281476.0
L205168,C103442,Home Loan,Branch,2024-02-23,2280000.0,84,8.41,87,Delinquent,1549068.0
L205169,C101668,Auto Loan,Digital,2023-03-09,934000.0,48,14.32,9,Delinquent,127956.0
L205170,C100307,Business Loan,Digital,2023-02-07,2812000.0,120,17.87,100,NPL,1618031.0
L205171,C103630,Home Loan,Digital,2026-01-26,2962000.0,36,11.48,156,NPL,2592069.0
L205172,C104230,Personal Loan,Digital,2025-06-21,626000.0,24,16.57,6,Delinquent,211098.0
L205173,C103476,Personal Loan,Partner,2024-04-08,656000.0,60,11.03,43,Delinquent,346362.0
L205174,C103267,Auto Loan,Digital,2023-11-02,1376000.0,120,13.14,15,Delinquent,1167796.0
L205175,C103592,Personal Loan,Partner,2025-04-22,270000.0,12,13.57,5,Delinquent,39793.0
L205176,C101386,Personal Loan,Partner,2025-12-08,681000.0,120,21.12,10,Delinquent,583460.0
L205177,C100585,Personal Loan,Digital,2025-02-28,299000.0,60,15.06,15,Delinquent,203172.0
L205178,C103149,Home Loan,Branch,2025-09-14,3533000.0,60,8.58,38,Delinquent,3054005.0
L205179,C104716,Home Loan,Branch,2025-10-17,4315000.0,84,11.45,13,Delinquent,3812195.0
L205180,C100683,Home Loan,Digital,2023-12-31,3438000.0,36,10.29,3,Delinquent,313366.0
L205181,C100357,Auto Loan,Partner,2025-05-28,1231000.0,120,11.54,8,Delinquent,1066546.0
L205182,C103539,Auto Loan,Partner,2023-10-10,1314000.0,120,12.8,12,Delinquent,938320.0
L205183,C102114,Personal Loan,Branch,2023-09-25,781000.0,84,13.27,93,NPL,495953.0
L205184,C104515,Business Loan,Branch,2026-04-06,1678000.0,12,14.69,38,Delinquent,1094338.0
L205185,C102360,Home Loan,DSA,2024-01-28,5535000.0,60,8.83,174,NPL,2770582.0
L205186,C102609,Business Loan,Digital,2025-09-10,939000.0,24,10.56,13,Delinquent,468610.0
L205187,C100310,Auto Loan,DSA,2024-02-19,499000.0,12,10.35,3,Delinquent,89240.0
L205188,C104761,Personal Loan,Branch,2026-01-16,705000.0,12,17.67,25,Delinquent,282235.0
L205189,C101655,Auto Loan,Branch,2023-11-30,290000.0,120,14.96,9,Delinquent,208150.0
L205190,C102191,Personal Loan,Branch,2023-01-21,794000.0,36,19.11,90,NPL,89844.0
L205191,C103146,Education Loan,Branch,2024-07-09,325000.0,12,11.66,8,Delinquent,60319.0
L205192,C104288,Auto Loan,Digital,2024-12-18,1408000.0,84,12.74,8,Delinquent,1106010.0
L205193,C103976,Personal Loan,Branch,2024-04-06,695000.0,60,14.12,76,Delinquent,378295.0
L205194,C103869,Home Loan,Digital,2023-11-16,1354000.0,36,10.48,2,Delinquent,326766.0
L205195,C100528,Auto Loan,DSA,2025-09-20,1750000.0,48,9.01,11,Delinquent,1430580.0
L205196,C100443,Personal Loan,Branch,2024-03-25,678000.0,48,11.36,4,Delinquent,297198.0
L205197,C104157,Personal Loan,Partner,2025-04-20,626000.0,120,19.45,93,NPL,570228.0
L205198,C104564,Education Loan,Branch,2023-04-20,1169000.0,36,10.35,2,Delinquent,154429.0
L205199,C103119,Personal Loan,Digital,2025-11-14,778000.0,12,15.54,82,Delinquent,204923.0
L205200,C104553,Personal Loan,Branch,2025-06-17,500000.0,12,17.9,60,Delinquent,70258.0
L205201,C101588,Personal Loan,DSA,2023-07-22,535000.0,60,11.69,12,Delinquent,164271.0
L205202,C101758,Auto Loan,Branch,2024-09-22,907000.0,12,14.24,9,Delinquent,72561.0
L205203,C100851,Auto Loan,Digital,2025-06-18,1610000.0,120,10.24,13,Delinquent,1441981.0
L205204,C103968,Auto Loan,Partner,2025-08-08,1794000.0,12,14.48,1,Delinquent,375603.0
L205205,C103348,Education Loan,Branch,2024-05-19,1114000.0,60,11.59,0,Current,600831.0
L205206,C101124,Personal Loan,DSA,2023-05-20,350000.0,84,16.6,13,Delinquent,161482.0
L205207,C104997,Personal Loan,DSA,2023-03-13,485000.0,12,15.83,13,Delinquent,47512.0
L205208,C100152,Personal Loan,Branch,2026-04-11,854000.0,12,11.82,174,NPL,513817.0
L205209,C103852,Home Loan,Branch,2023-05-11,4859000.0,120,10.71,52,Delinquent,3683289.0
L205210,C101040,Personal Loan,DSA,2024-02-23,820000.0,36,16.83,13,Delinquent,138164.0
L205211,C103920,Home Loan,Partner,2025-10-24,2377000.0,24,8.48,12,Delinquent,1499201.0
L205212,C102420,Business Loan,Branch,2026-02-15,2923000.0,48,12.54,14,Delinquent,2733923.0
L205213,C101171,Personal Loan,DSA,2024-07-20,796000.0,24,14.9,2,Delinquent,98061.0
L205214,C100289,Business Loan,DSA,2025-03-22,1781000.0,48,13.38,3,Delinquent,1150919.0
L205215,C103107,Business Loan,Digital,2024-09-06,396000.0,36,15.04,45,Delinquent,140846.0
L205216,C100801,Home Loan,DSA,2023-05-11,2294000.0,60,10.84,12,Delinquent,903044.0
L205217,C102249,Business Loan,Branch,2024-08-12,2609000.0,12,13.13,8,Delinquent,410406.0
L205218,C104753,Auto Loan,Digital,2025-07-27,468000.0,48,14.66,51,Delinquent,355569.0
L205219,C104439,Personal Loan,Partner,2025-01-21,375000.0,48,14.42,5,Delinquent,217839.0
L205220,C102470,Auto Loan,DSA,2024-11-03,1160000.0,48,14.05,86,Delinquent,600028.0
L205221,C103659,Personal Loan,Branch,2025-09-26,539000.0,24,16.03,1,Delinquent,322736.0
L205222,C104116,Home Loan,Digital,2023-08-15,1403000.0,60,9.35,4,Delinquent,584053.0
L205223,C103033,Business Loan,Branch,2024-11-12,2959000.0,36,13.53,7,Delinquent,1162302.0
L205224,C101034,Auto Loan,Branch,2023-08-13,1633000.0,36,12.19,12,Delinquent,214278.0
L205225,C104058,Home Loan,Branch,2023-03-16,2843000.0,24,9.08,145,NPL,462525.0
L205226,C100443,Auto Loan,Branch,2026-02-17,265000.0,48,11.71,71,Delinquent,225013.0
L205227,C102613,Education Loan,Digital,2025-07-22,481000.0,48,10.45,45,Delinquent,332683.0
L205228,C103903,Personal Loan,Branch,2026-04-13,111000.0,48,14.53,14,Delinquent,92704.0
L205229,C102854,Personal Loan,DSA,2024-07-04,369000.0,36,13.08,10,Delinquent,123213.0
L205230,C101745,Personal Loan,Partner,2024-11-22,883000.0,36,16.27,13,Delinquent,364523.0
L205231,C102082,Education Loan,Digital,2023-03-15,873000.0,60,10.4,2,Delinquent,251913.0
L205232,C102300,Auto Loan,Branch,2023-08-13,331000.0,120,14.17,13,Delinquent,234649.0
L205233,C103721,Personal Loan,Partner,2023-04-12,628000.0,60,14.46,4,Delinquent,206949.0
L205234,C104961,Auto Loan,Branch,2024-02-13,1560000.0,120,12.17,14,Delinquent,1093803.0
L205235,C103893,Home Loan,Digital,2024-05-03,4788000.0,48,11.39,37,Delinquent,1976869.0
L205236,C101583,Personal Loan,Branch,2023-09-12,520000.0,60,21.5,7,Delinquent,228887.0
L205237,C100557,Business Loan,Partner,2025-07-22,1512000.0,36,16.92,12,Delinquent,991772.0
L205238,C102366,Auto Loan,Branch,2024-12-29,1544000.0,84,10.39,46,Delinquent,1262757.0
L205239,C104290,Personal Loan,Partner,2024-06-05,822000.0,48,18.22,9,Delinquent,398243.0
L205240,C103175,Education Loan,Partner,2024-04-25,374000.0,120,10.24,15,Delinquent,296051.0
L205241,C101610,Personal Loan,Partner,2024-11-10,290000.0,36,19.17,136,NPL,98033.0
L205242,C100446,Personal Loan,DSA,2024-03-29,221000.0,36,20.04,2,Delinquent,63784.0
L205243,C101262,Home Loan,DSA,2025-07-16,5963000.0,48,8.29,12,Delinquent,4427640.0
L205244,C103583,Personal Loan,Partner,2025-08-19,183000.0,48,21.7,10,Delinquent,144958.0
L205245,C103350,Auto Loan,Branch,2023-08-09,792000.0,12,12.67,3,Delinquent,181084.0
L205246,C102259,Personal Loan,DSA,2026-03-02,93000.0,36,16.47,3,Delinquent,81276.0
L205247,C101670,Personal Loan,Branch,2024-07-02,228000.0,48,12.07,20,Delinquent,86258.0
L205248,C100876,Education Loan,Digital,2023-08-25,857000.0,120,9.11,10,Delinquent,517444.0
L205249,C104863,Personal Loan,Digital,2025-10-17,102000.0,60,16.24,51,Delinquent,77321.0
L205250,C102153,Home Loan,Partner,2024-05-12,1331000.0,60,10.16,14,Delinquent,651577.0
L205251,C103837,Personal Loan,Branch,2023-06-28,416000.0,36,15.78,35,Delinquent,85851.0
L205252,C102304,Business Loan,Digital,2024-10-05,2633000.0,48,10.89,27,Delinquent,1500852.0
L205253,C102847,Personal Loan,Digital,2024-05-06,698000.0,120,15.01,10,Delinquent,549683.0
L205254,C103204,Personal Loan,DSA,2023-10-23,386000.0,48,14.94,131,NPL,110331.0
L205255,C101780,Business Loan,Branch,2025-05-22,554000.0,84,15.11,39,Delinquent,502198.0
L205256,C104686,Personal Loan,Digital,2024-04-27,631000.0,60,13.69,26,Delinquent,336559.0
L205257,C102287,Business Loan,Digital,2024-09-25,1193000.0,84,10.52,155,NPL,785340.0
L205258,C103826,Auto Loan,Partner,2023-03-08,157000.0,36,10.84,12,Delinquent,20430.0
L205259,C104582,Business Loan,Partner,2024-03-18,1858000.0,48,13.51,9,Delinquent,806551.0
L205260,C101913,Personal Loan,Branch,2023-02-19,856000.0,48,14.05,8,Delinquent,151057.0
L205261,C101171,Education Loan,Branch,2023-12-05,1170000.0,24,12.96,29,Delinquent,93600.0
L205262,C104849,Personal Loan,DSA,2025-08-01,310000.0,24,18.7,5,Delinquent,148681.0
L205263,C103930,Personal Loan,Digital,2026-01-15,207000.0,60,17.85,65,Delinquent,200420.0
L205264,C103955,Business Loan,DSA,2024-02-11,1396000.0,24,17.61,25,Delinquent,155496.0
L205265,C104731,Personal Loan,DSA,2025-04-18,556000.0,24,11.69,2,Delinquent,168393.0
L205266,C100140,Personal Loan,Branch,2025-04-28,805000.0,24,16.21,174,NPL,292770.0
L205267,C104724,Auto Loan,Partner,2025-07-27,1530000.0,84,11.44,4,Delinquent,1414741.0
L205268,C100583,Personal Loan,Branch,2023-04-10,281000.0,24,19.96,10,Delinquent,24267.0
L205269,C100727,Personal Loan,Partner,2023-12-23,717000.0,48,17.68,28,Delinquent,255486.0
L205270,C101091,Home Loan,Digital,2025-03-15,3564000.0,48,11.0,15,Delinquent,2248908.0
L205271,C100567,Home Loan,Partner,2023-12-21,2895000.0,12,8.52,10,Delinquent,231600.0
L205272,C100418,Auto Loan,Branch,2025-02-23,1442000.0,12,14.48,36,Delinquent,207048.0
L205273,C100626,Auto Loan,Digital,2025-12-13,915000.0,84,10.66,15,Delinquent,812026.0
L205274,C102428,Personal Loan,Branch,2025-09-12,883000.0,36,20.5,9,Delinquent,622347.0
L205275,C101863,Home Loan,DSA,2024-08-10,5018000.0,120,10.63,11,Delinquent,3851065.0
L205276,C101704,Personal Loan,Partner,2023-09-03,343000.0,48,21.35,3,Delinquent,86720.0
L205277,C100860,Personal Loan,DSA,2024-01-19,683000.0,36,18.47,1,Delinquent,76598.0
L205278,C104865,Personal Loan,DSA,2024-10-23,63000.0,24,17.55,8,Delinquent,13720.0
L205279,C101663,Auto Loan,Branch,2025-06-13,1249000.0,12,9.81,157,NPL,110942.0
L205280,C102364,Personal Loan,Partner,2025-12-17,394000.0,36,19.89,54,Delinquent,310857.0
L205281,C100712,Auto Loan,Branch,2025-10-10,1679000.0,24,10.08,116,NPL,947563.0
L205282,C101061,Personal Loan,Digital,2023-09-21,532000.0,48,11.28,15,Delinquent,135171.0
L205283,C101172,Personal Loan,Branch,2023-05-14,136000.0,12,19.55,149,NPL,19045.0
L205284,C104854,Personal Loan,DSA,2023-05-30,541000.0,120,11.14,12,Delinquent,347234.0
L205285,C100882,Home Loan,Digital,2023-09-21,3985000.0,48,11.27,13,Delinquent,694916.0
L205286,C102570,Auto Loan,Digital,2024-02-18,539000.0,36,10.16,26,Delinquent,129810.0
L205287,C102721,Auto Loan,Branch,2023-02-19,630000.0,12,14.11,30,Delinquent,77424.0
L205288,C100366,Education Loan,Digital,2026-03-04,194000.0,12,11.87,8,Delinquent,122131.0
L205289,C101755,Personal Loan,Branch,2024-02-21,850000.0,24,12.07,2,Delinquent,86685.0
L205290,C100405,Personal Loan,Partner,2023-07-08,451000.0,60,17.59,8,Delinquent,188806.0
L205291,C100875,Business Loan,DSA,2024-09-30,1263000.0,12,16.67,4,Delinquent,150839.0
L205292,C103377,Auto Loan,Partner,2023-05-24,402000.0,120,12.78,21,Delinquent,270442.0
L205293,C102843,Personal Loan,Digital,2025-10-19,238000.0,12,17.59,15,Delinquent,32849.0
L205294,C102474,Personal Loan,Digital,2026-04-12,434000.0,120,12.96,0,Current,389368.0
L205295,C101068,Home Loan,Digital,2026-01-01,3609000.0,36,11.43,10,Delinquent,2750551.0
L205296,C103122,Personal Loan,Partner,2024-04-16,701000.0,48,17.41,9,Delinquent,329356.0
L205297,C104524,Auto Loan,Branch,2025-02-02,753000.0,84,9.79,12,Delinquent,629469.0
L205298,C104249,Personal Loan,Branch,2023-06-29,720000.0,24,16.23,9,Delinquent,118354.0
L205299,C100866,Education Loan,Digital,2023-02-24,781000.0,24,11.47,8,Delinquent,179597.0
L205300,C103407,Home Loan,Digital,2024-11-01,2378000.0,60,8.62,3,Delinquent,1517418.0
L205301,C101220,Business Loan,Partner,2025-06-14,2682000.0,48,15.33,50,Delinquent,1817022.0
L205302,C104309,Personal Loan,Branch,2023-01-17,657000.0,84,13.82,12,Delinquent,304410.0
L205303,C102365,Auto Loan,Digital,2026-04-07,533000.0,48,13.89,30,Delinquent,503573.0
L205304,C103714,Business Loan,Branch,2024-05-25,2889000.0,48,10.6,1,Delinquent,1236139.0
L205305,C102697,Personal Loan,Branch,2025-01-11,456000.0,36,18.32,5,Delinquent,247824.0
L205306,C103372,Home Loan,Partner,2023-02-13,1794000.0,36,9.66,137,NPL,220952.0
L205307,C104675,Personal Loan,DSA,2025-11-29,849000.0,120,11.31,1,Delinquent,832596.0
L205308,C100674,Home Loan,Partner,2024-11-09,2711000.0,36,8.53,8,Delinquent,1194135.0
L205309,C104519,Business Loan,Digital,2024-07-29,1316000.0,120,10.97,41,Delinquent,1091781.0
L205310,C102415,Auto Loan,DSA,2025-01-19,246000.0,48,10.35,5,Delinquent,137321.0
L205311,C100711,Business Loan,Digital,2025-09-26,1954000.0,60,11.37,9,Delinquent,1387087.0
L205312,C102166,Personal Loan,Digital,2023-01-05,678000.0,24,17.96,14,Delinquent,104633.0
L205313,C100280,Business Loan,Branch,2023-03-01,1787000.0,36,17.55,1,Delinquent,213930.0
L205314,C102704,Auto Loan,Branch,2024-09-07,1673000.0,36,14.05,12,Delinquent,627095.0
L205315,C102362,Personal Loan,Branch,2025-07-25,232000.0,84,21.68,13,Delinquent,203004.0
L205316,C101956,Business Loan,DSA,2026-02-07,724000.0,84,17.14,15,Delinquent,652293.0
L205317,C102222,Personal Loan,DSA,2023-04-22,415000.0,48,16.47,12,Delinquent,52439.0
L205318,C103103,Personal Loan,Digital,2024-04-22,152000.0,48,20.91,53,Delinquent,64334.0
L205319,C104134,Business Loan,Branch,2025-07-25,649000.0,12,17.84,5,Delinquent,51920.0
L205320,C101963,Personal Loan,DSA,2026-02-19,519000.0,24,21.76,9,Delinquent,390054.0
L205321,C100085,Personal Loan,Branch,2023-11-03,612000.0,120,11.79,31,Delinquent,437244.0
L205322,C102789,Personal Loan,Partner,2026-03-02,122000.0,60,17.95,12,Delinquent,114413.0
L205323,C104724,Business Loan,Digital,2025-08-25,2345000.0,84,15.91,11,Delinquent,1917207.0
L205324,C101975,Personal Loan,DSA,2023-10-16,794000.0,36,18.03,13,Delinquent,113925.0
L205325,C100614,Personal Loan,Branch,2025-09-05,781000.0,60,20.29,9,Delinquent,666723.0
L205326,C104509,Personal Loan,Branch,2024-11-23,646000.0,24,21.04,14,Delinquent,106855.0
L205327,C102097,Personal Loan,Digital,2025-10-10,565000.0,84,20.56,11,Delinquent,520363.0
L205328,C101868,Personal Loan,Digital,2025-09-23,836000.0,12,20.38,5,Delinquent,82430.0
L205329,C101477,Business Loan,Branch,2023-08-31,314000.0,120,11.12,3,Delinquent,212510.0
L205330,C103655,Business Loan,Digital,2025-04-30,1939000.0,120,12.94,10,Delinquent,1712491.0
L205331,C100729,Business Loan,Branch,2024-07-03,2852000.0,60,16.1,4,Delinquent,1508221.0
L205332,C103069,Auto Loan,Partner,2025-07-01,545000.0,48,11.25,142,NPL,384298.0
L205333,C101744,Personal Loan,Digital,2023-06-14,163000.0,84,14.94,8,Delinquent,96729.0
L205334,C101928,Personal Loan,Digital,2023-11-10,846000.0,12,12.6,36,Delinquent,131364.0
L205335,C101079,Home Loan,Digital,2023-10-03,4964000.0,24,10.96,1,Delinquent,890115.0
L205336,C104039,Personal Loan,DSA,2026-01-06,721000.0,48,21.96,8,Delinquent,673435.0
L205337,C102268,Auto Loan,Branch,2024-03-16,375000.0,12,11.08,10,Delinquent,48106.0
L205338,C104638,Personal Loan,DSA,2023-10-10,373000.0,24,16.44,8,Delinquent,83549.0
L205339,C104140,Auto Loan,Partner,2025-05-31,712000.0,48,11.94,10,Delinquent,488315.0
L205340,C103803,Personal Loan,Digital,2025-02-12,347000.0,24,17.48,11,Delinquent,63617.0
L205341,C102252,Home Loan,Branch,2025-02-02,2008000.0,36,10.64,7,Delinquent,1014938.0
L205342,C104743,Education Loan,Branch,2025-11-27,798000.0,120,11.25,9,Delinquent,724447.0
L205343,C102925,Personal Loan,Partner,2025-12-22,490000.0,60,13.51,15,Delinquent,393858.0
L205344,C102182,Personal Loan,Branch,2024-03-07,388000.0,120,19.61,0,Current,280073.0
L205345,C101738,Personal Loan,Branch,2026-02-27,503000.0,24,19.72,6,Delinquent,374279.0
L205346,C104569,Personal Loan,Partner,2024-10-24,457000.0,84,21.39,54,Delinquent,353065.0
L205347,C101272,Home Loan,Partner,2025-12-02,4594000.0,120,11.31,10,Delinquent,4594000.0
L205348,C104382,Education Loan,Digital,2025-04-08,253000.0,24,8.65,2,Delinquent,88103.0
L205349,C101144,Business Loan,Branch,2023-04-07,572000.0,12,13.51,127,NPL,96685.0
L205350,C103812,Auto Loan,Digital,2026-01-19,914000.0,12,11.08,0,Current,383856.0
L205351,C101411,Auto Loan,DSA,2024-11-24,168000.0,120,14.94,21,Delinquent,133465.0
L205352,C104177,Personal Loan,Branch,2024-06-21,154000.0,12,19.34,106,NPL,26345.0
L205353,C104179,Education Loan,Branch,2024-02-14,545000.0,48,12.38,11,Delinquent,216354.0
L205354,C103651,Home Loan,Partner,2024-12-24,1341000.0,12,10.33,4,Delinquent,275951.0
L205355,C104961,Personal Loan,DSA,2026-01-10,548000.0,36,11.94,12,Delinquent,434140.0
L205356,C102562,Education Loan,Digital,2023-06-20,105000.0,120,12.64,38,Delinquent,68351.0
L205357,C104194,Home Loan,Partner,2023-09-27,4458000.0,24,8.35,4,Delinquent,1176543.0
L205358,C102763,Personal Loan,Digital,2023-03-20,230000.0,24,12.58,4,Delinquent,44303.0
L205359,C100194,Auto Loan,Partner,2023-08-25,1163000.0,12,12.21,14,Delinquent,218213.0
L205360,C102089,Personal Loan,Branch,2023-01-26,212000.0,84,14.21,1,Delinquent,90989.0
L205361,C100163,Personal Loan,Digital,2023-09-10,348000.0,24,19.19,6,Delinquent,55828.0
L205362,C103322,Personal Loan,DSA,2024-07-25,474000.0,36,11.82,3,Delinquent,177900.0
L205363,C100763,Auto Loan,Digital,2025-09-20,1321000.0,84,10.54,146,NPL,1204641.0
L205364,C101624,Personal Loan,Branch,2024-10-16,142000.0,84,17.2,174,NPL,111566.0
L205365,C104358,Personal Loan,DSA,2023-09-28,353000.0,48,19.28,4,Delinquent,93600.0
L205366,C103699,Home Loan,Digital,2023-04-14,4815000.0,84,10.04,8,Delinquent,2266583.0
L205367,C101681,Personal Loan,Branch,2025-11-29,728000.0,60,19.82,9,Delinquent,608736.0
L205368,C102526,Home Loan,Digital,2023-08-06,3613000.0,24,8.95,0,Current,612123.0
L205369,C102906,Home Loan,DSA,2025-07-09,4179000.0,24,8.4,80,Delinquent,1825259.0
L205370,C101766,Personal Loan,Digital,2023-11-16,870000.0,36,19.07,6,Delinquent,166961.0
L205371,C103750,Personal Loan,Digital,2025-01-26,600000.0,12,13.05,1,Delinquent,93578.0
L205372,C100737,Personal Loan,Branch,2025-12-05,678000.0,48,15.4,10,Delinquent,561733.0
L205373,C102133,Home Loan,Branch,2025-12-29,5227000.0,12,8.99,91,NPL,2078297.0
L205374,C101278,Business Loan,DSA,2023-04-30,2730000.0,12,15.86,27,Delinquent,218400.0
L205375,C103396,Personal Loan,DSA,2024-09-05,133000.0,24,21.11,4,Delinquent,12032.0
L205376,C103202,Personal Loan,Digital,2024-08-10,318000.0,12,11.32,170,NPL,65964.0
L205377,C104036,Personal Loan,Digital,2025-11-21,480000.0,24,15.02,21,Delinquent,305283.0
L205378,C101850,Auto Loan,Branch,2025-08-04,1021000.0,84,9.01,2,Delinquent,850858.0
L205379,C101154,Personal Loan,Digital,2023-06-23,238000.0,120,20.11,28,Delinquent,147435.0
L205380,C100166,Auto Loan,Digital,2025-11-10,1135000.0,48,11.92,6,Delinquent,955229.0
L205381,C104304,Auto Loan,Digital,2024-03-11,1758000.0,48,10.63,4,Delinquent,517784.0
L205382,C101649,Personal Loan,Branch,2025-04-11,240000.0,48,21.81,3,Delinquent,165684.0
L205383,C103773,Home Loan,Branch,2023-08-03,5442000.0,60,8.99,153,NPL,1533308.0
L205384,C101832,Education Loan,Partner,2023-11-15,1185000.0,60,10.62,18,Delinquent,530184.0
L205385,C101661,Personal Loan,Digital,2023-03-28,446000.0,36,19.83,3,Delinquent,86341.0
L205386,C101172,Home Loan,Partner,2023-05-26,5955000.0,36,11.11,119,NPL,793832.0
L205387,C103907,Home Loan,DSA,2026-01-23,4903000.0,60,9.52,8,Delinquent,4358893.0
L205388,C101432,Personal Loan,DSA,2023-07-09,844000.0,84,21.83,42,Delinquent,516670.0
L205389,C101482,Business Loan,Branch,2025-01-18,1979000.0,24,17.7,1,Delinquent,285210.0
L205390,C103525,Personal Loan,Branch,2025-07-13,599000.0,12,11.25,99,NPL,81048.0
L205391,C102590,Personal Loan,Digital,2023-04-03,335000.0,12,15.9,43,Delinquent,37848.0
L205392,C103732,Auto Loan,Digital,2023-12-22,399000.0,12,11.11,15,Delinquent,55683.0
L205393,C100518,Business Loan,Branch,2024-07-30,2264000.0,36,14.98,52,Delinquent,713154.0
L205394,C104795,Personal Loan,Digital,2024-02-10,226000.0,120,21.23,57,Delinquent,179782.0
L205395,C101184,Auto Loan,Branch,2025-11-22,962000.0,60,10.9,11,Delinquent,755799.0
L205396,C100591,Personal Loan,Branch,2023-07-30,321000.0,120,11.92,11,Delinquent,229471.0
L205397,C100547,Auto Loan,Partner,2025-05-19,1639000.0,120,14.08,8,Delinquent,1571246.0
L205398,C101559,Home Loan,Digital,2024-06-05,4194000.0,12,10.09,9,Delinquent,505441.0
L205399,C102118,Home Loan,Branch,2024-04-10,3816000.0,24,9.02,29,Delinquent,612155.0
L205400,C100386,Education Loan,Branch,2024-02-06,622000.0,48,12.8,13,Delinquent,200182.0
L205401,C103113,Auto Loan,Partner,2025-03-22,1466000.0,120,13.52,3,Delinquent,1393319.0
L205402,C103067,Personal Loan,Partner,2024-03-04,263000.0,84,20.97,14,Delinquent,145583.0
L205403,C103886,Education Loan,Branch,2025-01-23,786000.0,48,8.79,168,NPL,474732.0
L205404,C100082,Personal Loan,Digital,2023-02-10,486000.0,24,20.96,9,Delinquent,71713.0
L205405,C100482,Auto Loan,Digital,2023-11-26,1793000.0,24,10.34,57,Delinquent,143440.0
L205406,C101027,Auto Loan,Branch,2024-07-09,1031000.0,12,12.8,4,Delinquent,82480.0
L205407,C102191,Business Loan,Digital,2023-09-21,2498000.0,60,12.37,141,NPL,953967.0
L205408,C102935,Home Loan,Branch,2023-05-15,5759000.0,60,8.93,29,Delinquent,1878012.0
L205409,C101010,Auto Loan,Branch,2023-09-22,793000.0,48,14.53,10,Delinquent,221443.0
L205410,C101794,Auto Loan,Digital,2024-10-04,1686000.0,84,10.75,17,Delinquent,1040331.0
L205411,C102568,Home Loan,Branch,2026-02-22,4181000.0,84,9.64,3,Delinquent,4061462.0
L205412,C102722,Business Loan,Digital,2025-03-14,631000.0,84,12.48,6,Delinquent,490968.0
L205413,C102633,Personal Loan,Branch,2025-12-21,757000.0,12,20.05,8,Delinquent,292036.0
L205414,C103202,Personal Loan,Digital,2024-10-17,123000.0,24,14.74,44,Delinquent,16278.0
L205415,C103779,Auto Loan,Partner,2023-02-06,1171000.0,120,11.56,10,Delinquent,704105.0
L205416,C104195,Personal Loan,Digital,2023-06-25,304000.0,48,17.13,14,Delinquent,75549.0
L205417,C104827,Business Loan,Digital,2025-06-30,2164000.0,12,12.59,128,NPL,454231.0
L205418,C101965,Personal Loan,Digital,2025-01-09,715000.0,24,12.87,136,NPL,196530.0
L205419,C101641,Home Loan,Partner,2025-10-06,5059000.0,120,10.27,7,Delinquent,4743058.0
L205420,C101395,Auto Loan,DSA,2024-05-10,1549000.0,60,14.7,114,NPL,757960.0
L205421,C101751,Business Loan,Branch,2026-01-24,1747000.0,48,10.64,13,Delinquent,1477179.0
L205422,C102695,Auto Loan,Branch,2024-03-07,1403000.0,48,11.89,8,Delinquent,488046.0
L205423,C103021,Personal Loan,Digital,2025-10-05,77000.0,60,13.35,2,Delinquent,62163.0
L205424,C100349,Personal Loan,DSA,2023-06-28,388000.0,48,11.24,11,Delinquent,56468.0
L205425,C104994,Business Loan,Branch,2024-06-25,599000.0,60,17.88,3,Delinquent,384467.0
L205426,C100210,Business Loan,Digital,2026-04-08,1733000.0,36,10.91,48,Delinquent,1546129.0
L205427,C102005,Auto Loan,Digital,2025-08-12,657000.0,12,12.19,7,Delinquent,72956.0
L205428,C102262,Auto Loan,Digital,2024-04-16,494000.0,48,12.61,5,Delinquent,219679.0
L205429,C101727,Personal Loan,DSA,2025-12-13,420000.0,60,17.7,1,Delinquent,356131.0
L205430,C101091,Home Loan,Branch,2024-07-01,5450000.0,48,9.76,7,Delinquent,2561266.0
L205431,C102653,Home Loan,Digital,2026-02-06,2051000.0,120,8.73,11,Delinquent,1854792.0
L205432,C100037,Personal Loan,DSA,2023-04-24,273000.0,24,11.86,10,Delinquent,27014.0
L205433,C103717,Personal Loan,Partner,2025-09-19,614000.0,84,15.51,13,Delinquent,566580.0
L205434,C103397,Auto Loan,Digital,2025-03-21,366000.0,12,14.16,13,Delinquent,65582.0
L205435,C103855,Home Loan,Digital,2023-08-01,1320000.0,36,8.52,12,Delinquent,279756.0
L205436,C104081,Personal Loan,DSA,2023-12-06,862000.0,60,19.88,13,Delinquent,382357.0
L205437,C104438,Business Loan,DSA,2025-09-07,1567000.0,48,14.25,5,Delinquent,1202300.0
L205438,C100740,Personal Loan,Digital,2025-06-07,515000.0,24,17.57,90,NPL,226596.0
L205439,C104176,Auto Loan,Digital,2023-08-17,1787000.0,48,10.13,15,Delinquent,388738.0
L205440,C102820,Business Loan,Branch,2023-03-22,992000.0,48,13.6,8,Delinquent,84974.0
L205441,C100618,Business Loan,DSA,2024-01-16,1051000.0,12,12.27,14,Delinquent,180390.0
L205442,C104920,Business Loan,Digital,2023-12-23,439000.0,12,15.23,2,Delinquent,54275.0
L205443,C104059,Business Loan,Branch,2025-01-20,1862000.0,24,13.45,6,Delinquent,393590.0
L205444,C101344,Home Loan,Digital,2025-06-13,2191000.0,24,11.13,19,Delinquent,1086033.0
L205445,C104453,Auto Loan,Partner,2023-11-28,643000.0,48,13.04,10,Delinquent,187571.0
L205446,C103655,Business Loan,Branch,2024-04-20,386000.0,12,14.88,3,Delinquent,63637.0
L205447,C102236,Home Loan,Digital,2023-08-12,1787000.0,36,9.19,15,Delinquent,258463.0
L205448,C100811,Auto Loan,Partner,2023-02-11,467000.0,36,13.21,3,Delinquent,71653.0
L205449,C103656,Personal Loan,Partner,2026-01-01,289000.0,60,16.18,6,Delinquent,229995.0
L205450,C104661,Auto Loan,Branch,2025-08-05,765000.0,84,11.24,11,Delinquent,673214.0
L205451,C100964,Personal Loan,Branch,2025-08-05,130000.0,84,11.58,4,Delinquent,121465.0
L205452,C100003,Auto Loan,Digital,2026-03-04,806000.0,60,13.65,15,Delinquent,791851.0
L205453,C101148,Personal Loan,Branch,2023-02-18,454000.0,48,15.78,27,Delinquent,63441.0
L205454,C101474,Personal Loan,Digital,2024-03-27,117000.0,24,21.47,18,Delinquent,28600.0
L205455,C101896,Personal Loan,Digital,2025-06-10,623000.0,60,12.02,6,Delinquent,514428.0
L205456,C104883,Auto Loan,DSA,2025-01-15,532000.0,12,9.09,5,Delinquent,75334.0
L205457,C104818,Business Loan,Digital,2025-07-31,640000.0,36,13.58,3,Delinquent,473004.0
L205458,C103354,Personal Loan,Partner,2024-03-23,487000.0,12,20.87,7,Delinquent,69275.0
L205459,C101087,Personal Loan,DSA,2023-04-21,734000.0,24,15.86,6,Delinquent,125795.0
L205460,C101060,Auto Loan,Digital,2024-10-27,721000.0,84,14.73,11,Delinquent,588804.0
L205461,C100409,Auto Loan,Branch,2025-06-06,1570000.0,12,9.63,1,Delinquent,191522.0
L205462,C103957,Personal Loan,DSA,2025-06-05,475000.0,24,12.94,3,Delinquent,193484.0
L205463,C101105,Auto Loan,DSA,2023-07-30,1525000.0,12,11.71,6,Delinquent,122000.0
L205464,C104491,Business Loan,Branch,2025-01-29,685000.0,120,11.49,73,Delinquent,559606.0
L205465,C103002,Personal Loan,Branch,2025-01-28,458000.0,120,19.81,0,Current,399658.0
L205466,C102437,Home Loan,Digital,2024-01-13,3703000.0,48,9.39,52,Delinquent,1305285.0
L205467,C104647,Personal Loan,Branch,2023-11-09,424000.0,24,14.99,14,Delinquent,76548.0
L205468,C100781,Education Loan,DSA,2023-08-23,949000.0,120,12.29,7,Delinquent,571903.0
L205469,C102319,Business Loan,Branch,2023-05-12,1128000.0,12,15.09,4,Delinquent,187864.0
L205470,C101293,Home Loan,Digital,2024-10-15,2722000.0,24,10.87,2,Delinquent,291869.0
L205471,C100906,Education Loan,Branch,2024-01-13,241000.0,48,11.68,45,Delinquent,95511.0
L205472,C104716,Personal Loan,Digital,2025-03-02,413000.0,120,16.93,4,Delinquent,332933.0
L205473,C103027,Business Loan,DSA,2024-12-07,1355000.0,24,17.7,2,Delinquent,282471.0
L205474,C100806,Business Loan,Branch,2024-11-20,1950000.0,120,12.29,7,Delinquent,1473249.0
L205475,C100537,Business Loan,Branch,2026-03-02,874000.0,24,17.61,11,Delinquent,702287.0
L205476,C101560,Auto Loan,Branch,2023-06-03,1287000.0,24,10.22,3,Delinquent,191896.0
L205477,C104169,Personal Loan,Branch,2023-02-14,618000.0,120,19.24,5,Delinquent,406852.0
L205478,C100728,Personal Loan,Digital,2024-03-02,97000.0,120,14.64,17,Delinquent,72054.0
L205479,C103709,Personal Loan,Branch,2023-01-30,369000.0,12,20.55,57,Delinquent,69391.0
L205480,C100529,Business Loan,Digital,2025-06-12,726000.0,36,16.59,1,Delinquent,455856.0
L205481,C101684,Home Loan,DSA,2024-03-21,4093000.0,36,8.36,4,Delinquent,849515.0
L205482,C102611,Auto Loan,Partner,2023-06-26,1204000.0,24,10.39,9,Delinquent,183464.0
L205483,C100646,Personal Loan,Branch,2023-04-10,734000.0,120,11.62,1,Delinquent,446014.0
L205484,C101984,Home Loan,Partner,2025-11-26,3155000.0,36,10.22,43,Delinquent,2471142.0
L205485,C101340,Home Loan,Partner,2024-03-27,2919000.0,84,9.84,8,Delinquent,1796316.0
L205486,C100231,Home Loan,Digital,2024-07-13,1689000.0,12,9.07,14,Delinquent,334874.0
L205487,C100005,Personal Loan,DSA,2023-07-22,578000.0,36,21.31,152,NPL,77285.0
L205488,C100726,Personal Loan,Digital,2025-08-07,283000.0,60,19.1,87,Delinquent,225077.0
L205489,C103743,Personal Loan,Branch,2025-06-04,559000.0,24,11.41,15,Delinquent,255763.0
L205490,C100189,Education Loan,Partner,2024-02-13,601000.0,60,12.72,3,Delinquent,284931.0
L205491,C102529,Auto Loan,Partner,2025-10-17,1091000.0,48,10.86,4,Delinquent,847134.0
L205492,C100123,Auto Loan,Branch,2024-03-07,1117000.0,36,13.76,10,Delinquent,208985.0
L205493,C101079,Business Loan,Branch,2025-12-20,665000.0,36,13.86,2,Delinquent,560594.0
L205494,C100893,Auto Loan,Branch,2026-03-06,317000.0,36,13.63,113,NPL,286476.0
L205495,C101700,Auto Loan,Digital,2024-07-09,1766000.0,24,14.26,4,Delinquent,303069.0
L205496,C103719,Home Loan,Partner,2024-11-11,1889000.0,12,9.12,0,Current,151120.0
L205497,C102106,Personal Loan,Branch,2025-10-02,799000.0,48,15.83,7,Delinquent,669154.0
L205498,C100074,Personal Loan,Digital,2023-05-03,271000.0,60,19.73,176,NPL,79634.0
L205499,C100724,Business Loan,DSA,2024-07-26,535000.0,120,14.21,7,Delinquent,428683.0
L205500,C101523,Home Loan,Digital,2026-02-23,3002000.0,24,10.61,0,Current,2567072.0
L205501,C101393,Personal Loan,Digital,2023-08-30,369000.0,48,13.32,154,NPL,82542.0
L205502,C102824,Business Loan,Digital,2024-03-25,2723000.0,48,13.2,1,Delinquent,1217820.0
L205503,C101755,Personal Loan,Branch,2025-10-18,728000.0,60,18.99,3,Delinquent,604624.0
L205504,C103719,Auto Loan,Digital,2025-05-02,1042000.0,48,12.8,134,NPL,631572.0
L205505,C101263,Auto Loan,Branch,2024-08-10,1000000.0,48,12.25,139,NPL,541092.0
L205506,C103390,Personal Loan,DSA,2023-06-04,754000.0,84,15.97,26,Delinquent,398898.0
L205507,C100504,Personal Loan,Branch,2023-08-06,235000.0,12,16.21,7,Delinquent,28724.0
L205508,C104943,Home Loan,DSA,2025-10-23,4666000.0,60,9.86,11,Delinquent,4140490.0
L205509,C104934,Business Loan,Digital,2024-09-03,617000.0,24,13.92,3,Delinquent,103060.0
L205510,C101379,Business Loan,Partner,2026-02-24,2191000.0,120,12.32,14,Delinquent,2018740.0
L205511,C101171,Business Loan,DSA,2023-05-02,437000.0,60,13.75,12,Delinquent,117716.0
L205512,C100001,Personal Loan,DSA,2024-04-04,425000.0,60,20.07,0,Current,221047.0
L205513,C104880,Personal Loan,Branch,2023-04-23,827000.0,120,11.4,30,Delinquent,537901.0
L205514,C100192,Auto Loan,Digital,2023-06-23,780000.0,36,9.33,11,Delinquent,117818.0
L205515,C100011,Auto Loan,DSA,2023-01-13,438000.0,12,9.36,1,Delinquent,73453.0
L205516,C100488,Personal Loan,DSA,2024-10-31,85000.0,120,16.35,20,Delinquent,73975.0
L205517,C101475,Personal Loan,DSA,2023-10-11,171000.0,120,14.03,14,Delinquent,130676.0
L205518,C104877,Personal Loan,Branch,2023-07-14,725000.0,48,14.9,8,Delinquent,277514.0
L205519,C100833,Personal Loan,Branch,2025-11-22,470000.0,48,11.88,11,Delinquent,396741.0
L205520,C102851,Auto Loan,Branch,2024-06-14,758000.0,24,12.36,12,Delinquent,77087.0
L205521,C103253,Education Loan,Branch,2024-10-10,294000.0,24,8.89,8,Delinquent,46465.0
L205522,C103997,Personal Loan,DSA,2025-01-17,437000.0,48,18.47,11,Delinquent,257330.0
L205523,C103497,Home Loan,Digital,2024-06-04,4708000.0,24,10.83,10,Delinquent,456593.0
L205524,C104926,Personal Loan,Digital,2023-06-17,104000.0,12,16.58,82,Delinquent,13499.0
L205525,C103309,Home Loan,Branch,2024-08-10,2165000.0,24,8.4,8,Delinquent,563202.0
L205526,C104222,Personal Loan,DSA,2026-02-11,428000.0,36,18.96,0,Current,354226.0
L205527,C101600,Personal Loan,Branch,2025-04-03,850000.0,24,17.5,13,Delinquent,335188.0
L205528,C102039,Personal Loan,Branch,2025-04-26,241000.0,12,19.6,15,Delinquent,48781.0
L205529,C103686,Auto Loan,DSA,2024-11-13,232000.0,36,13.11,3,Delinquent,101199.0
L205530,C104380,Auto Loan,DSA,2024-03-09,1686000.0,12,11.68,159,NPL,340742.0
L205531,C100026,Auto Loan,Branch,2024-07-15,1485000.0,84,11.45,15,Delinquent,1079597.0
L205532,C102169,Home Loan,Branch,2024-05-13,3101000.0,24,10.05,8,Delinquent,271225.0
L205533,C104012,Personal Loan,Digital,2024-11-29,291000.0,12,18.99,2,Delinquent,51512.0
L205534,C100570,Personal Loan,Digital,2025-10-14,331000.0,60,21.11,10,Delinquent,278922.0
L205535,C101765,Personal Loan,Branch,2023-01-18,308000.0,36,13.95,12,Delinquent,24640.0
L205536,C102741,Personal Loan,Digital,2024-07-25,376000.0,48,14.72,12,Delinquent,186353.0
L205537,C100415,Personal Loan,Digital,2023-11-16,311000.0,60,11.73,7,Delinquent,139597.0
L205538,C104579,Education Loan,Digital,2026-03-30,332000.0,48,12.32,8,Delinquent,307355.0
L205539,C101839,Education Loan,DSA,2023-06-25,126000.0,12,10.04,4,Delinquent,35602.0
L205540,C103923,Business Loan,DSA,2023-03-16,2781000.0,48,11.34,136,NPL,650163.0
L205541,C102138,Auto Loan,Branch,2025-04-23,1245000.0,48,9.85,89,Delinquent,856538.0
L205542,C102010,Auto Loan,Branch,2023-11-22,767000.0,24,11.4,11,Delinquent,154212.0
L205543,C104830,Auto Loan,Branch,2023-09-20,811000.0,84,14.29,1,Delinquent,457769.0
L205544,C104275,Auto Loan,Branch,2024-09-14,497000.0,60,10.7,78,Delinquent,291284.0
L205545,C102580,Personal Loan,Branch,2026-01-19,206000.0,60,15.73,1,Delinquent,191858.0
L205546,C102321,Education Loan,Branch,2023-06-13,806000.0,48,12.11,0,Current,151923.0
L205547,C103905,Business Loan,DSA,2024-10-08,1991000.0,60,13.81,8,Delinquent,1293331.0
L205548,C103423,Personal Loan,DSA,2024-03-03,207000.0,12,16.56,56,Delinquent,24230.0
L205549,C104897,Home Loan,DSA,2023-08-12,3836000.0,12,9.32,5,Delinquent,589890.0
L205550,C101666,Business Loan,Digital,2024-09-15,1327000.0,48,12.61,4,Delinquent,741419.0
L205551,C100564,Business Loan,DSA,2026-02-28,1093000.0,84,13.49,83,Delinquent,1086020.0
L205552,C100974,Home Loan,Digital,2023-11-10,2162000.0,12,9.65,22,Delinquent,265465.0
L205553,C102639,Home Loan,Digital,2023-09-20,2820000.0,60,8.27,19,Delinquent,1427561.0
L205554,C101568,Personal Loan,Branch,2023-07-17,883000.0,60,20.86,9,Delinquent,354415.0
L205555,C104047,Personal Loan,Partner,2025-01-11,427000.0,120,20.68,11,Delinquent,361150.0
L205556,C104376,Personal Loan,Branch,2023-11-19,62000.0,24,11.85,12,Delinquent,10311.0
L205557,C100935,Personal Loan,Branch,2024-12-11,880000.0,84,19.82,129,NPL,677783.0
L205558,C104949,Home Loan,Digital,2023-04-10,2066000.0,12,8.47,94,NPL,342143.0
L205559,C103157,Home Loan,Branch,2025-04-23,4873000.0,84,8.47,37,Delinquent,4069963.0
L205560,C101320,Business Loan,Partner,2023-08-24,1535000.0,24,13.41,7,Delinquent,235843.0
L205561,C101006,Home Loan,Digital,2023-04-15,5917000.0,48,8.69,0,Current,1403858.0
L205562,C100827,Personal Loan,Partner,2023-03-15,459000.0,48,16.31,8,Delinquent,69896.0
L205563,C102356,Home Loan,Partner,2025-08-09,4136000.0,120,9.83,73,Delinquent,3422085.0
L205564,C100356,Business Loan,Digital,2026-02-17,500000.0,60,15.21,15,Delinquent,497389.0
L205565,C100656,Home Loan,DSA,2024-05-15,2056000.0,48,10.9,52,Delinquent,941389.0
L205566,C103770,Auto Loan,Partner,2023-07-13,351000.0,36,12.22,173,NPL,28689.0
L205567,C102445,Personal Loan,Branch,2025-09-16,283000.0,120,19.6,2,Delinquent,244840.0
L205568,C102641,Personal Loan,Branch,2023-01-02,54000.0,36,20.2,7,Delinquent,7553.0
L205569,C101624,Education Loan,Digital,2024-01-19,941000.0,84,11.46,32,Delinquent,616941.0
L205570,C102781,Personal Loan,Digital,2026-02-22,544000.0,48,15.22,15,Delinquent,398983.0
L205571,C101715,Personal Loan,DSA,2024-04-14,599000.0,24,21.58,9,Delinquent,47920.0
L205572,C100227,Personal Loan,Branch,2025-06-29,156000.0,120,16.75,15,Delinquent,139462.0
L205573,C102842,Home Loan,DSA,2024-03-08,5944000.0,12,9.27,0,Current,1297667.0
L205574,C100406,Auto Loan,Digital,2023-11-17,350000.0,84,12.89,2,Delinquent,236372.0
L205575,C103445,Auto Loan,Digital,2024-01-18,1785000.0,84,14.07,4,Delinquent,1040285.0
L205576,C104574,Business Loan,DSA,2025-11-20,359000.0,120,14.84,48,Delinquent,344153.0
L205577,C103338,Personal Loan,Partner,2024-06-22,844000.0,120,20.21,15,Delinquent,687451.0
L205578,C102884,Personal Loan,Branch,2025-11-11,327000.0,84,19.66,14,Delinquent,296599.0
L205579,C104822,Education Loan,Digital,2026-04-04,189000.0,12,11.22,33,Delinquent,138058.0
L205580,C101097,Home Loan,DSA,2025-06-08,5172000.0,48,9.81,7,Delinquent,3469968.0
L205581,C103870,Business Loan,Digital,2023-12-23,991000.0,84,11.87,53,Delinquent,635586.0
L205582,C101038,Auto Loan,Branch,2024-12-11,714000.0,60,13.93,13,Delinquent,546402.0
L205583,C100003,Personal Loan,Partner,2024-03-21,796000.0,48,16.11,8,Delinquent,305805.0
L205584,C101205,Education Loan,Branch,2024-12-02,1035000.0,48,11.9,14,Delinquent,574496.0
L205585,C102513,Personal Loan,Branch,2025-04-26,752000.0,24,14.07,13,Delinquent,298146.0
L205586,C100319,Auto Loan,Partner,2026-03-08,169000.0,120,14.8,3,Delinquent,165324.0
L205587,C101394,Personal Loan,Digital,2025-07-28,600000.0,24,18.08,8,Delinquent,237975.0
L205588,C100249,Auto Loan,Digital,2024-07-12,872000.0,84,14.67,6,Delinquent,658340.0
L205589,C101217,Auto Loan,Digital,2025-11-07,1336000.0,12,11.08,0,Current,264160.0
L205590,C103600,Personal Loan,Branch,2025-08-28,108000.0,48,14.48,11,Delinquent,87145.0
L205591,C100761,Education Loan,Branch,2023-12-14,946000.0,120,12.39,69,Delinquent,687921.0
L205592,C101319,Personal Loan,Partner,2023-05-15,312000.0,60,13.09,3,Delinquent,108098.0
L205593,C100679,Home Loan,Branch,2024-05-17,2781000.0,84,8.74,2,Delinquent,1903115.0
L205594,C101923,Personal Loan,Branch,2025-04-20,357000.0,120,11.62,47,Delinquent,295235.0
L205595,C103806,Auto Loan,DSA,2023-10-20,734000.0,60,10.24,14,Delinquent,364572.0
L205596,C102687,Home Loan,Partner,2026-04-02,2794000.0,24,8.28,3,Delinquent,2341061.0
L205597,C101001,Auto Loan,DSA,2026-03-10,484000.0,60,12.79,13,Delinquent,437482.0
L205598,C101601,Auto Loan,Branch,2023-01-12,1711000.0,120,12.86,8,Delinquent,1237812.0
L205599,C103351,Business Loan,Branch,2024-04-24,1599000.0,60,11.05,7,Delinquent,856570.0
L205600,C102394,Education Loan,Partner,2023-11-06,996000.0,36,9.4,11,Delinquent,107113.0
L205601,C102300,Business Loan,DSA,2025-11-09,783000.0,24,13.46,7,Delinquent,527941.0
L205602,C104326,Personal Loan,DSA,2025-07-30,580000.0,36,17.54,15,Delinquent,366439.0
L205603,C104096,Auto Loan,Digital,2025-03-16,1359000.0,84,12.89,7,Delinquent,1202643.0
L205604,C101221,Personal Loan,DSA,2025-05-30,90000.0,24,20.24,118,NPL,35106.0
L205605,C103522,Personal Loan,Partner,2025-08-15,774000.0,24,20.37,176,NPL,376122.0
L205606,C103957,Home Loan,Digital,2025-05-31,5287000.0,36,9.1,0,Current,2991532.0
L205607,C104500,Home Loan,Branch,2025-03-13,1689000.0,24,9.78,5,Delinquent,503675.0
L205608,C101320,Home Loan,Branch,2026-03-24,4597000.0,48,11.25,5,Delinquent,4093708.0
L205609,C103640,Home Loan,DSA,2024-10-20,1776000.0,60,10.46,5,Delinquent,1119325.0
L205610,C100935,Auto Loan,Branch,2023-04-26,1631000.0,24,11.56,82,Delinquent,131831.0
L205611,C102223,Education Loan,Branch,2024-05-25,1005000.0,84,10.21,11,Delinquent,703533.0
L205612,C100364,Personal Loan,Digital,2025-03-21,227000.0,24,17.92,34,Delinquent,76800.0
L205613,C103020,Personal Loan,DSA,2025-11-15,112000.0,84,13.82,2,Delinquent,105853.0
L205614,C103422,Personal Loan,Digital,2025-02-08,422000.0,36,14.13,166,NPL,199131.0
L205615,C102234,Personal Loan,Partner,2023-12-03,509000.0,60,16.28,1,Delinquent,243554.0
L205616,C102059,Education Loan,Branch,2023-09-04,868000.0,12,9.79,6,Delinquent,172908.0
L205617,C101211,Personal Loan,Digital,2025-10-04,518000.0,24,12.96,54,Delinquent,311405.0
L205618,C103853,Personal Loan,Digital,2023-09-13,653000.0,60,11.21,52,Delinquent,250016.0
L205619,C104552,Home Loan,Digital,2023-02-02,5690000.0,12,11.13,14,Delinquent,1084718.0
L205620,C100664,Personal Loan,Digital,2025-02-19,251000.0,24,15.5,35,Delinquent,83962.0
L205621,C101380,Auto Loan,Digital,2024-09-16,1383000.0,84,11.37,4,Delinquent,1017559.0
L205622,C103017,Education Loan,DSA,2025-02-24,581000.0,120,10.54,12,Delinquent,507284.0
L205623,C101829,Auto Loan,DSA,2024-07-07,483000.0,84,11.85,111,NPL,312867.0
L205624,C100065,Home Loan,Partner,2024-12-21,5512000.0,36,10.29,14,Delinquent,2382254.0
L205625,C100105,Auto Loan,Partner,2024-02-25,340000.0,60,10.55,27,Delinquent,188495.0
L205626,C101170,Business Loan,Digital,2024-07-08,1140000.0,48,16.43,9,Delinquent,544371.0
L205627,C104839,Personal Loan,DSA,2023-07-22,249000.0,12,11.69,74,Delinquent,26410.0
L205628,C103049,Auto Loan,Digital,2025-04-04,474000.0,120,10.72,1,Delinquent,443461.0
L205629,C101277,Auto Loan,Digital,2024-12-11,539000.0,84,11.83,9,Delinquent,439428.0
L205630,C100281,Auto Loan,Branch,2024-01-22,1702000.0,12,11.42,30,Delinquent,231144.0
L205631,C103781,Personal Loan,Digital,2024-11-16,631000.0,12,13.4,14,Delinquent,176371.0
L205632,C101887,Auto Loan,Partner,2023-10-10,680000.0,60,14.23,9,Delinquent,276015.0
L205633,C101969,Business Loan,DSA,2025-05-31,1471000.0,36,14.56,4,Delinquent,772118.0
L205634,C102809,Auto Loan,Branch,2024-12-15,1668000.0,48,14.82,15,Delinquent,967410.0
L205635,C101143,Personal Loan,Digital,2025-02-23,206000.0,48,19.12,9,Delinquent,115247.0
L205636,C103638,Personal Loan,Digital,2025-01-10,751000.0,60,17.5,1,Delinquent,533214.0
L205637,C101569,Auto Loan,DSA,2025-10-05,443000.0,84,12.48,6,Delinquent,421708.0
L205638,C103529,Auto Loan,Branch,2025-09-01,1450000.0,120,9.71,15,Delinquent,1258759.0
L205639,C102587,Education Loan,Digital,2023-11-25,115000.0,24,11.7,0,Current,14866.0
L205640,C100741,Home Loan,DSA,2024-05-14,2131000.0,12,9.17,12,Delinquent,265756.0
L205641,C103118,Personal Loan,Digital,2024-10-16,826000.0,36,12.82,5,Delinquent,311061.0
L205642,C100376,Business Loan,Branch,2025-07-05,2787000.0,60,17.62,5,Delinquent,2162671.0
L205643,C103576,Business Loan,DSA,2023-02-17,2081000.0,36,14.41,15,Delinquent,242432.0
L205644,C101882,Home Loan,DSA,2026-01-06,3741000.0,60,9.62,1,Delinquent,3427672.0
L205645,C103353,Business Loan,Digital,2024-01-14,1067000.0,24,11.84,48,Delinquent,103111.0
L205646,C101205,Personal Loan,Branch,2024-05-25,169000.0,48,12.3,8,Delinquent,77588.0
L205647,C102036,Personal Loan,Digital,2023-11-13,615000.0,12,18.98,37,Delinquent,117907.0
L205648,C101529,Personal Loan,Digital,2024-10-13,250000.0,24,18.13,3,Delinquent,25233.0
L205649,C101255,Personal Loan,Branch,2023-11-23,308000.0,120,15.28,120,NPL,199536.0
L205650,C101713,Auto Loan,Digital,2025-12-28,448000.0,24,12.92,31,Delinquent,285519.0
L205651,C100269,Personal Loan,Digital,2024-01-17,868000.0,36,21.69,19,Delinquent,112506.0
L205652,C101986,Business Loan,DSA,2023-12-27,902000.0,36,14.74,2,Delinquent,78660.0
L205653,C100616,Personal Loan,Partner,2023-01-24,658000.0,60,21.71,61,Delinquent,237826.0
L205654,C102594,Auto Loan,DSA,2025-05-17,189000.0,60,13.47,13,Delinquent,142455.0
L205655,C100454,Home Loan,Branch,2026-01-04,3167000.0,48,10.98,13,Delinquent,2596460.0
L205656,C100047,Personal Loan,Branch,2024-11-23,238000.0,48,13.19,87,Delinquent,126990.0
L205657,C102196,Auto Loan,Branch,2025-12-26,1263000.0,84,13.69,1,Delinquent,1206019.0
L205658,C101491,Education Loan,Digital,2024-05-11,882000.0,12,12.89,161,NPL,180345.0
L205659,C104385,Education Loan,Digital,2025-04-11,1004000.0,24,12.97,12,Delinquent,316500.0
L205660,C101322,Personal Loan,Partner,2025-11-03,571000.0,12,14.85,35,Delinquent,147313.0
L205661,C101997,Home Loan,Digital,2025-06-06,5699000.0,36,11.13,109,NPL,3620379.0
L205662,C101182,Personal Loan,Branch,2023-07-08,536000.0,36,20.34,42,Delinquent,92691.0
L205663,C104448,Home Loan,Digital,2026-03-10,3187000.0,12,10.48,3,Delinquent,2019676.0
L205664,C103944,Personal Loan,Digital,2023-02-12,136000.0,12,11.48,15,Delinquent,27615.0
L205665,C100860,Education Loan,Branch,2023-05-21,818000.0,48,11.35,14,Delinquent,180336.0
L205666,C101257,Auto Loan,Digital,2023-09-06,1139000.0,12,10.64,15,Delinquent,142715.0
L205667,C100933,Personal Loan,Branch,2025-05-14,667000.0,84,19.75,16,Delinquent,539097.0
L205668,C100755,Education Loan,Branch,2025-11-17,286000.0,60,11.75,4,Delinquent,223765.0
L205669,C101204,Auto Loan,Digital,2024-10-09,938000.0,60,10.8,13,Delinquent,602506.0
L205670,C104260,Personal Loan,DSA,2024-02-17,632000.0,48,19.09,45,Delinquent,242538.0
L205671,C102295,Business Loan,Partner,2024-07-05,2218000.0,120,17.49,14,Delinquent,1698944.0
L205672,C101915,Auto Loan,Branch,2025-03-31,1219000.0,60,12.77,30,Delinquent,906685.0
L205673,C100955,Home Loan,Digital,2023-09-18,5732000.0,120,11.05,37,Delinquent,3939135.0
L205674,C100921,Personal Loan,DSA,2023-10-05,328000.0,36,17.86,44,Delinquent,35545.0
L205675,C102777,Personal Loan,Partner,2023-12-18,873000.0,48,17.92,36,Delinquent,346683.0
L205676,C103757,Personal Loan,DSA,2024-08-12,641000.0,12,16.3,80,Delinquent,78702.0
L205677,C102790,Business Loan,Digital,2025-06-01,1210000.0,48,11.39,45,Delinquent,846589.0
L205678,C103286,Personal Loan,Partner,2024-09-19,702000.0,12,14.14,166,NPL,128749.0
L205679,C101308,Home Loan,DSA,2023-04-25,3188000.0,36,8.75,7,Delinquent,316600.0
L205680,C104727,Education Loan,Branch,2023-10-22,741000.0,12,12.44,2,Delinquent,117999.0
L205681,C104113,Education Loan,Branch,2023-02-23,236000.0,24,10.28,32,Delinquent,24557.0
L205682,C104389,Business Loan,Partner,2024-04-09,1455000.0,120,17.83,34,Delinquent,1157929.0
L205683,C103338,Business Loan,Partner,2024-08-30,2084000.0,84,13.32,73,Delinquent,1730073.0
L205684,C103472,Education Loan,Digital,2023-11-11,223000.0,120,8.62,10,Delinquent,172387.0
L205685,C100355,Business Loan,Digital,2023-02-23,1608000.0,120,12.6,8,Delinquent,1148595.0
L205686,C100805,Home Loan,Branch,2023-05-01,4764000.0,24,8.79,48,Delinquent,845308.0
L205687,C100663,Personal Loan,DSA,2025-04-08,80000.0,24,17.71,57,Delinquent,33622.0
L205688,C102416,Personal Loan,Digital,2024-06-01,86000.0,120,12.11,28,Delinquent,58400.0
L205689,C102940,Home Loan,Branch,2026-03-09,5877000.0,84,8.86,33,Delinquent,5636047.0
L205690,C100594,Personal Loan,Digital,2024-11-07,573000.0,24,21.88,3,Delinquent,113834.0
L205691,C103758,Personal Loan,Digital,2024-01-02,661000.0,36,13.96,25,Delinquent,90355.0
L205692,C102747,Personal Loan,Partner,2023-04-19,531000.0,60,18.78,0,Current,194508.0
L205693,C102978,Auto Loan,Partner,2025-06-02,830000.0,48,10.37,12,Delinquent,562287.0
L205694,C104584,Personal Loan,Branch,2024-03-05,635000.0,36,14.75,10,Delinquent,163432.0
L205695,C102924,Personal Loan,Branch,2024-12-16,755000.0,36,20.66,5,Delinquent,340907.0
L205696,C100020,Auto Loan,Branch,2024-07-09,1245000.0,60,13.22,15,Delinquent,709688.0
L205697,C103844,Personal Loan,Branch,2023-04-09,748000.0,120,19.99,176,NPL,471550.0
L205698,C104381,Home Loan,Digital,2026-01-24,1454000.0,84,10.39,5,Delinquent,1351958.0
L205699,C100418,Personal Loan,Digital,2023-05-23,139000.0,84,15.56,2,Delinquent,85322.0
L205700,C102697,Auto Loan,Branch,2025-01-02,471000.0,120,12.01,7,Delinquent,423391.0
L205701,C102349,Business Loan,Partner,2023-06-22,559000.0,12,12.9,0,Current,61020.0
L205702,C100757,Personal Loan,DSA,2026-02-04,507000.0,120,16.11,2,Delinquent,485326.0
L205703,C101381,Business Loan,Branch,2023-12-07,2339000.0,36,15.2,1,Delinquent,409597.0
L205704,C104280,Business Loan,DSA,2024-09-21,1374000.0,24,14.69,90,NPL,193903.0
L205705,C101959,Education Loan,Branch,2023-04-04,360000.0,120,11.57,20,Delinquent,242560.0
L205706,C102685,Business Loan,Digital,2025-08-21,646000.0,84,12.46,5,Delinquent,597101.0
L205707,C103886,Auto Loan,Digital,2023-09-27,1522000.0,12,14.5,132,NPL,222126.0
L205708,C102241,Personal Loan,Branch,2023-04-26,429000.0,36,15.48,0,Current,74813.0
L205709,C104457,Personal Loan,Digital,2023-12-06,297000.0,60,20.63,2,Delinquent,153593.0
L205710,C102499,Personal Loan,Partner,2024-11-08,335000.0,24,16.13,1,Delinquent,63236.0
L205711,C104929,Home Loan,DSA,2024-01-28,4106000.0,24,8.23,4,Delinquent,655087.0
L205712,C100737,Education Loan,Digital,2024-02-28,791000.0,36,10.11,9,Delinquent,200826.0
L205713,C104441,Personal Loan,DSA,2023-04-01,430000.0,36,14.4,6,Delinquent,49652.0
L205714,C100564,Home Loan,DSA,2025-05-24,2776000.0,36,8.32,126,NPL,1436283.0
L205715,C104066,Education Loan,Partner,2024-02-16,1127000.0,84,9.27,8,Delinquent,746789.0
L205716,C103308,Personal Loan,Branch,2025-11-19,778000.0,48,13.27,114,NPL,715650.0
L205717,C102798,Personal Loan,Branch,2024-04-26,316000.0,48,12.62,4,Delinquent,169489.0
L205718,C104403,Personal Loan,DSA,2025-05-04,880000.0,60,18.47,10,Delinquent,620975.0
L205719,C103204,Personal Loan,Partner,2024-01-13,637000.0,120,15.87,165,NPL,455841.0
L205720,C103473,Home Loan,Digital,2023-04-16,5341000.0,36,8.34,21,Delinquent,427280.0
L205721,C103772,Home Loan,Partner,2025-02-06,4693000.0,48,9.95,2,Delinquent,2968841.0
L205722,C104204,Auto Loan,Digital,2025-01-15,1085000.0,84,13.55,13,Delinquent,882852.0
L205723,C101161,Personal Loan,Branch,2026-03-19,414000.0,24,14.12,4,Delinquent,317383.0
L205724,C104224,Auto Loan,Partner,2025-06-11,449000.0,12,9.59,17,Delinquent,58532.0
L205725,C102946,Personal Loan,DSA,2025-01-26,344000.0,60,16.28,11,Delinquent,262361.0
L205726,C100161,Home Loan,Digital,2023-02-05,3585000.0,120,11.39,6,Delinquent,2673737.0
L205727,C104593,Personal Loan,DSA,2025-09-18,347000.0,60,18.97,164,NPL,301222.0
L205728,C103855,Business Loan,Digital,2023-07-23,1194000.0,84,15.93,1,Delinquent,640589.0
L205729,C104458,Auto Loan,Digital,2025-05-27,1519000.0,24,10.09,14,Delinquent,746093.0
L205730,C103861,Personal Loan,Digital,2025-03-27,738000.0,36,16.09,5,Delinquent,422736.0
L205731,C101728,Auto Loan,Digital,2025-08-23,1543000.0,36,10.74,0,Current,1026353.0
L205732,C101750,Home Loan,Digital,2024-01-13,1376000.0,60,8.23,12,Delinquent,624632.0
L205733,C101383,Business Loan,Branch,2024-08-19,1552000.0,24,10.83,116,NPL,124160.0
L205734,C102050,Education Loan,Branch,2023-03-16,893000.0,48,11.73,14,Delinquent,212301.0
L205735,C100174,Personal Loan,Branch,2024-03-03,263000.0,12,20.93,1,Delinquent,73868.0
L205736,C103728,Home Loan,Digital,2025-12-03,1579000.0,12,9.3,6,Delinquent,521599.0
L205737,C103762,Personal Loan,Digital,2023-08-30,162000.0,36,11.46,15,Delinquent,29647.0
L205738,C104933,Business Loan,Digital,2026-02-16,1745000.0,120,15.13,13,Delinquent,1661099.0
L205739,C102753,Personal Loan,Digital,2023-03-03,281000.0,12,14.5,14,Delinquent,45389.0
L205740,C104940,Auto Loan,Branch,2024-03-24,1146000.0,36,11.65,12,Delinquent,172682.0
L205741,C101050,Business Loan,DSA,2024-03-29,668000.0,48,17.91,14,Delinquent,287230.0
L205742,C102370,Home Loan,DSA,2026-04-06,4610000.0,84,8.46,2,Delinquent,4610000.0
L205743,C103913,Business Loan,DSA,2024-10-13,1662000.0,12,16.62,147,NPL,248160.0
L205744,C103948,Personal Loan,Branch,2025-10-24,552000.0,84,18.14,3,Delinquent,481823.0
L205745,C103869,Business Loan,Digital,2025-10-16,2603000.0,84,12.16,107,NPL,2450393.0
L205746,C102331,Business Loan,Digital,2024-10-29,2375000.0,84,12.11,11,Delinquent,1693225.0
L205747,C100366,Home Loan,DSA,2025-05-17,3008000.0,60,11.17,3,Delinquent,2230195.0
L205748,C104330,Personal Loan,Branch,2025-06-15,211000.0,12,12.28,26,Delinquent,28165.0
L205749,C101908,Home Loan,DSA,2024-08-27,3583000.0,12,8.35,14,Delinquent,451283.0
L205750,C103249,Auto Loan,Partner,2026-01-28,655000.0,84,10.33,8,Delinquent,578897.0
L205751,C100667,Personal Loan,Partner,2024-05-31,521000.0,84,11.8,14,Delinquent,378892.0
L205752,C104684,Education Loan,Partner,2025-05-22,269000.0,48,12.4,4,Delinquent,208055.0
L205753,C101284,Business Loan,Branch,2024-02-27,1666000.0,36,17.01,59,Delinquent,371156.0
L205754,C104987,Education Loan,Digital,2024-02-09,935000.0,120,12.14,3,Delinquent,797717.0
L205755,C103578,Personal Loan,Branch,2024-03-08,266000.0,84,13.18,3,Delinquent,185099.0
L205756,C101651,Home Loan,Digital,2023-08-20,4339000.0,36,8.81,7,Delinquent,674251.0
L205757,C101848,Personal Loan,DSA,2025-08-29,351000.0,24,14.77,127,NPL,183410.0
L205758,C104897,Personal Loan,DSA,2024-06-02,85000.0,60,20.93,13,Delinquent,48328.0
L205759,C102970,Personal Loan,Partner,2025-03-16,304000.0,120,14.97,125,NPL,276689.0
L205760,C103463,Personal Loan,Partner,2023-08-13,183000.0,36,18.98,21,Delinquent,30409.0
L205761,C103064,Auto Loan,Branch,2025-04-02,1417000.0,24,14.7,12,Delinquent,548861.0
L205762,C101191,Personal Loan,Partner,2023-01-26,475000.0,84,17.13,15,Delinquent,215676.0
L205763,C100663,Personal Loan,Partner,2025-02-16,458000.0,12,19.19,157,NPL,63713.0
L205764,C100016,Home Loan,DSA,2024-07-01,2932000.0,120,8.69,14,Delinquent,2382469.0
L205765,C102025,Auto Loan,Branch,2023-05-25,817000.0,36,11.93,2,Delinquent,86408.0
L205766,C103420,Business Loan,Branch,2024-01-31,2754000.0,36,14.12,8,Delinquent,492471.0
L205767,C101508,Auto Loan,Digital,2023-02-19,1552000.0,120,9.56,15,Delinquent,841574.0
L205768,C101112,Personal Loan,Branch,2023-04-25,583000.0,36,12.74,7,Delinquent,108845.0
L205769,C101944,Auto Loan,Branch,2025-09-02,647000.0,24,11.97,25,Delinquent,332156.0
L205770,C101157,Auto Loan,Branch,2025-11-11,711000.0,84,9.1,6,Delinquent,628968.0
L205771,C102175,Personal Loan,Digital,2025-09-18,161000.0,60,16.9,147,NPL,127377.0
L205772,C102761,Personal Loan,Digital,2023-05-28,481000.0,48,15.3,1,Delinquent,93584.0
L205773,C101362,Education Loan,Branch,2024-12-02,851000.0,12,9.84,50,Delinquent,91471.0
L205774,C100155,Personal Loan,Partner,2025-01-26,427000.0,24,19.4,2,Delinquent,81084.0
L205775,C100510,Personal Loan,Branch,2024-02-19,310000.0,60,12.46,59,Delinquent,161754.0
L205776,C102082,Personal Loan,Digital,2024-11-14,634000.0,120,21.32,13,Delinquent,439157.0
L205777,C100887,Business Loan,Digital,2023-11-22,2530000.0,12,15.72,13,Delinquent,326627.0
L205778,C103997,Home Loan,Digital,2026-03-20,2199000.0,12,8.75,133,NPL,1457743.0
L205779,C100825,Education Loan,Branch,2023-10-24,702000.0,12,12.81,9,Delinquent,81464.0
L205780,C100137,Business Loan,DSA,2023-11-01,2963000.0,120,15.03,9,Delinquent,2283567.0
L205781,C103097,Business Loan,Branch,2025-07-09,1268000.0,48,12.26,48,Delinquent,840432.0
L205782,C103120,Personal Loan,Branch,2023-10-10,99000.0,12,11.57,2,Delinquent,9138.0
L205783,C103360,Personal Loan,Digital,2025-12-17,731000.0,60,19.47,179,NPL,574347.0
L205784,C100792,Business Loan,Branch,2025-01-22,2362000.0,60,12.96,12,Delinquent,1440366.0
L205785,C103404,Education Loan,Partner,2025-12-20,1168000.0,24,8.81,11,Delinquent,745321.0
L205786,C104315,Business Loan,Digital,2024-10-31,1870000.0,36,16.27,13,Delinquent,818655.0
L205787,C103024,Education Loan,Branch,2026-03-02,304000.0,36,12.89,44,Delinquent,242928.0
L205788,C101954,Auto Loan,DSA,2025-09-01,229000.0,60,13.19,10,Delinquent,182311.0
L205789,C102408,Home Loan,DSA,2025-08-25,4968000.0,48,8.16,2,Delinquent,3432279.0
L205790,C104061,Home Loan,Digital,2023-07-27,5750000.0,60,8.5,3,Delinquent,2302929.0
L205791,C100716,Home Loan,Partner,2025-08-20,5730000.0,60,11.39,13,Delinquent,4368048.0
L205792,C103620,Personal Loan,Digital,2023-12-27,621000.0,36,17.32,5,Delinquent,128742.0
L205793,C101349,Personal Loan,Branch,2025-09-25,125000.0,12,14.96,3,Delinquent,20266.0
L205794,C104390,Personal Loan,DSA,2023-01-07,658000.0,36,16.76,11,Delinquent,52640.0
L205795,C100700,Personal Loan,Partner,2023-03-14,729000.0,48,14.93,4,Delinquent,58320.0
L205796,C102585,Personal Loan,Branch,2025-05-15,572000.0,84,21.2,2,Delinquent,468048.0
L205797,C102003,Auto Loan,Branch,2023-03-20,999000.0,84,9.68,15,Delinquent,457461.0
L205798,C102431,Auto Loan,Digital,2024-01-26,505000.0,12,11.31,49,Delinquent,80602.0
L205799,C101912,Auto Loan,DSA,2024-07-10,371000.0,120,13.54,175,NPL,297858.0
L205800,C100188,Business Loan,Branch,2023-10-11,766000.0,36,12.54,11,Delinquent,133958.0
L205801,C104290,Home Loan,Partner,2025-06-05,3253000.0,84,10.49,15,Delinquent,2846532.0
L205802,C102670,Home Loan,Branch,2024-12-26,2861000.0,24,9.6,53,Delinquent,477983.0
L205803,C103002,Home Loan,DSA,2025-02-24,4531000.0,120,9.44,1,Delinquent,4106797.0
L205804,C102610,Personal Loan,Partner,2023-10-30,488000.0,48,14.01,18,Delinquent,112439.0
L205805,C102644,Auto Loan,Branch,2023-01-27,1465000.0,60,14.11,29,Delinquent,474638.0
L205806,C103032,Business Loan,Digital,2023-03-10,2547000.0,24,17.15,1,Delinquent,341126.0
L205807,C102098,Personal Loan,Branch,2023-10-28,77000.0,120,19.43,19,Delinquent,60367.0
L205808,C100656,Business Loan,Digital,2023-10-11,2904000.0,60,10.51,8,Delinquent,1492854.0
L205809,C100147,Personal Loan,Digital,2025-01-06,366000.0,24,20.17,12,Delinquent,96484.0
L205810,C102700,Home Loan,DSA,2025-10-16,1952000.0,84,10.49,54,Delinquent,1841433.0
L205811,C100931,Business Loan,Digital,2023-12-06,2612000.0,24,13.91,32,Delinquent,392116.0
L205812,C102271,Auto Loan,Digital,2024-12-15,390000.0,36,11.87,126,NPL,120515.0
L205813,C103026,Auto Loan,Branch,2026-01-06,1453000.0,24,12.94,0,Current,1125274.0
L205814,C102980,Auto Loan,Branch,2024-07-19,501000.0,48,11.37,129,NPL,245462.0
L205815,C100843,Personal Loan,Digital,2023-09-04,825000.0,84,18.67,3,Delinquent,514441.0
L205816,C103303,Auto Loan,Partner,2024-08-12,960000.0,48,12.68,5,Delinquent,468199.0
L205817,C104705,Auto Loan,DSA,2023-03-18,1475000.0,60,13.84,21,Delinquent,510311.0
L205818,C101808,Personal Loan,Digital,2026-04-11,562000.0,24,17.61,9,Delinquent,509378.0
L205819,C100593,Personal Loan,Partner,2025-12-31,383000.0,84,18.28,8,Delinquent,337323.0
L205820,C102521,Education Loan,Branch,2023-02-07,739000.0,84,10.83,6,Delinquent,387630.0
L205821,C103085,Personal Loan,Partner,2023-11-15,580000.0,120,21.13,1,Delinquent,420648.0
L205822,C101976,Business Loan,Branch,2023-07-13,2941000.0,36,14.05,21,Delinquent,497733.0
L205823,C102997,Personal Loan,Branch,2025-11-16,430000.0,24,15.71,169,NPL,282202.0
L205824,C103828,Home Loan,Partner,2025-11-04,3412000.0,60,10.92,86,Delinquent,3112294.0
L205825,C102891,Auto Loan,Digital,2024-02-15,885000.0,12,12.5,58,Delinquent,104477.0
L205826,C103983,Auto Loan,Partner,2024-10-03,367000.0,120,11.57,2,Delinquent,301577.0
L205827,C100731,Home Loan,DSA,2025-02-16,1331000.0,36,9.35,38,Delinquent,683737.0
L205828,C101465,Personal Loan,Branch,2026-04-09,831000.0,60,17.64,1,Delinquent,790177.0
L205829,C102777,Home Loan,Branch,2025-09-13,1276000.0,24,10.01,55,Delinquent,625923.0
L205830,C101298,Auto Loan,Digital,2025-03-31,1275000.0,36,14.05,8,Delinquent,724552.0
L205831,C104973,Home Loan,Digital,2024-06-29,2129000.0,48,10.51,36,Delinquent,1131097.0
L205832,C103392,Auto Loan,Digital,2025-05-18,1075000.0,48,10.97,5,Delinquent,724900.0
L205833,C102060,Personal Loan,Branch,2025-02-11,136000.0,60,17.95,11,Delinquent,86169.0
L205834,C103871,Personal Loan,Branch,2024-11-26,74000.0,120,18.13,146,NPL,63985.0
L205835,C104917,Personal Loan,Digital,2023-09-12,330000.0,84,20.29,149,NPL,180565.0
L205836,C100055,Personal Loan,Branch,2023-01-21,720000.0,60,15.19,9,Delinquent,153231.0
L205837,C102785,Business Loan,Digital,2024-09-13,1618000.0,12,15.35,8,Delinquent,243873.0
L205838,C102138,Education Loan,Branch,2025-12-25,300000.0,48,11.73,109,NPL,234806.0
L205839,C103776,Personal Loan,Partner,2026-04-08,195000.0,12,19.7,2,Delinquent,119202.0
L205840,C101539,Personal Loan,Digital,2024-09-19,518000.0,36,21.13,3,Delinquent,212892.0
L205841,C101628,Education Loan,Branch,2026-03-06,625000.0,120,12.44,7,Delinquent,599781.0
L205842,C103833,Personal Loan,DSA,2023-01-11,585000.0,84,14.2,8,Delinquent,245583.0
L205843,C104454,Home Loan,Digital,2025-09-13,1727000.0,24,9.41,58,Delinquent,908256.0
L205844,C100718,Auto Loan,Digital,2023-09-09,1791000.0,24,14.28,0,Current,491828.0
L205845,C103074,Personal Loan,Branch,2024-03-04,326000.0,24,15.33,9,Delinquent,46855.0
L205846,C103892,Home Loan,Digital,2024-02-25,1947000.0,84,10.2,6,Delinquent,1244121.0
L205847,C100823,Business Loan,Partner,2023-09-27,1187000.0,36,16.79,7,Delinquent,109377.0
L205848,C103308,Auto Loan,Branch,2023-12-10,1635000.0,48,11.95,55,Delinquent,540603.0
L205849,C104899,Auto Loan,Digital,2024-10-17,946000.0,48,9.64,47,Delinquent,457952.0
L205850,C104215,Personal Loan,Branch,2023-02-03,140000.0,12,19.01,3,Delinquent,11200.0
L205851,C100973,Personal Loan,Digital,2023-09-17,133000.0,60,15.81,11,Delinquent,56931.0
L205852,C104952,Business Loan,Digital,2023-12-03,537000.0,84,12.64,5,Delinquent,292500.0
L205853,C101786,Business Loan,Branch,2023-04-15,1040000.0,48,11.82,54,Delinquent,182243.0
L205854,C102383,Business Loan,Branch,2025-12-11,377000.0,60,15.54,164,NPL,361814.0
L205855,C101458,Personal Loan,Digital,2024-06-09,422000.0,84,16.41,1,Delinquent,303356.0
L205856,C103498,Business Loan,Digital,2024-12-07,587000.0,60,11.28,7,Delinquent,345112.0
L205857,C100629,Personal Loan,Partner,2024-11-29,409000.0,36,15.73,10,Delinquent,161145.0
L205858,C103550,Auto Loan,DSA,2024-01-28,515000.0,60,11.64,6,Delinquent,223194.0
L205859,C100277,Auto Loan,Partner,2023-11-20,535000.0,48,10.08,4,Delinquent,166645.0
L205860,C104223,Home Loan,Partner,2023-04-16,3696000.0,120,10.26,5,Delinquent,2540299.0
L205861,C101630,Home Loan,Branch,2025-09-12,4886000.0,120,8.65,5,Delinquent,4089123.0
L205862,C102591,Business Loan,Partner,2025-06-20,2017000.0,48,17.22,29,Delinquent,1450886.0
L205863,C101141,Business Loan,Partner,2025-02-25,2708000.0,120,14.88,4,Delinquent,2470642.0
L205864,C100539,Personal Loan,Digital,2025-05-12,597000.0,84,13.61,0,Current,493245.0
L205865,C100117,Personal Loan,Digital,2025-08-25,502000.0,36,20.47,53,Delinquent,329040.0
L205866,C104897,Auto Loan,Branch,2023-01-03,1669000.0,48,9.35,8,Delinquent,339288.0
L205867,C100682,Personal Loan,Branch,2025-03-16,742000.0,60,19.7,11,Delinquent,581536.0
L205868,C100285,Personal Loan,Branch,2026-04-07,814000.0,84,11.59,4,Delinquent,779356.0
L205869,C102570,Personal Loan,Branch,2025-09-20,166000.0,24,12.11,138,NPL,90984.0
L205870,C104812,Personal Loan,Digital,2023-11-15,54000.0,84,12.89,7,Delinquent,33443.0
L205871,C100415,Home Loan,Digital,2024-12-08,5661000.0,120,9.55,23,Delinquent,5141929.0
L205872,C101277,Education Loan,Branch,2023-11-11,562000.0,120,12.72,8,Delinquent,381899.0
L205873,C102780,Business Loan,Branch,2023-06-05,791000.0,12,17.25,5,Delinquent,134452.0
L205874,C102463,Auto Loan,Branch,2023-12-28,982000.0,60,13.68,46,Delinquent,536837.0
L205875,C100729,Personal Loan,Partner,2024-02-19,65000.0,48,21.87,10,Delinquent,28148.0
L205876,C104754,Auto Loan,DSA,2026-02-28,481000.0,36,9.68,75,Delinquent,360773.0
L205877,C101792,Home Loan,Branch,2024-07-15,4008000.0,60,9.16,11,Delinquent,2363214.0
L205878,C103384,Business Loan,DSA,2025-10-06,1181000.0,120,11.3,22,Delinquent,1126941.0
L205879,C102290,Home Loan,DSA,2026-02-19,4036000.0,12,9.13,169,NPL,2368717.0
L205880,C102928,Auto Loan,DSA,2025-02-03,1437000.0,60,11.83,10,Delinquent,1109732.0
L205881,C104523,Personal Loan,Partner,2024-08-13,319000.0,24,15.54,11,Delinquent,29213.0
L205882,C101630,Business Loan,Digital,2024-08-16,472000.0,60,11.14,5,Delinquent,275432.0
L205883,C104073,Business Loan,Branch,2025-07-31,2521000.0,84,16.87,8,Delinquent,2212877.0
L205884,C101463,Personal Loan,Partner,2024-01-28,120000.0,84,11.37,6,Delinquent,78171.0
L205885,C101585,Education Loan,DSA,2024-06-29,1067000.0,12,10.13,0,Current,261942.0
L205886,C100164,Personal Loan,Branch,2024-02-07,457000.0,48,11.83,52,Delinquent,143621.0
L205887,C101734,Personal Loan,Digital,2023-11-07,527000.0,60,12.35,13,Delinquent,263643.0
L205888,C102932,Business Loan,Digital,2024-01-26,2772000.0,60,11.83,9,Delinquent,1419061.0
L205889,C103200,Auto Loan,Digital,2023-04-29,692000.0,36,12.92,9,Delinquent,93026.0
L205890,C102151,Personal Loan,Digital,2025-11-01,719000.0,120,11.76,13,Delinquent,674127.0
L205891,C101783,Personal Loan,Branch,2025-11-09,845000.0,24,18.5,7,Delinquent,549862.0
L205892,C101122,Personal Loan,Digital,2025-03-28,127000.0,84,17.47,6,Delinquent,90341.0
L205893,C104521,Personal Loan,Branch,2025-06-23,115000.0,24,12.09,0,Current,50868.0
L205894,C101922,Home Loan,Branch,2024-05-03,5693000.0,84,10.16,5,Delinquent,4004510.0
L205895,C101530,Personal Loan,Digital,2024-09-25,668000.0,36,17.52,11,Delinquent,284515.0
L205896,C104705,Home Loan,Digital,2026-04-07,2032000.0,60,10.16,14,Delinquent,1919505.0
L205897,C103184,Auto Loan,Digital,2023-03-09,1149000.0,12,10.14,8,Delinquent,202381.0
L205898,C104243,Auto Loan,Branch,2023-08-01,1584000.0,60,12.97,11,Delinquent,654929.0
L205899,C101944,Education Loan,Digital,2025-09-17,703000.0,60,9.42,35,Delinquent,589866.0
L205900,C102153,Personal Loan,Branch,2023-04-03,297000.0,60,18.21,35,Delinquent,97784.0
L205901,C103648,Personal Loan,Branch,2025-07-21,207000.0,120,14.15,56,Delinquent,188049.0
L205902,C104900,Personal Loan,DSA,2024-03-17,849000.0,120,11.79,6,Delinquent,679499.0
L205903,C103944,Personal Loan,Digital,2025-04-29,261000.0,48,12.1,1,Delinquent,167836.0
L205904,C102311,Home Loan,Digital,2026-03-24,5393000.0,60,8.81,36,Delinquent,4844376.0
L205905,C102990,Personal Loan,Digital,2024-11-20,663000.0,12,15.11,53,Delinquent,90746.0
L205906,C101746,Auto Loan,Branch,2023-01-29,1321000.0,12,14.5,53,Delinquent,177693.0
L205907,C102282,Education Loan,Branch,2024-09-23,1082000.0,36,10.82,9,Delinquent,361026.0
L205908,C101940,Personal Loan,Digital,2023-04-08,490000.0,24,21.4,3,Delinquent,76477.0
L205909,C100498,Personal Loan,DSA,2026-02-04,872000.0,48,18.58,6,Delinquent,775385.0
L205910,C104374,Business Loan,Digital,2024-02-14,611000.0,24,13.85,4,Delinquent,135940.0
L205911,C100685,Business Loan,DSA,2026-02-21,2014000.0,36,13.53,25,Delinquent,1638502.0
L205912,C101339,Personal Loan,Partner,2026-03-30,889000.0,60,11.18,0,Current,816388.0
L205913,C101266,Auto Loan,Branch,2024-01-20,1769000.0,36,9.03,38,Delinquent,451704.0
L205914,C101111,Personal Loan,Partner,2024-02-17,608000.0,24,12.0,3,Delinquent,64292.0
L205915,C102488,Auto Loan,Digital,2025-11-09,1789000.0,48,9.66,2,Delinquent,1508957.0
L205916,C104803,Auto Loan,Digital,2025-03-24,975000.0,120,10.93,22,Delinquent,781728.0
L205917,C101643,Personal Loan,Digital,2024-08-26,373000.0,84,21.95,179,NPL,273402.0
L205918,C103672,Personal Loan,Digital,2025-11-02,368000.0,24,21.17,134,NPL,227000.0
L205919,C103664,Auto Loan,Branch,2023-11-05,269000.0,84,9.11,15,Delinquent,170618.0
L205920,C103819,Auto Loan,Branch,2025-03-15,1379000.0,84,9.79,0,Current,1090692.0
L205921,C103113,Business Loan,Branch,2024-02-21,2042000.0,60,12.64,14,Delinquent,1099162.0
L205922,C103702,Home Loan,Branch,2023-04-18,2613000.0,120,10.69,9,Delinquent,1802285.0
L205923,C103808,Business Loan,Branch,2024-03-01,2214000.0,60,16.59,6,Delinquent,1350872.0
L205924,C103415,Auto Loan,Branch,2023-06-28,1384000.0,120,12.35,2,Delinquent,892639.0
L205925,C102793,Auto Loan,Partner,2026-04-07,1187000.0,12,10.4,3,Delinquent,736555.0
L205926,C100457,Personal Loan,Branch,2023-11-07,53000.0,12,11.68,7,Delinquent,7679.0
L205927,C102541,Personal Loan,Partner,2026-01-23,432000.0,36,19.52,6,Delinquent,368571.0
L205928,C103769,Auto Loan,Digital,2025-08-13,1247000.0,48,14.48,47,Delinquent,990699.0
L205929,C101710,Personal Loan,Branch,2024-03-18,834000.0,48,16.16,2,Delinquent,309425.0
L205930,C101245,Personal Loan,Branch,2025-08-20,763000.0,84,15.25,10,Delinquent,726817.0
L205931,C102972,Personal Loan,Branch,2023-03-02,344000.0,84,21.96,8,Delinquent,172801.0
L205932,C100663,Education Loan,Digital,2023-07-24,672000.0,120,9.27,61,Delinquent,414501.0
L205933,C103596,Auto Loan,Branch,2025-08-19,1219000.0,36,12.66,3,Delinquent,838949.0
L205934,C104916,Business Loan,DSA,2024-03-30,2140000.0,48,11.61,10,Delinquent,868079.0
L205935,C102422,Education Loan,Digital,2023-07-03,492000.0,60,9.53,14,Delinquent,178676.0
L205936,C100140,Auto Loan,Digital,2023-06-17,703000.0,24,10.88,11,Delinquent,113203.0
L205937,C101358,Home Loan,Digital,2025-08-23,1819000.0,48,9.78,13,Delinquent,1411671.0
L205938,C100159,Home Loan,Digital,2024-07-21,3784000.0,36,10.5,36,Delinquent,1031523.0
L205939,C102297,Business Loan,Partner,2024-06-14,2690000.0,36,12.2,17,Delinquent,622213.0
L205940,C101550,Business Loan,Digital,2024-03-13,2410000.0,36,13.99,9,Delinquent,352710.0
L205941,C103867,Business Loan,Branch,2023-04-24,2133000.0,48,11.12,33,Delinquent,584004.0
L205942,C104222,Home Loan,Partner,2026-04-05,4044000.0,84,9.91,7,Delinquent,3809663.0
L205943,C102175,Business Loan,Partner,2023-09-18,1718000.0,12,12.33,42,Delinquent,357319.0
L205944,C104890,Home Loan,DSA,2024-04-11,3451000.0,120,11.24,46,Delinquent,2848413.0
L205945,C102248,Home Loan,DSA,2025-09-17,2576000.0,24,11.45,1,Delinquent,1390138.0
L205946,C100593,Personal Loan,Digital,2023-03-02,867000.0,48,20.8,3,Delinquent,152507.0
L205947,C104542,Personal Loan,Digital,2024-12-05,648000.0,84,14.48,123,NPL,513431.0
L205948,C101978,Personal Loan,Digital,2024-09-16,628000.0,120,21.21,15,Delinquent,482580.0
L205949,C104428,Auto Loan,Digital,2025-05-14,751000.0,12,14.37,8,Delinquent,84009.0
L205950,C103672,Personal Loan,DSA,2025-12-24,129000.0,60,14.5,180,NPL,117407.0
L205951,C104699,Business Loan,Digital,2023-04-29,1341000.0,48,15.73,142,NPL,232185.0
L205952,C103228,Personal Loan,Digital,2024-03-19,179000.0,48,21.28,4,Delinquent,51849.0
L205953,C102964,Personal Loan,DSA,2024-03-12,80000.0,48,19.21,9,Delinquent,29045.0
L205954,C101167,Home Loan,Branch,2025-09-09,5531000.0,12,8.67,1,Delinquent,601810.0
L205955,C101397,Personal Loan,Digital,2024-06-27,802000.0,12,20.22,18,Delinquent,105158.0
L205956,C101647,Personal Loan,DSA,2024-05-15,316000.0,48,13.76,12,Delinquent,115275.0
L205957,C101549,Personal Loan,Branch,2023-11-22,127000.0,84,21.95,15,Delinquent,78040.0
L205958,C102972,Home Loan,Branch,2024-11-13,3658000.0,36,11.04,4,Delinquent,1587065.0
L205959,C104351,Personal Loan,Branch,2025-01-15,383000.0,84,21.29,5,Delinquent,294881.0
L205960,C100178,Auto Loan,Branch,2024-08-25,1063000.0,12,13.04,6,Delinquent,136907.0
L205961,C103093,Personal Loan,Digital,2025-01-08,626000.0,60,21.56,7,Delinquent,406351.0
L205962,C103792,Personal Loan,DSA,2025-11-14,482000.0,120,12.37,114,NPL,454809.0
L205963,C102217,Personal Loan,Digital,2025-10-31,225000.0,12,20.81,7,Delinquent,37025.0
L205964,C101378,Personal Loan,Digital,2024-11-12,858000.0,12,18.02,15,Delinquent,208065.0
L205965,C102163,Business Loan,Branch,2026-02-11,1125000.0,60,11.4,4,Delinquent,1081944.0
L205966,C104142,Home Loan,DSA,2024-03-30,2959000.0,120,10.77,31,Delinquent,1904499.0
L205967,C104573,Auto Loan,Digital,2023-01-27,1752000.0,60,13.89,36,Delinquent,637926.0
L205968,C103419,Business Loan,DSA,2025-07-09,2084000.0,12,14.68,9,Delinquent,346541.0
L205969,C102429,Personal Loan,Branch,2025-07-11,806000.0,24,18.75,6,Delinquent,385170.0
L205970,C103228,Business Loan,DSA,2023-03-02,1067000.0,24,13.4,8,Delinquent,139697.0
L205971,C103385,Business Loan,Digital,2024-01-31,482000.0,12,16.1,53,Delinquent,88488.0
L205972,C103837,Auto Loan,Partner,2023-11-24,211000.0,60,14.84,7,Delinquent,91329.0
L205973,C100724,Business Loan,Digital,2024-09-23,2900000.0,24,16.89,6,Delinquent,325856.0
L205974,C100376,Personal Loan,Partner,2023-12-10,209000.0,120,15.87,7,Delinquent,148240.0
L205975,C101729,Auto Loan,Digital,2025-06-11,667000.0,24,12.42,10,Delinquent,265474.0
L205976,C101300,Home Loan,Branch,2024-11-13,3921000.0,12,9.38,61,Delinquent,579413.0
L205977,C103074,Auto Loan,DSA,2025-11-07,1384000.0,84,10.24,13,Delinquent,1254300.0
L205978,C102609,Personal Loan,Branch,2025-09-28,804000.0,24,20.09,10,Delinquent,365745.0
L205979,C104593,Personal Loan,DSA,2023-12-26,811000.0,84,14.57,126,NPL,525395.0
L205980,C103886,Education Loan,Branch,2024-10-26,1004000.0,60,9.24,73,Delinquent,636973.0
L205981,C100739,Home Loan,DSA,2025-01-10,2911000.0,84,11.15,48,Delinquent,2356354.0
L205982,C104246,Personal Loan,Digital,2024-07-03,482000.0,120,17.67,3,Delinquent,384808.0
L205983,C103854,Personal Loan,Digital,2026-03-01,797000.0,12,17.33,7,Delinquent,378054.0
L205984,C101911,Auto Loan,DSA,2023-03-20,875000.0,36,10.97,4,Delinquent,139833.0
L205985,C100290,Personal Loan,Digital,2026-01-04,758000.0,12,12.52,15,Delinquent,299568.0
L205986,C103969,Personal Loan,Digital,2026-03-10,125000.0,60,17.12,126,NPL,103218.0
L205987,C100966,Education Loan,Digital,2024-03-15,673000.0,120,11.29,12,Delinquent,488947.0
L205988,C101102,Personal Loan,Digital,2023-12-21,742000.0,36,13.32,14,Delinquent,67900.0
L205989,C102353,Personal Loan,DSA,2023-02-18,501000.0,48,13.24,5,Delinquent,90395.0
L205990,C100413,Auto Loan,Branch,2023-06-05,556000.0,12,10.92,14,Delinquent,121204.0
L205991,C101997,Personal Loan,Branch,2023-10-08,349000.0,12,20.47,176,NPL,57734.0
L205992,C101233,Personal Loan,DSA,2025-09-26,106000.0,12,19.66,59,Delinquent,19447.0
L205993,C100265,Auto Loan,Digital,2025-07-16,1083000.0,36,12.94,1,Delinquent,647429.0
L205994,C104516,Auto Loan,Partner,2025-12-04,1272000.0,60,9.13,68,Delinquent,1142680.0
L205995,C101304,Home Loan,Partner,2024-01-16,1598000.0,12,10.99,81,Delinquent,199822.0
L205996,C102721,Business Loan,Partner,2023-12-25,757000.0,120,14.04,40,Delinquent,490623.0
L205997,C104084,Business Loan,Digital,2025-09-10,2605000.0,60,15.88,15,Delinquent,2113647.0
L205998,C102407,Auto Loan,DSA,2024-10-20,931000.0,24,14.54,140,NPL,152233.0
L205999,C101465,Auto Loan,Branch,2023-03-11,1539000.0,48,11.45,15,Delinquent,317333.0
L206000,C103717,Business Loan,Branch,2025-07-29,1861000.0,60,12.56,135,NPL,1446930.0
L206001,C103461,Personal Loan,DSA,2023-04-26,325000.0,120,19.64,5,Delinquent,199670.0
L206002,C100051,Home Loan,DSA,2023-01-27,5727000.0,84,8.71,4,Delinquent,2914350.0
L206003,C104096,Personal Loan,Branch,2026-01-15,339000.0,84,18.65,6,Delinquent,310787.0
L206004,C100592,Personal Loan,Partner,2026-03-30,851000.0,36,17.26,133,NPL,727564.0
L206005,C103688,Education Loan,Partner,2025-04-29,381000.0,12,9.53,112,NPL,61070.0
L206006,C100499,Personal Loan,Branch,2024-01-24,578000.0,36,15.05,9,Delinquent,116955.0
L206007,C100328,Personal Loan,Branch,2023-07-17,697000.0,120,16.8,8,Delinquent,476814.0
L206008,C100609,Personal Loan,Partner,2024-07-29,756000.0,120,14.24,13,Delinquent,708954.0
L206009,C103704,Auto Loan,Branch,2024-09-14,1063000.0,48,12.64,12,Delinquent,492957.0
L206010,C102268,Business Loan,Branch,2023-03-02,2371000.0,36,11.83,14,Delinquent,371969.0
L206011,C103008,Home Loan,Digital,2025-03-05,1773000.0,60,9.11,20,Delinquent,1311536.0
L206012,C101404,Business Loan,DSA,2023-02-26,1839000.0,24,15.12,11,Delinquent,147120.0
L206013,C100600,Home Loan,DSA,2024-08-13,4465000.0,12,9.91,5,Delinquent,687375.0
L206014,C103929,Business Loan,DSA,2023-05-14,1433000.0,12,11.31,17,Delinquent,114640.0
L206015,C104164,Business Loan,DSA,2023-02-28,941000.0,120,11.91,12,Delinquent,581397.0
L206016,C104196,Personal Loan,DSA,2024-01-21,615000.0,60,18.95,6,Delinquent,275350.0
L206017,C100325,Business Loan,Digital,2024-12-07,1747000.0,84,15.99,7,Delinquent,1259161.0
L206018,C104625,Personal Loan,Branch,2026-01-10,637000.0,48,11.07,13,Delinquent,633154.0
L206019,C102710,Home Loan,Digital,2023-03-09,1561000.0,36,8.83,14,Delinquent,214180.0
L206020,C100981,Personal Loan,Digital,2024-09-10,802000.0,120,18.93,12,Delinquent,673803.0
L206021,C100994,Home Loan,Branch,2025-07-04,4860000.0,120,8.48,2,Delinquent,4084479.0
L206022,C102515,Education Loan,Digital,2024-01-26,640000.0,60,12.03,38,Delinquent,324427.0
L206023,C103018,Business Loan,Branch,2025-08-25,1374000.0,120,14.54,12,Delinquent,1149412.0
L206024,C100244,Auto Loan,Branch,2024-06-25,401000.0,24,11.29,56,Delinquent,103312.0
L206025,C102481,Education Loan,Digital,2023-01-09,283000.0,12,8.61,3,Delinquent,51201.0
L206026,C101200,Personal Loan,Branch,2023-11-15,80000.0,12,21.43,26,Delinquent,13752.0
L206027,C104590,Personal Loan,Branch,2024-05-15,813000.0,36,11.1,3,Delinquent,188652.0
L206028,C103076,Business Loan,DSA,2025-01-18,520000.0,120,12.27,0,Current,445264.0
L206029,C101860,Personal Loan,DSA,2023-06-30,549000.0,12,15.18,44,Delinquent,131560.0
L206030,C102112,Business Loan,Digital,2024-08-31,2197000.0,84,16.38,5,Delinquent,1564924.0
L206031,C104187,Personal Loan,Branch,2025-08-02,78000.0,24,21.44,11,Delinquent,39732.0
L206032,C103454,Personal Loan,Digital,2024-03-30,130000.0,60,19.44,39,Delinquent,60278.0
L206033,C101938,Personal Loan,DSA,2023-08-24,293000.0,84,19.72,48,Delinquent,186801.0
L206034,C104197,Personal Loan,Branch,2025-04-03,758000.0,48,13.53,6,Delinquent,508650.0
L206035,C103109,Personal Loan,Branch,2025-02-01,893000.0,48,13.13,5,Delinquent,574086.0
L206036,C100298,Personal Loan,Digital,2024-04-15,144000.0,12,15.49,9,Delinquent,14548.0
L206037,C103154,Personal Loan,Digital,2025-09-18,598000.0,120,14.34,2,Delinquent,510747.0
L206038,C104694,Business Loan,Branch,2025-08-25,1708000.0,60,15.53,118,NPL,1352599.0
L206039,C104317,Home Loan,Branch,2023-05-04,4765000.0,48,9.14,14,Delinquent,988505.0
L206040,C100213,Personal Loan,Digital,2024-12-19,838000.0,12,19.38,6,Delinquent,144154.0
L206041,C104410,Personal Loan,Digital,2025-01-25,447000.0,12,12.24,9,Delinquent,71420.0
L206042,C104909,Personal Loan,Digital,2023-08-31,344000.0,84,20.81,59,Delinquent,175957.0
L206043,C100814,Personal Loan,Partner,2023-08-08,743000.0,120,16.61,13,Delinquent,474082.0
L206044,C103189,Home Loan,Branch,2023-07-15,5122000.0,120,8.59,72,Delinquent,3552594.0
L206045,C103776,Personal Loan,DSA,2024-01-29,465000.0,48,16.33,8,Delinquent,110702.0
L206046,C100217,Education Loan,Digital,2023-11-04,364000.0,120,9.86,13,Delinquent,247335.0
L206047,C104139,Personal Loan,DSA,2025-04-25,442000.0,60,12.82,6,Delinquent,337484.0
L206048,C101969,Home Loan,DSA,2026-01-06,2935000.0,12,9.88,9,Delinquent,1479725.0
L206049,C101497,Auto Loan,Digital,2024-07-05,389000.0,48,14.15,10,Delinquent,185134.0
L206050,C101292,Personal Loan,Digital,2025-09-15,171000.0,48,21.11,0,Current,140555.0
L206051,C102529,Personal Loan,Digital,2024-09-02,734000.0,60,12.87,18,Delinquent,479269.0
L206052,C103993,Personal Loan,DSA,2026-03-12,831000.0,60,13.09,12,Delinquent,736461.0
L206053,C104108,Auto Loan,Branch,2024-04-08,1683000.0,36,11.17,8,Delinquent,514524.0
L206054,C101128,Business Loan,Digital,2025-06-12,2258000.0,48,17.31,5,Delinquent,1678357.0
L206055,C104135,Personal Loan,DSA,2025-10-10,623000.0,12,19.89,5,Delinquent,119301.0
L206056,C104132,Business Loan,Digital,2026-01-02,1455000.0,60,13.8,3,Delinquent,1386220.0
L206057,C100307,Auto Loan,Branch,2024-04-20,843000.0,48,10.11,26,Delinquent,397580.0
L206058,C101562,Auto Loan,Partner,2024-03-02,304000.0,48,11.25,7,Delinquent,129060.0
L206059,C100076,Personal Loan,Partner,2023-01-18,533000.0,120,11.54,7,Delinquent,301660.0
L206060,C104946,Business Loan,Digital,2025-01-13,2089000.0,12,16.72,8,Delinquent,353713.0
L206061,C102362,Personal Loan,Digital,2024-11-01,217000.0,36,20.43,12,Delinquent,90242.0
L206062,C101353,Personal Loan,Branch,2024-04-14,303000.0,24,15.93,0,Current,45467.0
L206063,C104472,Home Loan,Digital,2023-09-18,3244000.0,48,8.44,13,Delinquent,1004342.0
L206064,C103425,Education Loan,Partner,2025-11-03,835000.0,60,8.97,170,NPL,681577.0
L206065,C104702,Personal Loan,Branch,2026-04-14,837000.0,36,20.82,63,Delinquent,792531.0
L206066,C104001,Personal Loan,Branch,2026-04-11,663000.0,84,17.44,1,Delinquent,629862.0
L206067,C104778,Education Loan,Partner,2024-06-24,496000.0,12,12.5,12,Delinquent,91946.0
L206068,C101083,Business Loan,Digital,2025-06-13,381000.0,12,10.84,6,Delinquent,30480.0
L206069,C101021,Auto Loan,Partner,2025-09-22,651000.0,120,11.41,13,Delinquent,601382.0
L206070,C100379,Home Loan,Branch,2025-07-26,5455000.0,36,9.56,19,Delinquent,3036543.0
L206071,C101715,Home Loan,Branch,2024-03-01,4907000.0,120,11.38,34,Delinquent,4030500.0
L206072,C102757,Education Loan,Partner,2025-11-23,120000.0,24,12.21,1,Delinquent,79643.0
L206073,C102826,Personal Loan,Branch,2025-02-28,264000.0,48,12.72,48,Delinquent,164594.0
L206074,C103386,Business Loan,DSA,2023-04-25,1306000.0,120,11.88,67,Delinquent,904916.0
L206075,C103667,Auto Loan,Branch,2023-07-15,1596000.0,12,14.84,36,Delinquent,231519.0
L206076,C104087,Education Loan,DSA,2024-08-01,960000.0,36,9.02,5,Delinquent,255420.0
L206077,C102600,Auto Loan,Branch,2026-02-03,368000.0,60,9.42,51,Delinquent,327425.0
L206078,C101364,Personal Loan,DSA,2025-05-28,500000.0,48,14.33,1,Delinquent,338916.0
L206079,C102197,Business Loan,Partner,2025-02-13,853000.0,36,13.05,47,Delinquent,395163.0
L206080,C104362,Education Loan,Branch,2024-12-27,1063000.0,84,12.32,28,Delinquent,784742.0
L206081,C104080,Business Loan,Digital,2026-01-08,872000.0,36,14.49,10,Delinquent,693473.0
L206082,C104579,Personal Loan,DSA,2024-10-10,782000.0,12,11.82,12,Delinquent,154737.0
L206083,C102701,Personal Loan,Partner,2024-05-03,837000.0,48,20.28,13,Delinquent,404549.0
L206084,C103896,Business Loan,Digital,2024-04-07,507000.0,24,17.7,24,Delinquent,88568.0
L206085,C102066,Auto Loan,Partner,2024-09-19,1144000.0,12,13.31,10,Delinquent,248549.0
L206086,C100038,Personal Loan,Partner,2023-09-22,900000.0,120,13.89,66,Delinquent,710887.0
L206087,C103720,Personal Loan,DSA,2026-02-24,347000.0,12,12.19,10,Delinquent,238195.0
L206088,C100437,Personal Loan,Digital,2026-01-11,790000.0,60,17.22,1,Delinquent,661434.0
L206089,C103177,Personal Loan,Digital,2024-04-04,688000.0,48,21.21,0,Current,310395.0
L206090,C104989,Personal Loan,DSA,2025-05-30,590000.0,48,13.7,2,Delinquent,437833.0
L206091,C100129,Education Loan,DSA,2025-07-17,399000.0,60,10.04,9,Delinquent,321835.0
L206092,C103670,Auto Loan,Branch,2025-01-06,1685000.0,60,14.82,12,Delinquent,1101967.0
L206093,C104341,Personal Loan,Digital,2023-05-14,537000.0,24,12.78,30,Delinquent,102826.0
L206094,C103134,Auto Loan,DSA,2023-04-13,831000.0,60,9.6,6,Delinquent,351296.0
L206095,C103450,Home Loan,Digital,2025-05-08,2113000.0,24,9.5,14,Delinquent,960870.0
L206096,C104507,Business Loan,Digital,2023-05-15,924000.0,24,11.07,7,Delinquent,208453.0
L206097,C103887,Business Loan,Branch,2025-09-11,2343000.0,120,17.63,5,Delinquent,2147904.0
L206098,C100199,Personal Loan,Branch,2024-06-02,722000.0,120,16.04,11,Delinquent,480177.0
L206099,C103871,Education Loan,Branch,2025-08-22,490000.0,24,12.94,153,NPL,257901.0
L206100,C103787,Personal Loan,Digital,2023-05-31,540000.0,36,18.3,177,NPL,66930.0
L206101,C101141,Auto Loan,Digital,2024-04-16,955000.0,48,9.91,14,Delinquent,510344.0
L206102,C103274,Business Loan,DSA,2023-06-28,830000.0,36,12.39,25,Delinquent,130434.0
L206103,C104210,Business Loan,Branch,2024-08-09,1281000.0,36,16.08,12,Delinquent,408186.0
L206104,C104242,Personal Loan,Branch,2023-04-08,692000.0,12,11.26,13,Delinquent,107361.0
L206105,C104355,Personal Loan,DSA,2023-11-27,206000.0,84,14.01,1,Delinquent,132145.0
L206106,C103890,Personal Loan,Branch,2023-12-19,746000.0,48,13.14,109,NPL,249962.0
L206107,C100611,Personal Loan,Partner,2024-09-03,705000.0,24,19.96,10,Delinquent,106233.0
L206108,C102425,Personal Loan,Digital,2023-01-14,698000.0,60,13.05,64,Delinquent,233856.0
L206109,C101166,Personal Loan,Partner,2024-01-11,397000.0,12,19.38,6,Delinquent,31760.0
L206110,C100355,Auto Loan,DSA,2025-05-28,1759000.0,48,10.14,13,Delinquent,1295329.0
L206111,C101318,Personal Loan,Partner,2024-05-05,483000.0,84,15.28,112,NPL,316615.0
L206112,C104548,Home Loan,Digital,2024-12-20,3726000.0,84,10.9,12,Delinquent,3072050.0
L206113,C102991,Auto Loan,Branch,2025-10-28,1134000.0,60,14.34,59,Delinquent,955176.0
L206114,C103818,Personal Loan,DSA,2024-09-01,390000.0,36,19.07,4,Delinquent,124573.0
L206115,C102515,Auto Loan,Branch,2025-11-19,1308000.0,120,13.8,9,Delinquent,1232872.0
L206116,C101782,Business Loan,Digital,2026-03-30,1818000.0,60,17.53,23,Delinquent,1641004.0
L206117,C102415,Home Loan,Digital,2024-09-25,2238000.0,60,9.55,7,Delinquent,1562795.0
L206118,C104920,Home Loan,DSA,2024-08-01,2751000.0,24,8.78,9,Delinquent,465285.0
L206119,C101435,Auto Loan,DSA,2024-01-15,835000.0,24,14.59,5,Delinquent,83256.0
L206120,C101556,Home Loan,Partner,2025-11-09,5361000.0,120,10.89,0,Current,4800493.0
L206121,C104236,Home Loan,Branch,2025-07-27,5482000.0,84,9.75,9,Delinquent,4653854.0
L206122,C101853,Business Loan,Partner,2023-08-16,1894000.0,84,13.74,6,Delinquent,1070103.0
L206123,C104520,Business Loan,DSA,2025-02-20,1179000.0,24,14.88,5,Delinquent,330311.0
L206124,C104874,Personal Loan,Digital,2023-11-14,662000.0,24,12.09,6,Delinquent,52960.0
L206125,C100331,Home Loan,Branch,2026-04-02,4637000.0,48,11.1,13,Delinquent,4637000.0
L206126,C103341,Business Loan,Branch,2024-01-30,2346000.0,12,11.43,8,Delinquent,294659.0
L206127,C100471,Auto Loan,Branch,2023-04-12,1220000.0,48,13.58,155,NPL,148993.0
L206128,C104396,Auto Loan,Digital,2026-04-03,261000.0,24,13.36,10,Delinquent,203949.0
L206129,C100577,Personal Loan,Branch,2024-12-30,677000.0,84,21.53,10,Delinquent,487439.0
L206130,C104439,Personal Loan,Digital,2025-12-25,331000.0,24,13.13,2,Delinquent,243294.0
L206131,C103847,Home Loan,Digital,2025-12-06,1589000.0,12,11.33,96,NPL,502656.0
L206132,C102683,Business Loan,Digital,2024-06-22,2781000.0,60,12.45,7,Delinquent,1390687.0
L206133,C101040,Personal Loan,Partner,2024-06-13,389000.0,60,15.41,7,Delinquent,211130.0
L206134,C101335,Education Loan,Branch,2025-10-10,315000.0,12,10.78,1,Delinquent,61659.0
L206135,C102157,Business Loan,Digital,2024-03-31,1380000.0,60,13.42,0,Current,777293.0
L206136,C104238,Business Loan,Partner,2023-10-07,2518000.0,24,14.41,9,Delinquent,211770.0
L206137,C104489,Business Loan,Digital,2024-11-10,1573000.0,120,15.65,17,Delinquent,1109238.0
L206138,C102510,Personal Loan,Digital,2024-12-12,588000.0,36,20.98,8,Delinquent,228949.0
L206139,C101165,Personal Loan,Partner,2025-09-13,607000.0,24,12.64,6,Delinquent,394821.0
L206140,C102822,Personal Loan,Digital,2023-07-14,882000.0,12,17.43,4,Delinquent,70560.0
L206141,C104159,Home Loan,Partner,2024-08-06,4964000.0,12,8.99,25,Delinquent,461450.0
L206142,C102707,Personal Loan,Partner,2024-11-21,553000.0,24,21.95,7,Delinquent,88649.0
L206143,C104453,Business Loan,Branch,2026-02-26,2592000.0,36,11.3,10,Delinquent,2526651.0
L206144,C100048,Business Loan,DSA,2023-09-24,1311000.0,84,14.33,145,NPL,738479.0
L206145,C102510,Personal Loan,Digital,2025-01-14,501000.0,48,13.46,8,Delinquent,312718.0
L206146,C100230,Home Loan,Partner,2024-12-03,2948000.0,84,8.73,74,Delinquent,2425701.0
L206147,C103059,Auto Loan,Digital,2026-02-18,1678000.0,36,11.42,5,Delinquent,1339088.0
L206148,C103082,Business Loan,DSA,2024-05-29,563000.0,48,16.64,5,Delinquent,299539.0
L206149,C101562,Education Loan,Branch,2023-08-06,231000.0,120,12.3,4,Delinquent,150353.0
L206150,C103973,Personal Loan,Digital,2024-11-01,724000.0,60,15.18,10,Delinquent,493425.0
L206151,C104757,Personal Loan,DSA,2025-10-23,529000.0,120,18.18,12,Delinquent,529000.0
L206152,C102286,Business Loan,Partner,2023-07-13,1769000.0,84,12.0,3,Delinquent,927344.0
L206153,C102175,Personal Loan,Branch,2025-05-09,184000.0,12,11.93,121,NPL,26724.0
L206154,C100953,Business Loan,Branch,2024-08-30,2947000.0,12,17.71,140,NPL,377332.0
L206155,C100141,Personal Loan,Partner,2025-08-12,645000.0,12,19.65,15,Delinquent,93115.0
L206156,C102034,Home Loan,Digital,2024-01-15,2493000.0,84,8.89,0,Current,1516486.0
L206157,C102208,Auto Loan,Branch,2025-10-21,904000.0,84,13.95,4,Delinquent,834348.0
L206158,C103842,Business Loan,Digital,2023-06-22,561000.0,84,11.31,11,Delinquent,311168.0
L206159,C104311,Personal Loan,Partner,2024-09-27,677000.0,84,20.91,12,Delinquent,507561.0
L206160,C100544,Business Loan,Partner,2024-08-23,1091000.0,84,15.81,17,Delinquent,780036.0
L206161,C100763,Business Loan,Branch,2023-12-02,2038000.0,12,14.21,45,Delinquent,297417.0
L206162,C102801,Business Loan,DSA,2023-06-16,2767000.0,36,17.98,4,Delinquent,428539.0
L206163,C101878,Education Loan,Digital,2026-02-06,454000.0,120,8.9,2,Delinquent,432772.0
L206164,C103512,Business Loan,Digital,2024-05-27,2588000.0,48,11.51,8,Delinquent,1113598.0
L206165,C101613,Business Loan,DSA,2026-01-18,2665000.0,12,10.77,15,Delinquent,1319711.0
L206166,C102080,Auto Loan,Branch,2024-01-23,955000.0,24,10.73,1,Delinquent,135345.0
L206167,C102221,Business Loan,Digital,2025-02-10,2187000.0,36,13.61,11,Delinquent,1159977.0
L206168,C103007,Education Loan,Branch,2024-10-13,540000.0,84,8.62,1,Delinquent,409697.0
L206169,C100349,Auto Loan,Branch,2024-04-28,503000.0,84,13.97,10,Delinquent,378793.0
L206170,C104418,Personal Loan,Digital,2024-08-03,346000.0,84,15.74,7,Delinquent,225454.0
L206171,C101695,Personal Loan,Partner,2023-11-02,615000.0,60,15.96,11,Delinquent,274104.0
L206172,C101065,Business Loan,Digital,2023-06-11,529000.0,60,14.12,23,Delinquent,202627.0
L206173,C103203,Education Loan,DSA,2025-03-13,839000.0,48,10.37,11,Delinquent,577653.0
L206174,C100676,Personal Loan,Branch,2023-12-01,871000.0,84,11.61,13,Delinquent,515971.0
L206175,C102951,Education Loan,Partner,2024-09-28,972000.0,60,11.98,11,Delinquent,667094.0
L206176,C100305,Personal Loan,Digital,2024-10-30,626000.0,12,14.64,15,Delinquent,50080.0
L206177,C101319,Home Loan,Partner,2026-04-11,2153000.0,120,8.91,0,Current,2101161.0
L206178,C103632,Business Loan,Branch,2025-09-27,874000.0,48,16.01,39,Delinquent,758171.0
L206179,C101860,Education Loan,Digital,2023-08-11,393000.0,24,10.36,39,Delinquent,58799.0
L206180,C104503,Auto Loan,Branch,2023-03-13,628000.0,36,11.75,11,Delinquent,81280.0
L206181,C101779,Education Loan,Branch,2026-03-06,110000.0,84,11.27,29,Delinquent,109279.0
L206182,C103452,Business Loan,Digital,2023-04-20,647000.0,60,17.65,13,Delinquent,211586.0
L206183,C100150,Business Loan,DSA,2025-05-07,2415000.0,120,12.87,93,NPL,1928721.0
L206184,C104883,Business Loan,Branch,2025-08-14,2573000.0,12,15.59,59,Delinquent,469664.0
L206185,C103080,Home Loan,DSA,2025-11-05,2040000.0,48,9.68,13,Delinquent,1576229.0
L206186,C103541,Personal Loan,DSA,2024-02-12,215000.0,24,13.3,15,Delinquent,39787.0
L206187,C101627,Personal Loan,Digital,2024-02-23,629000.0,84,16.87,4,Delinquent,435403.0
L206188,C101443,Personal Loan,DSA,2023-11-05,413000.0,12,14.16,1,Delinquent,89220.0
L206189,C102184,Personal Loan,Digital,2023-07-22,157000.0,12,17.98,0,Current,27830.0
L206190,C101278,Personal Loan,Partner,2023-10-03,145000.0,48,20.2,9,Delinquent,46460.0
L206191,C100104,Personal Loan,DSA,2023-08-31,56000.0,120,13.09,27,Delinquent,39051.0
L206192,C103334,Auto Loan,Partner,2026-03-10,797000.0,120,11.67,7,Delinquent,797000.0
L206193,C103584,Personal Loan,Digital,2024-08-05,622000.0,36,14.26,4,Delinquent,237278.0
L206194,C103380,Personal Loan,DSA,2024-09-04,847000.0,12,20.61,42,Delinquent,169264.0
L206195,C102770,Personal Loan,Partner,2025-01-21,726000.0,24,16.33,3,Delinquent,194848.0
L206196,C102620,Personal Loan,Branch,2023-07-13,459000.0,120,13.48,13,Delinquent,299294.0
L206197,C104928,Auto Loan,Digital,2026-03-31,840000.0,60,9.58,146,NPL,838025.0
L206198,C102635,Business Loan,Partner,2024-05-02,1382000.0,60,11.55,77,Delinquent,802400.0
L206199,C103530,Auto Loan,Digital,2024-09-01,1324000.0,24,11.09,3,Delinquent,105920.0
L206200,C102084,Auto Loan,Digital,2023-11-09,825000.0,120,14.77,18,Delinquent,655495.0
L206201,C100166,Education Loan,DSA,2023-12-25,296000.0,60,10.15,10,Delinquent,137696.0
L206202,C101750,Auto Loan,DSA,2023-07-22,1712000.0,84,12.69,9,Delinquent,982482.0
L206203,C103607,Personal Loan,Branch,2024-08-27,849000.0,36,12.65,10,Delinquent,285159.0
L206204,C103171,Personal Loan,Digital,2026-03-20,287000.0,36,14.58,59,Delinquent,262678.0
L206205,C103469,Auto Loan,Digital,2023-01-23,1496000.0,12,11.98,2,Delinquent,251859.0
L206206,C103738,Auto Loan,Branch,2024-06-18,525000.0,48,13.09,12,Delinquent,239035.0
L206207,C101092,Business Loan,Branch,2024-04-13,2233000.0,84,16.09,1,Delinquent,1289565.0
L206208,C104068,Personal Loan,DSA,2025-04-09,650000.0,12,20.76,12,Delinquent,153320.0
L206209,C103573,Education Loan,Partner,2025-06-07,523000.0,120,9.28,14,Delinquent,456790.0
L206210,C101540,Home Loan,Partner,2025-12-14,3571000.0,48,8.39,9,Delinquent,2804255.0
L206211,C102519,Education Loan,Partner,2023-11-03,269000.0,84,9.55,11,Delinquent,197876.0
L206212,C104289,Home Loan,Partner,2023-09-04,4505000.0,48,8.63,9,Delinquent,1445413.0
L206213,C100836,Personal Loan,Branch,2024-07-29,80000.0,60,20.63,14,Delinquent,45369.0
L206214,C101514,Personal Loan,Digital,2023-06-03,694000.0,84,16.71,53,Delinquent,328301.0
L206215,C100961,Personal Loan,Branch,2024-08-01,581000.0,60,16.04,1,Delinquent,343392.0
L206216,C101525,Personal Loan,DSA,2023-11-09,594000.0,48,16.69,14,Delinquent,225157.0
L206217,C101024,Business Loan,Partner,2024-01-12,1730000.0,24,13.34,4,Delinquent,148924.0
L206218,C104031,Personal Loan,Branch,2025-05-05,469000.0,24,12.74,1,Delinquent,168949.0
L206219,C104956,Personal Loan,Digital,2023-06-29,533000.0,84,17.53,10,Delinquent,329522.0
L206220,C104847,Personal Loan,Digital,2024-04-03,344000.0,24,17.81,3,Delinquent,27520.0
L206221,C101791,Auto Loan,Branch,2025-03-22,1487000.0,60,13.68,1,Delinquent,998246.0
L206222,C104662,Personal Loan,DSA,2024-08-09,83000.0,84,16.2,26,Delinquent,58100.0
L206223,C100409,Personal Loan,Digital,2025-10-24,481000.0,60,12.45,58,Delinquent,397266.0
L206224,C100556,Business Loan,Digital,2023-01-25,1290000.0,48,10.77,15,Delinquent,221561.0
L206225,C101628,Personal Loan,Partner,2024-05-04,422000.0,36,18.08,11,Delinquent,56998.0
L206226,C101443,Education Loan,Branch,2023-01-06,1006000.0,12,10.18,13,Delinquent,179081.0
L206227,C104589,Personal Loan,Digital,2023-03-16,432000.0,24,19.16,175,NPL,59837.0
L206228,C103800,Auto Loan,DSA,2024-05-03,1557000.0,84,11.9,172,NPL,1081439.0
L206229,C103767,Auto Loan,Digital,2023-10-29,1491000.0,12,13.71,9,Delinquent,142531.0
L206230,C104032,Personal Loan,Digital,2023-06-30,855000.0,36,16.59,5,Delinquent,68400.0
L206231,C103627,Auto Loan,Digital,2026-02-25,400000.0,120,11.11,10,Delinquent,369753.0
L206232,C102522,Home Loan,Branch,2025-08-07,1670000.0,24,9.56,7,Delinquent,831846.0
L206233,C100294,Home Loan,Branch,2024-06-05,1397000.0,36,10.36,13,Delinquent,349621.0
L206234,C100081,Business Loan,Partner,2026-02-15,1945000.0,12,15.07,7,Delinquent,918133.0
L206235,C104879,Education Loan,Branch,2023-04-12,240000.0,48,12.05,13,Delinquent,25946.0
L206236,C102510,Personal Loan,Partner,2026-01-15,770000.0,24,16.27,9,Delinquent,534671.0
L206237,C104766,Auto Loan,Branch,2025-11-17,678000.0,60,10.02,4,Delinquent,651515.0
L206238,C100156,Personal Loan,Partner,2024-07-12,57000.0,12,17.13,177,NPL,11427.0
L206239,C103180,Personal Loan,Partner,2025-05-04,827000.0,36,15.46,5,Delinquent,482190.0
L206240,C101407,Personal Loan,Branch,2023-12-11,642000.0,84,21.59,110,NPL,393675.0
L206241,C101822,Auto Loan,Digital,2026-03-04,905000.0,48,10.12,12,Delinquent,864631.0
L206242,C103285,Auto Loan,DSA,2024-08-03,1605000.0,60,9.15,104,NPL,959125.0
L206243,C102477,Home Loan,Digital,2023-09-18,4865000.0,36,10.63,46,Delinquent,732075.0
L206244,C100674,Education Loan,Partner,2023-05-05,760000.0,120,12.81,6,Delinquent,466422.0
L206245,C104999,Business Loan,Branch,2025-04-17,462000.0,84,17.39,78,Delinquent,402175.0
L206246,C103563,Personal Loan,Partner,2026-02-06,202000.0,24,17.21,53,Delinquent,147496.0
L206247,C101804,Personal Loan,Digital,2025-04-09,660000.0,120,14.02,5,Delinquent,544763.0
L206248,C103107,Auto Loan,Branch,2025-03-16,283000.0,36,9.38,4,Delinquent,151097.0
L206249,C100758,Personal Loan,Digital,2025-08-03,497000.0,36,16.87,37,Delinquent,371936.0
L206250,C102149,Personal Loan,Branch,2023-12-10,606000.0,60,15.64,48,Delinquent,287755.0
L206251,C102125,Personal Loan,Digital,2024-02-10,695000.0,48,19.27,6,Delinquent,224989.0
L206252,C101861,Home Loan,Branch,2025-06-30,2043000.0,48,9.54,14,Delinquent,1451766.0
L206253,C102419,Home Loan,DSA,2025-02-16,1316000.0,60,9.18,9,Delinquent,979396.0
L206254,C104574,Auto Loan,Digital,2023-10-22,794000.0,48,13.83,74,Delinquent,263634.0
L206255,C100035,Business Loan,Digital,2023-03-12,954000.0,24,13.16,10,Delinquent,125317.0
L206256,C102766,Education Loan,Partner,2025-06-20,760000.0,12,8.62,9,Delinquent,60800.0
L206257,C104704,Business Loan,Partner,2025-10-29,976000.0,60,10.71,10,Delinquent,832782.0
L206258,C104445,Personal Loan,DSA,2024-04-27,502000.0,12,15.85,51,Delinquent,87585.0
L206259,C104488,Home Loan,Branch,2025-09-24,1963000.0,84,8.31,14,Delinquent,1748969.0
L206260,C102063,Personal Loan,Partner,2025-11-02,545000.0,84,13.92,15,Delinquent,526560.0
L206261,C102836,Education Loan,Branch,2025-04-20,496000.0,60,11.69,10,Delinquent,409106.0
L206262,C102974,Home Loan,Digital,2026-04-02,5174000.0,60,10.42,15,Delinquent,5174000.0
L206263,C104189,Personal Loan,Partner,2026-03-15,477000.0,36,13.6,9,Delinquent,397285.0
L206264,C104774,Auto Loan,Branch,2024-01-20,518000.0,12,10.89,64,Delinquent,85646.0
L206265,C101275,Home Loan,Branch,2025-12-15,4716000.0,84,8.52,1,Delinquent,4135119.0
L206266,C100621,Education Loan,Digital,2024-10-23,632000.0,84,9.74,12,Delinquent,463371.0
L206267,C101325,Personal Loan,Digital,2024-04-04,545000.0,60,12.97,55,Delinquent,301792.0
L206268,C101314,Personal Loan,Digital,2023-10-13,347000.0,84,14.06,43,Delinquent,189494.0
L206269,C101502,Education Loan,DSA,2025-04-08,980000.0,12,9.61,57,Delinquent,157390.0
L206270,C104584,Home Loan,Partner,2025-08-18,3010000.0,24,8.21,2,Delinquent,1364804.0
L206271,C101077,Personal Loan,Partner,2023-09-01,322000.0,24,19.4,98,NPL,50173.0
L206272,C102111,Auto Loan,Branch,2024-08-13,1059000.0,48,9.3,88,Delinquent,502407.0
L206273,C101789,Auto Loan,DSA,2025-12-05,1389000.0,60,12.17,8,Delinquent,1172072.0
L206274,C101361,Personal Loan,Partner,2026-03-26,326000.0,24,17.15,11,Delinquent,267641.0
L206275,C100983,Personal Loan,Branch,2024-06-11,373000.0,48,12.3,15,Delinquent,176097.0
L206276,C104987,Personal Loan,Digital,2025-11-30,680000.0,84,13.31,41,Delinquent,580920.0
L206277,C103133,Personal Loan,Branch,2025-10-22,378000.0,36,19.29,14,Delinquent,285076.0
L206278,C100512,Home Loan,Branch,2023-11-24,2843000.0,24,8.58,13,Delinquent,403272.0
L206279,C103275,Personal Loan,Branch,2024-06-29,478000.0,120,11.16,7,Delinquent,360163.0
L206280,C103058,Auto Loan,DSA,2023-05-24,580000.0,84,11.51,2,Delinquent,321339.0
L206281,C101796,Auto Loan,Digital,2023-01-07,333000.0,120,9.8,13,Delinquent,227612.0
L206282,C103941,Home Loan,Branch,2025-01-13,5638000.0,60,9.08,9,Delinquent,4442299.0
L206283,C104012,Personal Loan,Digital,2023-01-04,422000.0,60,15.35,8,Delinquent,88781.0
L206284,C103934,Home Loan,Branch,2024-01-17,5685000.0,24,10.25,2,Delinquent,1197558.0
L206285,C103196,Personal Loan,Branch,2023-07-30,840000.0,60,17.84,2,Delinquent,308085.0
L206286,C102210,Education Loan,Partner,2023-11-01,782000.0,120,11.62,126,NPL,576358.0
L206287,C101035,Personal Loan,Digital,2023-10-17,365000.0,60,21.46,2,Delinquent,136414.0
L206288,C100220,Business Loan,DSA,2024-10-16,324000.0,84,15.75,15,Delinquent,248290.0
L206289,C104592,Auto Loan,Branch,2025-07-17,1128000.0,12,9.96,4,Delinquent,127022.0
L206290,C104206,Business Loan,Branch,2024-10-07,553000.0,60,10.96,7,Delinquent,349553.0
L206291,C101007,Business Loan,Partner,2025-06-27,1433000.0,12,10.55,3,Delinquent,162241.0
L206292,C104014,Business Loan,Branch,2024-10-07,1369000.0,48,14.17,27,Delinquent,693790.0
L206293,C100240,Auto Loan,Branch,2025-04-06,1398000.0,12,10.08,21,Delinquent,156147.0
L206294,C101187,Personal Loan,DSA,2023-12-20,567000.0,60,19.15,4,Delinquent,318745.0
L206295,C100752,Auto Loan,Digital,2024-01-29,520000.0,48,9.52,127,NPL,166040.0
L206296,C101703,Personal Loan,Partner,2023-07-06,858000.0,60,17.19,11,Delinquent,360978.0
L206297,C101599,Personal Loan,Partner,2024-09-16,181000.0,60,21.37,8,Delinquent,109466.0
L206298,C102563,Business Loan,Branch,2023-08-09,2257000.0,12,16.53,163,NPL,259103.0
L206299,C102294,Auto Loan,Branch,2025-01-20,748000.0,120,13.72,4,Delinquent,642699.0
L206300,C100571,Personal Loan,Digital,2025-05-14,519000.0,36,16.97,3,Delinquent,330286.0
L206301,C100750,Business Loan,Branch,2025-11-27,2377000.0,12,14.0,27,Delinquent,633194.0
L206302,C104103,Personal Loan,Digital,2024-07-15,643000.0,120,18.49,20,Delinquent,582430.0
L206303,C102741,Business Loan,Digital,2026-04-05,2961000.0,84,13.67,14,Delinquent,2961000.0
L206304,C104611,Business Loan,Partner,2024-07-17,1941000.0,84,15.15,12,Delinquent,1364347.0
L206305,C100654,Personal Loan,Partner,2025-05-06,768000.0,84,18.67,5,Delinquent,648406.0
L206306,C101541,Personal Loan,Branch,2026-03-18,203000.0,12,18.56,144,NPL,129766.0
L206307,C100790,Education Loan,Branch,2024-09-27,354000.0,36,12.21,35,Delinquent,134562.0
L206308,C104621,Personal Loan,Partner,2026-01-06,117000.0,120,21.04,25,Delinquent,114531.0
L206309,C100795,Education Loan,Branch,2024-11-22,950000.0,12,10.93,9,Delinquent,110129.0
L206310,C104005,Home Loan,Branch,2023-03-19,2334000.0,12,8.43,10,Delinquent,496867.0
L206311,C100962,Personal Loan,Branch,2024-08-16,493000.0,12,17.69,123,NPL,65558.0
L206312,C103640,Auto Loan,Branch,2025-08-15,530000.0,60,13.43,10,Delinquent,442134.0
L206313,C102277,Home Loan,Branch,2025-02-17,2792000.0,84,10.26,146,NPL,2190993.0
L206314,C104846,Home Loan,Branch,2023-10-25,5740000.0,36,9.1,7,Delinquent,670391.0
L206315,C100350,Auto Loan,Branch,2023-12-11,1701000.0,120,9.66,9,Delinquent,1149316.0
L206316,C101624,Personal Loan,DSA,2025-05-16,368000.0,24,12.85,47,Delinquent,136785.0
L206317,C103616,Personal Loan,Branch,2025-08-16,535000.0,36,12.66,2,Delinquent,355946.0
L206318,C104579,Business Loan,DSA,2023-07-28,2740000.0,48,14.77,15,Delinquent,796005.0
L206319,C102696,Home Loan,Digital,2024-06-29,1541000.0,36,8.42,14,Delinquent,407047.0
L206320,C100493,Auto Loan,Digital,2023-06-24,1502000.0,12,11.88,9,Delinquent,302626.0
L206321,C103147,Auto Loan,Partner,2023-12-20,1605000.0,60,10.77,6,Delinquent,640109.0
L206322,C102391,Auto Loan,Digital,2026-02-01,1018000.0,120,14.48,10,Delinquent,936526.0
L206323,C103875,Personal Loan,Branch,2023-02-05,63000.0,36,20.08,160,NPL,12515.0
L206324,C102761,Education Loan,Digital,2024-10-31,261000.0,120,8.92,57,Delinquent,222699.0
L206325,C104490,Home Loan,Branch,2024-06-25,3794000.0,84,8.62,93,NPL,2660322.0
L206326,C100615,Education Loan,Branch,2024-02-24,1119000.0,24,10.38,6,Delinquent,89520.0
L206327,C103120,Business Loan,Partner,2025-12-13,1702000.0,120,13.33,21,Delinquent,1658865.0
L206328,C103687,Auto Loan,Partner,2025-12-05,1636000.0,120,10.82,2,Delinquent,1481427.0
L206329,C102030,Home Loan,Digital,2023-01-26,2050000.0,60,11.35,44,Delinquent,639110.0
L206330,C102376,Personal Loan,Digital,2023-12-14,362000.0,120,21.4,7,Delinquent,259169.0
L206331,C103477,Personal Loan,Digital,2023-10-11,640000.0,36,17.45,6,Delinquent,86734.0
L206332,C102278,Auto Loan,Branch,2023-03-18,1009000.0,12,12.07,4,Delinquent,128065.0
L206333,C101963,Personal Loan,Branch,2024-08-27,555000.0,24,18.9,12,Delinquent,135730.0
L206334,C102908,Personal Loan,Digital,2024-04-18,701000.0,12,19.26,16,Delinquent,86309.0
L206335,C104019,Home Loan,Branch,2024-04-23,3318000.0,120,9.87,146,NPL,2369455.0
L206336,C100674,Personal Loan,Branch,2025-04-28,504000.0,48,16.49,2,Delinquent,355022.0
L206337,C104370,Personal Loan,Digital,2026-03-12,787000.0,48,17.7,14,Delinquent,632747.0
L206338,C101001,Home Loan,Digital,2025-03-05,2628000.0,36,8.68,9,Delinquent,1259115.0
L206339,C100489,Personal Loan,Branch,2025-01-11,305000.0,48,17.58,6,Delinquent,206548.0
L206340,C100904,Personal Loan,Partner,2024-07-22,406000.0,48,13.44,178,NPL,192568.0
L206341,C100384,Personal Loan,DSA,2024-04-28,266000.0,48,21.91,14,Delinquent,107491.0
L206342,C104760,Auto Loan,Digital,2024-09-04,198000.0,48,12.18,13,Delinquent,122452.0
L206343,C101460,Education Loan,Branch,2023-11-16,247000.0,24,11.35,42,Delinquent,37498.0
L206344,C103866,Personal Loan,Digital,2024-09-27,64000.0,84,12.55,8,Delinquent,44572.0
L206345,C100913,Auto Loan,DSA,2024-03-30,381000.0,12,11.41,6,Delinquent,68339.0
L206346,C102646,Personal Loan,Digital,2024-03-25,595000.0,60,12.53,50,Delinquent,299532.0
L206347,C102130,Auto Loan,Digital,2025-11-07,788000.0,12,11.91,4,Delinquent,200929.0
L206348,C103298,Personal Loan,Branch,2023-04-10,898000.0,48,21.56,6,Delinquent,137276.0
L206349,C104943,Business Loan,Branch,2025-09-08,867000.0,60,13.35,13,Delinquent,633131.0
L206350,C103250,Business Loan,Partner,2023-07-09,1389000.0,48,10.58,6,Delinquent,355861.0
L206351,C103510,Auto Loan,Branch,2024-03-30,1785000.0,120,14.58,7,Delinquent,1553804.0
L206352,C101312,Personal Loan,Digital,2025-05-19,701000.0,120,18.16,13,Delinquent,541341.0
L206353,C100610,Business Loan,Partner,2025-12-31,1213000.0,120,17.21,5,Delinquent,1213000.0
L206354,C100434,Personal Loan,Branch,2025-08-30,762000.0,36,21.04,15,Delinquent,517267.0
L206355,C101501,Home Loan,Partner,2025-05-21,2073000.0,120,9.18,118,NPL,1748285.0
L206356,C102775,Business Loan,Partner,2024-04-19,1580000.0,24,15.66,0,Current,262054.0
L206357,C100303,Auto Loan,DSA,2024-03-09,1590000.0,36,9.82,144,NPL,355322.0
L206358,C101316,Business Loan,DSA,2024-01-31,2116000.0,36,13.26,10,Delinquent,346992.0
L206359,C103157,Auto Loan,Partner,2025-09-27,1023000.0,24,14.95,9,Delinquent,543519.0
L206360,C104368,Business Loan,Branch,2024-12-30,2197000.0,84,12.33,4,Delinquent,1658244.0
L206361,C104948,Personal Loan,DSA,2023-03-19,366000.0,84,17.92,46,Delinquent,188905.0
L206362,C101181,Personal Loan,Branch,2023-01-27,438000.0,36,16.21,33,Delinquent,73271.0
L206363,C100511,Home Loan,Partner,2023-05-26,1949000.0,60,11.46,4,Delinquent,795591.0
L206364,C102865,Auto Loan,Digital,2024-11-14,989000.0,60,11.89,10,Delinquent,570536.0
L206365,C104691,Auto Loan,DSA,2026-03-23,506000.0,120,10.85,9,Delinquent,492467.0
L206366,C102101,Auto Loan,Branch,2024-07-16,406000.0,36,14.47,1,Delinquent,123029.0
L206367,C104521,Auto Loan,Branch,2023-10-23,417000.0,24,11.03,0,Current,62761.0
L206368,C103715,Personal Loan,DSA,2024-06-14,304000.0,36,14.61,15,Delinquent,98871.0
L206369,C104494,Home Loan,Digital,2025-04-29,5601000.0,12,8.16,2,Delinquent,636417.0
L206370,C104754,Business Loan,Digital,2023-01-02,1676000.0,84,11.92,76,Delinquent,740376.0
L206371,C100537,Personal Loan,DSA,2025-02-27,791000.0,120,16.22,0,Current,627110.0
L206372,C102058,Personal Loan,Branch,2026-02-05,413000.0,24,15.66,5,Delinquent,313334.0
L206373,C100250,Business Loan,Branch,2026-01-25,408000.0,120,12.19,13,Delinquent,367832.0
L206374,C100222,Personal Loan,Branch,2023-07-28,682000.0,60,18.4,10,Delinquent,234765.0
L206375,C102376,Home Loan,Partner,2026-03-23,2934000.0,60,10.41,24,Delinquent,2759258.0
L206376,C103308,Auto Loan,Branch,2023-05-16,1058000.0,48,12.92,1,Delinquent,170610.0
L206377,C104431,Home Loan,Digital,2024-07-18,4009000.0,24,9.3,157,NPL,505976.0
L206378,C100646,Business Loan,Partner,2024-04-08,837000.0,84,17.31,0,Current,575870.0
L206379,C100167,Business Loan,DSA,2025-03-14,661000.0,24,16.25,11,Delinquent,172637.0
L206380,C100523,Home Loan,DSA,2025-07-23,2496000.0,120,10.27,3,Delinquent,2286977.0
L206381,C104634,Education Loan,Digital,2025-01-01,1107000.0,84,12.87,15,Delinquent,914405.0
L206382,C103308,Personal Loan,DSA,2025-07-06,139000.0,24,15.85,50,Delinquent,59135.0
L206383,C102407,Personal Loan,Partner,2026-03-24,460000.0,48,19.66,12,Delinquent,441102.0
L206384,C100515,Auto Loan,Partner,2024-09-06,1687000.0,24,12.57,87,Delinquent,166137.0
L206385,C101855,Auto Loan,Digital,2024-11-23,1498000.0,84,9.39,8,Delinquent,1279421.0
L206386,C100644,Personal Loan,DSA,2024-10-21,245000.0,12,11.79,128,NPL,42333.0
L206387,C100151,Personal Loan,DSA,2023-11-18,364000.0,24,19.1,48,Delinquent,44793.0
L206388,C102196,Personal Loan,DSA,2024-06-30,407000.0,120,18.94,0,Current,341924.0
L206389,C102514,Personal Loan,DSA,2024-11-02,578000.0,60,12.38,25,Delinquent,347033.0
L206390,C102262,Personal Loan,Branch,2023-01-31,298000.0,60,14.64,3,Delinquent,62319.0
L206391,C104358,Education Loan,DSA,2024-04-16,1099000.0,12,12.36,3,Delinquent,109337.0
L206392,C104569,Business Loan,Digital,2023-11-30,387000.0,120,13.4,24,Delinquent,256037.0
L206393,C100609,Home Loan,Branch,2025-03-10,3647000.0,24,10.43,9,Delinquent,810858.0
L206394,C101381,Home Loan,Branch,2024-04-11,3203000.0,120,10.72,12,Delinquent,2567418.0
L206395,C102505,Personal Loan,Branch,2023-06-13,371000.0,48,14.23,22,Delinquent,88810.0
L206396,C102005,Home Loan,Digital,2024-10-27,5440000.0,120,9.19,6,Delinquent,4292833.0
L206397,C102180,Auto Loan,Branch,2024-07-07,868000.0,48,11.48,5,Delinquent,475647.0
L206398,C103538,Business Loan,Digital,2025-03-01,1217000.0,24,15.87,55,Delinquent,268189.0
L206399,C100900,Personal Loan,Partner,2025-06-10,53000.0,12,17.28,3,Delinquent,11074.0
L206400,C104136,Business Loan,Branch,2026-03-31,2253000.0,48,16.03,8,Delinquent,1954823.0
L206401,C101324,Business Loan,Branch,2025-01-11,1431000.0,60,11.25,14,Delinquent,996835.0
L206402,C101746,Personal Loan,Branch,2024-08-31,701000.0,24,18.64,103,NPL,88791.0
L206403,C101109,Business Loan,DSA,2023-12-03,839000.0,36,10.75,13,Delinquent,120616.0
L206404,C103156,Personal Loan,Branch,2025-03-17,502000.0,48,17.98,2,Delinquent,331095.0
L206405,C103478,Education Loan,Branch,2024-05-09,209000.0,12,9.52,54,Delinquent,25787.0
L206406,C103121,Auto Loan,Branch,2026-02-26,1664000.0,36,12.95,9,Delinquent,1415638.0
L206407,C102468,Home Loan,Branch,2025-04-02,2884000.0,36,9.19,5,Delinquent,1475877.0
L206408,C101517,Home Loan,DSA,2023-12-01,3243000.0,120,10.12,0,Current,2157009.0
L206409,C103439,Auto Loan,DSA,2026-01-31,1033000.0,36,13.5,13,Delinquent,766251.0
L206410,C100594,Business Loan,Branch,2024-06-28,1199000.0,60,11.05,3,Delinquent,695724.0
L206411,C101560,Business Loan,Digital,2025-01-14,1503000.0,84,17.34,15,Delinquent,1298764.0
L206412,C103413,Home Loan,Digital,2025-05-15,4269000.0,84,10.13,49,Delinquent,3349021.0
L206413,C103462,Business Loan,Partner,2025-02-23,1691000.0,48,17.12,12,Delinquent,1131158.0
L206414,C101341,Home Loan,DSA,2024-11-09,1242000.0,84,10.45,4,Delinquent,998539.0
L206415,C101707,Home Loan,DSA,2025-05-29,4703000.0,48,8.86,59,Delinquent,3207792.0
L206416,C101592,Personal Loan,Partner,2025-12-07,245000.0,48,21.41,11,Delinquent,196165.0
L206417,C104434,Business Loan,Digital,2023-07-16,641000.0,48,11.26,9,Delinquent,157077.0
L206418,C102862,Auto Loan,Branch,2024-11-10,1061000.0,36,10.19,1,Delinquent,484141.0
L206419,C100594,Home Loan,DSA,2024-12-29,1973000.0,36,9.66,6,Delinquent,990894.0
L206420,C100805,Auto Loan,Branch,2026-01-11,343000.0,84,10.33,52,Delinquent,298327.0
L206421,C100346,Business Loan,Digital,2024-11-22,2558000.0,12,15.3,151,NPL,637172.0
L206422,C101208,Personal Loan,DSA,2023-06-28,326000.0,36,18.74,47,Delinquent,46419.0
L206423,C101112,Home Loan,Digital,2025-07-04,2371000.0,48,9.23,11,Delinquent,1710976.0
L206424,C102231,Home Loan,Digital,2025-08-22,3442000.0,48,9.63,9,Delinquent,2652815.0
L206425,C103737,Personal Loan,Digital,2025-10-03,243000.0,24,12.93,7,Delinquent,154518.0
L206426,C104393,Personal Loan,Branch,2023-09-13,522000.0,24,21.52,32,Delinquent,142476.0
L206427,C102793,Business Loan,Branch,2023-06-30,1019000.0,60,12.61,14,Delinquent,386558.0
L206428,C103862,Personal Loan,Digital,2023-02-28,810000.0,60,20.79,50,Delinquent,209709.0
L206429,C103275,Business Loan,Branch,2024-05-28,1024000.0,24,13.48,6,Delinquent,170311.0
L206430,C101588,Education Loan,Partner,2023-05-14,820000.0,48,12.36,12,Delinquent,176062.0
L206431,C103060,Personal Loan,Digital,2025-07-07,580000.0,60,11.82,6,Delinquent,439140.0
L206432,C101511,Home Loan,Partner,2024-11-27,2461000.0,120,9.63,55,Delinquent,1890106.0
L206433,C101545,Personal Loan,Partner,2024-01-14,738000.0,12,15.55,13,Delinquent,160057.0
L206434,C104937,Auto Loan,Digital,2023-12-16,634000.0,36,9.6,11,Delinquent,135064.0
L206435,C104554,Home Loan,Digital,2024-06-23,3929000.0,84,9.2,54,Delinquent,2769667.0
L206436,C103267,Auto Loan,Partner,2023-06-22,188000.0,36,13.25,11,Delinquent,40873.0
L206437,C102966,Business Loan,Branch,2024-05-14,2355000.0,12,14.77,12,Delinquent,336278.0
L206438,C103428,Business Loan,Digital,2025-01-24,1626000.0,12,13.5,1,Delinquent,143266.0
L206439,C103765,Home Loan,Branch,2024-07-07,3591000.0,60,8.62,4,Delinquent,2284224.0
L206440,C100276,Business Loan,DSA,2024-08-08,1413000.0,48,17.93,12,Delinquent,700941.0
L206441,C101793,Education Loan,DSA,2025-09-20,563000.0,24,10.24,27,Delinquent,378168.0
L206442,C100525,Auto Loan,Digital,2024-04-01,223000.0,84,14.12,48,Delinquent,129153.0
L206443,C102646,Personal Loan,Digital,2023-05-30,665000.0,24,20.77,36,Delinquent,117328.0
L206444,C101473,Business Loan,Digital,2024-10-04,2246000.0,60,15.53,55,Delinquent,1286624.0
L206445,C101651,Business Loan,Digital,2023-07-28,1099000.0,120,14.19,1,Delinquent,815843.0
L206446,C104211,Auto Loan,Digital,2025-10-30,490000.0,12,10.83,13,Delinquent,142794.0
L206447,C101021,Auto Loan,Partner,2023-07-07,1088000.0,48,13.78,41,Delinquent,199040.0
L206448,C104554,Personal Loan,Branch,2025-05-19,384000.0,36,16.27,54,Delinquent,262205.0
L206449,C102105,Home Loan,Branch,2024-06-26,2256000.0,84,10.26,12,Delinquent,1373075.0
L206450,C100956,Business Loan,Branch,2024-08-17,1182000.0,36,17.36,8,Delinquent,431589.0
L206451,C100717,Business Loan,DSA,2025-11-29,2874000.0,84,12.6,31,Delinquent,2662049.0
L206452,C103571,Personal Loan,Partner,2025-09-14,882000.0,60,11.2,3,Delinquent,748725.0
L206453,C104514,Personal Loan,Branch,2023-07-25,475000.0,84,18.06,11,Delinquent,291580.0
L206454,C104371,Personal Loan,Digital,2025-11-01,651000.0,84,17.2,55,Delinquent,591689.0
L206455,C100852,Home Loan,Partner,2024-01-21,4963000.0,60,8.35,11,Delinquent,2526102.0
L206456,C104395,Business Loan,Branch,2024-03-27,2113000.0,120,16.96,15,Delinquent,1493965.0
L206457,C101128,Personal Loan,Partner,2025-09-22,798000.0,84,11.91,19,Delinquent,667541.0
L206458,C102295,Business Loan,Partner,2023-06-29,1889000.0,24,17.6,0,Current,256515.0
L206459,C100028,Home Loan,DSA,2024-05-08,3577000.0,12,9.13,35,Delinquent,739316.0
L206460,C101294,Auto Loan,Branch,2023-05-19,197000.0,24,12.46,4,Delinquent,34943.0
L206461,C101600,Home Loan,Digital,2024-11-08,3723000.0,48,9.3,45,Delinquent,2138159.0
L206462,C104782,Business Loan,Branch,2025-02-05,1505000.0,36,15.72,10,Delinquent,558004.0
L206463,C101392,Home Loan,Branch,2024-11-29,1931000.0,84,8.54,5,Delinquent,1330846.0
L206464,C101383,Personal Loan,Branch,2026-01-28,507000.0,60,13.1,51,Delinquent,463634.0
L206465,C101367,Auto Loan,Branch,2025-05-02,1208000.0,24,13.33,9,Delinquent,412431.0
L206466,C101264,Home Loan,Partner,2023-02-16,2896000.0,84,10.76,50,Delinquent,1409933.0
L206467,C102700,Personal Loan,Digital,2023-09-06,504000.0,60,21.1,18,Delinquent,229580.0
L206468,C101029,Business Loan,Branch,2024-08-19,1082000.0,84,17.5,57,Delinquent,782606.0
L206469,C101453,Auto Loan,Digital,2024-07-02,1166000.0,48,14.17,52,Delinquent,463340.0
L206470,C102663,Personal Loan,Digital,2023-08-22,602000.0,36,14.93,12,Delinquent,74860.0
L206471,C103783,Business Loan,Branch,2024-09-25,846000.0,24,11.38,4,Delinquent,140429.0
L206472,C100536,Personal Loan,Branch,2024-09-29,182000.0,84,19.94,13,Delinquent,140969.0
L206473,C101743,Home Loan,Digital,2024-06-29,3898000.0,24,10.12,15,Delinquent,449862.0
L206474,C102854,Personal Loan,DSA,2025-10-24,794000.0,60,16.58,7,Delinquent,707722.0
L206475,C104584,Personal Loan,Branch,2024-04-01,472000.0,48,13.91,7,Delinquent,140084.0
L206476,C104719,Home Loan,Partner,2025-08-02,4542000.0,12,8.33,169,NPL,654012.0
L206477,C104361,Auto Loan,Digital,2025-04-18,1060000.0,48,11.03,11,Delinquent,629099.0
L206478,C102525,Personal Loan,Digital,2026-03-11,448000.0,120,21.47,2,Delinquent,410358.0
L206479,C100491,Personal Loan,Branch,2025-02-02,355000.0,36,11.13,104,NPL,188864.0
L206480,C104827,Personal Loan,Digital,2024-08-04,868000.0,24,13.87,177,NPL,110623.0
L206481,C103109,Personal Loan,Digital,2023-01-02,666000.0,48,16.12,33,Delinquent,70292.0
L206482,C104529,Auto Loan,Branch,2025-03-07,970000.0,12,13.24,16,Delinquent,106210.0
L206483,C104604,Personal Loan,Partner,2024-09-25,783000.0,36,19.85,12,Delinquent,345314.0
L206484,C103962,Home Loan,Digital,2025-12-14,5661000.0,48,10.96,10,Delinquent,4993836.0
L206485,C102102,Home Loan,Branch,2024-12-16,2960000.0,36,11.48,148,NPL,1330143.0
L206486,C103041,Personal Loan,Branch,2025-04-17,125000.0,48,19.85,15,Delinquent,73821.0
L206487,C103456,Business Loan,Branch,2025-12-30,445000.0,48,17.58,10,Delinquent,337488.0
L206488,C104404,Auto Loan,Partner,2026-03-03,1240000.0,48,12.51,2,Delinquent,1070469.0
L206489,C101131,Auto Loan,Branch,2023-09-22,1336000.0,36,9.22,178,NPL,176768.0
L206490,C102775,Home Loan,Digital,2023-10-22,3325000.0,84,9.3,10,Delinquent,2435877.0
L206491,C102980,Personal Loan,DSA,2025-07-29,820000.0,36,14.07,7,Delinquent,509148.0
L206492,C101037,Auto Loan,Branch,2023-06-11,481000.0,12,14.45,0,Current,63824.0
L206493,C102010,Education Loan,Digital,2025-09-10,999000.0,60,11.68,7,Delinquent,805996.0
L206494,C104626,Home Loan,Digital,2023-06-28,3539000.0,84,8.55,145,NPL,1793405.0
L206495,C100081,Auto Loan,Partner,2024-03-13,1434000.0,12,14.59,17,Delinquent,346032.0
L206496,C102511,Home Loan,Digital,2025-10-19,3520000.0,48,10.5,13,Delinquent,2763568.0
L206497,C103047,Education Loan,Branch,2023-06-15,351000.0,12,12.92,33,Delinquent,28080.0
L206498,C104539,Personal Loan,Branch,2023-03-05,703000.0,12,19.39,36,Delinquent,125140.0
L206499,C101418,Home Loan,Digital,2025-06-29,4189000.0,84,8.27,14,Delinquent,3631363.0
L206500,C101966,Home Loan,Digital,2025-08-29,2702000.0,120,8.96,7,Delinquent,2572265.0
L206501,C100403,Auto Loan,Partner,2025-06-24,945000.0,12,11.07,94,NPL,124474.0
L206502,C101679,Auto Loan,Branch,2024-07-10,245000.0,120,13.01,21,Delinquent,177506.0
L206503,C104987,Auto Loan,Branch,2025-07-05,1434000.0,24,13.53,11,Delinquent,658141.0
L206504,C103830,Auto Loan,Digital,2025-04-09,1497000.0,36,12.58,1,Delinquent,838677.0
L206505,C102142,Home Loan,Branch,2024-03-29,3462000.0,48,10.98,0,Current,1303028.0
L206506,C103173,Personal Loan,Digital,2025-06-13,563000.0,48,12.71,12,Delinquent,380190.0
L206507,C104823,Business Loan,Branch,2023-08-20,708000.0,24,15.89,10,Delinquent,123012.0
L206508,C102199,Personal Loan,DSA,2024-05-24,201000.0,24,13.68,11,Delinquent,22562.0
L206509,C101474,Personal Loan,Branch,2025-09-19,57000.0,48,14.74,65,Delinquent,48320.0
L206510,C104393,Personal Loan,Digital,2023-06-25,273000.0,48,20.92,113,NPL,69340.0
L206511,C104253,Home Loan,Digital,2024-05-19,1496000.0,48,9.23,20,Delinquent,746482.0
L206512,C102583,Home Loan,Branch,2025-01-10,2857000.0,24,9.26,12,Delinquent,464805.0
L206513,C100060,Auto Loan,Digital,2024-12-18,827000.0,24,13.58,7,Delinquent,148253.0
L206514,C100064,Auto Loan,Digital,2026-02-21,635000.0,36,11.86,10,Delinquent,521982.0
L206515,C100588,Personal Loan,DSA,2025-03-04,578000.0,36,16.15,5,Delinquent,283598.0
L206516,C103467,Personal Loan,Digital,2023-01-31,155000.0,24,18.96,11,Delinquent,36182.0
L206517,C100878,Business Loan,Digital,2026-04-09,2382000.0,24,15.38,15,Delinquent,2133824.0
L206518,C100316,Business Loan,Digital,2023-09-30,759000.0,48,11.3,6,Delinquent,221662.0
L206519,C103410,Business Loan,Digital,2024-12-14,1122000.0,120,12.85,9,Delinquent,1022634.0
L206520,C102406,Personal Loan,DSA,2025-11-15,871000.0,12,14.45,3,Delinquent,293283.0
L206521,C102653,Business Loan,Branch,2024-12-29,2010000.0,12,16.4,15,Delinquent,250280.0
L206522,C100961,Business Loan,Digital,2023-03-25,1957000.0,48,11.56,26,Delinquent,156560.0
L206523,C101074,Home Loan,Partner,2024-02-26,5279000.0,84,10.72,4,Delinquent,2771586.0
L206524,C101210,Auto Loan,Digital,2023-01-13,829000.0,24,12.52,5,Delinquent,75740.0
L206525,C103221,Personal Loan,Digital,2024-05-20,513000.0,36,21.75,53,Delinquent,169471.0
L206526,C104900,Auto Loan,DSA,2025-11-19,1514000.0,24,10.02,0,Current,963882.0
L206527,C104579,Business Loan,Digital,2023-11-06,1846000.0,84,16.85,11,Delinquent,1181745.0
L206528,C100568,Home Loan,Digital,2025-07-10,2827000.0,36,11.23,38,Delinquent,1873082.0
L206529,C103399,Personal Loan,Branch,2023-02-21,424000.0,36,21.46,11,Delinquent,60519.0
L206530,C103789,Home Loan,Branch,2023-11-01,4439000.0,84,10.16,8,Delinquent,2541456.0
L206531,C100203,Auto Loan,Branch,2024-11-18,570000.0,12,11.87,10,Delinquent,97390.0
L206532,C103188,Auto Loan,DSA,2026-03-05,152000.0,36,12.09,5,Delinquent,145736.0
L206533,C102223,Home Loan,Digital,2025-01-12,5044000.0,36,9.0,2,Delinquent,2474543.0
L206534,C100976,Education Loan,Partner,2025-05-04,1049000.0,84,9.17,10,Delinquent,773391.0
L206535,C103949,Personal Loan,Branch,2025-07-15,643000.0,24,20.46,11,Delinquent,239158.0
L206536,C104677,Personal Loan,Branch,2023-05-23,180000.0,120,12.63,5,Delinquent,123112.0
L206537,C102992,Personal Loan,Digital,2026-02-25,67000.0,36,12.79,13,Delinquent,55964.0
L206538,C101008,Business Loan,Branch,2024-07-06,1810000.0,120,12.82,14,Delinquent,1300642.0
L206539,C102145,Business Loan,Digital,2024-01-06,1839000.0,24,11.88,8,Delinquent,379366.0
L206540,C102578,Business Loan,Branch,2025-11-04,2089000.0,24,14.32,15,Delinquent,1248232.0
L206541,C104512,Business Loan,Branch,2024-08-11,2266000.0,12,13.9,2,Delinquent,400761.0
L206542,C103953,Home Loan,Digital,2025-03-12,3382000.0,120,11.01,38,Delinquent,3067539.0
L206543,C103354,Personal Loan,Digital,2024-03-19,494000.0,60,18.0,5,Delinquent,220645.0
L206544,C103818,Auto Loan,Branch,2024-12-03,1128000.0,120,14.99,1,Delinquent,929803.0
L206545,C103471,Home Loan,Branch,2023-07-03,1933000.0,12,9.29,7,Delinquent,206983.0
L206546,C101599,Home Loan,Branch,2024-05-15,3306000.0,12,10.1,4,Delinquent,603017.0
L206547,C100668,Personal Loan,Branch,2024-06-26,525000.0,48,21.08,21,Delinquent,279051.0
L206548,C104197,Home Loan,Partner,2023-10-25,4531000.0,120,9.43,1,Delinquent,3303492.0
L206549,C102770,Home Loan,DSA,2025-12-30,2110000.0,36,8.82,14,Delinquent,1724079.0
L206550,C104811,Personal Loan,Branch,2025-01-06,436000.0,120,13.3,53,Delinquent,360749.0
L206551,C103406,Education Loan,Digital,2025-11-10,347000.0,84,11.22,6,Delinquent,320747.0
L206552,C102371,Personal Loan,Branch,2023-07-04,503000.0,84,18.58,13,Delinquent,254207.0
L206553,C103234,Business Loan,Branch,2024-05-23,2811000.0,120,10.82,4,Delinquent,1910338.0
L206554,C103262,Personal Loan,Partner,2025-08-29,860000.0,60,18.1,95,NPL,729174.0
L206555,C104908,Business Loan,Branch,2023-07-15,2218000.0,60,17.54,13,Delinquent,899734.0
L206556,C101823,Auto Loan,Partner,2023-09-09,641000.0,120,12.33,91,NPL,481929.0
L206557,C101902,Personal Loan,DSA,2026-01-13,54000.0,36,14.73,2,Delinquent,45457.0
L206558,C101771,Personal Loan,DSA,2023-05-25,383000.0,24,15.13,12,Delinquent,34253.0
L206559,C100540,Personal Loan,Digital,2024-07-03,214000.0,48,17.93,5,Delinquent,89474.0
L206560,C102349,Business Loan,Branch,2023-03-28,2760000.0,84,12.44,11,Delinquent,1559596.0
L206561,C102227,Personal Loan,DSA,2024-02-12,469000.0,24,19.46,9,Delinquent,44911.0
L206562,C100986,Personal Loan,DSA,2025-09-04,382000.0,120,16.14,3,Delinquent,342460.0
L206563,C104076,Auto Loan,Digital,2024-03-12,1752000.0,120,11.57,15,Delinquent,1238580.0
L206564,C103448,Auto Loan,Branch,2024-07-15,474000.0,48,13.73,12,Delinquent,259301.0
L206565,C101208,Home Loan,Branch,2026-01-04,2001000.0,120,10.56,99,NPL,1743097.0
L206566,C100828,Personal Loan,Branch,2024-04-23,445000.0,36,12.17,4,Delinquent,115639.0
L206567,C103091,Auto Loan,Branch,2024-12-21,614000.0,84,14.65,47,Delinquent,442347.0
L206568,C100026,Personal Loan,Digital,2024-09-17,221000.0,48,21.4,8,Delinquent,122736.0
L206569,C100756,Auto Loan,Partner,2025-05-12,1101000.0,84,12.71,141,NPL,938036.0
L206570,C102198,Personal Loan,Digital,2024-12-05,449000.0,120,19.43,7,Delinquent,380644.0
L206571,C104953,Education Loan,Digital,2025-09-24,529000.0,12,12.19,43,Delinquent,117051.0
L206572,C100383,Auto Loan,DSA,2025-11-22,207000.0,84,11.13,7,Delinquent,206894.0
L206573,C102644,Auto Loan,Digital,2026-03-30,1587000.0,36,9.63,100,NPL,1107326.0
L206574,C102813,Business Loan,Digital,2024-02-17,1010000.0,48,14.2,2,Delinquent,372722.0
L206575,C101260,Education Loan,DSA,2023-08-02,764000.0,84,12.45,2,Delinquent,410948.0
L206576,C102602,Business Loan,Branch,2023-08-13,716000.0,12,11.23,96,NPL,141528.0
L206577,C103172,Auto Loan,Partner,2025-08-03,1295000.0,84,14.81,13,Delinquent,1176615.0
L206578,C100687,Business Loan,Branch,2025-11-08,1891000.0,60,16.53,27,Delinquent,1464287.0
L206579,C104771,Personal Loan,Digital,2023-10-17,451000.0,48,15.64,0,Current,131119.0
L206580,C101230,Business Loan,Digital,2024-07-30,1661000.0,24,15.31,4,Delinquent,190542.0
L206581,C101844,Auto Loan,Digital,2023-01-24,1112000.0,36,14.07,3,Delinquent,197880.0
L206582,C100123,Auto Loan,Digital,2024-11-26,1420000.0,120,14.82,13,Delinquent,1259581.0
L206583,C102968,Business Loan,Branch,2025-04-21,1402000.0,120,16.2,6,Delinquent,1145447.0
L206584,C102970,Auto Loan,DSA,2023-07-09,1582000.0,48,9.66,55,Delinquent,353359.0
L206585,C100581,Auto Loan,Digital,2026-01-16,1583000.0,84,14.27,6,Delinquent,1380797.0
L206586,C101465,Business Loan,Digital,2025-10-31,1467000.0,60,13.18,10,Delinquent,1125472.0
L206587,C103834,Auto Loan,DSA,2026-02-23,361000.0,60,12.05,0,Current,350404.0
L206588,C103565,Personal Loan,Digital,2026-01-31,411000.0,120,16.59,11,Delinquent,411000.0
L206589,C101537,Personal Loan,Partner,2023-04-10,692000.0,12,11.44,176,NPL,68250.0
L206590,C103150,Home Loan,Branch,2024-06-21,4024000.0,84,11.46,12,Delinquent,3019700.0
L206591,C103736,Personal Loan,Branch,2024-05-25,423000.0,24,19.31,3,Delinquent,37504.0
L206592,C101868,Auto Loan,Branch,2023-01-25,1005000.0,48,12.0,0,Current,191464.0
L206593,C100879,Business Loan,Partner,2026-01-27,1466000.0,48,11.9,30,Delinquent,1202011.0
L206594,C100109,Personal Loan,DSA,2023-02-02,713000.0,48,15.69,4,Delinquent,107898.0
L206595,C104774,Business Loan,DSA,2025-04-14,2853000.0,84,12.44,0,Current,2299240.0
L206596,C101601,Business Loan,Digital,2023-12-29,603000.0,120,12.6,2,Delinquent,371142.0
L206597,C104031,Education Loan,Branch,2024-12-17,878000.0,24,8.67,10,Delinquent,141294.0
L206598,C101625,Personal Loan,Digital,2024-08-13,475000.0,120,11.97,13,Delinquent,377548.0
L206599,C103562,Home Loan,Digital,2023-09-22,5528000.0,36,11.47,4,Delinquent,507858.0
L206600,C101664,Auto Loan,Branch,2024-06-03,203000.0,48,9.76,49,Delinquent,86473.0
L206601,C103037,Business Loan,Digital,2025-04-29,2142000.0,48,11.62,20,Delinquent,1573008.0
L206602,C104768,Business Loan,Partner,2024-11-13,2638000.0,36,13.85,7,Delinquent,1097327.0
L206603,C103769,Business Loan,Branch,2023-09-27,2347000.0,36,14.72,139,NPL,291086.0
L206604,C100823,Personal Loan,DSA,2023-11-05,384000.0,84,14.48,13,Delinquent,205505.0
L206605,C102619,Home Loan,Digital,2025-04-15,3880000.0,12,11.02,11,Delinquent,428787.0
L206606,C101351,Auto Loan,Branch,2023-09-09,1423000.0,24,11.65,0,Current,205824.0
L206607,C101097,Personal Loan,Branch,2024-12-15,348000.0,48,16.69,6,Delinquent,199052.0
L206608,C104162,Education Loan,Digital,2026-03-14,787000.0,36,9.0,37,Delinquent,645896.0
L206609,C104913,Business Loan,DSA,2024-11-21,2149000.0,60,16.93,1,Delinquent,1335741.0
L206610,C104626,Business Loan,Digital,2023-12-03,463000.0,12,11.11,25,Delinquent,48132.0
L206611,C104196,Business Loan,Branch,2025-03-14,608000.0,36,13.29,1,Delinquent,367881.0
L206612,C102342,Personal Loan,Branch,2026-02-09,700000.0,84,19.1,4,Delinquent,699415.0
L206613,C102631,Home Loan,DSA,2025-02-17,3525000.0,24,8.29,0,Current,931909.0
L206614,C102701,Auto Loan,Digital,2024-11-16,1093000.0,12,12.01,6,Delinquent,188037.0
L206615,C103682,Business Loan,Digital,2025-01-06,321000.0,24,10.9,13,Delinquent,90047.0
L206616,C100265,Auto Loan,Branch,2023-03-25,552000.0,48,11.68,39,Delinquent,109333.0
L206617,C104135,Personal Loan,DSA,2023-01-29,518000.0,60,17.64,3,Delinquent,128452.0
L206618,C104041,Auto Loan,Branch,2024-12-15,1720000.0,120,11.65,10,Delinquent,1466983.0
L206619,C104976,Personal Loan,Branch,2024-07-27,408000.0,120,13.77,8,Delinquent,318468.0
L206620,C102973,Home Loan,Digital,2026-03-28,2904000.0,36,10.71,96,NPL,2694620.0
L206621,C102287,Education Loan,DSA,2024-07-26,424000.0,12,12.49,77,Delinquent,33920.0
L206622,C102396,Personal Loan,Partner,2025-10-04,321000.0,84,15.09,157,NPL,238062.0
L206623,C103101,Personal Loan,Partner,2025-03-01,161000.0,120,11.84,0,Current,141155.0
L206624,C101513,Home Loan,Digital,2023-12-31,5586000.0,12,8.89,6,Delinquent,903020.0
L206625,C103885,Business Loan,Digital,2025-11-01,2982000.0,120,12.94,14,Delinquent,2834075.0
L206626,C102219,Personal Loan,Digital,2023-04-25,220000.0,12,18.52,11,Delinquent,23312.0
L206627,C101409,Personal Loan,Digital,2025-04-15,868000.0,60,13.31,10,Delinquent,575235.0
L206628,C103677,Home Loan,Branch,2024-07-06,5668000.0,24,11.46,12,Delinquent,702203.0
L206629,C101684,Auto Loan,DSA,2025-05-17,245000.0,84,11.85,7,Delinquent,180402.0
L206630,C100404,Personal Loan,Partner,2023-04-29,843000.0,84,13.36,4,Delinquent,396346.0
L206631,C102611,Business Loan,Branch,2023-08-31,321000.0,84,14.23,59,Delinquent,198699.0
L206632,C102535,Business Loan,Branch,2023-12-24,474000.0,60,13.12,19,Delinquent,214693.0
L206633,C101458,Home Loan,Branch,2024-11-09,1810000.0,48,10.45,12,Delinquent,966873.0
L206634,C100174,Personal Loan,Digital,2026-01-06,664000.0,84,17.34,5,Delinquent,575145.0
L206635,C102379,Home Loan,Digital,2025-12-25,4869000.0,120,10.82,8,Delinquent,4432900.0
L206636,C103862,Personal Loan,Digital,2025-02-23,550000.0,24,19.3,44,Delinquent,154781.0
L206637,C104008,Home Loan,Digital,2023-05-17,5278000.0,24,10.04,77,Delinquent,912191.0
L206638,C101056,Business Loan,DSA,2025-07-29,483000.0,24,11.88,0,Current,204661.0
L206639,C102152,Personal Loan,Branch,2025-10-16,438000.0,60,13.6,11,Delinquent,370251.0
L206640,C104517,Personal Loan,DSA,2024-10-10,680000.0,48,13.38,6,Delinquent,431602.0
L206641,C101723,Personal Loan,DSA,2023-03-21,852000.0,48,11.77,14,Delinquent,93081.0
L206642,C102381,Personal Loan,Digital,2023-07-21,834000.0,12,11.59,172,NPL,141096.0
L206643,C103398,Personal Loan,Branch,2025-08-26,574000.0,24,16.22,13,Delinquent,294358.0
L206644,C102287,Home Loan,Partner,2023-06-30,3662000.0,48,10.57,159,NPL,786235.0
L206645,C104207,Business Loan,Digital,2024-02-11,1750000.0,36,10.66,46,Delinquent,359485.0
L206646,C101802,Personal Loan,Branch,2025-07-07,99000.0,120,18.3,44,Delinquent,89901.0
L206647,C102461,Personal Loan,Branch,2023-07-02,806000.0,48,11.34,19,Delinquent,198280.0
L206648,C102582,Education Loan,Partner,2024-05-30,806000.0,60,10.49,58,Delinquent,407109.0
L206649,C103722,Auto Loan,Branch,2025-04-01,734000.0,120,14.08,12,Delinquent,614447.0
L206650,C101691,Business Loan,Digital,2024-08-22,2321000.0,48,15.22,8,Delinquent,1285178.0
L206651,C101377,Home Loan,DSA,2025-11-18,1709000.0,12,11.11,40,Delinquent,411602.0
L206652,C101800,Personal Loan,Digital,2023-08-03,288000.0,24,14.67,11,Delinquent,47601.0
L206653,C101163,Personal Loan,Digital,2024-11-17,397000.0,24,11.92,14,Delinquent,78790.0
L206654,C100979,Business Loan,Branch,2024-03-10,939000.0,48,14.31,6,Delinquent,402829.0
L206655,C104097,Business Loan,Digital,2024-11-02,2799000.0,12,15.06,7,Delinquent,343292.0
L206656,C101727,Home Loan,Branch,2023-06-08,4297000.0,48,10.3,2,Delinquent,815441.0
L206657,C101351,Home Loan,Branch,2025-04-04,5723000.0,84,9.6,10,Delinquent,4702860.0
L206658,C104059,Home Loan,Branch,2023-09-03,3210000.0,48,9.29,7,Delinquent,710677.0
L206659,C103943,Personal Loan,Digital,2025-08-28,265000.0,84,21.66,4,Delinquent,217836.0
L206660,C101229,Personal Loan,Branch,2025-12-02,601000.0,48,13.68,2,Delinquent,484241.0
L206661,C101525,Education Loan,Digital,2024-02-13,417000.0,120,10.86,2,Delinquent,337990.0
L206662,C104107,Personal Loan,Branch,2025-05-10,784000.0,120,13.64,2,Delinquent,634688.0
L206663,C101390,Personal Loan,Digital,2024-10-17,416000.0,60,15.64,101,NPL,271153.0
L206664,C104307,Auto Loan,Branch,2025-10-19,604000.0,24,13.11,4,Delinquent,374377.0
L206665,C103089,Home Loan,Digital,2026-01-16,5187000.0,84,10.36,31,Delinquent,5187000.0
L206666,C103332,Education Loan,DSA,2025-11-15,921000.0,36,10.11,62,Delinquent,795289.0
L206667,C102670,Personal Loan,Branch,2023-11-08,371000.0,120,13.91,1,Delinquent,250247.0
L206668,C100154,Business Loan,DSA,2024-12-08,2354000.0,24,14.79,3,Delinquent,465407.0
L206669,C104123,Personal Loan,Digital,2023-04-22,570000.0,60,21.08,2,Delinquent,174875.0
L206670,C102806,Personal Loan,Branch,2024-01-01,219000.0,36,19.39,6,Delinquent,38355.0
L206671,C100865,Home Loan,Branch,2024-03-11,1511000.0,60,10.97,56,Delinquent,693987.0
L206672,C104166,Business Loan,Branch,2024-08-14,1877000.0,12,15.82,11,Delinquent,315045.0
L206673,C101468,Home Loan,DSA,2025-09-25,5273000.0,120,8.72,5,Delinquent,5273000.0
L206674,C101829,Personal Loan,Branch,2023-01-23,583000.0,36,17.54,41,Delinquent,54468.0
L206675,C103196,Home Loan,Partner,2024-08-14,4269000.0,24,9.51,0,Current,836168.0
L206676,C101415,Personal Loan,DSA,2025-09-07,280000.0,36,18.61,12,Delinquent,203783.0
L206677,C100033,Business Loan,Digital,2023-10-04,1349000.0,36,16.79,174,NPL,293571.0
L206678,C101607,Business Loan,Partner,2025-08-21,2350000.0,84,14.23,118,NPL,2056235.0
L206679,C103416,Auto Loan,Branch,2023-04-03,535000.0,36,9.78,3,Delinquent,85998.0
L206680,C102116,Home Loan,DSA,2024-09-01,5901000.0,120,8.42,2,Delinquent,5006094.0
L206681,C103562,Auto Loan,Branch,2026-03-29,634000.0,24,13.26,8,Delinquent,590448.0
L206682,C100351,Auto Loan,Digital,2024-03-29,897000.0,48,12.65,0,Current,364412.0
L206683,C101288,Personal Loan,Branch,2025-02-07,653000.0,84,18.87,4,Delinquent,525389.0
L206684,C101189,Home Loan,DSA,2023-07-27,1324000.0,84,8.81,4,Delinquent,764478.0
L206685,C100321,Auto Loan,Digital,2024-05-21,1023000.0,84,11.17,7,Delinquent,635886.0
L206686,C103235,Business Loan,Digital,2023-04-01,2739000.0,36,15.88,8,Delinquent,311743.0
L206687,C101052,Personal Loan,Partner,2023-05-19,120000.0,120,17.56,11,Delinquent,75055.0
L206688,C102363,Business Loan,Branch,2024-01-25,989000.0,24,14.41,4,Delinquent,177529.0
L206689,C104953,Business Loan,Partner,2026-03-23,2970000.0,84,11.09,3,Delinquent,2782576.0
L206690,C101237,Education Loan,Digital,2026-01-29,576000.0,24,9.71,0,Current,420321.0
L206691,C100974,Education Loan,DSA,2023-03-12,278000.0,48,11.97,13,Delinquent,48655.0
L206692,C104655,Personal Loan,Digital,2023-03-24,771000.0,36,17.04,8,Delinquent,83138.0
L206693,C101788,Home Loan,DSA,2025-04-05,5120000.0,84,9.76,27,Delinquent,4108283.0
L206694,C101478,Business Loan,Partner,2026-02-12,2264000.0,84,17.3,7,Delinquent,2208273.0
L206695,C103599,Business Loan,Digital,2024-08-30,2334000.0,12,12.76,27,Delinquent,369063.0
L206696,C100647,Personal Loan,DSA,2024-09-26,214000.0,60,12.32,11,Delinquent,143332.0
L206697,C101892,Auto Loan,Partner,2024-12-22,1728000.0,120,9.53,10,Delinquent,1295485.0
L206698,C100997,Business Loan,DSA,2024-06-13,2402000.0,24,13.0,3,Delinquent,386747.0
L206699,C104459,Personal Loan,Partner,2025-06-12,370000.0,84,11.02,6,Delinquent,310134.0
L206700,C101483,Personal Loan,DSA,2023-05-28,468000.0,84,21.25,140,NPL,263048.0
L206701,C102835,Home Loan,Branch,2023-03-13,3829000.0,12,10.41,13,Delinquent,324862.0
L206702,C102613,Home Loan,DSA,2023-03-27,4424000.0,12,10.44,10,Delinquent,540210.0
L206703,C102464,Auto Loan,Digital,2023-09-25,295000.0,36,14.63,49,Delinquent,26873.0
L206704,C100332,Personal Loan,Branch,2024-10-15,290000.0,24,18.21,33,Delinquent,37134.0
L206705,C101314,Business Loan,Branch,2023-11-12,2658000.0,36,13.16,47,Delinquent,666276.0
L206706,C104275,Personal Loan,Branch,2024-12-19,263000.0,24,17.31,137,NPL,43380.0
L206707,C102741,Business Loan,DSA,2023-01-23,2016000.0,84,15.42,13,Delinquent,887682.0
L206708,C104388,Personal Loan,DSA,2024-06-04,187000.0,60,12.3,6,Delinquent,92722.0
L206709,C102798,Business Loan,DSA,2023-06-26,1829000.0,24,15.61,2,Delinquent,200679.0
L206710,C101592,Personal Loan,Branch,2023-12-11,748000.0,24,14.3,4,Delinquent,104685.0
L206711,C101727,Auto Loan,Branch,2025-02-14,1371000.0,60,9.12,7,Delinquent,1009995.0
L206712,C103877,Personal Loan,Branch,2023-01-16,258000.0,120,14.76,39,Delinquent,171663.0
L206713,C101189,Home Loan,DSA,2025-07-13,5313000.0,120,11.31,6,Delinquent,4937100.0
L206714,C102999,Personal Loan,DSA,2023-11-17,821000.0,12,18.62,13,Delinquent,168428.0
L206715,C104679,Personal Loan,Partner,2025-10-30,425000.0,60,21.41,0,Current,375023.0
L206716,C104228,Auto Loan,Branch,2025-05-07,233000.0,120,9.61,3,Delinquent,214085.0
L206717,C101937,Personal Loan,DSA,2025-12-21,84000.0,120,12.71,9,Delinquent,84000.0
L206718,C101385,Education Loan,Digital,2024-12-28,419000.0,12,11.45,138,NPL,73794.0
L206719,C103109,Auto Loan,Partner,2024-05-06,1668000.0,12,11.75,11,Delinquent,254966.0
L206720,C103052,Personal Loan,DSA,2023-07-09,872000.0,120,16.61,2,Delinquent,601272.0
L206721,C103613,Education Loan,Digital,2023-03-29,251000.0,24,8.81,36,Delinquent,32303.0
L206722,C100364,Personal Loan,DSA,2025-08-10,707000.0,12,21.95,9,Delinquent,75165.0
L206723,C102700,Business Loan,Branch,2025-02-12,2964000.0,24,15.69,106,NPL,537809.0
L206724,C100048,Personal Loan,DSA,2023-06-28,179000.0,12,16.42,65,Delinquent,50798.0
L206725,C104955,Auto Loan,DSA,2023-04-25,563000.0,36,12.1,10,Delinquent,63217.0
L206726,C104374,Business Loan,Partner,2025-08-12,2329000.0,24,11.23,8,Delinquent,1279491.0
L206727,C103699,Personal Loan,Branch,2023-03-13,621000.0,12,20.96,46,Delinquent,96494.0
L206728,C101473,Auto Loan,DSA,2024-09-07,1798000.0,36,14.38,8,Delinquent,639092.0
L206729,C103732,Personal Loan,Branch,2024-01-25,841000.0,36,15.5,7,Delinquent,139943.0
L206730,C102228,Auto Loan,DSA,2025-05-10,1731000.0,84,14.68,0,Current,1435858.0
L206731,C103245,Personal Loan,Partner,2023-03-11,595000.0,24,15.37,14,Delinquent,47600.0
L206732,C101159,Personal Loan,Branch,2023-04-10,698000.0,120,16.84,9,Delinquent,471271.0
L206733,C102374,Personal Loan,Digital,2023-06-17,349000.0,12,17.14,141,NPL,65107.0
L206734,C104385,Auto Loan,Digital,2025-06-08,214000.0,36,14.76,1,Delinquent,138353.0
L206735,C100950,Education Loan,DSA,2025-05-04,301000.0,120,9.96,5,Delinquent,249393.0
L206736,C101923,Education Loan,Branch,2025-05-15,1153000.0,24,8.54,146,NPL,480774.0
L206737,C101458,Business Loan,Partner,2024-11-21,2660000.0,84,10.67,15,Delinquent,1888577.0
L206738,C100896,Business Loan,Partner,2023-07-30,355000.0,24,12.7,8,Delinquent,28400.0
L206739,C101987,Business Loan,DSA,2023-09-30,2336000.0,12,12.4,5,Delinquent,186880.0
L206740,C103040,Home Loan,Digital,2023-06-15,4348000.0,120,10.66,4,Delinquent,2599839.0
L206741,C100274,Personal Loan,Digital,2023-05-31,702000.0,84,14.33,4,Delinquent,436644.0
L206742,C101028,Auto Loan,Branch,2025-06-17,184000.0,12,11.37,15,Delinquent,28814.0
L206743,C104086,Personal Loan,DSA,2024-07-02,197000.0,48,14.43,60,Delinquent,76048.0
L206744,C101304,Business Loan,Branch,2024-05-14,1656000.0,48,15.58,47,Delinquent,794765.0
L206745,C101679,Home Loan,Branch,2023-06-26,1362000.0,60,8.42,82,Delinquent,569306.0
L206746,C103364,Personal Loan,Branch,2025-02-16,775000.0,24,20.49,4,Delinquent,228584.0
L206747,C103733,Business Loan,DSA,2025-09-24,2586000.0,36,14.31,6,Delinquent,1850051.0
L206748,C104797,Personal Loan,Digital,2023-01-11,800000.0,36,19.53,13,Delinquent,135550.0
L206749,C100795,Education Loan,DSA,2026-01-23,1047000.0,84,8.74,87,Delinquent,921158.0
L206750,C103775,Education Loan,Branch,2023-08-09,1039000.0,24,11.98,15,Delinquent,183074.0
L206751,C103619,Auto Loan,Digital,2025-12-29,342000.0,24,13.51,179,NPL,241823.0
L206752,C100621,Auto Loan,Digital,2025-06-14,961000.0,84,13.22,14,Delinquent,709085.0
L206753,C104383,Personal Loan,Digital,2025-12-04,387000.0,24,11.62,20,Delinquent,245790.0
L206754,C101563,Home Loan,Branch,2023-08-27,4829000.0,24,10.75,32,Delinquent,722942.0
L206755,C102116,Business Loan,Digital,2024-11-07,2406000.0,36,14.81,7,Delinquent,803096.0
L206756,C103982,Personal Loan,Digital,2023-04-07,335000.0,120,13.46,1,Delinquent,216816.0
L206757,C102620,Personal Loan,Partner,2024-06-21,59000.0,36,18.47,9,Delinquent,14239.0
L206758,C101376,Personal Loan,Digital,2023-07-30,134000.0,60,12.66,0,Current,40389.0
L206759,C101610,Auto Loan,Branch,2023-03-27,1424000.0,36,12.32,9,Delinquent,296457.0
L206760,C103701,Auto Loan,Branch,2025-09-25,864000.0,36,14.67,6,Delinquent,633720.0
L206761,C100917,Personal Loan,Branch,2025-06-26,111000.0,120,18.09,14,Delinquent,95666.0
L206762,C102359,Personal Loan,Branch,2024-02-20,327000.0,12,14.12,11,Delinquent,64831.0
L206763,C103738,Business Loan,DSA,2024-05-12,2571000.0,12,13.25,12,Delinquent,583601.0
L206764,C104423,Personal Loan,DSA,2024-09-28,702000.0,24,15.59,15,Delinquent,66924.0
L206765,C104131,Personal Loan,Branch,2024-12-29,643000.0,24,18.89,7,Delinquent,166937.0
L206766,C101796,Personal Loan,Partner,2024-11-23,891000.0,48,20.47,13,Delinquent,550139.0
L206767,C100994,Business Loan,Branch,2024-01-02,2847000.0,24,16.93,7,Delinquent,538154.0
L206768,C104673,Personal Loan,DSA,2024-03-23,408000.0,84,14.4,14,Delinquent,298972.0
L206769,C102988,Personal Loan,Branch,2026-04-02,823000.0,60,19.11,13,Delinquent,823000.0
L206770,C102038,Home Loan,Digital,2023-04-23,4380000.0,36,8.45,6,Delinquent,832369.0
L206771,C104510,Personal Loan,DSA,2024-04-30,229000.0,48,19.72,8,Delinquent,106716.0
L206772,C103632,Education Loan,Branch,2023-11-05,812000.0,36,12.3,4,Delinquent,110425.0
L206773,C102383,Business Loan,Branch,2023-10-20,2452000.0,48,17.0,145,NPL,658645.0
L206774,C100976,Auto Loan,DSA,2023-07-09,411000.0,120,10.63,7,Delinquent,302061.0
L206775,C100409,Home Loan,DSA,2023-04-29,3998000.0,24,8.38,9,Delinquent,471905.0
L206776,C102654,Personal Loan,Partner,2025-12-27,774000.0,36,15.29,20,Delinquent,672272.0
L206777,C100573,Auto Loan,Digital,2025-11-10,561000.0,36,9.22,4,Delinquent,408829.0
L206778,C101551,Personal Loan,Branch,2025-06-07,870000.0,24,15.96,104,NPL,451368.0
L206779,C103407,Auto Loan,Digital,2026-01-18,483000.0,60,9.35,3,Delinquent,447435.0
L206780,C100064,Personal Loan,DSA,2025-09-14,645000.0,24,21.82,0,Current,356306.0
L206781,C104948,Auto Loan,Branch,2023-06-04,431000.0,84,9.01,12,Delinquent,208122.0
L206782,C102187,Personal Loan,Branch,2025-09-01,464000.0,84,15.36,9,Delinquent,373482.0
L206783,C104351,Home Loan,DSA,2025-08-27,2990000.0,60,8.17,15,Delinquent,2520115.0
L206784,C100863,Personal Loan,DSA,2023-01-03,827000.0,48,12.17,2,Delinquent,184485.0
L206785,C102304,Personal Loan,Digital,2025-11-20,124000.0,60,15.11,0,Current,97478.0
L206786,C104793,Home Loan,DSA,2025-06-17,4634000.0,84,8.99,44,Delinquent,4098782.0
L206787,C103162,Home Loan,Branch,2026-04-07,2974000.0,48,9.58,10,Delinquent,2815608.0
L206788,C104043,Education Loan,Digital,2024-08-01,228000.0,60,9.29,7,Delinquent,151777.0
L206789,C103426,Personal Loan,DSA,2025-06-09,866000.0,36,17.3,113,NPL,568377.0
L206790,C103698,Personal Loan,Branch,2025-07-18,831000.0,24,16.96,9,Delinquent,426944.0
L206791,C101822,Home Loan,Branch,2025-03-10,1733000.0,12,9.42,17,Delinquent,290344.0
L206792,C102267,Personal Loan,Digital,2026-02-25,259000.0,24,11.34,11,Delinquent,208392.0
L206793,C100248,Business Loan,Branch,2023-06-21,2588000.0,36,16.32,1,Delinquent,364812.0
L206794,C101296,Personal Loan,Partner,2024-03-05,267000.0,12,17.42,5,Delinquent,31870.0
L206795,C100323,Business Loan,Partner,2023-04-26,1526000.0,120,10.6,13,Delinquent,1011675.0
L206796,C101622,Auto Loan,Digital,2024-12-26,1115000.0,12,14.77,14,Delinquent,129347.0
L206797,C103630,Personal Loan,DSA,2023-01-30,406000.0,36,17.59,175,NPL,52561.0
L206798,C101022,Home Loan,Partner,2024-01-01,3402000.0,60,10.78,49,Delinquent,1784752.0
L206799,C102393,Home Loan,DSA,2025-06-06,3543000.0,24,8.63,12,Delinquent,1314492.0
L206800,C102760,Home Loan,DSA,2025-12-08,2415000.0,84,8.93,15,Delinquent,2180732.0
L206801,C100820,Home Loan,Branch,2023-09-24,5105000.0,60,8.36,8,Delinquent,1796163.0
L206802,C104057,Auto Loan,DSA,2023-11-01,740000.0,60,14.31,14,Delinquent,318826.0
L206803,C103857,Auto Loan,Branch,2023-02-01,1673000.0,84,10.06,2,Delinquent,938913.0
L206804,C100938,Home Loan,Branch,2024-02-26,3691000.0,120,10.94,58,Delinquent,2796088.0
L206805,C100181,Auto Loan,Digital,2025-04-23,691000.0,48,13.58,5,Delinquent,431334.0
L206806,C100023,Business Loan,Branch,2025-12-01,1707000.0,120,11.53,12,Delinquent,1580714.0
L206807,C101465,Home Loan,Branch,2024-05-19,1909000.0,120,9.97,0,Current,1459187.0
L206808,C100629,Home Loan,Digital,2023-05-02,2560000.0,120,8.13,8,Delinquent,1657775.0
L206809,C100088,Personal Loan,Branch,2024-01-21,484000.0,120,17.7,9,Delinquent,370426.0
L206810,C102305,Personal Loan,Partner,2024-08-15,571000.0,84,11.62,56,Delinquent,398129.0
L206811,C102626,Personal Loan,Partner,2024-12-28,250000.0,120,18.98,2,Delinquent,211940.0
L206812,C100093,Home Loan,DSA,2024-11-28,2193000.0,48,11.19,139,NPL,1180380.0
L206813,C102994,Business Loan,Branch,2025-08-18,2479000.0,24,17.33,4,Delinquent,1376923.0
L206814,C102017,Personal Loan,Digital,2024-11-25,218000.0,36,18.02,89,Delinquent,112711.0
L206815,C101002,Auto Loan,Branch,2024-04-29,1714000.0,24,11.11,10,Delinquent,223034.0
L206816,C100556,Personal Loan,Digital,2023-05-25,636000.0,12,17.89,5,Delinquent,94710.0
L206817,C103796,Personal Loan,Branch,2026-01-28,701000.0,48,17.24,6,Delinquent,620992.0
L206818,C100539,Personal Loan,Digital,2023-02-17,509000.0,120,18.71,9,Delinquent,332906.0
L206819,C101003,Home Loan,Branch,2024-01-30,3783000.0,120,8.6,134,NPL,2932996.0
L206820,C103564,Personal Loan,Partner,2024-05-14,91000.0,24,19.51,23,Delinquent,17746.0
L206821,C103149,Personal Loan,Branch,2025-12-04,299000.0,36,12.18,36,Delinquent,212024.0
L206822,C104998,Auto Loan,Digital,2024-06-28,1501000.0,24,11.56,3,Delinquent,253324.0
L206823,C100203,Home Loan,Branch,2024-05-10,3076000.0,48,10.23,12,Delinquent,1377448.0
L206824,C100973,Home Loan,Digital,2026-02-05,5753000.0,12,8.57,11,Delinquent,3371152.0
L206825,C103309,Personal Loan,Partner,2024-03-13,852000.0,12,13.59,11,Delinquent,133175.0
L206826,C101148,Personal Loan,Branch,2025-06-25,733000.0,24,17.48,28,Delinquent,293786.0
L206827,C101905,Personal Loan,Branch,2023-02-08,349000.0,84,17.76,14,Delinquent,198448.0
L206828,C101483,Personal Loan,Branch,2024-12-19,67000.0,84,18.55,75,Delinquent,55626.0
L206829,C104042,Auto Loan,Digital,2025-05-24,944000.0,84,10.82,9,Delinquent,834948.0
L206830,C103926,Home Loan,Digital,2023-09-10,1897000.0,120,8.14,20,Delinquent,1474957.0
L206831,C104029,Business Loan,DSA,2025-06-30,1196000.0,12,15.06,10,Delinquent,131553.0
L206832,C102530,Business Loan,DSA,2025-12-17,2075000.0,24,10.65,2,Delinquent,1331104.0
L206833,C102439,Personal Loan,Branch,2023-03-06,127000.0,48,18.3,3,Delinquent,22538.0
L206834,C102854,Personal Loan,Partner,2023-08-21,342000.0,84,15.07,7,Delinquent,195201.0
L206835,C100337,Business Loan,DSA,2023-06-23,1719000.0,12,10.89,15,Delinquent,158960.0
L206836,C102733,Personal Loan,Digital,2026-02-10,288000.0,60,17.57,5,Delinquent,259086.0
L206837,C101383,Home Loan,Branch,2023-12-16,1882000.0,24,11.12,54,Delinquent,377837.0
L206838,C104687,Auto Loan,DSA,2026-02-09,1113000.0,36,14.22,7,Delinquent,808890.0
L206839,C100921,Auto Loan,Digital,2024-03-31,574000.0,60,12.78,47,Delinquent,321990.0
L206840,C100175,Personal Loan,Digital,2026-03-19,872000.0,36,18.81,10,Delinquent,689789.0
L206841,C104818,Personal Loan,Branch,2024-11-05,887000.0,84,19.37,15,Delinquent,659780.0
L206842,C100790,Personal Loan,Digital,2023-12-06,453000.0,36,21.84,8,Delinquent,65007.0
L206843,C102588,Personal Loan,Digital,2024-09-02,700000.0,120,17.68,13,Delinquent,544615.0
L206844,C101911,Personal Loan,Branch,2023-06-14,228000.0,24,17.96,15,Delinquent,35060.0
L206845,C101347,Auto Loan,Partner,2023-08-28,247000.0,24,14.53,12,Delinquent,57188.0
L206846,C102441,Home Loan,Branch,2025-01-24,4777000.0,60,9.09,23,Delinquent,3225105.0
L206847,C103663,Personal Loan,Branch,2025-06-22,598000.0,120,18.76,5,Delinquent,536230.0
L206848,C100570,Personal Loan,Digital,2024-05-22,77000.0,12,15.78,14,Delinquent,11802.0
L206849,C103308,Education Loan,DSA,2025-10-22,603000.0,60,11.98,53,Delinquent,510072.0
L206850,C104466,Personal Loan,Branch,2024-04-11,525000.0,120,12.42,43,Delinquent,393242.0
L206851,C101452,Personal Loan,DSA,2024-03-25,517000.0,84,14.35,7,Delinquent,312364.0
L206852,C103390,Auto Loan,Digital,2024-10-29,816000.0,84,10.0,10,Delinquent,592091.0
L206853,C104602,Personal Loan,Branch,2024-04-17,355000.0,48,21.21,9,Delinquent,181857.0
L206854,C104662,Personal Loan,Branch,2025-04-07,93000.0,36,16.59,8,Delinquent,56156.0
L206855,C103240,Personal Loan,Digital,2025-12-18,345000.0,60,12.26,1,Delinquent,293134.0
L206856,C104705,Education Loan,Digital,2024-02-03,1041000.0,48,9.76,57,Delinquent,468933.0
L206857,C103887,Auto Loan,Branch,2024-08-08,595000.0,36,9.56,9,Delinquent,146371.0
L206858,C102563,Home Loan,Digital,2024-02-07,1301000.0,36,9.88,176,NPL,216478.0
L206859,C100630,Business Loan,Digital,2024-12-09,2478000.0,12,14.78,160,NPL,198240.0
L206860,C104266,Auto Loan,Partner,2025-01-02,842000.0,120,10.26,166,NPL,771623.0
L206861,C101434,Personal Loan,DSA,2024-06-25,548000.0,24,21.22,18,Delinquent,57291.0
L206862,C103684,Home Loan,Branch,2023-03-27,3901000.0,48,9.99,81,Delinquent,766241.0
L206863,C103225,Home Loan,Digital,2026-01-16,4551000.0,48,10.48,35,Delinquent,4148253.0
L206864,C101803,Home Loan,Branch,2025-04-19,5554000.0,120,10.52,6,Delinquent,5118423.0
L206865,C103874,Business Loan,Digital,2025-05-15,1239000.0,48,11.25,6,Delinquent,851334.0
L206866,C103287,Personal Loan,Branch,2025-08-16,449000.0,84,16.73,10,Delinquent,334915.0
L206867,C103728,Personal Loan,Partner,2023-02-01,865000.0,48,16.39,3,Delinquent,137159.0
L206868,C104764,Personal Loan,Digital,2025-11-21,281000.0,84,20.31,3,Delinquent,247925.0
L206869,C101375,Personal Loan,DSA,2023-04-14,539000.0,36,21.36,11,Delinquent,75560.0
L206870,C103821,Education Loan,Digital,2025-06-23,1199000.0,60,12.99,27,Delinquent,887861.0
L206871,C100199,Home Loan,Digital,2026-02-19,3390000.0,120,10.09,14,Delinquent,3067984.0
L206872,C103548,Personal Loan,Branch,2024-08-31,275000.0,60,13.72,15,Delinquent,150927.0
L206873,C100778,Auto Loan,Branch,2025-05-08,1221000.0,36,14.85,7,Delinquent,729069.0
L206874,C101110,Business Loan,DSA,2025-11-14,1058000.0,36,10.65,80,Delinquent,787211.0
L206875,C100978,Home Loan,Partner,2024-11-10,4638000.0,48,11.0,1,Delinquent,2403158.0
L206876,C104156,Home Loan,Branch,2024-08-12,3718000.0,12,9.67,30,Delinquent,385916.0
L206877,C101870,Auto Loan,Digital,2025-08-27,1031000.0,24,13.29,41,Delinquent,508827.0
L206878,C101949,Personal Loan,Branch,2025-08-02,481000.0,48,21.93,118,NPL,316279.0
L206879,C101807,Auto Loan,Digital,2023-04-10,593000.0,24,14.83,5,Delinquent,83618.0
L206880,C103121,Auto Loan,Partner,2023-03-18,789000.0,84,11.11,30,Delinquent,389422.0
L206881,C104580,Business Loan,Branch,2025-05-05,1321000.0,36,14.24,11,Delinquent,673181.0
L206882,C103389,Business Loan,Branch,2025-04-30,2050000.0,12,14.09,81,Delinquent,328521.0
L206883,C100507,Education Loan,DSA,2025-09-02,1048000.0,48,11.15,11,Delinquent,780660.0
L206884,C102577,Personal Loan,Branch,2023-04-11,560000.0,48,11.12,5,Delinquent,103786.0
L206885,C100538,Business Loan,Branch,2023-07-07,2550000.0,24,12.7,2,Delinquent,544551.0
L206886,C100828,Auto Loan,Digital,2023-02-03,417000.0,24,9.99,3,Delinquent,52614.0
L206887,C100984,Personal Loan,DSA,2023-12-06,210000.0,48,21.73,1,Delinquent,82925.0
L206888,C103488,Education Loan,Partner,2024-08-25,359000.0,48,8.76,134,NPL,179044.0
L206889,C104378,Business Loan,Partner,2024-03-09,2129000.0,84,14.75,10,Delinquent,1468824.0
L206890,C101237,Business Loan,Digital,2023-05-24,995000.0,24,12.18,12,Delinquent,179463.0
L206891,C104712,Personal Loan,DSA,2024-10-26,899000.0,84,16.6,135,NPL,618290.0
L206892,C101327,Personal Loan,Digital,2024-01-26,275000.0,60,17.75,47,Delinquent,136578.0
L206893,C101536,Business Loan,Digital,2023-12-11,754000.0,12,14.12,11,Delinquent,123280.0
L206894,C100634,Education Loan,Branch,2025-07-18,147000.0,60,8.63,13,Delinquent,121907.0
L206895,C100234,Personal Loan,Branch,2024-01-18,424000.0,48,15.48,52,Delinquent,151741.0
L206896,C103100,Personal Loan,Digital,2024-10-22,372000.0,48,18.67,12,Delinquent,204944.0
L206897,C102038,Auto Loan,Partner,2023-03-22,1384000.0,48,13.41,14,Delinquent,133949.0
L206898,C100588,Personal Loan,Digital,2025-05-30,447000.0,24,17.53,11,Delinquent,187128.0
L206899,C102824,Auto Loan,Partner,2024-10-13,1406000.0,120,13.4,8,Delinquent,1067345.0
L206900,C101727,Education Loan,Branch,2025-07-29,581000.0,24,11.85,6,Delinquent,282211.0
L206901,C101965,Personal Loan,Branch,2023-12-28,762000.0,120,14.49,162,NPL,569750.0
L206902,C104448,Business Loan,Partner,2024-07-30,660000.0,24,13.88,3,Delinquent,149097.0
L206903,C102018,Home Loan,Branch,2024-05-29,4956000.0,24,10.09,6,Delinquent,396480.0
L206904,C102266,Personal Loan,Digital,2026-03-28,410000.0,120,20.3,2,Delinquent,410000.0
L206905,C103437,Home Loan,Branch,2023-05-02,4658000.0,60,8.48,14,Delinquent,1883385.0
L206906,C104473,Auto Loan,Partner,2023-08-31,1155000.0,24,10.45,45,Delinquent,169564.0
L206907,C103691,Business Loan,Branch,2026-03-09,1510000.0,48,17.69,92,NPL,1404209.0
L206908,C102464,Auto Loan,Partner,2023-04-12,1115000.0,36,12.82,2,Delinquent,144165.0
L206909,C101529,Education Loan,Branch,2023-11-30,836000.0,84,12.65,94,NPL,458258.0
L206910,C100895,Personal Loan,Branch,2024-01-18,171000.0,48,16.65,4,Delinquent,72339.0
L206911,C100619,Education Loan,DSA,2025-08-02,636000.0,12,9.79,6,Delinquent,98439.0
L206912,C103795,Auto Loan,Digital,2025-07-04,1244000.0,60,13.89,12,Delinquent,1003849.0
L206913,C103685,Home Loan,Branch,2025-11-07,4508000.0,84,9.67,59,Delinquent,3571879.0
L206914,C101768,Personal Loan,Digital,2023-04-26,769000.0,84,20.89,4,Delinquent,409607.0
L206915,C104694,Personal Loan,Branch,2023-09-16,327000.0,24,16.62,112,NPL,28721.0
L206916,C104833,Home Loan,Branch,2024-07-14,2034000.0,36,10.6,2,Delinquent,800211.0
L206917,C103104,Education Loan,Branch,2025-05-26,1075000.0,12,10.23,2,Delinquent,184328.0
L206918,C101311,Business Loan,Digital,2024-11-16,667000.0,48,15.11,11,Delinquent,400187.0
L206919,C102533,Personal Loan,Branch,2024-09-18,899000.0,36,18.64,16,Delinquent,266354.0
L206920,C104111,Personal Loan,DSA,2025-08-27,853000.0,120,18.97,10,Delinquent,810097.0
L206921,C102535,Home Loan,DSA,2023-08-26,3475000.0,24,11.47,47,Delinquent,545030.0
L206922,C102470,Business Loan,Branch,2025-10-12,1412000.0,12,17.45,14,Delinquent,334179.0
L206923,C102664,Business Loan,Digital,2025-03-01,676000.0,84,11.02,5,Delinquent,562619.0
L206924,C104211,Personal Loan,Digital,2023-10-14,285000.0,48,13.34,16,Delinquent,105494.0
L206925,C102054,Personal Loan,Digital,2024-06-09,123000.0,60,18.52,113,NPL,68373.0
L206926,C100916,Personal Loan,Digital,2023-11-25,228000.0,24,18.27,9,Delinquent,44464.0
L206927,C102569,Home Loan,Digital,2024-01-06,1887000.0,120,10.73,170,NPL,1398069.0
L206928,C103169,Personal Loan,Branch,2025-03-31,281000.0,12,12.72,2,Delinquent,26144.0
L206929,C104674,Personal Loan,Digital,2024-01-01,667000.0,36,16.9,15,Delinquent,112805.0
L206930,C100566,Business Loan,Branch,2025-10-28,1678000.0,24,16.47,66,Delinquent,942438.0
L206931,C104714,Home Loan,Partner,2023-04-28,3638000.0,84,11.3,9,Delinquent,1973884.0
L206932,C104028,Education Loan,Digital,2023-07-22,768000.0,24,10.41,6,Delinquent,87173.0
L206933,C103553,Business Loan,Digital,2025-12-31,2802000.0,48,12.92,10,Delinquent,2346752.0
L206934,C101179,Personal Loan,Digital,2025-05-17,116000.0,48,11.88,76,Delinquent,74236.0
L206935,C101032,Personal Loan,Branch,2024-06-11,732000.0,24,18.84,4,Delinquent,173639.0
L206936,C102138,Home Loan,Branch,2023-10-13,1818000.0,84,9.11,146,NPL,1011328.0
L206937,C100913,Auto Loan,Branch,2023-11-02,973000.0,24,13.99,3,Delinquent,138277.0
L206938,C103280,Home Loan,DSA,2023-08-05,5593000.0,120,10.88,8,Delinquent,3823195.0
L206939,C103762,Business Loan,Digital,2025-12-12,1740000.0,60,15.11,4,Delinquent,1516080.0
L206940,C102392,Business Loan,Branch,2024-02-10,2471000.0,120,17.59,17,Delinquent,1729828.0
L206941,C103459,Home Loan,Digital,2026-01-29,5013000.0,12,10.1,6,Delinquent,2429712.0
L206942,C103895,Personal Loan,Digital,2025-08-11,843000.0,120,15.98,16,Delinquent,767106.0
L206943,C104565,Personal Loan,Digital,2024-03-06,630000.0,120,20.19,4,Delinquent,482545.0
L206944,C103441,Home Loan,Branch,2025-06-10,4880000.0,48,10.29,38,Delinquent,3803450.0
L206945,C101169,Personal Loan,Partner,2024-07-26,70000.0,120,11.81,4,Delinquent,57943.0
L206946,C100653,Business Loan,Digital,2024-07-28,2799000.0,36,13.37,4,Delinquent,1163350.0
L206947,C104702,Home Loan,Digital,2025-07-12,5587000.0,48,11.32,158,NPL,4100878.0
L206948,C103868,Personal Loan,DSA,2025-05-07,604000.0,48,18.14,1,Delinquent,412740.0
L206949,C104247,Business Loan,DSA,2023-09-20,2135000.0,60,17.53,0,Current,790566.0
L206950,C102118,Auto Loan,Digital,2024-05-02,1344000.0,120,14.97,11,Delinquent,1003545.0
L206951,C100788,Personal Loan,Branch,2026-01-26,147000.0,24,20.9,11,Delinquent,110297.0
L206952,C102989,Home Loan,Branch,2023-09-10,3078000.0,60,8.99,6,Delinquent,1246978.0
L206953,C103199,Auto Loan,Branch,2025-05-05,314000.0,48,13.17,13,Delinquent,237613.0
L206954,C101083,Home Loan,DSA,2025-10-08,4696000.0,84,9.75,4,Delinquent,4134230.0
L206955,C102350,Personal Loan,Digital,2024-12-21,336000.0,48,21.78,8,Delinquent,182374.0
L206956,C102116,Auto Loan,Branch,2023-03-06,1781000.0,12,12.45,13,Delinquent,166437.0
L206957,C101299,Auto Loan,Branch,2025-10-18,1012000.0,84,9.1,115,NPL,994610.0
L206958,C104086,Personal Loan,Digital,2025-12-17,739000.0,120,19.39,10,Delinquent,708672.0
L206959,C102429,Personal Loan,Digital,2025-02-11,673000.0,120,12.35,3,Delinquent,544128.0
L206960,C104632,Auto Loan,DSA,2025-08-04,1797000.0,48,9.17,30,Delinquent,1507950.0
L206961,C100007,Personal Loan,DSA,2023-02-24,87000.0,36,19.84,13,Delinquent,11717.0
L206962,C104694,Education Loan,Branch,2025-05-18,914000.0,60,8.97,179,NPL,615403.0
L206963,C103309,Personal Loan,DSA,2025-08-23,161000.0,84,15.04,15,Delinquent,131363.0
L206964,C103501,Business Loan,Digital,2024-11-13,2885000.0,84,11.46,59,Delinquent,2140437.0
L206965,C101440,Education Loan,Digital,2024-09-20,821000.0,48,12.74,14,Delinquent,421428.0
L206966,C100395,Personal Loan,Digital,2025-08-30,612000.0,12,12.48,0,Current,100462.0
L206967,C101158,Auto Loan,DSA,2025-03-05,1786000.0,24,13.57,11,Delinquent,693278.0
L206968,C102214,Personal Loan,Branch,2023-02-03,206000.0,12,20.65,15,Delinquent,27292.0
L206969,C101690,Auto Loan,Branch,2023-08-10,266000.0,48,10.04,32,Delinquent,65306.0
L206970,C100966,Education Loan,Branch,2024-12-10,385000.0,120,11.95,7,Delinquent,307826.0
L206971,C100064,Education Loan,DSA,2024-12-27,1065000.0,60,11.38,6,Delinquent,725386.0
L206972,C103489,Home Loan,DSA,2023-11-10,3736000.0,24,9.66,10,Delinquent,1038204.0
L206973,C103335,Business Loan,Branch,2023-06-16,1244000.0,12,14.31,2,Delinquent,99825.0
L206974,C100807,Business Loan,Branch,2025-02-06,807000.0,12,12.68,8,Delinquent,64560.0
L206975,C103916,Personal Loan,Branch,2024-01-07,448000.0,36,16.66,15,Delinquent,41827.0
L206976,C104888,Business Loan,DSA,2025-03-20,2588000.0,120,15.33,1,Delinquent,2065239.0
L206977,C105000,Personal Loan,Digital,2025-03-03,258000.0,12,18.04,39,Delinquent,41303.0
L206978,C100973,Education Loan,DSA,2023-09-15,539000.0,36,10.7,0,Current,111639.0
L206979,C102136,Business Loan,DSA,2025-07-09,727000.0,36,13.32,16,Delinquent,472910.0
L206980,C100264,Home Loan,DSA,2023-07-05,1934000.0,84,10.86,9,Delinquent,1132983.0
L206981,C100062,Home Loan,Digital,2024-04-24,2328000.0,60,11.39,89,Delinquent,1267780.0
L206982,C104218,Education Loan,DSA,2024-12-05,270000.0,120,12.14,5,Delinquent,219823.0
L206983,C104841,Personal Loan,Digital,2025-11-29,206000.0,84,13.6,5,Delinquent,188415.0
L206984,C101012,Home Loan,DSA,2026-02-02,3151000.0,24,11.43,2,Delinquent,2146027.0
L206985,C102319,Home Loan,Digital,2025-04-12,4001000.0,60,9.52,0,Current,3409885.0
L206986,C100121,Home Loan,Partner,2025-03-07,1625000.0,12,10.39,12,Delinquent,228140.0
L206987,C104079,Personal Loan,Digital,2024-08-23,760000.0,60,20.41,0,Current,442805.0
L206988,C102741,Personal Loan,DSA,2024-08-03,175000.0,12,21.22,9,Delinquent,18861.0
L206989,C101461,Education Loan,Digital,2024-10-30,818000.0,60,10.15,12,Delinquent,526054.0
L206990,C104847,Business Loan,Partner,2026-01-27,1157000.0,24,11.85,9,Delinquent,881637.0
L206991,C100681,Business Loan,Branch,2025-02-20,2313000.0,60,11.34,9,Delinquent,1650379.0
L206992,C101338,Home Loan,Digital,2025-09-09,3360000.0,24,9.62,101,NPL,1845129.0
L206993,C103739,Auto Loan,Branch,2024-10-24,1587000.0,24,13.72,43,Delinquent,189875.0
L206994,C102044,Home Loan,Partner,2025-05-29,5137000.0,120,10.34,7,Delinquent,4548503.0
L206995,C103503,Auto Loan,DSA,2025-10-17,381000.0,60,10.98,139,NPL,356607.0
L206996,C101186,Business Loan,Digital,2024-06-08,819000.0,120,17.81,7,Delinquent,623907.0
L206997,C103292,Personal Loan,Digital,2025-02-13,519000.0,84,13.65,168,NPL,438694.0
L206998,C102790,Education Loan,DSA,2024-08-12,546000.0,48,10.31,135,NPL,263318.0
L206999,C100236,Business Loan,Digital,2024-09-05,1054000.0,36,15.65,10,Delinquent,373052.0
L207000,C101614,Home Loan,Branch,2023-11-14,1854000.0,36,8.86,15,Delinquent,373656.0
L207001,C101488,Education Loan,DSA,2025-10-01,916000.0,48,11.73,7,Delinquent,610732.0
L207002,C102957,Business Loan,Digital,2025-09-07,960000.0,36,13.23,13,Delinquent,701960.0
L207003,C102192,Personal Loan,Branch,2026-01-10,829000.0,12,20.67,56,Delinquent,325724.0
L207004,C102391,Personal Loan,Digital,2023-12-08,791000.0,84,20.87,40,Delinquent,485787.0
L207005,C100848,Auto Loan,Branch,2026-04-13,870000.0,24,14.44,4,Delinquent,748106.0
L207006,C104645,Business Loan,DSA,2025-04-24,1653000.0,24,10.55,3,Delinquent,693217.0
L207007,C103749,Personal Loan,Digital,2024-02-14,338000.0,24,20.0,4,Delinquent,53337.0
L207008,C103351,Home Loan,Digital,2025-11-15,5565000.0,24,8.47,0,Current,3654800.0
L207009,C101379,Home Loan,Branch,2024-11-01,4336000.0,60,8.68,9,Delinquent,2567604.0
L207010,C103413,Home Loan,DSA,2024-10-24,1498000.0,24,9.89,26,Delinquent,142493.0
L207011,C101175,Personal Loan,DSA,2025-06-27,599000.0,12,14.3,11,Delinquent,96386.0
L207012,C102433,Personal Loan,DSA,2023-07-07,323000.0,60,17.44,78,Delinquent,131166.0
L207013,C101342,Business Loan,Digital,2024-07-12,2472000.0,48,16.73,4,Delinquent,1324604.0
L207014,C101516,Personal Loan,Digital,2023-01-30,296000.0,60,17.87,14,Delinquent,91723.0
L207015,C103247,Auto Loan,Digital,2024-05-26,1127000.0,24,9.23,2,Delinquent,132123.0
L207016,C101570,Auto Loan,Branch,2025-03-18,1754000.0,120,10.47,3,Delinquent,1518086.0
L207017,C103651,Education Loan,Branch,2026-03-31,545000.0,12,12.44,13,Delinquent,344563.0
L207018,C102520,Education Loan,Digital,2023-09-27,146000.0,12,12.0,8,Delinquent,15098.0
L207019,C104906,Education Loan,DSA,2025-11-16,383000.0,36,10.06,9,Delinquent,277674.0
L207020,C100960,Auto Loan,Branch,2023-02-16,584000.0,36,11.47,7,Delinquent,46720.0
L207021,C104725,Personal Loan,DSA,2023-01-17,197000.0,120,12.0,10,Delinquent,116342.0
L207022,C100663,Personal Loan,Digital,2024-02-16,712000.0,36,21.35,106,NPL,65728.0
L207023,C102749,Home Loan,Digital,2023-12-14,5009000.0,60,8.1,22,Delinquent,2527276.0
L207024,C101862,Personal Loan,Branch,2024-11-29,473000.0,12,16.01,15,Delinquent,39083.0
L207025,C103762,Personal Loan,Digital,2023-08-21,446000.0,60,16.51,11,Delinquent,163181.0
L207026,C100653,Personal Loan,Digital,2024-10-23,506000.0,84,14.86,15,Delinquent,360797.0
L207027,C101274,Home Loan,Branch,2026-03-31,3687000.0,84,9.22,11,Delinquent,3601510.0
L207028,C101154,Auto Loan,DSA,2023-07-20,885000.0,36,14.52,15,Delinquent,143559.0
L207029,C104604,Education Loan,Partner,2024-06-01,369000.0,48,10.11,6,Delinquent,170092.0
L207030,C102676,Home Loan,Branch,2024-12-25,1221000.0,60,11.16,21,Delinquent,721054.0
L207031,C100822,Personal Loan,Branch,2024-05-30,311000.0,48,15.62,72,Delinquent,142274.0
L207032,C103951,Auto Loan,Digital,2024-05-07,581000.0,48,13.71,13,Delinquent,238131.0
L207033,C101428,Personal Loan,Partner,2023-02-15,825000.0,120,14.23,4,Delinquent,493913.0
L207034,C101124,Business Loan,Partner,2024-07-27,1502000.0,36,15.71,52,Delinquent,455277.0
L207035,C102472,Home Loan,Partner,2026-01-17,1365000.0,120,10.2,8,Delinquent,1242615.0
L207036,C103959,Personal Loan,Digital,2025-11-15,163000.0,12,21.13,14,Delinquent,27871.0
L207037,C104198,Auto Loan,Partner,2025-08-16,1724000.0,48,9.0,126,NPL,1344335.0
L207038,C100078,Home Loan,Digital,2023-04-05,1838000.0,120,10.36,0,Current,1073991.0
L207039,C104491,Auto Loan,Branch,2023-05-31,501000.0,24,14.01,12,Delinquent,114174.0
L207040,C104986,Personal Loan,DSA,2024-09-25,79000.0,12,14.81,6,Delinquent,6320.0
L207041,C101605,Personal Loan,Digital,2023-12-23,806000.0,60,15.44,55,Delinquent,410864.0
L207042,C102585,Personal Loan,DSA,2023-07-28,151000.0,60,17.28,13,Delinquent,57581.0
L207043,C101882,Business Loan,Digital,2023-08-10,1463000.0,48,16.55,1,Delinquent,484627.0
L207044,C102380,Personal Loan,DSA,2023-08-08,357000.0,120,21.44,11,Delinquent,220677.0
L207045,C103262,Personal Loan,Branch,2023-04-21,725000.0,36,11.77,6,Delinquent,150353.0
L207046,C103253,Auto Loan,Branch,2025-01-02,464000.0,36,10.11,8,Delinquent,238948.0
L207047,C102374,Auto Loan,DSA,2024-05-11,1687000.0,36,10.88,4,Delinquent,408581.0
L207048,C102376,Personal Loan,Digital,2025-03-14,476000.0,48,13.98,9,Delinquent,336102.0
L207049,C102443,Education Loan,Branch,2023-09-15,340000.0,60,11.23,167,NPL,124733.0
L207050,C102041,Auto Loan,Digital,2024-12-28,970000.0,84,13.81,13,Delinquent,767583.0
L207051,C100617,Education Loan,DSA,2023-08-10,952000.0,36,12.82,7,Delinquent,110448.0
L207052,C101855,Personal Loan,Partner,2026-01-13,867000.0,24,11.19,15,Delinquent,622188.0
L207053,C103578,Auto Loan,DSA,2023-07-26,852000.0,60,11.26,12,Delinquent,362065.0
L207054,C104890,Home Loan,DSA,2025-08-11,2064000.0,24,8.73,59,Delinquent,1015410.0
L207055,C104064,Home Loan,DSA,2025-04-02,4486000.0,24,10.65,3,Delinquent,1320704.0
L207056,C104308,Personal Loan,Branch,2023-08-27,528000.0,12,18.78,5,Delinquent,69698.0
L207057,C103916,Personal Loan,Digital,2023-04-19,683000.0,24,16.38,11,Delinquent,92740.0
L207058,C102513,Business Loan,Digital,2025-02-02,1859000.0,12,12.94,6,Delinquent,271974.0
L207059,C103411,Business Loan,Partner,2023-02-21,589000.0,60,12.32,11,Delinquent,193215.0
L207060,C104183,Personal Loan,Branch,2025-01-14,409000.0,24,21.65,135,NPL,91298.0
L207061,C101115,Personal Loan,Partner,2025-03-25,834000.0,12,16.19,14,Delinquent,156662.0
L207062,C100746,Personal Loan,DSA,2025-02-14,352000.0,60,20.43,10,Delinquent,248116.0
L207063,C101332,Auto Loan,Branch,2026-03-17,1101000.0,120,10.99,4,Delinquent,953487.0
L207064,C102648,Personal Loan,Digital,2024-05-29,67000.0,12,14.27,15,Delinquent,9595.0
L207065,C103932,Business Loan,Branch,2024-08-24,2300000.0,24,10.63,4,Delinquent,434420.0
L207066,C102251,Personal Loan,Digital,2026-02-11,709000.0,84,19.16,11,Delinquent,709000.0
L207067,C104915,Auto Loan,Digital,2025-10-29,529000.0,84,11.79,5,Delinquent,411380.0
L207068,C101625,Business Loan,DSA,2024-07-10,2855000.0,36,13.57,10,Delinquent,833565.0
L207069,C102310,Personal Loan,Digital,2024-05-22,479000.0,48,17.88,10,Delinquent,229690.0
L207070,C104593,Business Loan,DSA,2025-08-05,2342000.0,48,15.78,163,NPL,1712610.0
L207071,C100854,Business Loan,Digital,2024-11-09,1137000.0,48,12.04,39,Delinquent,557207.0
L207072,C104163,Home Loan,Partner,2024-07-31,5425000.0,36,8.6,7,Delinquent,1674097.0
L207073,C100756,Personal Loan,Partner,2025-09-05,587000.0,84,12.6,22,Delinquent,514969.0
L207074,C104536,Auto Loan,Digital,2025-08-02,1717000.0,60,11.7,0,Current,1409655.0
L207075,C101617,Personal Loan,Branch,2024-05-12,808000.0,48,14.96,9,Delinquent,265942.0
L207076,C103177,Education Loan,Partner,2024-04-19,186000.0,84,9.39,3,Delinquent,130479.0
L207077,C103559,Auto Loan,DSA,2025-03-13,1222000.0,24,13.52,3,Delinquent,405184.0
L207078,C101882,Business Loan,Partner,2023-01-01,804000.0,12,13.25,9,Delinquent,121367.0
L207079,C102752,Auto Loan,Branch,2025-07-27,1100000.0,36,13.57,17,Delinquent,678055.0
L207080,C103785,Personal Loan,DSA,2024-08-22,549000.0,120,15.32,35,Delinquent,483493.0
L207081,C104380,Home Loan,Branch,2025-11-15,1257000.0,84,10.56,105,NPL,1105652.0
L207082,C100543,Business Loan,Digital,2024-10-19,1777000.0,60,17.86,74,Delinquent,1148192.0
L207083,C102478,Home Loan,DSA,2024-04-10,3106000.0,48,11.12,4,Delinquent,1331717.0
L207084,C104266,Personal Loan,Digital,2023-05-19,327000.0,60,15.34,58,Delinquent,126379.0
L207085,C102780,Education Loan,Branch,2023-01-02,445000.0,120,11.61,9,Delinquent,283532.0
L207086,C100144,Personal Loan,Digital,2025-03-09,755000.0,48,13.1,2,Delinquent,491726.0
L207087,C100628,Business Loan,Branch,2023-08-27,1161000.0,36,11.57,0,Current,170718.0
L207088,C104092,Personal Loan,Digital,2025-10-21,314000.0,12,19.09,43,Delinquent,45000.0
L207089,C102117,Business Loan,Branch,2024-08-16,499000.0,12,16.01,7,Delinquent,39920.0
L207090,C103520,Auto Loan,Digital,2025-11-08,680000.0,48,14.12,9,Delinquent,579961.0
L207091,C104464,Personal Loan,Digital,2024-07-12,91000.0,60,15.02,5,Delinquent,53200.0
L207092,C100443,Personal Loan,Partner,2024-03-28,355000.0,24,12.31,25,Delinquent,54277.0
L207093,C102276,Personal Loan,Digital,2023-06-18,154000.0,24,11.28,14,Delinquent,30702.0
L207094,C100735,Auto Loan,Digital,2024-05-07,1211000.0,48,13.05,6,Delinquent,513997.0
L207095,C104212,Personal Loan,Partner,2025-09-11,337000.0,24,21.39,0,Current,200396.0
L207096,C102262,Personal Loan,Partner,2025-10-27,896000.0,120,16.55,12,Delinquent,784964.0
L207097,C104384,Auto Loan,DSA,2024-07-27,491000.0,120,9.61,1,Delinquent,437721.0
L207098,C101500,Education Loan,Digital,2026-04-12,626000.0,48,12.18,7,Delinquent,626000.0
L207099,C100727,Personal Loan,Branch,2023-02-13,190000.0,84,21.53,8,Delinquent,104298.0
L207100,C104337,Auto Loan,Digital,2023-03-05,866000.0,24,12.56,0,Current,184177.0
L207101,C103066,Business Loan,DSA,2023-03-15,2978000.0,12,15.87,3,Delinquent,450558.0
L207102,C100965,Auto Loan,Partner,2023-03-16,1673000.0,48,11.08,9,Delinquent,344705.0
L207103,C103472,Education Loan,Branch,2023-01-06,1144000.0,84,11.4,2,Delinquent,532787.0
L207104,C102086,Auto Loan,Branch,2023-03-07,1118000.0,36,11.4,175,NPL,242212.0
L207105,C100234,Auto Loan,Partner,2025-08-14,1514000.0,24,14.07,52,Delinquent,661310.0
L207106,C101303,Business Loan,Partner,2024-07-08,864000.0,120,13.39,1,Delinquent,639511.0
L207107,C103751,Personal Loan,DSA,2025-07-26,775000.0,48,21.81,15,Delinquent,628699.0
L207108,C100636,Auto Loan,Branch,2025-07-30,1073000.0,36,13.29,82,Delinquent,678231.0
L207109,C101689,Auto Loan,DSA,2025-04-09,729000.0,24,12.45,170,NPL,248367.0
L207110,C101299,Personal Loan,Digital,2023-04-23,182000.0,84,13.77,8,Delinquent,79140.0
L207111,C103665,Home Loan,Digital,2023-05-27,1424000.0,24,10.54,11,Delinquent,239291.0
L207112,C104300,Business Loan,Branch,2025-04-06,1111000.0,48,14.22,6,Delinquent,686638.0
L207113,C103938,Personal Loan,Branch,2026-02-19,282000.0,12,15.04,4,Delinquent,141414.0
L207114,C103578,Home Loan,Digital,2023-07-25,4618000.0,24,9.45,5,Delinquent,547360.0
L207115,C100448,Personal Loan,Branch,2025-01-31,737000.0,120,11.16,7,Delinquent,599388.0
L207116,C104572,Personal Loan,Digital,2023-02-09,845000.0,60,14.53,13,Delinquent,246476.0
L207117,C100810,Home Loan,Branch,2023-08-27,5353000.0,24,10.15,2,Delinquent,752098.0
L207118,C102027,Personal Loan,Digital,2024-12-15,271000.0,12,21.32,3,Delinquent,22482.0
L207119,C104139,Home Loan,Partner,2025-02-23,2339000.0,36,9.33,15,Delinquent,1284296.0
L207120,C101203,Personal Loan,DSA,2024-12-13,356000.0,84,14.16,144,NPL,259222.0
L207121,C101085,Education Loan,Branch,2024-06-26,142000.0,60,10.38,11,Delinquent,82163.0
L207122,C100132,Business Loan,DSA,2023-12-06,2896000.0,120,14.27,6,Delinquent,2302067.0
L207123,C101792,Personal Loan,Branch,2025-08-17,95000.0,84,14.76,6,Delinquent,78094.0
L207124,C102476,Personal Loan,Digital,2024-01-22,214000.0,48,15.33,1,Delinquent,86596.0
L207125,C102337,Personal Loan,Branch,2025-05-04,207000.0,120,13.47,11,Delinquent,173503.0
L207126,C100199,Personal Loan,Partner,2024-02-29,681000.0,24,11.55,14,Delinquent,126298.0
L207127,C101025,Auto Loan,Branch,2024-09-12,1292000.0,24,12.13,6,Delinquent,112168.0
L207128,C100022,Auto Loan,Partner,2026-01-20,927000.0,24,9.66,12,Delinquent,693282.0
L207129,C101125,Auto Loan,DSA,2024-04-21,1078000.0,60,12.12,8,Delinquent,496120.0
L207130,C103024,Business Loan,Digital,2025-11-05,343000.0,84,10.72,10,Delinquent,298305.0
L207131,C100044,Business Loan,Partner,2023-03-14,1156000.0,60,14.97,7,Delinquent,315443.0
L207132,C100825,Home Loan,Digital,2024-09-25,4208000.0,24,9.1,15,Delinquent,702480.0
L207133,C102721,Auto Loan,DSA,2024-09-06,945000.0,84,13.78,5,Delinquent,688677.0
L207134,C102799,Home Loan,DSA,2026-03-02,2107000.0,48,10.48,14,Delinquent,1906810.0
L207135,C104482,Auto Loan,Branch,2023-11-14,1697000.0,120,14.27,4,Delinquent,1272352.0
L207136,C102868,Personal Loan,Branch,2024-11-29,76000.0,120,19.89,7,Delinquent,62393.0
L207137,C104630,Personal Loan,Partner,2024-12-05,892000.0,12,14.9,5,Delinquent,204371.0
L207138,C103620,Personal Loan,Branch,2023-05-02,853000.0,84,14.59,12,Delinquent,402915.0
L207139,C102753,Personal Loan,Partner,2026-04-08,370000.0,12,21.85,2,Delinquent,247180.0
L207140,C101916,Home Loan,Branch,2024-08-07,2100000.0,12,9.7,34,Delinquent,328148.0
L207141,C100557,Auto Loan,Digital,2024-06-07,556000.0,24,14.39,7,Delinquent,98303.0
L207142,C103526,Home Loan,Digital,2025-12-09,3581000.0,60,8.88,179,NPL,3170089.0
L207143,C104691,Education Loan,Digital,2023-03-23,436000.0,120,11.82,2,Delinquent,285491.0
L207144,C101830,Personal Loan,Partner,2025-03-06,198000.0,12,16.87,15,Delinquent,30448.0
L207145,C101778,Education Loan,Branch,2023-01-24,1042000.0,120,11.37,11,Delinquent,677471.0
L207146,C100489,Personal Loan,Digital,2026-02-17,258000.0,36,13.91,10,Delinquent,223124.0
L207147,C102989,Personal Loan,Branch,2025-08-30,889000.0,24,20.75,131,NPL,474954.0
L207148,C101550,Personal Loan,Branch,2024-09-29,760000.0,36,17.9,7,Delinquent,287199.0
L207149,C100051,Personal Loan,Branch,2024-04-15,755000.0,12,19.14,4,Delinquent,97037.0
L207150,C100038,Personal Loan,Digital,2025-12-30,193000.0,48,21.38,85,Delinquent,168457.0
L207151,C101678,Auto Loan,Digital,2023-10-22,1596000.0,60,11.25,3,Delinquent,761064.0
L207152,C102313,Personal Loan,Branch,2025-07-08,740000.0,60,21.92,2,Delinquent,522202.0
L207153,C102286,Personal Loan,Partner,2024-05-11,410000.0,60,14.2,5,Delinquent,245935.0
L207154,C103702,Personal Loan,Digital,2025-09-14,683000.0,120,13.58,11,Delinquent,625448.0
L207155,C102641,Auto Loan,DSA,2025-06-16,584000.0,48,9.02,7,Delinquent,416333.0
L207156,C103924,Home Loan,Branch,2026-04-04,2328000.0,24,10.29,112,NPL,2050847.0
L207157,C101486,Personal Loan,DSA,2024-12-26,728000.0,24,17.38,76,Delinquent,178056.0
L207158,C101161,Personal Loan,Branch,2023-12-29,619000.0,60,21.48,2,Delinquent,277652.0
L207159,C102698,Auto Loan,Digital,2025-11-30,1122000.0,60,9.65,34,Delinquent,1033219.0
L207160,C100529,Auto Loan,DSA,2025-01-23,1584000.0,24,10.13,7,Delinquent,376576.0
L207161,C103823,Home Loan,DSA,2025-04-24,3474000.0,60,10.02,171,NPL,2397565.0
L207162,C100928,Home Loan,Digital,2023-11-04,4235000.0,36,10.07,2,Delinquent,489343.0
L207163,C104576,Personal Loan,DSA,2024-09-28,850000.0,12,15.25,0,Current,161072.0
L207164,C104919,Home Loan,Digital,2025-10-21,2566000.0,84,9.65,12,Delinquent,2282876.0
L207165,C102688,Auto Loan,Branch,2024-03-16,687000.0,36,14.64,76,Delinquent,78221.0
L207166,C101561,Business Loan,Digital,2024-12-04,2298000.0,12,17.15,9,Delinquent,507122.0
L207167,C101694,Personal Loan,Partner,2023-09-05,369000.0,120,12.27,148,NPL,278891.0
L207168,C102147,Auto Loan,Branch,2023-07-31,794000.0,12,13.5,11,Delinquent,147249.0
L207169,C102397,Home Loan,DSA,2025-07-14,2611000.0,24,8.69,115,NPL,1190389.0
L207170,C100379,Auto Loan,DSA,2024-05-20,576000.0,36,11.97,21,Delinquent,173408.0
L207171,C100988,Auto Loan,Digital,2023-09-04,1582000.0,48,12.27,50,Delinquent,302998.0
L207172,C103947,Business Loan,Digital,2023-08-07,765000.0,48,10.69,124,NPL,135027.0
L207173,C100264,Personal Loan,Branch,2023-05-30,549000.0,36,13.49,111,NPL,78971.0
L207174,C102243,Personal Loan,Branch,2024-07-03,538000.0,36,11.27,12,Delinquent,157308.0
L207175,C104376,Personal Loan,Digital,2024-01-08,646000.0,84,15.52,54,Delinquent,408829.0
L207176,C100437,Home Loan,Digital,2023-04-04,3835000.0,60,9.2,12,Delinquent,810180.0
L207177,C104628,Home Loan,Branch,2024-07-31,4371000.0,48,9.5,14,Delinquent,2172671.0
L207178,C102365,Auto Loan,Digital,2026-03-04,705000.0,84,14.15,51,Delinquent,587902.0
L207179,C102117,Auto Loan,Digital,2026-03-20,250000.0,48,9.95,5,Delinquent,232108.0
L207180,C103567,Auto Loan,Branch,2024-12-16,454000.0,60,9.8,43,Delinquent,256216.0
L207181,C103887,Auto Loan,DSA,2024-11-24,1345000.0,60,10.61,3,Delinquent,961523.0
L207182,C102366,Personal Loan,Digital,2026-04-03,249000.0,84,13.7,142,NPL,242473.0
L207183,C100416,Personal Loan,Digital,2025-06-27,203000.0,36,17.64,19,Delinquent,132554.0
L207184,C104844,Personal Loan,Digital,2023-07-28,98000.0,48,20.1,10,Delinquent,23368.0
L207185,C100045,Business Loan,Digital,2024-09-23,1034000.0,24,10.76,21,Delinquent,195754.0
L207186,C104359,Personal Loan,Digital,2024-04-06,722000.0,48,16.2,5,Delinquent,337088.0
L207187,C102171,Personal Loan,DSA,2023-06-24,497000.0,12,14.77,15,Delinquent,39760.0
L207188,C102575,Personal Loan,DSA,2026-01-22,759000.0,12,19.12,17,Delinquent,286987.0
L207189,C103826,Auto Loan,DSA,2024-12-07,1608000.0,36,9.33,1,Delinquent,785874.0
L207190,C104703,Education Loan,Branch,2025-04-10,631000.0,120,11.81,0,Current,528712.0
L207191,C100753,Business Loan,DSA,2025-08-08,2677000.0,60,14.92,23,Delinquent,2110364.0
L207192,C104057,Personal Loan,Branch,2023-03-26,871000.0,60,14.22,11,Delinquent,302897.0
L207193,C103306,Auto Loan,Branch,2024-01-15,1691000.0,84,9.51,150,NPL,1183150.0
L207194,C101842,Personal Loan,Branch,2025-11-25,869000.0,24,16.23,31,Delinquent,596111.0
L207195,C102129,Business Loan,DSA,2023-09-01,2487000.0,120,15.9,5,Delinquent,1896991.0
L207196,C103858,Personal Loan,Digital,2023-08-15,433000.0,60,12.93,51,Delinquent,180642.0
L207197,C100701,Personal Loan,DSA,2025-01-09,652000.0,36,21.8,24,Delinquent,283485.0
L207198,C102530,Home Loan,Digital,2023-11-11,2118000.0,48,11.18,13,Delinquent,745719.0
L207199,C103611,Home Loan,Partner,2025-09-24,4523000.0,36,9.45,8,Delinquent,2782606.0
L207200,C102696,Education Loan,Digital,2025-05-28,521000.0,36,11.2,9,Delinquent,346310.0
