repayment_id,loan_id,due_date,amount_due,amount_paid,payment_status
R300001,L200001,2024-07-06,96062.0,68053.0,Partial
R300002,L200002,2025-06-14,88000.0,60013.0,Partial
R300003,L200003,2025-01-28,6767.0,6060.0,Partial
R300004,L200004,2023-07-07,67833.0,55534.0,Partial
R300005,L200005,2027-04-05,6042.0,1202.0,Partial
R300006,L200006,2025-07-12,32833.0,25775.0,Partial
R300007,L200007,2028-01-03,12810.0,6683.0,Partial
R300008,L200008,2026-04-12,92542.0,87821.0,Partial
R300009,L200009,2026-10-16,14650.0,12254.0,Partial
R300010,L200010,2025-06-09,11800.0,3001.0,Partial
R300011,L200011,2024-05-03,18694.0,1305.0,Partial
R300012,L200012,2026-08-28,1167.0,773.0,Partial
R300013,L200013,2025-07-19,5286.0,3658.0,Partial
R300014,L200014,2025-06-15,9417.0,7485.0,Partial
R300015,L200015,2028-09-28,8258.0,6230.0,Partial
R300016,L200016,2025-07-01,5560.0,4533.0,Partial
R300017,L200017,2025-02-14,10500.0,8443.0,Partial
R300018,L200018,2026-08-13,16100.0,15518.0,Partial
R300019,L200019,2023-11-08,36208.0,23946.0,Partial
R300020,L200020,2025-10-12,20611.0,16750.0,Partial
R300021,L200021,2025-04-17,43444.0,34901.0,Partial
R300022,L200022,2027-08-29,11650.0,7595.0,Partial
R300023,L200023,2025-08-13,146861.0,138352.0,Partial
R300024,L200024,2025-05-11,32375.0,15807.0,Partial
R300025,L200025,2026-10-12,116833.0,70927.0,Partial
R300026,L200026,2027-09-12,3333.0,2902.0,Partial
R300027,L200027,2025-02-16,11083.0,9777.0,Partial
R300028,L200028,2026-06-30,63271.0,28759.0,Partial
R300029,L200029,2025-08-22,36188.0,32772.0,Partial
R300030,L200030,2027-08-07,3905.0,2352.0,Partial
R300031,L200031,2024-09-02,36208.0,24609.0,Partial
R300032,L200032,2025-01-06,23639.0,15273.0,Partial
R300033,L200033,2026-01-19,64417.0,55323.0,Partial
R300034,L200034,2025-01-08,36042.0,31055.0,Partial
R300035,L200035,2027-01-17,10964.0,4856.0,Partial
R300036,L200036,2024-09-15,29042.0,26486.0,Partial
R300037,L200037,2026-06-06,4988.0,4445.0,Partial
R300038,L200038,2026-06-14,104958.0,75205.0,Partial
R300039,L200039,2027-01-16,11536.0,7220.0,Partial
R300040,L200040,2024-12-23,14944.0,13048.0,Partial
R300041,L200041,2024-09-27,8667.0,7695.0,Partial
R300042,L200042,2026-06-12,53800.0,50117.0,Partial
R300043,L200043,2025-10-15,6283.0,4094.0,Partial
R300044,L200044,2027-01-05,17056.0,11743.0,Partial
R300045,L200045,2024-02-17,27444.0,18527.0,Partial
R300046,L200046,2026-11-20,19717.0,16656.0,Partial
R300047,L200047,2027-07-18,9233.0,8069.0,Partial
R300048,L200048,2025-03-12,22958.0,16972.0,Partial
R300049,L200049,2026-08-29,20229.0,14178.0,Partial
R300050,L200050,2025-01-07,497250.0,404410.0,Partial
R300051,L200051,2023-07-29,53333.0,45565.0,Partial
R300052,L200052,2026-08-15,20267.0,18540.0,Partial
R300053,L200053,2024-03-30,85625.0,55438.0,Partial
R300054,L200054,2026-10-12,5333.0,5253.0,Partial
R300055,L200055,2024-02-14,212000.0,181267.0,Partial
R300056,L200056,2027-11-28,22476.0,17939.0,Partial
R300057,L200057,2024-09-26,30500.0,28218.0,Partial
R300058,L200058,2026-05-03,19238.0,14774.0,Partial
R300059,L200059,2024-04-27,43854.0,31356.0,Partial
R300060,L200060,2028-04-27,3702.0,931.0,Partial
R300061,L200061,2026-02-16,27292.0,2843.0,Partial
R300062,L200062,2024-02-21,81083.0,51955.0,Partial
R300063,L200063,2026-05-26,17150.0,12843.0,Partial
R300064,L200064,2026-03-17,2179.0,512.0,Partial
R300065,L200065,2026-04-06,26417.0,24467.0,Partial
R300066,L200066,2024-10-02,15183.0,9477.0,Partial
R300067,L200067,2027-06-22,22717.0,14702.0,Partial
R300068,L200068,2027-04-23,43408.0,30053.0,Partial
R300069,L200069,2026-07-11,7833.0,6709.0,Partial
R300070,L200070,2026-01-01,16650.0,13883.0,Partial
R300071,L200071,2026-08-18,3950.0,2715.0,Partial
R300072,L200072,2024-02-14,68500.0,60548.0,Partial
R300073,L200073,2028-01-06,3155.0,2592.0,Partial
R300074,L200074,2024-05-10,13354.0,11830.0,Partial
R300075,L200075,2023-10-07,14417.0,12749.0,Partial
R300076,L200076,2024-09-04,73633.0,69398.0,Partial
R300077,L200077,2024-02-24,81111.0,50738.0,Partial
R300078,L200078,2029-04-27,46575.0,41723.0,Partial
R300079,L200079,2029-07-16,3267.0,2462.0,Partial
R300080,L200080,2026-01-26,58542.0,43034.0,Partial
R300081,L200081,2025-08-08,10643.0,8759.0,Partial
R300082,L200082,2026-04-13,10361.0,8687.0,Partial
R300083,L200083,2026-03-13,34333.0,29024.0,Partial
R300084,L200084,2027-11-18,36679.0,30999.0,Partial
R300085,L200085,2026-10-08,8479.0,7834.0,Partial
R300086,L200086,2026-12-04,36433.0,28784.0,Partial
R300087,L200087,2025-02-09,63875.0,55821.0,Partial
R300088,L200088,2024-07-07,18312.0,17273.0,Partial
R300089,L200089,2028-01-03,7750.0,6683.0,Partial
R300090,L200090,2028-05-04,19905.0,16216.0,Partial
R300091,L200091,2027-12-06,8683.0,5841.0,Partial
R300092,L200092,2024-09-26,73333.0,57742.0,Partial
R300093,L200093,2028-04-25,5238.0,3690.0,Partial
R300094,L200094,2025-06-23,116083.0,112882.0,Partial
R300095,L200095,2026-07-08,29774.0,2289.0,Partial
R300096,L200096,2026-11-24,19639.0,12426.0,Partial
R300097,L200097,2026-09-14,27875.0,18285.0,Partial
R300098,L200098,2024-01-01,49250.0,34397.0,Partial
R300099,L200099,2027-03-11,13383.0,11556.0,Partial
R300100,L200100,2027-04-25,11608.0,11079.0,Partial
R300101,L200101,2024-07-05,18444.0,14799.0,Partial
R300102,L200102,2029-02-04,2400.0,2277.0,Partial
R300103,L200103,2028-07-01,5036.0,4373.0,Partial
R300104,L200104,2026-05-08,6800.0,6385.0,Partial
R300105,L200105,2026-08-26,3500.0,3310.0,Partial
R300106,L200106,2025-05-14,19472.0,17306.0,Partial
R300107,L200107,2028-07-27,8179.0,4937.0,Partial
R300108,L200108,2027-10-12,14417.0,13575.0,Partial
R300109,L200109,2028-09-30,2700.0,2281.0,Partial
R300110,L200110,2029-03-16,32367.0,27271.0,Partial
R300111,L200111,2026-09-23,20367.0,15817.0,Partial
R300112,L200112,2029-03-14,46225.0,46460.0,Paid
R300113,L200113,2026-01-16,16750.0,11524.0,Partial
R300114,L200114,2024-09-06,11472.0,8818.0,Partial
R300115,L200115,2027-05-17,9000.0,9108.0,Paid
R300116,L200116,2027-06-01,38017.0,9277.0,Partial
R300117,L200117,2024-10-03,14438.0,10964.0,Partial
R300118,L200118,2025-10-25,121750.0,94870.0,Partial
R300119,L200119,2028-03-13,54988.0,49685.0,Partial
R300120,L200120,2026-11-30,1017.0,777.0,Partial
R300121,L200121,2025-03-29,117167.0,87855.0,Partial
R300122,L200122,2023-10-25,160458.0,125659.0,Partial
R300123,L200123,2026-12-06,65024.0,39203.0,Partial
R300124,L200124,2027-02-15,4179.0,3606.0,Partial
R300125,L200125,2029-01-20,2125.0,1890.0,Partial
R300126,L200126,2025-05-12,28967.0,20415.0,Partial
R300127,L200127,2025-12-23,9881.0,6794.0,Partial
R300128,L200128,2026-05-17,204250.0,189605.0,Partial
R300129,L200129,2027-01-25,93667.0,72316.0,Partial
R300130,L200130,2026-02-27,12417.0,7858.0,Partial
R300131,L200131,2024-10-16,119500.0,111237.0,Partial
R300132,L200132,2026-05-05,16500.0,10207.0,Partial
R300133,L200133,2023-10-30,74500.0,64492.0,Partial
R300134,L200134,2027-01-31,4900.0,3492.0,Partial
R300135,L200135,2025-02-09,72667.0,68029.0,Partial
R300136,L200136,2025-09-12,31104.0,20180.0,Partial
R300137,L200137,2025-11-19,65690.0,57043.0,Partial
R300138,L200138,2025-01-25,67750.0,64312.0,Partial
R300139,L200139,2026-02-17,45361.0,34630.0,Partial
R300140,L200140,2027-12-20,31429.0,22299.0,Partial
R300141,L200141,2026-05-20,60479.0,39075.0,Partial
R300142,L200142,2028-04-17,46942.0,8263.0,Partial
R300143,L200143,2025-02-26,282667.0,182717.0,Partial
R300144,L200144,2024-09-07,11854.0,10985.0,Partial
R300145,L200145,2025-11-27,12083.0,8713.0,Partial
R300146,L200146,2027-10-07,6642.0,5556.0,Partial
R300147,L200147,2026-01-13,9146.0,6968.0,Partial
R300148,L200148,2024-12-15,33972.0,26378.0,Partial
R300149,L200149,2026-02-06,66167.0,42724.0,Partial
R300150,L200150,2025-10-03,12083.0,9709.0,Partial
R300151,L200151,2024-08-29,2250.0,2044.0,Partial
R300152,L200152,2027-10-30,5933.0,4827.0,Partial
R300153,L200153,2025-12-27,219417.0,148297.0,Partial
R300154,L200154,2024-01-22,2194.0,2212.0,Paid
R300155,L200155,2024-06-13,39250.0,33020.0,Partial
R300156,L200156,2026-12-20,2158.0,1597.0,Partial
R300157,L200157,2025-01-15,53222.0,37487.0,Partial
R300158,L200158,2028-06-15,21033.0,15697.0,Partial
R300159,L200159,2025-01-06,3375.0,2633.0,Partial
R300160,L200160,2026-02-07,15917.0,10197.0,Partial
R300161,L200161,2026-07-16,15583.0,5401.0,Partial
R300162,L200162,2025-06-22,24464.0,22644.0,Partial
R300163,L200163,2029-03-12,1467.0,1385.0,Partial
R300164,L200164,2027-04-07,57762.0,45511.0,Partial
R300165,L200165,2027-04-06,7183.0,6600.0,Partial
R300166,L200166,2025-08-21,16056.0,13084.0,Partial
R300167,L200167,2026-07-28,83250.0,50730.0,Partial
R300168,L200168,2024-10-22,28083.0,21597.0,Partial
R300169,L200169,2026-06-15,99208.0,76002.0,Partial
R300170,L200170,2026-04-17,2958.0,2811.0,Partial
R300171,L200171,2028-02-21,12107.0,8208.0,Partial
R300172,L200172,2025-06-01,51167.0,44736.0,Partial
R300173,L200173,2025-08-13,39917.0,28109.0,Partial
R300174,L200174,2026-07-19,2361.0,1733.0,Partial
R300175,L200175,2025-11-02,28964.0,27238.0,Partial
R300176,L200176,2023-10-07,126917.0,85314.0,Partial
R300177,L200177,2026-11-01,7786.0,7346.0,Partial
R300178,L200178,2027-02-02,16500.0,14525.0,Partial
R300179,L200179,2025-05-27,12917.0,9610.0,Partial
R300180,L200180,2026-02-04,22812.0,19127.0,Partial
R300181,L200181,2027-08-05,41142.0,26988.0,Partial
R300182,L200182,2026-10-22,5562.0,3545.0,Partial
R300183,L200183,2026-04-14,109833.0,70767.0,Partial
R300184,L200184,2028-07-05,19952.0,13907.0,Partial
R300185,L200185,2027-03-03,9008.0,7855.0,Partial
R300186,L200186,2027-02-24,2658.0,1922.0,Partial
R300187,L200187,2026-09-11,29417.0,23217.0,Partial
R300188,L200188,2025-11-25,16528.0,14562.0,Partial
R300189,L200189,2024-09-25,10125.0,9488.0,Partial
R300190,L200190,2026-06-02,8619.0,8088.0,Partial
R300191,L200191,2025-03-22,13350.0,3611.0,Partial
R300192,L200192,2024-12-02,11033.0,7219.0,Partial
R300193,L200193,2027-06-04,3317.0,3021.0,Partial
R300194,L200194,2027-11-28,3964.0,3093.0,Partial
R300195,L200195,2025-06-30,473583.0,355685.0,Partial
R300196,L200196,2024-01-10,81000.0,68510.0,Partial
R300197,L200197,2026-06-07,3542.0,3090.0,Partial
R300198,L200198,2027-03-03,49667.0,30321.0,Partial
R300199,L200199,2026-08-05,47972.0,37968.0,Partial
R300200,L200200,2026-08-06,42417.0,35885.0,Partial
R300201,L200201,2027-06-23,6333.0,2563.0,Partial
R300202,L200202,2026-09-28,21117.0,17431.0,Partial
R300203,L200203,2025-06-04,32667.0,22056.0,Partial
R300204,L200204,2025-08-07,54458.0,35131.0,Partial
R300205,L200205,2025-06-09,7333.0,6179.0,Partial
R300206,L200206,2026-10-06,81750.0,13668.0,Partial
R300207,L200207,2025-09-24,124639.0,78412.0,Partial
R300208,L200208,2024-06-30,3208.0,1312.0,Partial
R300209,L200209,2025-05-16,143167.0,134040.0,Partial
R300210,L200210,2027-09-20,6381.0,5141.0,Partial
R300211,L200211,2026-10-06,53000.0,13178.0,Partial
R300212,L200212,2025-03-27,27650.0,26255.0,Partial
R300213,L200213,2027-02-21,31708.0,29458.0,Partial
R300214,L200214,2024-05-19,14771.0,13253.0,Partial
R300215,L200215,2028-09-07,20900.0,14203.0,Partial
R300216,L200216,2024-05-09,51333.0,52789.0,Paid
R300217,L200217,2024-05-15,5972.0,5423.0,Partial
R300218,L200218,2024-05-27,170250.0,104827.0,Partial
R300219,L200219,2027-02-11,20143.0,16079.0,Partial
R300220,L200220,2024-08-14,57000.0,35508.0,Partial
R300221,L200221,2026-02-14,11333.0,7427.0,Partial
R300222,L200222,2025-08-31,89750.0,86660.0,Partial
R300223,L200223,2027-07-10,5567.0,4267.0,Partial
R300224,L200224,2025-06-29,11083.0,9246.0,Partial
R300225,L200225,2025-04-21,72667.0,69009.0,Partial
R300226,L200226,2029-04-23,3550.0,3134.0,Partial
R300227,L200227,2024-06-05,11896.0,10095.0,Partial
R300228,L200228,2026-02-28,12167.0,12214.0,Paid
R300229,L200229,2027-03-13,7611.0,7058.0,Partial
R300230,L200230,2028-01-06,5940.0,4229.0,Partial
R300231,L200231,2027-05-07,5833.0,4074.0,Partial
R300232,L200232,2027-08-11,5950.0,4713.0,Partial
R300233,L200233,2025-12-02,10167.0,6708.0,Partial
R300234,L200234,2025-12-23,6583.0,4690.0,Partial
R300235,L200235,2024-07-10,33167.0,34050.0,Paid
R300236,L200236,2024-01-17,11333.0,10167.0,Partial
R300237,L200237,2026-07-25,21250.0,17201.0,Partial
R300238,L200238,2023-12-09,167583.0,121907.0,Partial
R300239,L200239,2025-09-15,76417.0,66075.0,Partial
R300240,L200240,2024-08-25,47833.0,43191.0,Partial
R300241,L200241,2027-12-19,14488.0,10662.0,Partial
R300242,L200242,2027-05-18,17033.0,11755.0,Partial
R300243,L200243,2026-11-30,88104.0,70792.0,Partial
R300244,L200244,2029-03-12,5567.0,4826.0,Partial
R300245,L200245,2025-01-22,22167.0,19219.0,Partial
R300246,L200246,2028-01-04,4992.0,3842.0,Partial
R300247,L200247,2026-01-28,41375.0,37178.0,Partial
R300248,L200248,2026-11-12,20389.0,12336.0,Partial
R300249,L200249,2027-07-08,3267.0,2178.0,Partial
R300250,L200250,2024-08-07,56917.0,53490.0,Partial
R300251,L200251,2025-11-16,105000.0,82793.0,Partial
R300252,L200252,2028-04-11,30726.0,20758.0,Partial
R300253,L200253,2026-05-19,4150.0,3615.0,Partial
R300254,L200254,2023-11-23,116333.0,90907.0,Partial
R300255,L200255,2027-09-17,19400.0,11855.0,Partial
R300256,L200256,2025-02-13,138042.0,91126.0,Partial
R300257,L200257,2025-06-29,143292.0,98472.0,Partial
R300258,L200258,2027-04-11,13333.0,5178.0,Partial
R300259,L200259,2027-08-04,658.0,578.0,Partial
R300260,L200260,2024-10-21,28667.0,21404.0,Partial
R300261,L200261,2029-01-25,18375.0,13532.0,Partial
R300262,L200262,2025-09-26,19083.0,17502.0,Partial
R300263,L200263,2028-07-25,12500.0,9303.0,Partial
R300264,L200264,2025-07-02,11000.0,9115.0,Partial
R300265,L200265,2027-08-10,7488.0,6730.0,Partial
R300266,L200266,2027-05-15,7783.0,3244.0,Partial
R300267,L200267,2028-04-19,34917.0,31511.0,Partial
R300268,L200268,2026-09-19,7767.0,7201.0,Partial
R300269,L200269,2026-07-10,12292.0,7868.0,Partial
R300270,L200270,2025-12-30,105833.0,77177.0,Partial
R300271,L200271,2027-09-14,5619.0,1808.0,Partial
R300272,L200272,2025-02-02,59667.0,49713.0,Partial
R300273,L200273,2026-09-23,33405.0,8786.0,Partial
R300274,L200274,2025-10-02,3417.0,3082.0,Partial
R300275,L200275,2027-07-21,3233.0,2640.0,Partial
R300276,L200276,2025-09-21,117556.0,109500.0,Partial
R300277,L200277,2028-08-01,3958.0,2750.0,Partial
R300278,L200278,2027-03-01,3393.0,3098.0,Partial
R300279,L200279,2026-06-12,6750.0,4316.0,Partial
R300280,L200280,2025-08-05,186250.0,174770.0,Partial
R300281,L200281,2024-02-27,12278.0,6241.0,Partial
R300282,L200282,2024-01-21,134083.0,90104.0,Partial
R300283,L200283,2025-06-05,8881.0,6861.0,Partial
R300284,L200284,2027-10-29,6869.0,5328.0,Partial
R300285,L200285,2026-12-05,34250.0,8032.0,Partial
R300286,L200286,2025-02-25,9250.0,7941.0,Partial
R300287,L200287,2024-11-21,8350.0,5385.0,Partial
R300288,L200288,2024-05-10,7229.0,985.0,Partial
R300289,L200289,2025-10-10,10938.0,6974.0,Partial
R300290,L200290,2025-06-11,66583.0,42814.0,Partial
R300291,L200291,2027-05-19,13308.0,11031.0,Partial
R300292,L200292,2026-01-01,22500.0,17193.0,Partial
R300293,L200293,2024-06-28,5972.0,4746.0,Partial
R300294,L200294,2026-05-15,53278.0,46390.0,Partial
R300295,L200295,2027-05-16,4400.0,3209.0,Partial
R300296,L200296,2029-07-25,5350.0,4667.0,Partial
R300297,L200297,2028-10-24,5783.0,4202.0,Partial
R300298,L200298,2025-10-30,40729.0,38384.0,Partial
R300299,L200299,2027-02-04,24944.0,24966.0,Paid
R300300,L200300,2026-07-11,108833.0,104835.0,Partial
R300301,L200301,2024-12-17,74521.0,70496.0,Partial
R300302,L200302,2027-03-14,13202.0,12153.0,Partial
R300303,L200303,2026-10-17,25267.0,21410.0,Partial
R300304,L200304,2027-06-18,2233.0,1601.0,Partial
R300305,L200305,2029-07-27,27025.0,18730.0,Partial
R300306,L200306,2025-07-22,64250.0,51058.0,Partial
R300307,L200307,2026-06-27,5417.0,4185.0,Partial
R300308,L200308,2024-12-16,6333.0,4859.0,Partial
R300309,L200309,2027-08-10,14583.0,11927.0,Partial
R300310,L200310,2027-02-28,47417.0,35323.0,Partial
R300311,L200311,2027-08-13,10783.0,8969.0,Partial
R300312,L200312,2026-02-03,6800.0,4549.0,Partial
R300313,L200313,2027-05-21,14125.0,1813.0,Partial
R300314,L200314,2023-05-13,67083.0,59007.0,Partial
R300315,L200315,2024-04-29,32833.0,24264.0,Partial
R300316,L200316,2025-10-23,26125.0,21034.0,Partial
R300317,L200317,2026-07-11,96389.0,73673.0,Partial
R300318,L200318,2024-09-16,50729.0,37243.0,Partial
R300319,L200319,2024-12-12,20750.0,18243.0,Partial
R300320,L200320,2024-08-09,19062.0,5809.0,Partial
R300321,L200321,2024-04-29,58889.0,45453.0,Partial
R300322,L200322,2024-09-20,52700.0,48280.0,Partial
R300323,L200323,2027-07-28,14979.0,10357.0,Partial
R300324,L200324,2028-03-14,3155.0,2836.0,Partial
R300325,L200325,2025-04-30,17000.0,4320.0,Partial
R300326,L200326,2025-05-30,10429.0,7417.0,Partial
R300327,L200327,2027-09-13,35774.0,9580.0,Partial
R300328,L200328,2027-01-24,7619.0,5906.0,Partial
R300329,L200329,2025-11-17,166833.0,149069.0,Partial
R300330,L200330,2027-11-23,2183.0,2244.0,Paid
R300331,L200331,2024-09-02,12183.0,10320.0,Partial
R300332,L200332,2027-08-21,28117.0,19592.0,Partial
R300333,L200333,2026-03-21,178000.0,79611.0,Partial
R300334,L200334,2028-04-17,27369.0,19714.0,Partial
R300335,L200335,2028-06-16,11467.0,8834.0,Partial
R300336,L200336,2029-04-24,19283.0,11596.0,Partial
R300337,L200337,2024-11-16,10917.0,9914.0,Partial
R300338,L200338,2025-08-18,5771.0,3751.0,Partial
R300339,L200339,2025-01-14,53111.0,40301.0,Partial
R300340,L200340,2024-11-19,63000.0,53425.0,Partial
R300341,L200341,2024-02-14,45222.0,7607.0,Partial
R300342,L200342,2028-01-05,13976.0,13085.0,Partial
R300343,L200343,2027-04-08,7133.0,5150.0,Partial
R300344,L200344,2023-09-22,44583.0,36480.0,Partial
R300345,L200345,2024-04-22,70458.0,65458.0,Partial
R300346,L200346,2024-05-12,14722.0,4429.0,Partial
R300347,L200347,2026-07-27,72312.0,49708.0,Partial
R300348,L200348,2028-04-30,6595.0,3067.0,Partial
R300349,L200349,2024-12-01,2433.0,1518.0,Partial
R300350,L200350,2023-10-03,35208.0,33426.0,Partial
R300351,L200351,2026-03-22,108083.0,90473.0,Partial
R300352,L200352,2024-11-30,10750.0,7250.0,Partial
R300353,L200353,2024-01-20,31667.0,6209.0,Partial
R300354,L200354,2025-12-09,19917.0,6789.0,Partial
R300355,L200355,2025-07-20,89917.0,76519.0,Partial
R300356,L200356,2024-04-05,28194.0,19332.0,Partial
R300357,L200357,2026-08-16,7119.0,4681.0,Partial
R300358,L200358,2027-07-07,6875.0,4652.0,Partial
R300359,L200359,2024-09-29,34333.0,3227.0,Partial
R300360,L200360,2024-03-15,17625.0,12228.0,Partial
R300361,L200361,2026-02-24,63042.0,57275.0,Partial
R300362,L200362,2025-05-28,13611.0,12340.0,Partial
R300363,L200363,2025-08-15,5438.0,4679.0,Partial
R300364,L200364,2026-02-21,13214.0,8093.0,Partial
R300365,L200365,2028-10-04,1292.0,849.0,Partial
R300366,L200366,2027-11-25,14717.0,12868.0,Partial
R300367,L200367,2025-11-26,7354.0,6806.0,Partial
R300368,L200368,2026-11-01,65396.0,41523.0,Partial
R300369,L200369,2025-03-06,159528.0,100693.0,Partial
R300370,L200370,2026-06-25,11500.0,1067.0,Partial
R300371,L200371,2023-11-23,124917.0,89278.0,Partial
R300372,L200372,2026-07-10,8450.0,6518.0,Partial
R300373,L200373,2024-09-26,58333.0,37460.0,Partial
R300374,L200374,2025-05-02,156792.0,139005.0,Partial
R300375,L200375,2026-07-02,25798.0,23199.0,Partial
R300376,L200376,2025-09-25,18238.0,12824.0,Partial
R300377,L200377,2027-01-04,23667.0,14874.0,Partial
R300378,L200378,2027-08-11,7333.0,6299.0,Partial
R300379,L200379,2026-10-08,9583.0,8357.0,Partial
R300380,L200380,2026-08-19,107917.0,83625.0,Partial
R300381,L200381,2027-09-29,19417.0,17591.0,Partial
R300382,L200382,2026-09-06,27111.0,23284.0,Partial
R300383,L200383,2025-06-05,3722.0,3169.0,Partial
R300384,L200384,2023-07-17,259417.0,208298.0,Partial
R300385,L200385,2026-07-22,14667.0,13521.0,Partial
R300386,L200386,2026-02-02,4750.0,3808.0,Partial
R300387,L200387,2026-03-05,10938.0,9403.0,Partial
R300388,L200388,2027-05-13,11883.0,9898.0,Partial
R300389,L200389,2026-07-07,121979.0,90135.0,Partial
R300390,L200390,2026-04-17,33458.0,32480.0,Partial
R300391,L200391,2023-07-08,34250.0,23100.0,Partial
R300392,L200392,2026-05-02,127625.0,119595.0,Partial
R300393,L200393,2026-12-28,5025.0,3239.0,Partial
R300394,L200394,2027-03-20,23167.0,17512.0,Partial
R300395,L200395,2026-10-31,24458.0,15099.0,Partial
R300396,L200396,2024-10-28,13917.0,9149.0,Partial
R300397,L200397,2026-06-16,37229.0,29142.0,Partial
R300398,L200398,2025-03-31,40861.0,31154.0,Partial
R300399,L200399,2024-10-27,64667.0,59780.0,Partial
R300400,L200400,2027-07-01,5417.0,4340.0,Partial
R300401,L200401,2027-08-09,6583.0,5119.0,Partial
R300402,L200402,2027-02-12,68500.0,47887.0,Partial
R300403,L200403,2025-05-06,9396.0,3540.0,Partial
R300404,L200404,2025-07-27,24667.0,19751.0,Partial
R300405,L200405,2025-06-21,13000.0,11837.0,Partial
R300406,L200406,2024-11-05,36625.0,33450.0,Partial
R300407,L200407,2028-08-08,5533.0,4124.0,Partial
R300408,L200408,2025-01-04,45688.0,33326.0,Partial
R300409,L200409,2025-11-27,193083.0,167322.0,Partial
R300410,L200410,2026-11-15,24875.0,15599.0,Partial
R300411,L200411,2026-04-19,24583.0,16696.0,Partial
R300412,L200412,2027-06-22,19800.0,13854.0,Partial
R300413,L200413,2025-03-28,8850.0,6980.0,Partial
R300414,L200414,2025-03-04,78833.0,52263.0,Partial
R300415,L200415,2025-10-02,36958.0,25182.0,Partial
R300416,L200416,2024-10-14,4972.0,3187.0,Partial
R300417,L200417,2026-07-04,15369.0,11816.0,Partial
R300418,L200418,2026-07-04,45000.0,35878.0,Partial
R300419,L200419,2026-11-03,10500.0,728.0,Partial
R300420,L200420,2024-03-06,129167.0,81917.0,Partial
R300421,L200421,2025-06-17,4688.0,4241.0,Partial
R300422,L200422,2026-05-01,122667.0,101358.0,Partial
R300423,L200423,2025-03-01,22361.0,21203.0,Partial
R300424,L200424,2024-12-11,18333.0,13850.0,Partial
R300425,L200425,2025-08-14,18883.0,12627.0,Partial
R300426,L200426,2027-02-05,5361.0,1647.0,Partial
R300427,L200427,2027-06-13,14342.0,9822.0,Partial
R300428,L200428,2025-03-11,18389.0,14043.0,Partial
R300429,L200429,2027-06-26,4425.0,3382.0,Partial
R300430,L200430,2026-11-07,2167.0,1962.0,Partial
R300431,L200431,2026-12-23,27300.0,20147.0,Partial
R300432,L200432,2025-04-19,332917.0,290167.0,Partial
R300433,L200433,2024-09-07,13917.0,11888.0,Partial
R300434,L200434,2025-01-06,4783.0,4317.0,Partial
R300435,L200435,2024-04-10,6222.0,4918.0,Partial
R300436,L200436,2024-12-15,141722.0,107622.0,Partial
R300437,L200437,2026-11-30,6438.0,4807.0,Partial
R300438,L200438,2026-10-25,43208.0,30528.0,Partial
R300439,L200439,2026-11-19,17396.0,15960.0,Partial
R300440,L200440,2027-06-30,2857.0,2379.0,Partial
R300441,L200441,2026-01-03,7396.0,1501.0,Partial
R300442,L200442,2027-06-16,4625.0,3106.0,Partial
R300443,L200443,2026-01-17,208583.0,149047.0,Partial
R300444,L200444,2026-12-05,16558.0,14523.0,Partial
R300445,L200445,2024-03-18,48389.0,42123.0,Partial
R300446,L200446,2026-09-16,158194.0,135515.0,Partial
R300447,L200447,2026-11-10,11964.0,11035.0,Partial
R300448,L200448,2025-09-13,22917.0,16463.0,Partial
R300449,L200449,2029-06-06,16733.0,13905.0,Partial
R300450,L200450,2026-07-22,4458.0,3167.0,Partial
R300451,L200451,2027-02-26,55683.0,51917.0,Partial
R300452,L200452,2027-11-10,12592.0,10347.0,Partial
R300453,L200453,2025-05-12,51062.0,45332.0,Partial
R300454,L200454,2026-06-14,2940.0,1823.0,Partial
R300455,L200455,2026-08-14,13125.0,11480.0,Partial
R300456,L200456,2025-07-27,12000.0,10232.0,Partial
R300457,L200457,2026-09-22,12708.0,7857.0,Partial
R300458,L200458,2025-05-27,3024.0,2431.0,Partial
R300459,L200459,2027-04-01,1883.0,1810.0,Partial
R300460,L200460,2026-10-04,19500.0,18356.0,Partial
R300461,L200461,2028-03-10,1592.0,1467.0,Partial
R300462,L200462,2024-07-13,78750.0,31498.0,Partial
R300463,L200463,2025-11-16,6845.0,1830.0,Partial
R300464,L200464,2027-11-15,6008.0,3190.0,Partial
R300465,L200465,2028-06-11,14345.0,2859.0,Partial
R300466,L200466,2027-06-17,6667.0,6326.0,Partial
R300467,L200467,2027-11-14,4125.0,618.0,Partial
R300468,L200468,2026-06-20,26048.0,24337.0,Partial
R300469,L200469,2026-06-26,243292.0,149173.0,Partial
R300470,L200470,2026-03-28,13639.0,11883.0,Partial
R300471,L200471,2025-09-07,74375.0,66193.0,Partial
R300472,L200472,2025-07-13,101833.0,70820.0,Partial
R300473,L200473,2025-09-01,7625.0,6500.0,Partial
R300474,L200474,2025-12-28,70417.0,55738.0,Partial
R300475,L200475,2025-09-03,8708.0,7498.0,Partial
R300476,L200476,2023-07-26,201417.0,150920.0,Partial
R300477,L200477,2026-07-12,9655.0,9057.0,Partial
R300478,L200478,2026-11-09,124028.0,98809.0,Partial
R300479,L200479,2026-02-19,7643.0,7160.0,Partial
R300480,L200480,2026-10-20,5667.0,5328.0,Partial
R300481,L200481,2027-04-27,92250.0,73448.0,Partial
R300482,L200482,2026-11-27,25458.0,22705.0,Partial
R300483,L200483,2027-04-07,29750.0,26420.0,Partial
R300484,L200484,2026-09-16,5083.0,3586.0,Partial
R300485,L200485,2024-08-12,58333.0,45850.0,Partial
R300486,L200486,2025-04-04,20375.0,12329.0,Partial
R300487,L200487,2024-10-31,6333.0,4511.0,Partial
R300488,L200488,2026-05-31,248083.0,187066.0,Partial
R300489,L200489,2028-02-02,11190.0,9761.0,Partial
R300490,L200490,2026-06-24,23278.0,17984.0,Partial
R300491,L200491,2027-05-29,22896.0,19876.0,Partial
R300492,L200492,2025-07-01,1940.0,794.0,Partial
R300493,L200493,2026-08-15,5375.0,4584.0,Partial
R300494,L200494,2027-03-05,11229.0,10081.0,Partial
R300495,L200495,2026-07-14,24750.0,16939.0,Partial
R300496,L200496,2027-05-26,2133.0,1894.0,Partial
R300497,L200497,2026-08-23,5333.0,392.0,Partial
R300498,L200498,2027-03-17,9750.0,7447.0,Partial
R300499,L200499,2023-10-01,63750.0,53535.0,Partial
R300500,L200500,2025-01-04,6833.0,5818.0,Partial
R300501,L200501,2029-02-28,15242.0,12598.0,Partial
R300502,L200502,2027-05-18,6452.0,5287.0,Partial
R300503,L200503,2025-07-01,87750.0,65213.0,Partial
R300504,L200504,2025-09-06,170417.0,34095.0,Partial
R300505,L200505,2024-09-23,35750.0,24425.0,Partial
R300506,L200506,2025-12-11,71967.0,72743.0,Paid
R300507,L200507,2027-10-12,66702.0,66159.0,Partial
R300508,L200508,2028-11-10,1917.0,1673.0,Partial
R300509,L200509,2026-12-22,11369.0,8990.0,Partial
R300510,L200510,2024-03-23,26667.0,5087.0,Partial
R300511,L200511,2025-08-13,18028.0,11336.0,Partial
R300512,L200512,2023-12-07,473833.0,351550.0,Partial
R300513,L200513,2026-09-25,4792.0,3172.0,Partial
R300514,L200514,2029-02-08,6208.0,5155.0,Partial
R300515,L200515,2026-05-11,21250.0,18413.0,Partial
R300516,L200516,2027-05-27,4725.0,3480.0,Partial
R300517,L200517,2026-10-04,2600.0,1777.0,Partial
R300518,L200518,2024-07-02,8542.0,6056.0,Partial
R300519,L200519,2025-11-25,1783.0,1423.0,Partial
R300520,L200520,2026-05-24,29250.0,18012.0,Partial
R300521,L200521,2024-11-14,12292.0,7867.0,Partial
R300522,L200522,2027-04-08,43650.0,41190.0,Partial
R300523,L200523,2026-11-13,20083.0,5506.0,Partial
R300524,L200524,2026-12-13,28458.0,22442.0,Partial
R300525,L200525,2023-11-29,17458.0,15947.0,Partial
R300526,L200526,2025-02-08,112639.0,102178.0,Partial
R300527,L200527,2025-02-19,2867.0,1155.0,Partial
R300528,L200528,2027-04-13,5143.0,3521.0,Partial
R300529,L200529,2023-12-12,59000.0,4321.0,Partial
R300530,L200530,2023-09-14,64958.0,56130.0,Partial
R300531,L200531,2024-09-18,8417.0,5146.0,Partial
R300532,L200532,2025-04-22,3405.0,2143.0,Partial
R300533,L200533,2024-11-26,22417.0,16579.0,Partial
R300534,L200534,2025-06-30,70650.0,22518.0,Partial
R300535,L200535,2026-05-24,331500.0,321208.0,Partial
R300536,L200536,2025-01-20,353250.0,222781.0,Partial
R300537,L200537,2024-10-09,97167.0,85684.0,Partial
R300538,L200538,2025-12-16,63028.0,37928.0,Partial
R300539,L200539,2023-10-12,17333.0,15428.0,Partial
R300540,L200540,2024-10-02,8188.0,5356.0,Partial
R300541,L200541,2024-02-29,10875.0,8139.0,Partial
R300542,L200542,2027-03-02,14083.0,9092.0,Partial
R300543,L200543,2027-02-03,1950.0,1308.0,Partial
R300544,L200544,2027-06-20,52604.0,45055.0,Partial
R300545,L200545,2027-12-21,5667.0,5112.0,Partial
R300546,L200546,2025-09-10,4012.0,3426.0,Partial
R300547,L200547,2025-03-09,28600.0,10806.0,Partial
R300548,L200548,2027-01-08,6354.0,4121.0,Partial
R300549,L200549,2026-02-10,28250.0,19001.0,Partial
R300550,L200550,2025-09-04,161208.0,102300.0,Partial
R300551,L200551,2025-01-30,21021.0,13676.0,Partial
R300552,L200552,2026-04-17,2933.0,2777.0,Partial
R300553,L200553,2029-04-01,783.0,676.0,Partial
R300554,L200554,2025-08-04,4528.0,3798.0,Partial
R300555,L200555,2026-11-26,9933.0,8148.0,Partial
R300556,L200556,2026-02-13,109292.0,95759.0,Partial
R300557,L200557,2026-05-14,126583.0,57326.0,Partial
R300558,L200558,2026-12-21,13417.0,12283.0,Partial
R300559,L200559,2026-08-25,15708.0,5614.0,Partial
R300560,L200560,2026-08-23,25267.0,17439.0,Partial
R300561,L200561,2026-05-24,116625.0,88161.0,Partial
R300562,L200562,2024-11-04,78417.0,50075.0,Partial
R300563,L200563,2025-09-08,35036.0,28090.0,Partial
R300564,L200564,2023-12-09,5542.0,4372.0,Partial
R300565,L200565,2024-08-03,56750.0,48342.0,Partial
R300566,L200566,2025-10-20,19583.0,18551.0,Partial
R300567,L200567,2026-03-31,19202.0,13042.0,Partial
R300568,L200568,2026-03-08,30310.0,24239.0,Partial
R300569,L200569,2027-04-29,9000.0,5732.0,Partial
R300570,L200570,2027-09-28,13024.0,10192.0,Partial
R300571,L200571,2027-05-21,30774.0,29792.0,Partial
R300572,L200572,2026-06-14,29021.0,20954.0,Partial
R300573,L200573,2027-02-04,4167.0,3937.0,Partial
R300574,L200574,2026-01-14,20548.0,10559.0,Partial
R300575,L200575,2027-09-24,14350.0,10612.0,Partial
R300576,L200576,2027-02-22,22438.0,15194.0,Partial
R300577,L200577,2024-06-16,172417.0,138010.0,Partial
R300578,L200578,2026-06-10,9000.0,6893.0,Partial
R300579,L200579,2023-12-08,45167.0,34185.0,Partial
R300580,L200580,2027-08-18,21107.0,19882.0,Partial
R300581,L200581,2025-04-24,17167.0,14516.0,Partial
R300582,L200582,2025-03-11,105500.0,92485.0,Partial
R300583,L200583,2028-06-29,5800.0,4141.0,Partial
R300584,L200584,2024-04-20,13042.0,10093.0,Partial
R300585,L200585,2024-05-10,79694.0,71748.0,Partial
R300586,L200586,2028-02-16,2381.0,1951.0,Partial
R300587,L200587,2026-06-01,8217.0,5683.0,Partial
R300588,L200588,2028-04-26,21381.0,13447.0,Partial
R300589,L200589,2026-11-21,7900.0,7379.0,Partial
R300590,L200590,2025-06-21,23625.0,17193.0,Partial
R300591,L200591,2028-02-21,2700.0,2215.0,Partial
R300592,L200592,2025-09-04,43017.0,5750.0,Partial
R300593,L200593,2025-08-28,3229.0,2115.0,Partial
R300594,L200594,2026-08-16,56771.0,35117.0,Partial
R300595,L200595,2026-12-21,22750.0,14336.0,Partial
R300596,L200596,2024-01-28,61167.0,50353.0,Partial
R300597,L200597,2027-01-20,5274.0,3747.0,Partial
R300598,L200598,2028-02-21,15810.0,14276.0,Partial
R300599,L200599,2023-05-17,143583.0,115658.0,Partial
R300600,L200600,2024-05-05,7292.0,5362.0,Partial
R300601,L200601,2026-01-02,9056.0,8461.0,Partial
R300602,L200602,2026-10-02,6258.0,5221.0,Partial
R300603,L200603,2028-07-24,9857.0,8628.0,Partial
R300604,L200604,2023-09-22,7167.0,5059.0,Partial
R300605,L200605,2026-05-31,46861.0,38866.0,Partial
R300606,L200606,2027-05-01,13275.0,8134.0,Partial
R300607,L200607,2027-09-05,17750.0,11679.0,Partial
R300608,L200608,2026-03-05,259917.0,202633.0,Partial
R300609,L200609,2026-08-11,32944.0,22338.0,Partial
R300610,L200610,2025-06-07,57750.0,44860.0,Partial
R300611,L200611,2024-05-14,175542.0,118734.0,Partial
R300612,L200612,2024-05-03,11694.0,9070.0,Partial
R300613,L200613,2027-02-23,4892.0,4109.0,Partial
R300614,L200614,2023-12-01,107625.0,13079.0,Partial
R300615,L200615,2026-11-23,12146.0,10287.0,Partial
R300616,L200616,2025-08-04,1933.0,1727.0,Partial
R300617,L200617,2026-09-30,10571.0,9645.0,Partial
R300618,L200618,2026-09-05,41167.0,6232.0,Partial
R300619,L200619,2025-08-19,142750.0,99779.0,Partial
R300620,L200620,2027-04-02,17607.0,10892.0,Partial
R300621,L200621,2028-09-14,12983.0,12081.0,Partial
R300622,L200622,2025-09-04,5964.0,5495.0,Partial
R300623,L200623,2024-07-29,19083.0,17119.0,Partial
R300624,L200624,2026-06-26,22333.0,18671.0,Partial
R300625,L200625,2025-09-08,70000.0,50980.0,Partial
R300626,L200626,2027-05-18,16905.0,13874.0,Partial
R300627,L200627,2026-09-29,249958.0,131311.0,Partial
R300628,L200628,2029-07-07,19158.0,16137.0,Partial
R300629,L200629,2024-12-01,5517.0,4880.0,Partial
R300630,L200630,2025-10-20,15750.0,11127.0,Partial
R300631,L200631,2027-04-10,33208.0,21943.0,Partial
R300632,L200632,2025-01-22,43333.0,32722.0,Partial
R300633,L200633,2023-07-10,83750.0,52873.0,Partial
R300634,L200634,2024-01-19,12042.0,8446.0,Partial
R300635,L200635,2026-09-08,34083.0,31027.0,Partial
R300636,L200636,2029-04-21,2300.0,2240.0,Partial
R300637,L200637,2025-12-24,46042.0,37016.0,Partial
R300638,L200638,2026-05-30,14908.0,12223.0,Partial
R300639,L200639,2025-01-05,14375.0,11694.0,Partial
R300640,L200640,2025-10-15,82817.0,61577.0,Partial
R300641,L200641,2029-04-13,4242.0,3401.0,Partial
R300642,L200642,2025-01-26,57917.0,50218.0,Partial
R300643,L200643,2024-10-03,7806.0,3611.0,Partial
R300644,L200644,2026-03-09,5396.0,3619.0,Partial
R300645,L200645,2026-10-10,105583.0,70102.0,Partial
R300646,L200646,2028-03-13,21292.0,12925.0,Partial
R300647,L200647,2025-05-11,1694.0,1326.0,Partial
R300648,L200648,2025-09-07,34083.0,24149.0,Partial
R300649,L200649,2025-08-23,16333.0,11502.0,Partial
R300650,L200650,2024-05-28,62639.0,55768.0,Partial
R300651,L200651,2026-06-29,244292.0,210725.0,Partial
R300652,L200652,2025-09-10,29750.0,24265.0,Partial
R300653,L200653,2026-05-22,48861.0,33267.0,Partial
R300654,L200654,2029-03-17,2800.0,2829.0,Paid
R300655,L200655,2025-09-02,76500.0,57589.0,Partial
R300656,L200656,2024-09-28,10700.0,9737.0,Partial
R300657,L200657,2026-06-06,51000.0,35167.0,Partial
R300658,L200658,2024-10-04,10467.0,8883.0,Partial
R300659,L200659,2028-07-24,2142.0,2012.0,Partial
R300660,L200660,2027-03-30,14444.0,13507.0,Partial
R300661,L200661,2025-04-23,29611.0,20386.0,Partial
R300662,L200662,2025-01-04,124833.0,82535.0,Partial
R300663,L200663,2027-09-10,13250.0,10180.0,Partial
R300664,L200664,2026-10-18,32024.0,28552.0,Partial
R300665,L200665,2027-01-06,23611.0,22539.0,Partial
R300666,L200666,2024-05-07,28083.0,23229.0,Partial
R300667,L200667,2024-12-02,12000.0,9035.0,Partial
R300668,L200668,2026-06-21,7833.0,4851.0,Partial
R300669,L200669,2025-07-15,43771.0,5514.0,Partial
R300670,L200670,2026-08-26,16875.0,6172.0,Partial
R300671,L200671,2025-08-16,25950.0,20543.0,Partial
R300672,L200672,2026-06-25,28028.0,20231.0,Partial
R300673,L200673,2026-06-19,8214.0,5511.0,Partial
R300674,L200674,2025-10-23,33133.0,30618.0,Partial
R300675,L200675,2025-08-29,112250.0,85290.0,Partial
R300676,L200676,2024-03-08,187167.0,151081.0,Partial
R300677,L200677,2027-03-23,725.0,538.0,Partial
R300678,L200678,2026-02-09,13062.0,4246.0,Partial
R300679,L200679,2026-05-22,29310.0,26951.0,Partial
R300680,L200680,2025-07-30,26896.0,6101.0,Partial
R300681,L200681,2024-10-08,11500.0,9900.0,Partial
R300682,L200682,2025-05-16,498667.0,484812.0,Partial
R300683,L200683,2026-05-27,4393.0,3473.0,Partial
R300684,L200684,2025-05-03,157583.0,72931.0,Partial
R300685,L200685,2024-10-02,56528.0,37150.0,Partial
R300686,L200686,2026-12-04,19500.0,14392.0,Partial
R300687,L200687,2026-10-13,74208.0,67111.0,Partial
R300688,L200688,2026-04-19,8133.0,6254.0,Partial
R300689,L200689,2024-08-28,13646.0,11722.0,Partial
R300690,L200690,2024-12-23,53567.0,38038.0,Partial
R300691,L200691,2024-08-02,43861.0,31423.0,Partial
R300692,L200692,2026-11-25,20438.0,12682.0,Partial
R300693,L200693,2027-02-05,28000.0,19128.0,Partial
R300694,L200694,2028-03-15,35400.0,26470.0,Partial
R300695,L200695,2024-10-24,4056.0,2719.0,Partial
R300696,L200696,2024-07-09,101375.0,92760.0,Partial
R300697,L200697,2024-04-05,17361.0,14479.0,Partial
R300698,L200698,2026-06-05,103750.0,76844.0,Partial
R300699,L200699,2026-06-23,4633.0,3726.0,Partial
R300700,L200700,2027-06-09,3488.0,3135.0,Partial
R300701,L200701,2024-12-06,16812.0,12077.0,Partial
R300702,L200702,2027-11-19,1942.0,1026.0,Partial
R300703,L200703,2027-06-18,1071.0,825.0,Partial
R300704,L200704,2028-11-05,933.0,820.0,Partial
R300705,L200705,2025-06-27,429083.0,377857.0,Partial
R300706,L200706,2025-08-13,19167.0,14473.0,Partial
R300707,L200707,2025-09-16,139417.0,87180.0,Partial
R300708,L200708,2025-07-16,118667.0,102284.0,Partial
R300709,L200709,2028-07-31,13383.0,11635.0,Partial
R300710,L200710,2024-12-16,28500.0,17156.0,Partial
R300711,L200711,2026-01-08,17042.0,13395.0,Partial
R300712,L200712,2025-10-21,32625.0,22453.0,Partial
R300713,L200713,2026-03-18,41896.0,25935.0,Partial
R300714,L200714,2025-07-19,17333.0,15336.0,Partial
R300715,L200715,2026-07-06,15467.0,13394.0,Partial
R300716,L200716,2025-09-01,71417.0,43516.0,Partial
R300717,L200717,2024-11-28,9306.0,6049.0,Partial
R300718,L200718,2025-03-18,20833.0,17986.0,Partial
R300719,L200719,2024-08-26,70750.0,52916.0,Partial
R300720,L200720,2023-05-23,202583.0,135166.0,Partial
R300721,L200721,2029-01-31,10142.0,8775.0,Partial
R300722,L200722,2026-07-25,7229.0,4363.0,Partial
R300723,L200723,2026-06-08,8683.0,5478.0,Partial
R300724,L200724,2023-11-20,169375.0,14204.0,Partial
R300725,L200725,2029-04-30,2125.0,1628.0,Partial
R300726,L200726,2027-02-04,57062.0,44609.0,Partial
R300727,L200727,2025-09-22,48833.0,42448.0,Partial
R300728,L200728,2025-12-25,100917.0,92683.0,Partial
R300729,L200729,2027-01-29,47229.0,44647.0,Partial
R300730,L200730,2026-08-10,31067.0,28188.0,Partial
R300731,L200731,2025-04-26,5869.0,4234.0,Partial
R300732,L200732,2027-10-11,4817.0,3298.0,Partial
R300733,L200733,2027-05-17,3625.0,2512.0,Partial
R300734,L200734,2025-03-17,10950.0,9000.0,Partial
R300735,L200735,2026-02-25,167167.0,110739.0,Partial
R300736,L200736,2025-06-24,199083.0,69159.0,Partial
R300737,L200737,2029-04-01,2000.0,1338.0,Partial
R300738,L200738,2024-01-07,45958.0,40085.0,Partial
R300739,L200739,2026-07-14,180667.0,151445.0,Partial
R300740,L200740,2027-04-15,29845.0,19408.0,Partial
R300741,L200741,2026-03-07,9083.0,6019.0,Partial
R300742,L200742,2024-08-03,9722.0,7353.0,Partial
R300743,L200743,2026-05-14,8896.0,786.0,Partial
R300744,L200744,2026-08-09,4867.0,3846.0,Partial
R300745,L200745,2028-08-04,6267.0,6344.0,Paid
R300746,L200746,2025-02-20,9567.0,6915.0,Partial
R300747,L200747,2026-05-28,30625.0,22175.0,Partial
R300748,L200748,2023-12-20,22750.0,21274.0,Partial
R300749,L200749,2024-03-21,18111.0,13199.0,Partial
R300750,L200750,2025-07-14,15250.0,13767.0,Partial
R300751,L200751,2025-09-09,11405.0,4727.0,Partial
R300752,L200752,2027-08-19,17464.0,13884.0,Partial
R300753,L200753,2024-11-30,92750.0,73271.0,Partial
R300754,L200754,2024-02-11,14417.0,6903.0,Partial
R300755,L200755,2027-03-07,4642.0,3675.0,Partial
R300756,L200756,2025-12-13,112812.0,102334.0,Partial
R300757,L200757,2028-04-01,23375.0,19028.0,Partial
R300758,L200758,2025-12-14,108417.0,88711.0,Partial
R300759,L200759,2025-11-13,12222.0,2405.0,Partial
R300760,L200760,2026-02-13,13396.0,11643.0,Partial
R300761,L200761,2025-08-26,6667.0,4127.0,Partial
R300762,L200762,2026-04-11,10729.0,9350.0,Partial
R300763,L200763,2024-10-20,14167.0,9069.0,Partial
R300764,L200764,2025-01-14,8438.0,7044.0,Partial
R300765,L200765,2025-09-17,23778.0,16134.0,Partial
R300766,L200766,2024-05-24,4000.0,3617.0,Partial
R300767,L200767,2026-02-04,23500.0,16732.0,Partial
R300768,L200768,2024-02-23,55083.0,50349.0,Partial
R300769,L200769,2025-04-08,30750.0,18971.0,Partial
R300770,L200770,2027-07-06,53333.0,36692.0,Partial
R300771,L200771,2026-07-14,126458.0,81722.0,Partial
R300772,L200772,2024-08-06,7104.0,6268.0,Partial
R300773,L200773,2026-05-10,74000.0,48942.0,Partial
R300774,L200774,2024-10-23,17229.0,10728.0,Partial
R300775,L200775,2027-04-22,35333.0,25178.0,Partial
R300776,L200776,2024-12-27,24667.0,17488.0,Partial
R300777,L200777,2024-09-23,8583.0,7490.0,Partial
R300778,L200778,2026-11-26,1417.0,882.0,Partial
R300779,L200779,2026-09-21,30722.0,27370.0,Partial
R300780,L200780,2025-04-17,15583.0,10119.0,Partial
R300781,L200781,2026-02-09,10250.0,7234.0,Partial
R300782,L200782,2026-08-02,12556.0,10853.0,Partial
R300783,L200783,2026-10-15,20889.0,17834.0,Partial
R300784,L200784,2026-09-04,20798.0,8857.0,Partial
R300785,L200785,2027-11-17,5452.0,3842.0,Partial
R300786,L200786,2026-12-04,11771.0,10918.0,Partial
R300787,L200787,2027-11-27,37750.0,11729.0,Partial
R300788,L200788,2026-04-09,32667.0,10971.0,Partial
R300789,L200789,2029-01-12,942.0,613.0,Partial
R300790,L200790,2025-02-15,106000.0,68910.0,Partial
R300791,L200791,2025-01-07,4222.0,3240.0,Partial
R300792,L200792,2027-07-22,22396.0,17190.0,Partial
R300793,L200793,2025-06-14,13417.0,10679.0,Partial
R300794,L200794,2026-05-24,129833.0,87897.0,Partial
R300795,L200795,2028-07-29,12214.0,8917.0,Partial
R300796,L200796,2023-05-19,59917.0,43013.0,Partial
R300797,L200797,2026-10-01,5392.0,4321.0,Partial
R300798,L200798,2025-03-07,45750.0,37926.0,Partial
R300799,L200799,2024-12-06,1083.0,693.0,Partial
R300800,L200800,2028-06-11,6008.0,5251.0,Partial
R300801,L200801,2024-09-05,66500.0,48233.0,Partial
R300802,L200802,2026-10-03,49778.0,35211.0,Partial
R300803,L200803,2026-01-18,9083.0,1970.0,Partial
R300804,L200804,2028-07-01,19117.0,11812.0,Partial
R300805,L200805,2026-03-04,29617.0,19513.0,Partial
R300806,L200806,2026-03-31,8583.0,6982.0,Partial
R300807,L200807,2025-11-22,132042.0,119617.0,Partial
R300808,L200808,2025-08-05,8067.0,5955.0,Partial
R300809,L200809,2026-04-15,38042.0,25700.0,Partial
R300810,L200810,2027-01-04,20167.0,18034.0,Partial
R300811,L200811,2024-09-17,14958.0,10472.0,Partial
R300812,L200812,2023-11-12,7667.0,4989.0,Partial
R300813,L200813,2027-10-04,10408.0,8880.0,Partial
R300814,L200814,2028-06-11,15075.0,9895.0,Partial
R300815,L200815,2027-11-09,1476.0,1164.0,Partial
R300816,L200816,2026-12-13,38533.0,24379.0,Partial
R300817,L200817,2026-11-17,16333.0,10882.0,Partial
R300818,L200818,2027-10-25,2821.0,2305.0,Partial
R300819,L200819,2027-01-10,10071.0,6705.0,Partial
R300820,L200820,2027-03-29,48317.0,21997.0,Partial
R300821,L200821,2027-07-07,26357.0,17875.0,Partial
R300822,L200822,2024-11-20,18271.0,17355.0,Partial
R300823,L200823,2025-12-28,798.0,668.0,Partial
R300824,L200824,2025-12-08,14083.0,8638.0,Partial
R300825,L200825,2026-04-19,12611.0,11057.0,Partial
R300826,L200826,2026-09-26,14361.0,12362.0,Partial
R300827,L200827,2025-08-11,12367.0,10325.0,Partial
R300828,L200828,2025-06-22,5440.0,4055.0,Partial
R300829,L200829,2027-01-25,10017.0,10136.0,Paid
R300830,L200830,2025-09-23,27438.0,20832.0,Partial
R300831,L200831,2025-09-13,55321.0,37661.0,Partial
R300832,L200832,2026-12-02,7475.0,3990.0,Partial
R300833,L200833,2024-02-18,6875.0,5675.0,Partial
R300834,L200834,2025-01-21,34683.0,21864.0,Partial
R300835,L200835,2024-08-01,33000.0,27308.0,Partial
R300836,L200836,2026-04-19,22958.0,14545.0,Partial
R300837,L200837,2025-07-23,3750.0,3214.0,Partial
R300838,L200838,2024-04-16,45167.0,42451.0,Partial
R300839,L200839,2026-02-12,11417.0,9307.0,Partial
R300840,L200840,2025-10-09,49958.0,32477.0,Partial
R300841,L200841,2025-10-16,54750.0,49041.0,Partial
R300842,L200842,2024-04-29,7958.0,1906.0,Partial
R300843,L200843,2026-04-12,3679.0,2220.0,Partial
R300844,L200844,2026-07-19,12675.0,11586.0,Partial
R300845,L200845,2025-10-10,33655.0,26977.0,Partial
R300846,L200846,2028-04-16,1000.0,231.0,Partial
R300847,L200847,2024-11-25,34771.0,28796.0,Partial
R300848,L200848,2026-07-08,15500.0,13661.0,Partial
R300849,L200849,2027-07-30,8325.0,6077.0,Partial
R300850,L200850,2026-07-19,21917.0,19923.0,Partial
R300851,L200851,2025-10-21,25083.0,23262.0,Partial
R300852,L200852,2026-07-22,3925.0,2513.0,Partial
R300853,L200853,2025-09-28,42250.0,38284.0,Partial
R300854,L200854,2028-05-02,4150.0,2717.0,Partial
R300855,L200855,2025-08-20,22444.0,17179.0,Partial
R300856,L200856,2026-12-14,8367.0,7654.0,Partial
R300857,L200857,2026-03-02,116917.0,101988.0,Partial
R300858,L200858,2025-05-03,183083.0,155473.0,Partial
R300859,L200859,2027-01-25,11179.0,7826.0,Partial
R300860,L200860,2025-11-22,39208.0,30463.0,Partial
R300861,L200861,2026-01-01,5679.0,3753.0,Partial
R300862,L200862,2025-02-18,8562.0,8118.0,Partial
R300863,L200863,2024-07-18,46750.0,29186.0,Partial
R300864,L200864,2026-07-04,2139.0,1866.0,Partial
R300865,L200865,2026-06-16,27333.0,18729.0,Partial
R300866,L200866,2026-06-19,39317.0,31506.0,Partial
R300867,L200867,2025-05-13,68833.0,60144.0,Partial
R300868,L200868,2026-11-26,9792.0,6332.0,Partial
R300869,L200869,2026-02-04,17214.0,13556.0,Partial
R300870,L200870,2026-09-08,22825.0,20672.0,Partial
R300871,L200871,2027-02-04,88200.0,62454.0,Partial
R300872,L200872,2024-09-24,11917.0,8247.0,Partial
R300873,L200873,2024-10-31,88646.0,69818.0,Partial
R300874,L200874,2024-08-17,143417.0,131995.0,Partial
R300875,L200875,2028-11-12,7750.0,5034.0,Partial
R300876,L200876,2024-08-10,136167.0,51745.0,Partial
R300877,L200877,2026-09-04,808.0,498.0,Partial
R300878,L200878,2024-01-30,59125.0,35929.0,Partial
R300879,L200879,2027-02-12,4983.0,4546.0,Partial
R300880,L200880,2023-12-04,14583.0,10504.0,Partial
R300881,L200881,2024-05-28,72667.0,65329.0,Partial
R300882,L200882,2024-11-27,4250.0,2826.0,Partial
R300883,L200883,2029-01-23,2017.0,1351.0,Partial
R300884,L200884,2024-10-24,8283.0,5827.0,Partial
R300885,L200885,2024-08-20,24278.0,21926.0,Partial
R300886,L200886,2025-05-29,5988.0,5090.0,Partial
R300887,L200887,2025-08-07,3983.0,3279.0,Partial
R300888,L200888,2025-12-25,45417.0,31553.0,Partial
R300889,L200889,2025-07-21,3708.0,2667.0,Partial
R300890,L200890,2027-09-18,6650.0,4489.0,Partial
R300891,L200891,2025-05-09,49667.0,31269.0,Partial
R300892,L200892,2025-09-17,16771.0,11661.0,Partial
R300893,L200893,2027-02-19,6000.0,4827.0,Partial
R300894,L200894,2024-04-09,44542.0,41043.0,Partial
R300895,L200895,2024-09-07,36250.0,24009.0,Partial
R300896,L200896,2025-09-21,12383.0,12436.0,Paid
R300897,L200897,2027-05-15,34917.0,30409.0,Partial
R300898,L200898,2026-05-07,197333.0,152909.0,Partial
R300899,L200899,2026-05-29,12233.0,8717.0,Partial
R300900,L200900,2026-05-20,36583.0,16456.0,Partial
R300901,L200901,2026-02-09,14556.0,9169.0,Partial
R300902,L200902,2025-02-05,26479.0,27247.0,Paid
R300903,L200903,2024-05-01,17000.0,13760.0,Partial
R300904,L200904,2024-09-28,67200.0,49319.0,Partial
R300905,L200905,2028-02-03,7464.0,6162.0,Partial
R300906,L200906,2025-04-30,1292.0,816.0,Partial
R300907,L200907,2026-09-08,7571.0,7485.0,Partial
R300908,L200908,2026-07-26,5083.0,2148.0,Partial
R300909,L200909,2024-04-11,91556.0,83944.0,Partial
R300910,L200910,2023-09-01,34667.0,31408.0,Partial
R300911,L200911,2027-01-12,23400.0,21885.0,Partial
R300912,L200912,2026-03-23,44139.0,38902.0,Partial
R300913,L200913,2024-01-26,87750.0,74261.0,Partial
R300914,L200914,2025-01-19,54150.0,41968.0,Partial
R300915,L200915,2025-05-09,14750.0,11897.0,Partial
R300916,L200916,2024-04-03,17917.0,13874.0,Partial
R300917,L200917,2025-04-08,43354.0,40648.0,Partial
R300918,L200918,2027-08-30,22821.0,21026.0,Partial
R300919,L200919,2025-03-19,7133.0,4894.0,Partial
R300920,L200920,2025-11-10,105583.0,78927.0,Partial
R300921,L200921,2026-03-26,25667.0,17169.0,Partial
R300922,L200922,2025-11-26,14702.0,9485.0,Partial
R300923,L200923,2028-06-21,2958.0,2275.0,Partial
R300924,L200924,2027-10-29,30726.0,20516.0,Partial
R300925,L200925,2025-05-13,17083.0,15535.0,Partial
R300926,L200926,2025-08-14,24600.0,19637.0,Partial
R300927,L200927,2026-07-24,443750.0,375600.0,Partial
R300928,L200928,2025-04-29,6375.0,5555.0,Partial
R300929,L200929,2024-10-18,22833.0,18346.0,Partial
R300930,L200930,2024-01-22,35792.0,23154.0,Partial
R300931,L200931,2026-12-18,14083.0,12565.0,Partial
R300932,L200932,2024-05-26,12167.0,11311.0,Partial
R300933,L200933,2026-09-21,908.0,612.0,Partial
R300934,L200934,2026-05-31,48208.0,34367.0,Partial
R300935,L200935,2027-03-30,6700.0,4919.0,Partial
R300936,L200936,2028-06-29,1300.0,848.0,Partial
R300937,L200937,2028-07-13,2067.0,1301.0,Partial
R300938,L200938,2026-06-15,4083.0,2637.0,Partial
R300939,L200939,2026-07-05,10208.0,7189.0,Partial
R300940,L200940,2024-02-23,14250.0,9538.0,Partial
R300941,L200941,2026-02-05,149917.0,31465.0,Partial
R300942,L200942,2024-06-30,32792.0,26775.0,Partial
R300943,L200943,2027-10-15,4900.0,4037.0,Partial
R300944,L200944,2024-10-17,132250.0,123692.0,Partial
R300945,L200945,2024-09-11,9550.0,7936.0,Partial
R300946,L200946,2025-12-07,3533.0,2612.0,Partial
R300947,L200947,2024-10-22,138500.0,97145.0,Partial
R300948,L200948,2028-12-29,6050.0,3702.0,Partial
R300949,L200949,2026-02-16,56083.0,39425.0,Partial
R300950,L200950,2024-02-16,14667.0,11635.0,Partial
R300951,L200951,2023-06-27,59750.0,40642.0,Partial
R300952,L200952,2027-04-26,36298.0,34866.0,Partial
R300953,L200953,2026-07-24,27733.0,21193.0,Partial
R300954,L200954,2028-01-13,2142.0,1868.0,Partial
R300955,L200955,2027-08-04,33300.0,28439.0,Partial
R300956,L200956,2027-05-26,8500.0,6790.0,Partial
R300957,L200957,2027-05-17,7202.0,4804.0,Partial
R300958,L200958,2026-04-22,21333.0,13814.0,Partial
R300959,L200959,2026-01-03,8104.0,6930.0,Partial
R300960,L200960,2023-08-31,137917.0,88265.0,Partial
R300961,L200961,2026-06-01,18528.0,6601.0,Partial
R300962,L200962,2025-09-23,35214.0,28209.0,Partial
R300963,L200963,2026-06-15,1250.0,771.0,Partial
R300964,L200964,2025-09-23,61500.0,37144.0,Partial
R300965,L200965,2027-03-08,48464.0,32951.0,Partial
R300966,L200966,2027-02-03,2988.0,2682.0,Partial
R300967,L200967,2025-07-19,42889.0,27111.0,Partial
R300968,L200968,2028-03-25,41883.0,18499.0,Partial
R300969,L200969,2024-10-10,18500.0,15434.0,Partial
R300970,L200970,2024-02-09,35917.0,10737.0,Partial
R300971,L200971,2025-03-14,65667.0,48984.0,Partial
R300972,L200972,2024-06-14,17625.0,14775.0,Partial
R300973,L200973,2025-07-05,3345.0,2251.0,Partial
R300974,L200974,2026-03-05,8104.0,6238.0,Partial
R300975,L200975,2026-04-19,8500.0,7354.0,Partial
R300976,L200976,2023-12-04,43333.0,34357.0,Partial
R300977,L200977,2025-03-22,5694.0,5151.0,Partial
R300978,L200978,2026-05-20,440083.0,335394.0,Partial
R300979,L200979,2027-03-18,34050.0,27411.0,Partial
R300980,L200980,2027-12-09,12798.0,11277.0,Partial
R300981,L200981,2027-06-16,9893.0,6793.0,Partial
R300982,L200982,2026-11-16,13492.0,11081.0,Partial
R300983,L200983,2025-08-02,24500.0,20806.0,Partial
R300984,L200984,2025-08-15,43583.0,27092.0,Partial
R300985,L200985,2026-07-03,10688.0,6457.0,Partial
R300986,L200986,2025-01-28,16400.0,14466.0,Partial
R300987,L200987,2028-06-27,56321.0,48927.0,Partial
R300988,L200988,2027-09-20,5433.0,4426.0,Partial
R300989,L200989,2023-10-11,50083.0,36310.0,Partial
R300990,L200990,2025-12-03,6889.0,5488.0,Partial
R300991,L200991,2023-10-19,37333.0,27697.0,Partial
R300992,L200992,2024-09-13,115833.0,89910.0,Partial
R300993,L200993,2026-11-24,13139.0,8736.0,Partial
R300994,L200994,2028-07-09,21042.0,10372.0,Partial
R300995,L200995,2025-02-21,11000.0,2478.0,Partial
R300996,L200996,2023-12-30,39639.0,26617.0,Partial
R300997,L200997,2027-05-23,26117.0,20991.0,Partial
R300998,L200998,2027-03-26,7325.0,4726.0,Partial
R300999,L200999,2025-08-24,59458.0,49011.0,Partial
R301000,L201000,2026-01-26,37071.0,28446.0,Partial
R301001,L201001,2028-11-17,4142.0,4033.0,Partial
R301002,L201002,2026-06-09,12548.0,8620.0,Partial
R301003,L201003,2026-02-01,37875.0,34420.0,Partial
R301004,L201004,2023-12-09,156875.0,122060.0,Partial
R301005,L201005,2027-04-28,21000.0,12601.0,Partial
R301006,L201006,2027-03-02,15583.0,11292.0,Partial
R301007,L201007,2025-11-14,57083.0,43859.0,Partial
R301008,L201008,2024-11-12,53417.0,42043.0,Partial
R301009,L201009,2025-11-29,178167.0,113068.0,Partial
R301010,L201010,2026-10-19,44667.0,27819.0,Partial
R301011,L201011,2027-04-23,12983.0,9845.0,Partial
R301012,L201012,2026-06-25,12775.0,8300.0,Partial
R301013,L201013,2024-04-20,12167.0,8200.0,Partial
R301014,L201014,2027-06-02,10867.0,10081.0,Partial
R301015,L201015,2029-06-27,26817.0,19858.0,Partial
R301016,L201016,2026-02-17,4750.0,3737.0,Partial
R301017,L201017,2026-04-20,38725.0,30913.0,Partial
R301018,L201018,2026-03-20,29167.0,22775.0,Partial
R301019,L201019,2027-06-05,36333.0,34267.0,Partial
R301020,L201020,2026-04-22,31000.0,12458.0,Partial
R301021,L201021,2027-09-05,4155.0,3057.0,Partial
R301022,L201022,2025-01-21,33000.0,23169.0,Partial
R301023,L201023,2027-08-10,2300.0,1958.0,Partial
R301024,L201024,2025-09-27,39125.0,28779.0,Partial
R301025,L201025,2025-05-03,66000.0,65773.0,Partial
R301026,L201026,2026-12-10,159778.0,107386.0,Partial
R301027,L201027,2023-05-05,99500.0,60601.0,Partial
R301028,L201028,2024-09-22,59792.0,52293.0,Partial
R301029,L201029,2026-10-01,76083.0,45804.0,Partial
R301030,L201030,2024-03-02,34389.0,30043.0,Partial
R301031,L201031,2026-08-10,4292.0,3697.0,Partial
R301032,L201032,2026-11-20,89250.0,76384.0,Partial
R301033,L201033,2026-02-26,8167.0,5744.0,Partial
R301034,L201034,2026-07-21,59458.0,45167.0,Partial
R301035,L201035,2026-02-10,43396.0,35726.0,Partial
R301036,L201036,2026-01-01,7979.0,5213.0,Partial
R301037,L201037,2027-01-07,24500.0,24885.0,Paid
R301038,L201038,2025-11-22,496417.0,267545.0,Partial
R301039,L201039,2027-03-27,23271.0,16796.0,Partial
R301040,L201040,2026-03-24,88333.0,56314.0,Partial
R301041,L201041,2026-01-16,71000.0,45102.0,Partial
R301042,L201042,2026-11-01,4667.0,3157.0,Partial
R301043,L201043,2023-12-09,167250.0,158566.0,Partial
R301044,L201044,2023-12-24,49667.0,37208.0,Partial
R301045,L201045,2026-02-17,17917.0,14374.0,Partial
R301046,L201046,2025-07-25,13917.0,11384.0,Partial
R301047,L201047,2024-10-06,6083.0,4967.0,Partial
R301048,L201048,2024-06-25,26750.0,20747.0,Partial
R301049,L201049,2026-12-04,27958.0,24014.0,Partial
R301050,L201050,2023-09-25,19292.0,16787.0,Partial
R301051,L201051,2024-12-30,23694.0,19710.0,Partial
R301052,L201052,2028-06-13,7190.0,4808.0,Partial
R301053,L201053,2025-05-19,15312.0,12956.0,Partial
R301054,L201054,2028-08-20,3492.0,2832.0,Partial
R301055,L201055,2028-04-15,4500.0,3014.0,Partial
R301056,L201056,2026-07-26,13583.0,11221.0,Partial
R301057,L201057,2026-01-20,29292.0,18455.0,Partial
R301058,L201058,2025-08-14,115792.0,88885.0,Partial
R301059,L201059,2027-11-01,34550.0,26314.0,Partial
R301060,L201060,2025-07-12,23700.0,18510.0,Partial
R301061,L201061,2026-03-21,11548.0,10157.0,Partial
R301062,L201062,2025-07-30,168625.0,119400.0,Partial
R301063,L201063,2026-12-28,2350.0,1843.0,Partial
R301064,L201064,2026-11-17,19950.0,16105.0,Partial
R301065,L201065,2027-06-16,37312.0,28008.0,Partial
R301066,L201066,2026-08-09,3367.0,3186.0,Partial
R301067,L201067,2026-10-26,29521.0,26163.0,Partial
R301068,L201068,2025-09-19,9250.0,8461.0,Partial
R301069,L201069,2024-02-10,4861.0,3087.0,Partial
R301070,L201070,2026-05-01,7250.0,5355.0,Partial
R301071,L201071,2026-02-10,13050.0,11083.0,Partial
R301072,L201072,2024-12-18,19972.0,16877.0,Partial
R301073,L201073,2026-10-12,9750.0,7958.0,Partial
R301074,L201074,2024-12-17,5917.0,4651.0,Partial
R301075,L201075,2023-10-03,195875.0,177329.0,Partial
R301076,L201076,2026-06-14,6517.0,5885.0,Partial
R301077,L201077,2024-01-26,52458.0,44152.0,Partial
R301078,L201078,2029-07-01,25192.0,25085.0,Partial
R301079,L201079,2026-05-18,18417.0,14518.0,Partial
R301080,L201080,2025-01-05,21111.0,4893.0,Partial
R301081,L201081,2026-06-06,7042.0,4358.0,Partial
R301082,L201082,2024-02-15,11028.0,7053.0,Partial
R301083,L201083,2026-07-16,76292.0,64942.0,Partial
R301084,L201084,2027-11-02,13733.0,2063.0,Partial
R301085,L201085,2024-01-31,64444.0,58748.0,Partial
R301086,L201086,2027-02-17,11472.0,9239.0,Partial
R301087,L201087,2026-05-05,87854.0,73186.0,Partial
R301088,L201088,2023-12-24,19333.0,18717.0,Partial
R301089,L201089,2026-02-17,5417.0,3837.0,Partial
R301090,L201090,2027-01-14,20312.0,17894.0,Partial
R301091,L201091,2028-07-11,19929.0,20310.0,Paid
R301092,L201092,2027-08-31,39800.0,29272.0,Partial
R301093,L201093,2025-05-03,115000.0,103684.0,Partial
R301094,L201094,2024-05-10,108562.0,99546.0,Partial
R301095,L201095,2026-10-08,47021.0,30417.0,Partial
R301096,L201096,2027-10-12,34512.0,28103.0,Partial
R301097,L201097,2027-03-08,7633.0,5510.0,Partial
R301098,L201098,2025-03-26,3733.0,2280.0,Partial
R301099,L201099,2025-09-27,108917.0,54147.0,Partial
R301100,L201100,2027-01-12,69167.0,59463.0,Partial
R301101,L201101,2026-07-13,5908.0,4787.0,Partial
R301102,L201102,2026-05-10,13925.0,10843.0,Partial
R301103,L201103,2025-07-29,4214.0,3915.0,Partial
R301104,L201104,2026-11-30,8233.0,5411.0,Partial
R301105,L201105,2026-04-16,3488.0,3269.0,Partial
R301106,L201106,2026-09-02,15750.0,15832.0,Paid
R301107,L201107,2027-06-17,35229.0,32349.0,Partial
R301108,L201108,2024-02-07,88833.0,81014.0,Partial
R301109,L201109,2025-10-03,66583.0,41365.0,Partial
R301110,L201110,2025-10-25,66667.0,55297.0,Partial
R301111,L201111,2024-03-26,44222.0,36265.0,Partial
R301112,L201112,2025-01-12,38117.0,27793.0,Partial
R301113,L201113,2027-12-12,2143.0,1546.0,Partial
R301114,L201114,2025-07-23,48512.0,38618.0,Partial
R301115,L201115,2024-12-19,12229.0,10058.0,Partial
R301116,L201116,2026-09-06,54500.0,35746.0,Partial
R301117,L201117,2027-09-09,30667.0,27693.0,Partial
R301118,L201118,2028-05-01,40857.0,31735.0,Partial
R301119,L201119,2024-07-22,87167.0,63465.0,Partial
R301120,L201120,2027-01-29,29967.0,13077.0,Partial
R301121,L201121,2025-08-29,127250.0,115044.0,Partial
R301122,L201122,2026-04-03,42667.0,16924.0,Partial
R301123,L201123,2024-01-26,57250.0,43995.0,Partial
R301124,L201124,2023-09-18,17875.0,15102.0,Partial
R301125,L201125,2024-12-20,39375.0,19082.0,Partial
R301126,L201126,2027-12-20,6533.0,5383.0,Partial
R301127,L201127,2028-03-03,44192.0,29651.0,Partial
R301128,L201128,2026-03-11,47083.0,32441.0,Partial
R301129,L201129,2028-07-16,2075.0,1706.0,Partial
R301130,L201130,2029-03-21,12408.0,8967.0,Partial
R301131,L201131,2028-09-06,5300.0,4360.0,Partial
R301132,L201132,2026-07-04,9726.0,7056.0,Partial
R301133,L201133,2026-01-04,52833.0,35825.0,Partial
R301134,L201134,2026-05-14,4167.0,1444.0,Partial
R301135,L201135,2027-12-21,8560.0,1298.0,Partial
R301136,L201136,2026-08-12,74938.0,13963.0,Partial
R301137,L201137,2024-01-21,40833.0,34780.0,Partial
R301138,L201138,2023-11-09,14542.0,10878.0,Partial
R301139,L201139,2027-03-24,75375.0,60503.0,Partial
R301140,L201140,2026-03-22,32375.0,24366.0,Partial
R301141,L201141,2026-06-14,2733.0,2663.0,Partial
R301142,L201142,2024-02-24,240333.0,173373.0,Partial
R301143,L201143,2025-11-24,3521.0,2755.0,Partial
R301144,L201144,2026-01-10,15979.0,11984.0,Partial
R301145,L201145,2025-07-21,2917.0,2480.0,Partial
R301146,L201146,2026-12-02,3875.0,2726.0,Partial
R301147,L201147,2025-07-09,206417.0,185410.0,Partial
R301148,L201148,2026-01-26,85708.0,58198.0,Partial
R301149,L201149,2025-06-07,62917.0,53685.0,Partial
R301150,L201150,2026-10-19,15250.0,12025.0,Partial
R301151,L201151,2024-08-15,84833.0,65277.0,Partial
R301152,L201152,2025-06-08,72375.0,72562.0,Paid
R301153,L201153,2025-09-07,10467.0,9685.0,Partial
R301154,L201154,2027-10-07,65850.0,50206.0,Partial
R301155,L201155,2026-09-04,68381.0,47131.0,Partial
R301156,L201156,2026-08-15,19393.0,13134.0,Partial
R301157,L201157,2027-09-29,8190.0,5019.0,Partial
R301158,L201158,2026-03-29,1679.0,1114.0,Partial
R301159,L201159,2026-07-01,15714.0,14087.0,Partial
R301160,L201160,2026-05-31,13167.0,9424.0,Partial
R301161,L201161,2026-05-10,22775.0,19660.0,Partial
R301162,L201162,2024-10-07,60767.0,49153.0,Partial
R301163,L201163,2026-03-05,9500.0,8227.0,Partial
R301164,L201164,2025-03-28,122562.0,87501.0,Partial
R301165,L201165,2028-11-06,19158.0,17518.0,Partial
R301166,L201166,2028-07-21,7633.0,5327.0,Partial
R301167,L201167,2026-12-10,6892.0,4865.0,Partial
R301168,L201168,2025-04-06,2900.0,615.0,Partial
R301169,L201169,2027-11-16,7300.0,4956.0,Partial
R301170,L201170,2026-04-03,481500.0,418331.0,Partial
R301171,L201171,2025-06-27,11367.0,9349.0,Partial
R301172,L201172,2025-07-27,49056.0,41684.0,Partial
R301173,L201173,2026-06-28,55042.0,43634.0,Partial
R301174,L201174,2025-06-14,28733.0,23315.0,Partial
R301175,L201175,2025-10-30,9667.0,7561.0,Partial
R301176,L201176,2025-11-11,75617.0,58490.0,Partial
R301177,L201177,2027-03-19,14604.0,9175.0,Partial
R301178,L201178,2024-12-01,102083.0,63658.0,Partial
R301179,L201179,2025-05-29,11167.0,6729.0,Partial
R301180,L201180,2026-04-16,8861.0,6561.0,Partial
R301181,L201181,2027-07-04,18429.0,16904.0,Partial
R301182,L201182,2024-01-07,124958.0,107874.0,Partial
R301183,L201183,2024-12-05,81867.0,49277.0,Partial
R301184,L201184,2026-10-16,9417.0,5954.0,Partial
R301185,L201185,2027-02-22,2600.0,1373.0,Partial
R301186,L201186,2023-10-26,96750.0,13522.0,Partial
R301187,L201187,2028-05-31,20225.0,15919.0,Partial
R301188,L201188,2024-11-29,69833.0,42357.0,Partial
R301189,L201189,2024-12-28,92542.0,80515.0,Partial
R301190,L201190,2025-09-19,11333.0,9652.0,Partial
R301191,L201191,2027-05-26,6214.0,5894.0,Partial
R301192,L201192,2024-10-27,73583.0,55375.0,Partial
R301193,L201193,2026-05-21,32208.0,19569.0,Partial
R301194,L201194,2025-05-02,55583.0,46527.0,Partial
R301195,L201195,2026-08-28,12889.0,3497.0,Partial
R301196,L201196,2025-07-11,13375.0,11134.0,Partial
R301197,L201197,2025-10-24,13633.0,11699.0,Partial
R301198,L201198,2025-03-01,7208.0,6794.0,Partial
R301199,L201199,2023-05-16,60917.0,39340.0,Partial
R301200,L201200,2026-05-26,83317.0,56573.0,Partial
R301201,L201201,2028-02-11,508.0,419.0,Partial
R301202,L201202,2029-05-16,4633.0,3051.0,Partial
R301203,L201203,2024-11-02,11028.0,7548.0,Partial
R301204,L201204,2024-04-27,12167.0,8963.0,Partial
R301205,L201205,2027-04-03,17771.0,13676.0,Partial
R301206,L201206,2025-04-15,56417.0,35177.0,Partial
R301207,L201207,2024-06-23,8938.0,7745.0,Partial
R301208,L201208,2025-01-14,57694.0,52868.0,Partial
R301209,L201209,2029-06-22,2717.0,1854.0,Partial
R301210,L201210,2027-02-23,91146.0,74881.0,Partial
R301211,L201211,2025-10-21,8194.0,7491.0,Partial
R301212,L201212,2025-08-13,2679.0,1835.0,Partial
R301213,L201213,2025-10-17,23125.0,18759.0,Partial
R301214,L201214,2023-11-09,133208.0,90366.0,Partial
R301215,L201215,2025-12-05,7567.0,4637.0,Partial
R301216,L201216,2026-08-18,4798.0,4546.0,Partial
R301217,L201217,2027-11-07,14726.0,12907.0,Partial
R301218,L201218,2027-07-07,8071.0,7032.0,Partial
R301219,L201219,2026-03-20,9750.0,6414.0,Partial
R301220,L201220,2025-04-27,8845.0,6537.0,Partial
R301221,L201221,2025-05-11,3726.0,3213.0,Partial
R301222,L201222,2027-04-23,1533.0,1093.0,Partial
R301223,L201223,2026-06-15,10583.0,7196.0,Partial
R301224,L201224,2024-10-05,7292.0,4835.0,Partial
R301225,L201225,2027-10-07,19690.0,14037.0,Partial
R301226,L201226,2027-09-01,40783.0,27699.0,Partial
R301227,L201227,2023-09-13,34458.0,18874.0,Partial
R301228,L201228,2026-08-19,60083.0,51080.0,Partial
R301229,L201229,2027-02-06,1033.0,918.0,Partial
R301230,L201230,2028-10-17,4242.0,1811.0,Partial
R301231,L201231,2025-04-08,36000.0,28937.0,Partial
R301232,L201232,2025-10-01,126833.0,95865.0,Partial
R301233,L201233,2026-09-03,1392.0,1121.0,Partial
R301234,L201234,2026-08-13,10500.0,8069.0,Partial
R301235,L201235,2027-06-28,46188.0,44350.0,Partial
R301236,L201236,2028-11-23,1392.0,862.0,Partial
R301237,L201237,2026-12-09,31521.0,19829.0,Partial
R301238,L201238,2024-07-27,81917.0,60519.0,Partial
R301239,L201239,2024-07-24,28542.0,20927.0,Partial
R301240,L201240,2026-05-05,27625.0,25783.0,Partial
R301241,L201241,2024-12-24,14667.0,7982.0,Partial
R301242,L201242,2025-03-09,61333.0,37708.0,Partial
R301243,L201243,2024-07-14,29694.0,23887.0,Partial
R301244,L201244,2026-11-19,84271.0,77777.0,Partial
R301245,L201245,2026-10-06,9750.0,7070.0,Partial
R301246,L201246,2025-04-12,6042.0,4821.0,Partial
R301247,L201247,2029-05-31,7267.0,6146.0,Partial
R301248,L201248,2026-09-19,12883.0,10808.0,Partial
R301249,L201249,2025-02-07,116667.0,92218.0,Partial
R301250,L201250,2025-10-06,14767.0,13444.0,Partial
R301251,L201251,2026-04-16,17646.0,16353.0,Partial
R301252,L201252,2024-09-21,39083.0,34583.0,Partial
R301253,L201253,2025-01-20,24271.0,22600.0,Partial
R301254,L201254,2025-11-03,6417.0,4660.0,Partial
R301255,L201255,2024-04-09,28250.0,22092.0,Partial
R301256,L201256,2028-09-19,4567.0,3816.0,Partial
R301257,L201257,2027-12-09,1933.0,1295.0,Partial
R301258,L201258,2026-12-11,11633.0,7211.0,Partial
R301259,L201259,2026-10-11,23575.0,15616.0,Partial
R301260,L201260,2026-09-18,225708.0,146948.0,Partial
R301261,L201261,2026-07-30,23750.0,19876.0,Partial
R301262,L201262,2028-01-10,821.0,664.0,Partial
R301263,L201263,2025-09-28,113333.0,107240.0,Partial
R301264,L201264,2028-02-18,18786.0,15766.0,Partial
R301265,L201265,2025-06-15,9500.0,6863.0,Partial
R301266,L201266,2029-04-15,9008.0,8196.0,Partial
R301267,L201267,2027-05-02,13729.0,11795.0,Partial
R301268,L201268,2025-02-02,15500.0,10104.0,Partial
R301269,L201269,2024-06-22,22917.0,16670.0,Partial
R301270,L201270,2027-07-29,11800.0,10132.0,Partial
R301271,L201271,2026-05-16,17958.0,16871.0,Partial
R301272,L201272,2025-10-09,3333.0,2270.0,Partial
R301273,L201273,2028-04-14,10143.0,9611.0,Partial
R301274,L201274,2025-08-19,7143.0,5006.0,Partial
R301275,L201275,2028-12-25,1825.0,782.0,Partial
R301276,L201276,2023-06-29,70000.0,51431.0,Partial
R301277,L201277,2025-08-20,4929.0,4108.0,Partial
R301278,L201278,2024-07-10,24750.0,23853.0,Partial
R301279,L201279,2025-07-24,7881.0,5424.0,Partial
R301280,L201280,2024-12-06,5667.0,3830.0,Partial
R301281,L201281,2025-07-03,81958.0,57209.0,Partial
R301282,L201282,2027-06-20,37625.0,34973.0,Partial
R301283,L201283,2025-09-12,24604.0,18040.0,Partial
R301284,L201284,2028-07-08,19595.0,17648.0,Partial
R301285,L201285,2026-12-24,1643.0,1193.0,Partial
R301286,L201286,2027-01-29,675.0,176.0,Partial
R301287,L201287,2024-02-10,85917.0,58656.0,Partial
R301288,L201288,2027-08-23,4817.0,3578.0,Partial
R301289,L201289,2025-07-19,44933.0,42299.0,Partial
R301290,L201290,2026-04-27,60042.0,48025.0,Partial
R301291,L201291,2026-11-28,17875.0,14173.0,Partial
R301292,L201292,2027-06-22,14567.0,11932.0,Partial
R301293,L201293,2024-06-19,20417.0,15739.0,Partial
R301294,L201294,2027-11-17,6988.0,5823.0,Partial
R301295,L201295,2027-03-19,4133.0,2828.0,Partial
R301296,L201296,2027-03-08,1806.0,1425.0,Partial
R301297,L201297,2027-08-17,7083.0,6210.0,Partial
R301298,L201298,2025-01-13,4183.0,2922.0,Partial
R301299,L201299,2027-10-16,4142.0,3726.0,Partial
R301300,L201300,2024-11-25,368750.0,222254.0,Partial
R301301,L201301,2026-03-14,12333.0,9491.0,Partial
R301302,L201302,2024-10-13,221875.0,182445.0,Partial
R301303,L201303,2027-12-07,30345.0,21879.0,Partial
R301304,L201304,2024-12-02,104194.0,75194.0,Partial
R301305,L201305,2025-06-12,41250.0,25773.0,Partial
R301306,L201306,2025-10-13,29833.0,22781.0,Partial
R301307,L201307,2025-10-08,58708.0,53938.0,Partial
R301308,L201308,2025-07-26,10250.0,8213.0,Partial
R301309,L201309,2027-07-04,124229.0,111321.0,Partial
R301310,L201310,2026-07-27,69083.0,61590.0,Partial
R301311,L201311,2026-03-03,27933.0,24323.0,Partial
R301312,L201312,2026-03-03,2607.0,569.0,Partial
R301313,L201313,2027-10-20,13167.0,8209.0,Partial
R301314,L201314,2026-12-25,39750.0,17613.0,Partial
R301315,L201315,2027-07-23,27900.0,25045.0,Partial
R301316,L201316,2026-11-01,12458.0,9278.0,Partial
R301317,L201317,2024-02-28,2667.0,2292.0,Partial
R301318,L201318,2025-11-04,171458.0,118005.0,Partial
R301319,L201319,2027-04-10,5708.0,4050.0,Partial
R301320,L201320,2025-08-24,24667.0,16524.0,Partial
R301321,L201321,2023-06-05,66000.0,39763.0,Partial
R301322,L201322,2027-06-21,49354.0,39853.0,Partial
R301323,L201323,2026-04-16,2600.0,567.0,Partial
R301324,L201324,2025-05-31,71917.0,68011.0,Partial
R301325,L201325,2029-04-29,3967.0,3093.0,Partial
R301326,L201326,2024-11-08,1517.0,1261.0,Partial
R301327,L201327,2026-09-01,8633.0,6333.0,Partial
R301328,L201328,2026-05-13,119000.0,93395.0,Partial
R301329,L201329,2026-08-25,7488.0,7103.0,Partial
R301330,L201330,2024-04-17,43250.0,34625.0,Partial
R301331,L201331,2026-04-20,8333.0,6616.0,Partial
R301332,L201332,2027-09-09,80517.0,58549.0,Partial
R301333,L201333,2028-02-14,10558.0,8086.0,Partial
R301334,L201334,2024-05-11,58625.0,46127.0,Partial
R301335,L201335,2026-11-22,6850.0,2319.0,Partial
R301336,L201336,2027-01-02,7225.0,3121.0,Partial
R301337,L201337,2029-07-14,29125.0,20822.0,Partial
R301338,L201338,2025-03-25,39979.0,31478.0,Partial
R301339,L201339,2027-05-23,3583.0,2226.0,Partial
R301340,L201340,2028-07-18,6942.0,1186.0,Partial
R301341,L201341,2025-06-13,20667.0,17134.0,Partial
R301342,L201342,2025-12-13,35083.0,23877.0,Partial
R301343,L201343,2026-08-08,27208.0,4294.0,Partial
R301344,L201344,2028-05-10,16292.0,10230.0,Partial
R301345,L201345,2027-10-12,38845.0,27072.0,Partial
R301346,L201346,2023-11-11,33958.0,32905.0,Partial
R301347,L201347,2025-06-09,15450.0,10152.0,Partial
R301348,L201348,2025-01-30,85625.0,68644.0,Partial
R301349,L201349,2026-09-18,4308.0,3503.0,Partial
R301350,L201350,2025-12-08,41667.0,26377.0,Partial
R301351,L201351,2025-07-16,38024.0,7066.0,Partial
R301352,L201352,2025-10-27,2750.0,2217.0,Partial
R301353,L201353,2023-11-10,91250.0,69939.0,Partial
R301354,L201354,2026-01-08,3067.0,2829.0,Partial
R301355,L201355,2025-12-22,7100.0,6556.0,Partial
R301356,L201356,2025-07-28,37417.0,27546.0,Partial
R301357,L201357,2027-07-27,15792.0,11131.0,Partial
R301358,L201358,2026-06-18,13683.0,11532.0,Partial
R301359,L201359,2023-10-25,283750.0,239991.0,Partial
R301360,L201360,2026-05-22,50021.0,33337.0,Partial
R301361,L201361,2028-07-07,25250.0,20699.0,Partial
R301362,L201362,2024-05-07,53292.0,10493.0,Partial
R301363,L201363,2023-12-03,23458.0,20814.0,Partial
R301364,L201364,2026-04-17,64333.0,65146.0,Paid
R301365,L201365,2025-03-17,80167.0,53348.0,Partial
R301366,L201366,2027-05-13,12783.0,9613.0,Partial
R301367,L201367,2024-09-25,409917.0,319250.0,Partial
R301368,L201368,2027-03-24,18417.0,12546.0,Partial
R301369,L201369,2026-04-30,154944.0,126589.0,Partial
R301370,L201370,2026-12-18,10812.0,7530.0,Partial
R301371,L201371,2027-02-22,45500.0,18563.0,Partial
R301372,L201372,2026-01-15,5271.0,4355.0,Partial
R301373,L201373,2024-10-15,15056.0,11097.0,Partial
R301374,L201374,2027-06-12,51167.0,40022.0,Partial
R301375,L201375,2026-11-27,19642.0,13699.0,Partial
R301376,L201376,2024-07-13,71333.0,45262.0,Partial
R301377,L201377,2024-11-28,14167.0,13583.0,Partial
R301378,L201378,2026-01-08,17417.0,15180.0,Partial
R301379,L201379,2025-02-18,33667.0,24266.0,Partial
R301380,L201380,2028-12-19,6408.0,4317.0,Partial
R301381,L201381,2025-02-03,11000.0,7152.0,Partial
R301382,L201382,2026-03-08,75667.0,57723.0,Partial
R301383,L201383,2023-10-05,26875.0,19488.0,Partial
R301384,L201384,2026-10-10,6857.0,6034.0,Partial
R301385,L201385,2026-07-25,9883.0,8213.0,Partial
R301386,L201386,2026-10-09,19333.0,18359.0,Partial
R301387,L201387,2026-01-22,110375.0,100242.0,Partial
R301388,L201388,2027-05-19,8274.0,5866.0,Partial
R301389,L201389,2026-10-05,82056.0,66651.0,Partial
R301390,L201390,2025-08-03,58333.0,50597.0,Partial
R301391,L201391,2028-06-10,5131.0,4167.0,Partial
R301392,L201392,2026-08-19,79458.0,62338.0,Partial
R301393,L201393,2026-12-21,34139.0,10403.0,Partial
R301394,L201394,2025-08-21,4500.0,2963.0,Partial
R301395,L201395,2023-08-20,22167.0,16757.0,Partial
R301396,L201396,2026-02-12,124250.0,95037.0,Partial
R301397,L201397,2025-01-09,21917.0,13217.0,Partial
R301398,L201398,2025-12-30,135583.0,95716.0,Partial
R301399,L201399,2024-03-02,63722.0,40182.0,Partial
R301400,L201400,2023-08-24,205917.0,179612.0,Partial
R301401,L201401,2025-10-15,44283.0,41556.0,Partial
R301402,L201402,2029-02-23,23383.0,20966.0,Partial
R301403,L201403,2024-05-31,115771.0,83086.0,Partial
R301404,L201404,2026-10-26,5433.0,3675.0,Partial
R301405,L201405,2025-12-10,50458.0,39278.0,Partial
R301406,L201406,2026-01-01,141333.0,133373.0,Partial
R301407,L201407,2024-06-30,18889.0,14563.0,Partial
R301408,L201408,2026-02-20,22000.0,13591.0,Partial
R301409,L201409,2025-12-03,14875.0,10138.0,Partial
R301410,L201410,2026-09-26,4042.0,2802.0,Partial
R301411,L201411,2027-08-29,11071.0,9124.0,Partial
R301412,L201412,2027-09-02,35617.0,31883.0,Partial
R301413,L201413,2023-11-06,85792.0,84694.0,Partial
R301414,L201414,2025-08-18,9083.0,6965.0,Partial
R301415,L201415,2025-02-26,27083.0,24174.0,Partial
R301416,L201416,2024-10-08,53708.0,36304.0,Partial
R301417,L201417,2028-09-19,1825.0,1276.0,Partial
R301418,L201418,2026-04-06,8104.0,7592.0,Partial
R301419,L201419,2025-02-12,33042.0,26620.0,Partial
R301420,L201420,2025-08-13,29833.0,26604.0,Partial
R301421,L201421,2026-03-15,15396.0,11675.0,Partial
R301422,L201422,2025-07-06,7625.0,4865.0,Partial
R301423,L201423,2025-09-29,14150.0,13219.0,Partial
R301424,L201424,2027-02-14,2975.0,2255.0,Partial
R301425,L201425,2024-12-17,9889.0,8262.0,Partial
R301426,L201426,2027-11-23,14758.0,13633.0,Partial
R301427,L201427,2024-11-27,11062.0,9317.0,Partial
R301428,L201428,2027-04-07,12354.0,9222.0,Partial
R301429,L201429,2028-03-12,7192.0,4339.0,Partial
R301430,L201430,2026-01-21,22000.0,16012.0,Partial
R301431,L201431,2025-03-20,35250.0,5971.0,Partial
R301432,L201432,2028-03-31,33143.0,25073.0,Partial
R301433,L201433,2027-05-02,5200.0,4852.0,Partial
R301434,L201434,2027-11-06,2650.0,1744.0,Partial
R301435,L201435,2027-06-02,3217.0,2125.0,Partial
R301436,L201436,2027-06-05,13979.0,5719.0,Partial
R301437,L201437,2026-08-12,42150.0,35469.0,Partial
R301438,L201438,2027-11-25,8833.0,5950.0,Partial
R301439,L201439,2025-10-04,1167.0,1102.0,Partial
R301440,L201440,2025-02-24,5861.0,4030.0,Partial
R301441,L201441,2024-11-08,49944.0,37595.0,Partial
R301442,L201442,2025-10-14,11229.0,8946.0,Partial
R301443,L201443,2026-12-15,17345.0,15010.0,Partial
R301444,L201444,2027-12-03,12333.0,9790.0,Partial
R301445,L201445,2023-09-04,58750.0,45433.0,Partial
R301446,L201446,2027-06-13,14146.0,10613.0,Partial
R301447,L201447,2026-08-27,34556.0,21392.0,Partial
R301448,L201448,2025-01-02,102458.0,65090.0,Partial
R301449,L201449,2027-03-18,4800.0,4235.0,Partial
R301450,L201450,2029-01-09,29883.0,21411.0,Partial
R301451,L201451,2025-02-02,79950.0,60372.0,Partial
R301452,L201452,2029-04-10,3867.0,3133.0,Partial
R301453,L201453,2026-10-03,97875.0,58791.0,Partial
R301454,L201454,2025-02-21,17000.0,15303.0,Partial
R301455,L201455,2026-06-26,16200.0,12797.0,Partial
R301456,L201456,2027-01-01,2929.0,2182.0,Partial
R301457,L201457,2026-07-04,28806.0,17671.0,Partial
R301458,L201458,2026-02-22,119875.0,104932.0,Partial
R301459,L201459,2027-04-03,24111.0,15632.0,Partial
R301460,L201460,2024-11-23,9467.0,3118.0,Partial
R301461,L201461,2028-12-21,11075.0,8411.0,Partial
R301462,L201462,2026-08-19,21778.0,14331.0,Partial
R301463,L201463,2026-06-03,30472.0,19220.0,Partial
R301464,L201464,2024-05-08,126250.0,91665.0,Partial
R301465,L201465,2026-06-05,155500.0,121149.0,Partial
R301466,L201466,2025-11-20,26042.0,24260.0,Partial
R301467,L201467,2025-03-25,14896.0,1290.0,Partial
R301468,L201468,2024-07-24,68750.0,64513.0,Partial
R301469,L201469,2025-01-07,103500.0,71252.0,Partial
R301470,L201470,2026-06-02,40417.0,27160.0,Partial
R301471,L201471,2024-12-21,96875.0,58830.0,Partial
R301472,L201472,2024-06-03,41792.0,37527.0,Partial
R301473,L201473,2024-07-18,57083.0,42043.0,Partial
R301474,L201474,2025-11-05,32667.0,23726.0,Partial
R301475,L201475,2029-05-24,41333.0,34637.0,Partial
R301476,L201476,2025-03-09,11458.0,8191.0,Partial
R301477,L201477,2029-04-06,7317.0,6482.0,Partial
R301478,L201478,2024-10-27,52850.0,36562.0,Partial
R301479,L201479,2026-12-23,2560.0,1935.0,Partial
R301480,L201480,2026-02-06,266250.0,180177.0,Partial
R301481,L201481,2026-04-28,7560.0,6826.0,Partial
R301482,L201482,2025-01-19,27042.0,25777.0,Partial
R301483,L201483,2027-04-16,11857.0,9546.0,Partial
R301484,L201484,2024-02-03,197083.0,155648.0,Partial
R301485,L201485,2023-09-16,16250.0,11649.0,Partial
R301486,L201486,2025-06-15,10905.0,9018.0,Partial
R301487,L201487,2024-11-25,64250.0,45600.0,Partial
R301488,L201488,2027-12-09,917.0,595.0,Partial
R301489,L201489,2023-09-29,14042.0,9908.0,Partial
R301490,L201490,2027-03-03,5025.0,3885.0,Partial
R301491,L201491,2027-10-15,35667.0,24218.0,Partial
R301492,L201492,2026-03-04,39958.0,35287.0,Partial
R301493,L201493,2025-05-04,50917.0,40406.0,Partial
R301494,L201494,2027-09-05,12679.0,10822.0,Partial
R301495,L201495,2026-04-19,99250.0,84253.0,Partial
R301496,L201496,2024-06-19,58646.0,40496.0,Partial
R301497,L201497,2026-11-20,8619.0,8760.0,Paid
R301498,L201498,2024-04-25,48542.0,44191.0,Partial
R301499,L201499,2025-07-09,13917.0,8482.0,Partial
R301500,L201500,2026-08-02,7321.0,4891.0,Partial
R301501,L201501,2025-10-21,2060.0,1305.0,Partial
R301502,L201502,2026-03-21,74083.0,46791.0,Partial
R301503,L201503,2025-01-09,120250.0,49597.0,Partial
R301504,L201504,2025-01-01,27000.0,25325.0,Partial
R301505,L201505,2024-01-26,78083.0,35772.0,Partial
R301506,L201506,2028-09-23,26092.0,1348.0,Partial
R301507,L201507,2025-07-13,21361.0,17414.0,Partial
R301508,L201508,2026-10-16,16792.0,11818.0,Partial
R301509,L201509,2023-10-28,63250.0,59007.0,Partial
R301510,L201510,2023-11-30,58667.0,50974.0,Partial
R301511,L201511,2027-07-26,4381.0,3480.0,Partial
R301512,L201512,2024-06-03,22750.0,11684.0,Partial
R301513,L201513,2027-07-08,13033.0,8798.0,Partial
R301514,L201514,2026-11-04,58958.0,49182.0,Partial
R301515,L201515,2023-09-25,24375.0,23135.0,Partial
R301516,L201516,2027-09-19,18583.0,12059.0,Partial
R301517,L201517,2027-02-13,110389.0,55969.0,Partial
R301518,L201518,2025-02-15,85021.0,86474.0,Paid
R301519,L201519,2025-09-02,234167.0,194782.0,Partial
R301520,L201520,2026-02-04,2917.0,1824.0,Partial
R301521,L201521,2025-06-04,6929.0,5042.0,Partial
R301522,L201522,2026-09-19,9917.0,8064.0,Partial
R301523,L201523,2027-10-29,3750.0,2662.0,Partial
R301524,L201524,2026-08-17,19012.0,16689.0,Partial
R301525,L201525,2027-11-19,5717.0,5137.0,Partial
R301526,L201526,2028-06-26,5508.0,5105.0,Partial
R301527,L201527,2026-05-27,12833.0,10229.0,Partial
R301528,L201528,2025-10-15,59083.0,49447.0,Partial
R301529,L201529,2025-12-05,86583.0,77572.0,Partial
R301530,L201530,2027-09-21,2333.0,2137.0,Partial
R301531,L201531,2027-03-29,52655.0,14904.0,Partial
R301532,L201532,2027-01-26,3250.0,2712.0,Partial
R301533,L201533,2024-07-17,7833.0,5268.0,Partial
R301534,L201534,2026-05-04,53750.0,10679.0,Partial
R301535,L201535,2026-06-30,187958.0,174357.0,Partial
R301536,L201536,2028-06-26,20442.0,14104.0,Partial
R301537,L201537,2025-09-06,61500.0,50055.0,Partial
R301538,L201538,2025-02-21,2833.0,1817.0,Partial
R301539,L201539,2026-10-08,17222.0,16053.0,Partial
R301540,L201540,2025-05-27,183792.0,136641.0,Partial
R301541,L201541,2024-10-29,40250.0,27579.0,Partial
R301542,L201542,2024-10-22,4700.0,4332.0,Partial
R301543,L201543,2026-08-04,8375.0,5481.0,Partial
R301544,L201544,2026-05-17,7458.0,5002.0,Partial
R301545,L201545,2025-01-04,1611.0,1255.0,Partial
R301546,L201546,2025-09-28,7750.0,6312.0,Partial
R301547,L201547,2026-08-24,17208.0,11610.0,Partial
R301548,L201548,2026-02-01,205083.0,135100.0,Partial
R301549,L201549,2027-04-07,1800.0,1775.0,Partial
R301550,L201550,2027-12-03,6321.0,4013.0,Partial
R301551,L201551,2024-09-01,69383.0,41804.0,Partial
R301552,L201552,2026-09-21,59238.0,37064.0,Partial
R301553,L201553,2028-02-02,5167.0,4048.0,Partial
R301554,L201554,2025-06-29,344500.0,271941.0,Partial
R301555,L201555,2023-12-28,23556.0,20081.0,Partial
R301556,L201556,2026-04-18,16417.0,11172.0,Partial
R301557,L201557,2024-03-04,18417.0,12630.0,Partial
R301558,L201558,2025-12-01,23300.0,18869.0,Partial
R301559,L201559,2026-12-01,12417.0,9459.0,Partial
R301560,L201560,2024-03-29,30889.0,20393.0,Partial
R301561,L201561,2028-09-30,2525.0,1720.0,Partial
R301562,L201562,2025-08-18,7607.0,5678.0,Partial
R301563,L201563,2026-04-23,82967.0,68112.0,Partial
R301564,L201564,2027-12-28,2940.0,2026.0,Partial
R301565,L201565,2026-03-20,240500.0,188185.0,Partial
R301566,L201566,2029-06-24,6167.0,5856.0,Partial
R301567,L201567,2026-01-22,8967.0,7523.0,Partial
R301568,L201568,2024-12-08,163083.0,132730.0,Partial
R301569,L201569,2027-04-11,14292.0,11185.0,Partial
R301570,L201570,2024-05-28,78111.0,73738.0,Partial
R301571,L201571,2027-08-19,4400.0,3178.0,Partial
R301572,L201572,2023-08-15,157917.0,122572.0,Partial
R301573,L201573,2023-08-18,399250.0,292051.0,Partial
R301574,L201574,2025-06-13,19440.0,12638.0,Partial
R301575,L201575,2026-01-21,6024.0,5428.0,Partial
R301576,L201576,2026-11-15,163639.0,110632.0,Partial
R301577,L201577,2024-09-01,67528.0,57968.0,Partial
R301578,L201578,2026-10-02,14726.0,10167.0,Partial
R301579,L201579,2026-08-19,12444.0,11747.0,Partial
R301580,L201580,2028-03-11,5631.0,3491.0,Partial
R301581,L201581,2026-01-31,4017.0,3452.0,Partial
R301582,L201582,2024-07-09,4250.0,3380.0,Partial
R301583,L201583,2026-03-03,41867.0,36224.0,Partial
R301584,L201584,2028-03-20,21475.0,15415.0,Partial
R301585,L201585,2026-05-11,23524.0,21477.0,Partial
R301586,L201586,2026-07-12,67729.0,50076.0,Partial
R301587,L201587,2027-04-18,14867.0,12577.0,Partial
R301588,L201588,2026-06-14,2750.0,2165.0,Partial
R301589,L201589,2027-01-05,15812.0,10942.0,Partial
R301590,L201590,2025-07-26,32250.0,16013.0,Partial
R301591,L201591,2023-11-07,195208.0,190384.0,Partial
R301592,L201592,2026-08-12,39083.0,27951.0,Partial
R301593,L201593,2026-12-05,10536.0,7800.0,Partial
R301594,L201594,2024-05-21,12292.0,7452.0,Partial
R301595,L201595,2024-11-29,8783.0,5955.0,Partial
R301596,L201596,2026-06-24,8783.0,7776.0,Partial
R301597,L201597,2025-12-24,12367.0,11492.0,Partial
R301598,L201598,2025-01-16,74667.0,60794.0,Partial
R301599,L201599,2027-01-28,35333.0,22937.0,Partial
R301600,L201600,2027-07-04,3375.0,2870.0,Partial
R301601,L201601,2024-06-01,18250.0,14243.0,Partial
R301602,L201602,2026-07-11,179750.0,130466.0,Partial
R301603,L201603,2024-10-23,2083.0,1663.0,Partial
R301604,L201604,2024-01-07,9292.0,6907.0,Partial
R301605,L201605,2025-08-08,19306.0,13161.0,Partial
R301606,L201606,2027-02-22,13783.0,9613.0,Partial
R301607,L201607,2025-07-02,116667.0,74788.0,Partial
R301608,L201608,2026-04-06,21375.0,16673.0,Partial
R301609,L201609,2025-10-20,87792.0,60842.0,Partial
R301610,L201610,2026-11-13,39472.0,32582.0,Partial
R301611,L201611,2026-10-28,17521.0,12775.0,Partial
R301612,L201612,2024-10-14,39933.0,34853.0,Partial
R301613,L201613,2025-04-22,16708.0,12061.0,Partial
R301614,L201614,2028-06-29,22702.0,20967.0,Partial
R301615,L201615,2026-05-16,19194.0,15220.0,Partial
R301616,L201616,2026-01-11,64250.0,51589.0,Partial
R301617,L201617,2028-08-25,13950.0,10869.0,Partial
R301618,L201618,2025-08-27,26208.0,23238.0,Partial
R301619,L201619,2025-01-31,24361.0,22204.0,Partial
R301620,L201620,2024-07-14,3979.0,2842.0,Partial
R301621,L201621,2026-04-16,8226.0,6654.0,Partial
R301622,L201622,2027-01-28,7108.0,4925.0,Partial
R301623,L201623,2026-05-14,49083.0,43062.0,Partial
R301624,L201624,2025-02-14,10250.0,3616.0,Partial
R301625,L201625,2024-10-26,15250.0,14154.0,Partial
R301626,L201626,2026-10-20,21639.0,15394.0,Partial
R301627,L201627,2024-12-15,11583.0,9570.0,Partial
R301628,L201628,2025-10-30,48667.0,45368.0,Partial
R301629,L201629,2027-06-11,4675.0,2807.0,Partial
R301630,L201630,2026-09-30,17625.0,11486.0,Partial
R301631,L201631,2027-10-13,3417.0,2324.0,Partial
R301632,L201632,2025-09-14,1854.0,1161.0,Partial
R301633,L201633,2026-03-24,58167.0,51927.0,Partial
R301634,L201634,2026-12-31,9278.0,7672.0,Partial
R301635,L201635,2026-04-18,15500.0,11610.0,Partial
R301636,L201636,2027-08-02,10533.0,6989.0,Partial
R301637,L201637,2025-11-25,16583.0,15585.0,Partial
R301638,L201638,2024-01-18,29833.0,21767.0,Partial
R301639,L201639,2026-04-24,4438.0,2805.0,Partial
R301640,L201640,2024-06-11,222875.0,11877.0,Partial
R301641,L201641,2025-04-09,71250.0,45460.0,Partial
R301642,L201642,2027-04-09,9933.0,6698.0,Partial
R301643,L201643,2024-04-22,153292.0,114519.0,Partial
R301644,L201644,2027-06-27,1857.0,1125.0,Partial
R301645,L201645,2025-02-08,132917.0,110840.0,Partial
R301646,L201646,2027-01-07,38633.0,33586.0,Partial
R301647,L201647,2026-10-23,4812.0,4033.0,Partial
R301648,L201648,2026-11-18,29208.0,26995.0,Partial
R301649,L201649,2024-01-04,20083.0,13507.0,Partial
R301650,L201650,2027-04-29,11067.0,10328.0,Partial
R301651,L201651,2023-07-28,112250.0,68613.0,Partial
R301652,L201652,2025-08-20,248917.0,182709.0,Partial
R301653,L201653,2028-03-12,24738.0,18632.0,Partial
R301654,L201654,2027-05-21,6708.0,4968.0,Partial
R301655,L201655,2025-08-13,3250.0,2881.0,Partial
R301656,L201656,2025-02-06,41375.0,34875.0,Partial
R301657,L201657,2025-05-06,7375.0,5587.0,Partial
R301658,L201658,2024-10-28,6467.0,5265.0,Partial
R301659,L201659,2025-06-18,12104.0,7425.0,Partial
R301660,L201660,2025-10-29,36708.0,24206.0,Partial
R301661,L201661,2025-05-11,8155.0,5560.0,Partial
R301662,L201662,2025-09-21,36833.0,31314.0,Partial
R301663,L201663,2029-01-21,2667.0,2197.0,Partial
R301664,L201664,2025-05-05,10229.0,7865.0,Partial
R301665,L201665,2026-11-02,92458.0,79829.0,Partial
R301666,L201666,2026-03-08,8383.0,7036.0,Partial
R301667,L201667,2028-07-19,7821.0,6782.0,Partial
R301668,L201668,2026-12-12,9333.0,6473.0,Partial
R301669,L201669,2025-08-17,166333.0,124309.0,Partial
R301670,L201670,2027-04-29,18883.0,13111.0,Partial
R301671,L201671,2026-03-14,17238.0,15491.0,Partial
R301672,L201672,2026-12-02,4800.0,968.0,Partial
R301673,L201673,2026-10-13,18083.0,11167.0,Partial
R301674,L201674,2024-07-21,32958.0,30441.0,Partial
R301675,L201675,2025-12-24,43833.0,30822.0,Partial
R301676,L201676,2026-03-13,1512.0,1177.0,Partial
R301677,L201677,2028-04-15,5350.0,4557.0,Partial
R301678,L201678,2025-05-19,17729.0,15676.0,Partial
R301679,L201679,2028-05-08,6108.0,5627.0,Partial
R301680,L201680,2023-10-23,46750.0,30528.0,Partial
R301681,L201681,2028-12-11,5883.0,4768.0,Partial
R301682,L201682,2024-02-06,95250.0,87285.0,Partial
R301683,L201683,2025-02-01,35028.0,30875.0,Partial
R301684,L201684,2026-05-05,32417.0,24345.0,Partial
R301685,L201685,2024-04-20,7972.0,6714.0,Partial
R301686,L201686,2026-01-23,9750.0,8387.0,Partial
R301687,L201687,2025-08-18,17562.0,14668.0,Partial
R301688,L201688,2024-03-08,223250.0,166513.0,Partial
R301689,L201689,2026-05-22,18458.0,11752.0,Partial
R301690,L201690,2029-01-29,42400.0,31130.0,Partial
R301691,L201691,2026-02-27,136750.0,102096.0,Partial
R301692,L201692,2026-03-10,75792.0,62331.0,Partial
R301693,L201693,2024-12-18,8479.0,7391.0,Partial
R301694,L201694,2026-04-29,37556.0,25038.0,Partial
R301695,L201695,2026-08-17,4958.0,4450.0,Partial
R301696,L201696,2028-03-11,1821.0,1499.0,Partial
R301697,L201697,2026-05-29,10778.0,5322.0,Partial
R301698,L201698,2024-12-31,40028.0,24532.0,Partial
R301699,L201699,2025-02-16,7042.0,4337.0,Partial
R301700,L201700,2026-02-28,45222.0,34490.0,Partial
R301701,L201701,2028-11-02,6208.0,5463.0,Partial
R301702,L201702,2024-09-02,20375.0,18976.0,Partial
R301703,L201703,2024-07-05,119667.0,90669.0,Partial
R301704,L201704,2026-04-18,92917.0,41003.0,Partial
R301705,L201705,2029-07-18,20808.0,14455.0,Partial
R301706,L201706,2024-08-22,14417.0,7626.0,Partial
R301707,L201707,2023-11-15,36667.0,28735.0,Partial
R301708,L201708,2027-05-10,28821.0,22868.0,Partial
R301709,L201709,2026-05-04,1517.0,1321.0,Partial
R301710,L201710,2024-12-10,6688.0,5333.0,Partial
R301711,L201711,2025-09-18,17889.0,16979.0,Partial
R301712,L201712,2025-11-09,58917.0,43856.0,Partial
R301713,L201713,2025-06-17,10321.0,9018.0,Partial
R301714,L201714,2025-02-20,7528.0,5824.0,Partial
R301715,L201715,2027-07-08,10274.0,8492.0,Partial
R301716,L201716,2026-10-12,35292.0,31066.0,Partial
R301717,L201717,2027-02-11,13967.0,11813.0,Partial
R301718,L201718,2025-08-01,11433.0,8361.0,Partial
R301719,L201719,2026-06-29,37333.0,31367.0,Partial
R301720,L201720,2025-01-22,14250.0,11053.0,Partial
R301721,L201721,2027-06-10,893.0,720.0,Partial
R301722,L201722,2024-01-07,40778.0,30507.0,Partial
R301723,L201723,2025-12-27,23883.0,8812.0,Partial
R301724,L201724,2024-09-11,5292.0,4942.0,Partial
R301725,L201725,2026-11-01,4867.0,4544.0,Partial
R301726,L201726,2024-07-20,120583.0,73913.0,Partial
R301727,L201727,2025-04-19,35688.0,2896.0,Partial
R301728,L201728,2026-02-07,17583.0,13991.0,Partial
R301729,L201729,2025-10-21,30042.0,24891.0,Partial
R301730,L201730,2024-08-25,16833.0,15902.0,Partial
R301731,L201731,2026-08-03,22458.0,14556.0,Partial
R301732,L201732,2026-11-17,49417.0,36334.0,Partial
R301733,L201733,2025-12-23,5472.0,4741.0,Partial
R301734,L201734,2026-06-09,78867.0,70836.0,Partial
R301735,L201735,2025-09-11,23139.0,13906.0,Partial
R301736,L201736,2025-07-16,63738.0,59692.0,Partial
R301737,L201737,2025-08-31,68021.0,32056.0,Partial
R301738,L201738,2026-04-26,44250.0,30976.0,Partial
R301739,L201739,2025-08-09,69500.0,3849.0,Partial
R301740,L201740,2023-07-03,142083.0,56683.0,Partial
R301741,L201741,2026-09-28,7533.0,5874.0,Partial
R301742,L201742,2027-05-24,14633.0,9316.0,Partial
R301743,L201743,2027-09-18,18762.0,12853.0,Partial
R301744,L201744,2024-08-29,230167.0,209283.0,Partial
R301745,L201745,2026-10-02,69417.0,4198.0,Partial
R301746,L201746,2024-03-10,30639.0,25466.0,Partial
R301747,L201747,2025-10-30,359500.0,296951.0,Partial
R301748,L201748,2027-07-11,9771.0,7703.0,Partial
R301749,L201749,2027-09-21,19075.0,12608.0,Partial
R301750,L201750,2026-12-05,60000.0,48322.0,Partial
R301751,L201751,2024-05-09,31708.0,9114.0,Partial
R301752,L201752,2028-02-09,7119.0,6641.0,Partial
R301753,L201753,2026-01-15,24750.0,17613.0,Partial
R301754,L201754,2025-05-14,17806.0,2241.0,Partial
R301755,L201755,2026-01-26,54869.0,43894.0,Partial
R301756,L201756,2027-10-20,3433.0,2934.0,Partial
R301757,L201757,2026-10-14,15429.0,10721.0,Partial
R301758,L201758,2025-03-05,145833.0,132746.0,Partial
R301759,L201759,2026-06-01,28875.0,23117.0,Partial
R301760,L201760,2025-07-11,7333.0,4799.0,Partial
R301761,L201761,2025-09-04,8524.0,4515.0,Partial
R301762,L201762,2026-08-05,82694.0,55669.0,Partial
R301763,L201763,2026-09-18,12667.0,9912.0,Partial
R301764,L201764,2024-09-28,2567.0,1673.0,Partial
R301765,L201765,2026-12-05,8917.0,5556.0,Partial
R301766,L201766,2025-08-05,17806.0,15366.0,Partial
R301767,L201767,2025-11-14,30500.0,19650.0,Partial
R301768,L201768,2027-02-27,46933.0,35474.0,Partial
R301769,L201769,2026-11-14,5825.0,4755.0,Partial
R301770,L201770,2027-02-17,2810.0,621.0,Partial
R301771,L201771,2023-11-02,154500.0,132442.0,Partial
R301772,L201772,2024-09-10,10889.0,7376.0,Partial
R301773,L201773,2024-02-18,104444.0,57035.0,Partial
R301774,L201774,2024-06-22,61667.0,52119.0,Partial
R301775,L201775,2027-04-17,96292.0,77114.0,Partial
R301776,L201776,2026-01-24,7542.0,3779.0,Partial
R301777,L201777,2027-09-23,6036.0,5655.0,Partial
R301778,L201778,2026-02-04,4708.0,3131.0,Partial
R301779,L201779,2024-09-23,27750.0,17366.0,Partial
R301780,L201780,2027-02-04,13611.0,12020.0,Partial
R301781,L201781,2024-03-01,53875.0,38909.0,Partial
R301782,L201782,2025-02-10,52771.0,33278.0,Partial
R301783,L201783,2025-10-23,219958.0,155979.0,Partial
R301784,L201784,2026-11-20,6286.0,5222.0,Partial
R301785,L201785,2025-01-07,3167.0,2025.0,Partial
R301786,L201786,2026-06-12,10417.0,7029.0,Partial
R301787,L201787,2024-12-31,102125.0,81345.0,Partial
R301788,L201788,2026-04-22,62292.0,50857.0,Partial
R301789,L201789,2026-08-01,165194.0,148321.0,Partial
R301790,L201790,2026-07-03,1964.0,1913.0,Partial
R301791,L201791,2027-07-29,3183.0,2794.0,Partial
R301792,L201792,2024-04-21,45361.0,37104.0,Partial
R301793,L201793,2027-06-15,7333.0,6455.0,Partial
R301794,L201794,2026-05-02,47438.0,34800.0,Partial
R301795,L201795,2024-07-05,19250.0,14113.0,Partial
R301796,L201796,2023-06-12,38250.0,36203.0,Partial
R301797,L201797,2028-06-02,7143.0,6513.0,Partial
R301798,L201798,2023-06-21,51583.0,42346.0,Partial
R301799,L201799,2023-12-05,19667.0,3686.0,Partial
R301800,L201800,2026-07-25,62500.0,39177.0,Partial
R301801,L201801,2025-06-04,49208.0,45943.0,Partial
R301802,L201802,2028-02-28,10179.0,4654.0,Partial
R301803,L201803,2028-02-04,1242.0,1009.0,Partial
R301804,L201804,2028-02-19,4367.0,2823.0,Partial
R301805,L201805,2029-05-07,1892.0,995.0,Partial
R301806,L201806,2024-09-13,1433.0,73.0,Partial
R301807,L201807,2025-06-16,45396.0,29774.0,Partial
R301808,L201808,2024-06-15,428250.0,282352.0,Partial
R301809,L201809,2026-09-21,14875.0,13292.0,Partial
R301810,L201810,2025-10-12,2183.0,1371.0,Partial
R301811,L201811,2027-07-15,90867.0,84794.0,Partial
R301812,L201812,2026-01-10,53083.0,45055.0,Partial
R301813,L201813,2026-12-20,123111.0,109117.0,Partial
R301814,L201814,2028-12-14,3983.0,2817.0,Partial
R301815,L201815,2027-10-03,2310.0,1654.0,Partial
R301816,L201816,2026-06-19,71262.0,59545.0,Partial
R301817,L201817,2026-05-18,30028.0,20819.0,Partial
R301818,L201818,2025-05-16,20306.0,16049.0,Partial
R301819,L201819,2025-06-10,23604.0,15254.0,Partial
R301820,L201820,2025-01-19,52562.0,47391.0,Partial
R301821,L201821,2028-03-30,2583.0,2178.0,Partial
R301822,L201822,2027-09-10,1774.0,487.0,Partial
R301823,L201823,2023-10-27,17000.0,12920.0,Partial
R301824,L201824,2027-06-07,14408.0,13231.0,Partial
R301825,L201825,2026-03-22,14562.0,12538.0,Partial
R301826,L201826,2026-04-21,4722.0,4079.0,Partial
R301827,L201827,2024-12-29,3250.0,2511.0,Partial
R301828,L201828,2027-08-16,70560.0,21073.0,Partial
R301829,L201829,2024-11-17,79111.0,49877.0,Partial
R301830,L201830,2025-02-26,12217.0,8011.0,Partial
R301831,L201831,2024-12-05,1383.0,953.0,Partial
R301832,L201832,2026-07-26,216042.0,153665.0,Partial
R301833,L201833,2026-06-23,9729.0,2305.0,Partial
R301834,L201834,2026-05-14,30542.0,24191.0,Partial
R301835,L201835,2027-01-23,27048.0,23090.0,Partial
R301836,L201836,2025-07-28,26250.0,22788.0,Partial
R301837,L201837,2024-12-10,9083.0,7364.0,Partial
R301838,L201838,2023-12-10,42458.0,25882.0,Partial
R301839,L201839,2026-05-03,8889.0,5352.0,Partial
R301840,L201840,2024-07-14,10750.0,8309.0,Partial
R301841,L201841,2026-11-10,47667.0,12378.0,Partial
R301842,L201842,2023-08-19,131667.0,91510.0,Partial
R301843,L201843,2027-11-08,1683.0,1512.0,Partial
R301844,L201844,2025-03-07,12583.0,10610.0,Partial
R301845,L201845,2024-11-30,27278.0,20943.0,Partial
R301846,L201846,2024-11-09,98500.0,92914.0,Partial
R301847,L201847,2028-07-06,3733.0,3182.0,Partial
R301848,L201848,2027-01-16,55146.0,34918.0,Partial
R301849,L201849,2026-11-11,5393.0,4897.0,Partial
R301850,L201850,2025-09-30,7979.0,7805.0,Partial
R301851,L201851,2028-03-09,26548.0,18553.0,Partial
R301852,L201852,2025-06-21,49306.0,38797.0,Partial
R301853,L201853,2025-05-26,22583.0,14272.0,Partial
R301854,L201854,2026-05-11,138083.0,130343.0,Partial
R301855,L201855,2026-04-18,6500.0,4049.0,Partial
R301856,L201856,2026-03-19,7854.0,3881.0,Partial
R301857,L201857,2024-01-09,1583.0,1341.0,Partial
R301858,L201858,2026-07-28,10190.0,6186.0,Partial
R301859,L201859,2027-07-12,20354.0,15690.0,Partial
R301860,L201860,2027-11-16,19017.0,12491.0,Partial
R301861,L201861,2025-11-13,195292.0,137280.0,Partial
R301862,L201862,2025-10-31,90875.0,68014.0,Partial
R301863,L201863,2026-02-25,25167.0,22364.0,Partial
R301864,L201864,2025-11-21,16167.0,11643.0,Partial
R301865,L201865,2023-07-11,67833.0,47518.0,Partial
R301866,L201866,2025-07-27,16188.0,14660.0,Partial
R301867,L201867,2025-09-15,31733.0,28039.0,Partial
R301868,L201868,2026-11-04,7183.0,3384.0,Partial
R301869,L201869,2027-01-03,4192.0,2976.0,Partial
R301870,L201870,2026-07-14,18111.0,14690.0,Partial
R301871,L201871,2026-02-05,7595.0,6382.0,Partial
R301872,L201872,2028-05-08,7342.0,6931.0,Partial
R301873,L201873,2025-04-21,5750.0,4933.0,Partial
R301874,L201874,2024-02-23,119917.0,96596.0,Partial
R301875,L201875,2027-08-14,1202.0,771.0,Partial
R301876,L201876,2027-01-30,49583.0,37119.0,Partial
R301877,L201877,2025-12-15,60583.0,47760.0,Partial
R301878,L201878,2027-12-20,2633.0,2379.0,Partial
R301879,L201879,2026-12-28,14778.0,10781.0,Partial
R301880,L201880,2028-01-06,3607.0,2358.0,Partial
R301881,L201881,2027-01-01,78472.0,53188.0,Partial
R301882,L201882,2023-05-11,31583.0,26152.0,Partial
R301883,L201883,2026-12-26,13896.0,9076.0,Partial
R301884,L201884,2025-09-08,36722.0,31066.0,Partial
R301885,L201885,2026-12-09,27017.0,16383.0,Partial
R301886,L201886,2027-09-19,10967.0,9302.0,Partial
R301887,L201887,2027-12-29,25942.0,17755.0,Partial
R301888,L201888,2026-07-29,46521.0,43093.0,Partial
R301889,L201889,2027-11-15,14367.0,11666.0,Partial
R301890,L201890,2026-08-30,31583.0,28614.0,Partial
R301891,L201891,2028-09-21,7292.0,7114.0,Partial
R301892,L201892,2027-08-19,43345.0,42981.0,Partial
R301893,L201893,2025-04-08,5883.0,2717.0,Partial
R301894,L201894,2024-09-10,12267.0,11474.0,Partial
R301895,L201895,2028-05-13,14875.0,9418.0,Partial
R301896,L201896,2025-11-08,45200.0,3927.0,Partial
R301897,L201897,2025-09-03,2567.0,1938.0,Partial
R301898,L201898,2027-01-24,23458.0,19970.0,Partial
R301899,L201899,2027-02-02,6952.0,4803.0,Partial
R301900,L201900,2025-02-21,23083.0,16505.0,Partial
R301901,L201901,2024-07-23,3250.0,1478.0,Partial
R301902,L201902,2023-06-19,35083.0,24679.0,Partial
R301903,L201903,2025-03-02,2250.0,1558.0,Partial
R301904,L201904,2027-04-30,9310.0,8672.0,Partial
R301905,L201905,2025-09-20,7806.0,5064.0,Partial
R301906,L201906,2026-10-02,108292.0,90574.0,Partial
R301907,L201907,2026-04-13,24125.0,16031.0,Partial
R301908,L201908,2026-04-05,4833.0,3555.0,Partial
R301909,L201909,2027-01-01,16139.0,11787.0,Partial
R301910,L201910,2026-03-30,46771.0,38791.0,Partial
R301911,L201911,2025-09-09,8083.0,7289.0,Partial
R301912,L201912,2025-04-16,5167.0,3463.0,Partial
R301913,L201913,2026-01-12,32717.0,23720.0,Partial
R301914,L201914,2027-11-27,7800.0,6235.0,Partial
R301915,L201915,2025-12-03,9517.0,9028.0,Partial
R301916,L201916,2028-12-14,5117.0,3189.0,Partial
R301917,L201917,2024-12-01,12817.0,9517.0,Partial
R301918,L201918,2026-06-09,218583.0,176898.0,Partial
R301919,L201919,2027-02-17,3833.0,3813.0,Partial
R301920,L201920,2026-05-14,26458.0,23264.0,Partial
R301921,L201921,2024-05-18,23750.0,14486.0,Partial
R301922,L201922,2025-10-26,3083.0,2683.0,Partial
R301923,L201923,2027-10-13,7179.0,5016.0,Partial
R301924,L201924,2023-07-25,57417.0,43354.0,Partial
R301925,L201925,2028-06-02,20950.0,14217.0,Partial
R301926,L201926,2027-02-18,7688.0,6331.0,Partial
R301927,L201927,2026-10-09,15833.0,10098.0,Partial
R301928,L201928,2025-10-30,24667.0,17236.0,Partial
R301929,L201929,2026-12-03,8417.0,5889.0,Partial
R301930,L201930,2027-03-19,3008.0,1923.0,Partial
R301931,L201931,2026-07-30,16292.0,12901.0,Partial
R301932,L201932,2024-07-17,40833.0,31986.0,Partial
R301933,L201933,2029-02-13,3208.0,2855.0,Partial
R301934,L201934,2025-01-19,22500.0,18051.0,Partial
R301935,L201935,2027-01-13,14646.0,12946.0,Partial
R301936,L201936,2024-11-30,49583.0,37894.0,Partial
R301937,L201937,2024-12-29,100167.0,63814.0,Partial
R301938,L201938,2027-07-03,14208.0,10476.0,Partial
R301939,L201939,2027-04-15,44875.0,31040.0,Partial
R301940,L201940,2025-12-08,12619.0,12495.0,Partial
R301941,L201941,2024-08-07,72333.0,15592.0,Partial
R301942,L201942,2025-02-23,55600.0,49391.0,Partial
R301943,L201943,2026-09-25,3650.0,2909.0,Partial
R301944,L201944,2026-06-06,6517.0,5977.0,Partial
R301945,L201945,2026-05-16,2508.0,1734.0,Partial
R301946,L201946,2025-10-20,20583.0,15066.0,Partial
R301947,L201947,2027-04-04,6188.0,4283.0,Partial
R301948,L201948,2025-10-05,76083.0,15911.0,Partial
R301949,L201949,2027-08-02,53179.0,49567.0,Partial
R301950,L201950,2028-03-18,1667.0,424.0,Partial
R301951,L201951,2026-11-18,9508.0,7244.0,Partial
R301952,L201952,2025-04-29,9217.0,8025.0,Partial
R301953,L201953,2028-04-24,5233.0,2602.0,Partial
R301954,L201954,2027-05-08,33917.0,21880.0,Partial
R301955,L201955,2023-10-25,74875.0,61021.0,Partial
R301956,L201956,2025-07-24,93500.0,67108.0,Partial
R301957,L201957,2023-12-13,153000.0,144354.0,Partial
R301958,L201958,2024-02-13,3333.0,2427.0,Partial
R301959,L201959,2025-06-23,29854.0,22265.0,Partial
R301960,L201960,2024-08-12,10333.0,8791.0,Partial
R301961,L201961,2024-02-19,209917.0,129335.0,Partial
R301962,L201962,2025-06-04,34917.0,26760.0,Partial
R301963,L201963,2026-10-03,14979.0,10826.0,Partial
R301964,L201964,2025-10-10,10139.0,7274.0,Partial
R301965,L201965,2026-02-06,6104.0,4038.0,Partial
R301966,L201966,2025-08-19,12000.0,8871.0,Partial
R301967,L201967,2024-09-22,17472.0,16463.0,Partial
R301968,L201968,2024-07-21,5875.0,4436.0,Partial
R301969,L201969,2023-10-01,19042.0,12636.0,Partial
R301970,L201970,2028-02-24,619.0,480.0,Partial
R301971,L201971,2026-07-15,13458.0,8462.0,Partial
R301972,L201972,2027-05-23,2417.0,1975.0,Partial
R301973,L201973,2026-07-24,48500.0,43693.0,Partial
R301974,L201974,2024-03-07,69000.0,18119.0,Partial
R301975,L201975,2025-04-26,38458.0,29544.0,Partial
R301976,L201976,2028-07-18,1158.0,1006.0,Partial
R301977,L201977,2027-05-12,4854.0,3429.0,Partial
R301978,L201978,2026-01-01,38028.0,27805.0,Partial
R301979,L201979,2029-06-09,13758.0,10810.0,Partial
R301980,L201980,2027-07-30,7500.0,5532.0,Partial
R301981,L201981,2024-05-30,1333.0,172.0,Partial
R301982,L201982,2024-09-04,58833.0,46271.0,Partial
R301983,L201983,2026-03-11,5617.0,5302.0,Partial
R301984,L201984,2023-12-06,66833.0,50815.0,Partial
R301985,L201985,2025-12-31,21821.0,16347.0,Partial
R301986,L201986,2028-06-30,3583.0,3118.0,Partial
R301987,L201987,2025-03-26,14533.0,12104.0,Partial
R301988,L201988,2025-11-24,23833.0,22623.0,Partial
R301989,L201989,2027-11-13,17692.0,14923.0,Partial
R301990,L201990,2025-10-30,11625.0,7264.0,Partial
R301991,L201991,2025-02-16,256417.0,182646.0,Partial
R301992,L201992,2026-06-04,7125.0,6529.0,Partial
R301993,L201993,2025-02-20,35958.0,27424.0,Partial
R301994,L201994,2027-05-23,5142.0,3227.0,Partial
R301995,L201995,2024-01-30,54792.0,36937.0,Partial
R301996,L201996,2027-03-25,63694.0,28044.0,Partial
R301997,L201997,2027-01-28,40119.0,26871.0,Partial
R301998,L201998,2026-10-29,170625.0,146702.0,Partial
R301999,L201999,2026-08-31,68583.0,56609.0,Partial
R302000,L202000,2027-03-21,3611.0,2886.0,Partial
R302001,L202001,2025-06-03,71400.0,18126.0,Partial
R302002,L202002,2027-05-08,2600.0,2410.0,Partial
R302003,L202003,2024-10-10,5383.0,3948.0,Partial
R302004,L202004,2025-08-18,68972.0,57729.0,Partial
R302005,L202005,2028-02-26,22988.0,21717.0,Partial
R302006,L202006,2026-03-12,7729.0,5998.0,Partial
R302007,L202007,2024-08-25,16250.0,11176.0,Partial
R302008,L202008,2026-07-13,1817.0,1125.0,Partial
R302009,L202009,2027-10-17,3892.0,3375.0,Partial
R302010,L202010,2028-11-21,7242.0,5488.0,Partial
R302011,L202011,2027-05-03,14938.0,12810.0,Partial
R302012,L202012,2026-10-10,55688.0,37096.0,Partial
R302013,L202013,2024-10-12,496667.0,319174.0,Partial
R302014,L202014,2028-08-11,21050.0,13276.0,Partial
R302015,L202015,2026-03-26,123208.0,112487.0,Partial
R302016,L202016,2025-03-30,23444.0,12788.0,Partial
R302017,L202017,2024-11-07,12861.0,8609.0,Partial
R302018,L202018,2025-03-10,17562.0,11619.0,Partial
R302019,L202019,2026-06-08,14361.0,12579.0,Partial
R302020,L202020,2026-04-26,7875.0,7035.0,Partial
R302021,L202021,2024-08-16,30806.0,22473.0,Partial
R302022,L202022,2026-11-10,19708.0,14520.0,Partial
R302023,L202023,2025-05-12,37905.0,31531.0,Partial
R302024,L202024,2026-01-13,11717.0,11070.0,Partial
R302025,L202025,2024-11-30,26000.0,17086.0,Partial
R302026,L202026,2025-06-25,7119.0,4737.0,Partial
R302027,L202027,2027-01-09,27933.0,22065.0,Partial
R302028,L202028,2027-04-10,19646.0,15892.0,Partial
R302029,L202029,2025-02-04,55042.0,36363.0,Partial
R302030,L202030,2026-11-28,18083.0,13219.0,Partial
R302031,L202031,2026-06-15,56833.0,35391.0,Partial
R302032,L202032,2026-03-11,35778.0,30403.0,Partial
R302033,L202033,2026-02-16,11200.0,6128.0,Partial
R302034,L202034,2029-05-22,24192.0,21628.0,Partial
R302035,L202035,2024-12-22,18417.0,11435.0,Partial
R302036,L202036,2026-11-05,47450.0,34403.0,Partial
R302037,L202037,2028-10-25,3350.0,2830.0,Partial
R302038,L202038,2028-04-25,6308.0,4046.0,Partial
R302039,L202039,2026-05-02,4940.0,4218.0,Partial
R302040,L202040,2027-08-20,8179.0,1593.0,Partial
R302041,L202041,2025-08-29,30050.0,26518.0,Partial
R302042,L202042,2025-11-26,14521.0,10154.0,Partial
R302043,L202043,2028-01-29,22225.0,8932.0,Partial
R302044,L202044,2025-08-02,23483.0,19945.0,Partial
R302045,L202045,2028-10-21,4650.0,4023.0,Partial
R302046,L202046,2024-02-27,44083.0,35367.0,Partial
R302047,L202047,2023-11-10,31583.0,20057.0,Partial
R302048,L202048,2026-05-16,7694.0,5567.0,Partial
R302049,L202049,2026-03-22,484167.0,427594.0,Partial
R302050,L202050,2025-06-10,3617.0,700.0,Partial
R302051,L202051,2027-12-27,2033.0,1545.0,Partial
R302052,L202052,2026-09-19,104083.0,96435.0,Partial
R302053,L202053,2027-07-02,40817.0,32116.0,Partial
R302054,L202054,2026-08-16,14202.0,12812.0,Partial
R302055,L202055,2025-08-15,235333.0,146317.0,Partial
R302056,L202056,2026-01-25,49194.0,4498.0,Partial
R302057,L202057,2024-09-24,6229.0,4892.0,Partial
R302058,L202058,2026-06-05,6850.0,6354.0,Partial
R302059,L202059,2025-07-05,7375.0,5157.0,Partial
R302060,L202060,2026-10-10,18012.0,16538.0,Partial
R302061,L202061,2025-12-31,75250.0,65493.0,Partial
R302062,L202062,2024-12-20,15792.0,11398.0,Partial
R302063,L202063,2025-09-25,7631.0,6114.0,Partial
R302064,L202064,2025-10-22,162250.0,150364.0,Partial
R302065,L202065,2025-09-25,57146.0,37182.0,Partial
R302066,L202066,2023-07-06,206333.0,184011.0,Partial
R302067,L202067,2025-04-16,57417.0,44836.0,Partial
R302068,L202068,2024-08-25,78667.0,10588.0,Partial
R302069,L202069,2025-02-01,97833.0,79572.0,Partial
R302070,L202070,2026-10-21,17667.0,11517.0,Partial
R302071,L202071,2026-11-30,23567.0,21923.0,Partial
R302072,L202072,2025-07-11,29833.0,28122.0,Partial
R302073,L202073,2026-09-04,27117.0,17833.0,Partial
R302074,L202074,2026-11-13,16271.0,10739.0,Partial
R302075,L202075,2026-07-02,18786.0,9853.0,Partial
R302076,L202076,2027-02-24,7067.0,4573.0,Partial
R302077,L202077,2025-06-08,5881.0,3643.0,Partial
R302078,L202078,2027-06-23,16976.0,11286.0,Partial
R302079,L202079,2025-06-20,7300.0,5695.0,Partial
R302080,L202080,2027-07-28,7708.0,6629.0,Partial
R302081,L202081,2027-01-20,23858.0,17477.0,Partial
R302082,L202082,2024-08-22,72833.0,56617.0,Partial
R302083,L202083,2026-04-04,32542.0,23923.0,Partial
R302084,L202084,2026-06-15,6450.0,4400.0,Partial
R302085,L202085,2027-04-12,7167.0,4725.0,Partial
R302086,L202086,2025-04-13,38317.0,24397.0,Partial
R302087,L202087,2025-08-14,15542.0,10302.0,Partial
R302088,L202088,2026-06-23,3717.0,2592.0,Partial
R302089,L202089,2025-08-13,29560.0,10726.0,Partial
R302090,L202090,2026-08-07,64583.0,40464.0,Partial
R302091,L202091,2027-07-16,1810.0,1610.0,Partial
R302092,L202092,2026-04-29,16542.0,12797.0,Partial
R302093,L202093,2028-05-10,12619.0,10308.0,Partial
R302094,L202094,2025-04-04,20111.0,18645.0,Partial
R302095,L202095,2025-10-05,2095.0,1572.0,Partial
R302096,L202096,2026-09-20,22389.0,19149.0,Partial
R302097,L202097,2026-05-26,21812.0,15923.0,Partial
R302098,L202098,2025-06-17,3806.0,3542.0,Partial
R302099,L202099,2024-08-04,8333.0,3892.0,Partial
R302100,L202100,2024-07-05,49042.0,16127.0,Partial
R302101,L202101,2025-07-28,136250.0,64491.0,Partial
R302102,L202102,2024-04-01,17750.0,11501.0,Partial
R302103,L202103,2026-06-11,58600.0,44387.0,Partial
R302104,L202104,2028-01-09,24095.0,21359.0,Partial
R302105,L202105,2026-02-13,13450.0,8689.0,Partial
R302106,L202106,2025-09-06,18375.0,16230.0,Partial
R302107,L202107,2024-01-15,207250.0,179972.0,Partial
R302108,L202108,2027-03-17,10560.0,7564.0,Partial
R302109,L202109,2025-03-30,14933.0,13528.0,Partial
R302110,L202110,2026-09-06,27896.0,14820.0,Partial
R302111,L202111,2026-01-23,26146.0,21953.0,Partial
R302112,L202112,2028-04-10,2150.0,1935.0,Partial
R302113,L202113,2025-09-11,3567.0,2704.0,Partial
R302114,L202114,2025-02-19,16889.0,11282.0,Partial
R302115,L202115,2026-02-24,13194.0,12195.0,Partial
R302116,L202116,2028-04-25,5700.0,5202.0,Partial
R302117,L202117,2026-08-03,2979.0,2306.0,Partial
R302118,L202118,2023-10-16,129333.0,33052.0,Partial
R302119,L202119,2024-04-10,26250.0,22220.0,Partial
R302120,L202120,2024-04-20,94083.0,57811.0,Partial
R302121,L202121,2024-08-07,24417.0,17317.0,Partial
R302122,L202122,2025-06-03,70833.0,20329.0,Partial
R302123,L202123,2025-09-11,15194.0,12479.0,Partial
R302124,L202124,2026-07-06,4317.0,3276.0,Partial
R302125,L202125,2025-06-01,5464.0,5123.0,Partial
R302126,L202126,2028-01-01,5071.0,4384.0,Partial
R302127,L202127,2028-03-10,2758.0,2204.0,Partial
R302128,L202128,2023-10-21,209167.0,83479.0,Partial
R302129,L202129,2029-02-01,15158.0,9951.0,Partial
R302130,L202130,2024-07-20,387167.0,267542.0,Partial
R302131,L202131,2025-07-03,65000.0,53712.0,Partial
R302132,L202132,2026-10-17,8548.0,6074.0,Partial
R302133,L202133,2024-12-11,10354.0,6515.0,Partial
R302134,L202134,2027-07-15,13393.0,8456.0,Partial
R302135,L202135,2024-07-09,73333.0,64493.0,Partial
R302136,L202136,2024-03-01,36333.0,29300.0,Partial
R302137,L202137,2026-01-12,39643.0,38171.0,Partial
R302138,L202138,2026-01-10,77583.0,63717.0,Partial
R302139,L202139,2027-12-30,4925.0,3149.0,Partial
R302140,L202140,2027-09-08,18350.0,17126.0,Partial
R302141,L202141,2026-07-21,46111.0,28231.0,Partial
R302142,L202142,2024-10-23,9972.0,7631.0,Partial
R302143,L202143,2024-02-25,40208.0,36411.0,Partial
R302144,L202144,2023-12-25,38542.0,32146.0,Partial
R302145,L202145,2025-08-20,5060.0,3849.0,Partial
R302146,L202146,2029-04-29,1683.0,1088.0,Partial
R302147,L202147,2027-08-09,7867.0,5746.0,Partial
R302148,L202148,2026-08-17,2488.0,1611.0,Partial
R302149,L202149,2024-11-17,116583.0,109140.0,Partial
R302150,L202150,2024-11-28,29292.0,22643.0,Partial
R302151,L202151,2025-06-16,112458.0,85013.0,Partial
R302152,L202152,2024-11-27,72917.0,51875.0,Partial
R302153,L202153,2025-10-28,17042.0,10770.0,Partial
R302154,L202154,2025-08-25,10583.0,7385.0,Partial
R302155,L202155,2027-04-26,11208.0,6799.0,Partial
R302156,L202156,2025-01-13,17056.0,11678.0,Partial
R302157,L202157,2027-02-22,1517.0,1154.0,Partial
R302158,L202158,2025-03-10,2717.0,1803.0,Partial
R302159,L202159,2024-04-15,40111.0,25986.0,Partial
R302160,L202160,2025-10-20,12417.0,7794.0,Partial
R302161,L202161,2029-03-15,10933.0,10153.0,Partial
R302162,L202162,2027-04-07,3396.0,2630.0,Partial
R302163,L202163,2024-03-06,31778.0,3893.0,Partial
R302164,L202164,2025-06-21,25938.0,24596.0,Partial
R302165,L202165,2026-03-13,29017.0,22792.0,Partial
R302166,L202166,2025-08-01,10100.0,8243.0,Partial
R302167,L202167,2027-04-08,11525.0,7002.0,Partial
R302168,L202168,2024-11-19,29208.0,25980.0,Partial
R302169,L202169,2024-09-21,48683.0,47988.0,Partial
R302170,L202170,2028-05-03,12679.0,7651.0,Partial
R302171,L202171,2025-08-19,5167.0,3959.0,Partial
R302172,L202172,2026-03-26,17250.0,15248.0,Partial
R302173,L202173,2026-07-31,12750.0,11631.0,Partial
R302174,L202174,2026-10-31,14092.0,11255.0,Partial
R302175,L202175,2025-12-23,29012.0,23485.0,Partial
R302176,L202176,2026-01-23,100722.0,72618.0,Partial
R302177,L202177,2029-07-20,1375.0,1152.0,Partial
R302178,L202178,2027-08-09,9500.0,2794.0,Partial
R302179,L202179,2026-12-24,31444.0,22670.0,Partial
R302180,L202180,2023-05-21,79167.0,60083.0,Partial
R302181,L202181,2026-01-29,4583.0,1178.0,Partial
R302182,L202182,2029-06-21,3000.0,2609.0,Partial
R302183,L202183,2028-09-25,3408.0,2429.0,Partial
R302184,L202184,2025-09-04,1690.0,1202.0,Partial
R302185,L202185,2023-05-14,327167.0,159106.0,Partial
R302186,L202186,2025-09-03,16521.0,12171.0,Partial
R302187,L202187,2026-06-24,40800.0,35204.0,Partial
R302188,L202188,2025-06-28,60583.0,17926.0,Partial
R302189,L202189,2027-09-10,4617.0,4296.0,Partial
R302190,L202190,2027-03-24,4762.0,3596.0,Partial
R302191,L202191,2026-03-07,10440.0,7403.0,Partial
R302192,L202192,2024-01-01,26889.0,22149.0,Partial
R302193,L202193,2028-05-12,31107.0,24481.0,Partial
R302194,L202194,2026-08-22,12083.0,10661.0,Partial
R302195,L202195,2026-03-20,31056.0,24534.0,Partial
R302196,L202196,2026-09-14,27521.0,19159.0,Partial
R302197,L202197,2027-12-06,58429.0,51507.0,Partial
R302198,L202198,2026-06-13,11375.0,8912.0,Partial
R302199,L202199,2028-02-27,5143.0,3442.0,Partial
R302200,L202200,2023-12-07,34583.0,11656.0,Partial
R302201,L202201,2024-08-18,20167.0,17248.0,Partial
R302202,L202202,2026-05-29,4975.0,3052.0,Partial
R302203,L202203,2025-01-16,8317.0,6635.0,Partial
R302204,L202204,2026-10-05,9875.0,6419.0,Partial
R302205,L202205,2024-09-19,75167.0,66129.0,Partial
R302206,L202206,2026-07-20,120583.0,94351.0,Partial
R302207,L202207,2028-02-22,11667.0,11799.0,Paid
R302208,L202208,2025-10-22,47562.0,28878.0,Partial
R302209,L202209,2023-11-11,51917.0,53075.0,Paid
R302210,L202210,2027-09-07,9345.0,8580.0,Partial
R302211,L202211,2026-10-14,12771.0,8153.0,Partial
R302212,L202212,2024-03-04,35833.0,25723.0,Partial
R302213,L202213,2025-05-15,2417.0,2105.0,Partial
R302214,L202214,2028-06-13,7440.0,4468.0,Partial
R302215,L202215,2028-02-09,9762.0,8284.0,Partial
R302216,L202216,2025-06-24,52333.0,40223.0,Partial
R302217,L202217,2026-10-23,15125.0,12449.0,Partial
R302218,L202218,2028-03-07,3821.0,3611.0,Partial
R302219,L202219,2026-01-02,92639.0,59505.0,Partial
R302220,L202220,2028-02-12,20083.0,17269.0,Partial
R302221,L202221,2025-06-17,57667.0,49772.0,Partial
R302222,L202222,2028-11-30,36117.0,33548.0,Partial
R302223,L202223,2027-06-21,28354.0,23492.0,Partial
R302224,L202224,2024-05-28,27500.0,2781.0,Partial
R302225,L202225,2024-04-25,43167.0,32851.0,Partial
R302226,L202226,2024-10-01,28688.0,20298.0,Partial
R302227,L202227,2023-05-13,267000.0,208501.0,Partial
R302228,L202228,2027-06-13,22792.0,19174.0,Partial
R302229,L202229,2024-02-24,150583.0,140631.0,Partial
R302230,L202230,2028-03-31,5595.0,3450.0,Partial
R302231,L202231,2027-11-21,22275.0,14609.0,Partial
R302232,L202232,2028-07-30,13500.0,8884.0,Partial
R302233,L202233,2024-05-04,27250.0,7887.0,Partial
R302234,L202234,2026-10-19,55214.0,51889.0,Partial
R302235,L202235,2027-12-17,11702.0,8880.0,Partial
R302236,L202236,2026-01-27,7595.0,5155.0,Partial
R302237,L202237,2026-08-05,3762.0,2340.0,Partial
R302238,L202238,2025-04-17,123333.0,81578.0,Partial
R302239,L202239,2025-04-21,28200.0,19280.0,Partial
R302240,L202240,2025-08-09,206750.0,189955.0,Partial
R302241,L202241,2025-05-07,158917.0,118270.0,Partial
R302242,L202242,2027-01-17,20464.0,4995.0,Partial
R302243,L202243,2024-07-12,163611.0,88612.0,Partial
R302244,L202244,2027-09-22,3321.0,2493.0,Partial
R302245,L202245,2028-01-20,33524.0,24909.0,Partial
R302246,L202246,2024-06-15,31958.0,19460.0,Partial
R302247,L202247,2024-05-06,86444.0,69887.0,Partial
R302248,L202248,2026-12-24,5667.0,4834.0,Partial
R302249,L202249,2024-11-20,18688.0,16929.0,Partial
R302250,L202250,2024-09-02,42083.0,37349.0,Partial
R302251,L202251,2027-06-17,9452.0,6485.0,Partial
R302252,L202252,2025-04-26,50017.0,45846.0,Partial
R302253,L202253,2027-06-28,3083.0,2899.0,Partial
R302254,L202254,2025-05-29,11146.0,7325.0,Partial
R302255,L202255,2027-08-26,16464.0,10026.0,Partial
R302256,L202256,2027-12-09,5690.0,4702.0,Partial
R302257,L202257,2026-07-10,53667.0,36064.0,Partial
R302258,L202258,2024-09-08,48771.0,43104.0,Partial
R302259,L202259,2026-11-04,64708.0,57769.0,Partial
R302260,L202260,2024-07-24,71500.0,47969.0,Partial
R302261,L202261,2027-08-01,21850.0,18365.0,Partial
R302262,L202262,2027-01-19,8619.0,5597.0,Partial
R302263,L202263,2026-05-10,166083.0,149709.0,Partial
R302264,L202264,2027-08-09,9058.0,1796.0,Partial
R302265,L202265,2026-05-09,10274.0,6765.0,Partial
R302266,L202266,2027-05-13,4267.0,2595.0,Partial
R302267,L202267,2027-06-16,5383.0,4727.0,Partial
R302268,L202268,2028-11-05,38350.0,28423.0,Partial
R302269,L202269,2026-06-15,8733.0,5521.0,Partial
R302270,L202270,2025-07-22,393000.0,270055.0,Partial
R302271,L202271,2029-04-08,4675.0,3517.0,Partial
R302272,L202272,2025-03-29,9000.0,5463.0,Partial
R302273,L202273,2028-07-16,19714.0,18822.0,Partial
R302274,L202274,2024-01-21,5889.0,4310.0,Partial
R302275,L202275,2024-09-22,17292.0,14758.0,Partial
R302276,L202276,2025-09-03,17317.0,17022.0,Partial
R302277,L202277,2025-01-06,23889.0,15762.0,Partial
R302278,L202278,2025-12-17,22750.0,17463.0,Partial
R302279,L202279,2026-03-07,28917.0,18890.0,Partial
R302280,L202280,2023-08-30,34917.0,33195.0,Partial
R302281,L202281,2028-09-29,2558.0,1901.0,Partial
R302282,L202282,2027-01-08,7062.0,5610.0,Partial
R302283,L202283,2025-07-26,36917.0,27758.0,Partial
R302284,L202284,2027-11-19,49567.0,45551.0,Partial
R302285,L202285,2026-08-08,4917.0,3259.0,Partial
R302286,L202286,2027-01-25,90817.0,74996.0,Partial
R302287,L202287,2025-09-07,8062.0,6762.0,Partial
R302288,L202288,2026-08-30,59714.0,8641.0,Partial
R302289,L202289,2025-04-20,91250.0,61764.0,Partial
R302290,L202290,2028-11-26,5742.0,4759.0,Partial
R302291,L202291,2026-03-23,13033.0,11101.0,Partial
R302292,L202292,2026-03-13,8143.0,6000.0,Partial
R302293,L202293,2024-07-13,63208.0,51390.0,Partial
R302294,L202294,2027-02-13,14417.0,1316.0,Partial
R302295,L202295,2026-01-02,5617.0,4546.0,Partial
R302296,L202296,2027-06-28,16675.0,12679.0,Partial
R302297,L202297,2025-07-07,44917.0,4397.0,Partial
R302298,L202298,2026-11-28,8883.0,7648.0,Partial
R302299,L202299,2024-02-09,2556.0,2149.0,Partial
R302300,L202300,2026-05-07,6733.0,4581.0,Partial
R302301,L202301,2026-07-12,2350.0,1086.0,Partial
R302302,L202302,2026-01-21,19250.0,15579.0,Partial
R302303,L202303,2027-11-25,3783.0,1105.0,Partial
R302304,L202304,2024-04-20,106583.0,78346.0,Partial
R302305,L202305,2026-07-23,27611.0,17488.0,Partial
R302306,L202306,2024-12-23,4433.0,3408.0,Partial
R302307,L202307,2026-02-01,5056.0,4843.0,Partial
R302308,L202308,2024-10-02,290917.0,246882.0,Partial
R302309,L202309,2025-03-11,127472.0,98435.0,Partial
R302310,L202310,2026-08-20,17350.0,16129.0,Partial
R302311,L202311,2025-11-09,5667.0,4687.0,Partial
R302312,L202312,2025-04-02,48933.0,45103.0,Partial
R302313,L202313,2025-02-07,134833.0,101065.0,Partial
R302314,L202314,2027-04-04,1771.0,1299.0,Partial
R302315,L202315,2026-06-04,13778.0,12604.0,Partial
R302316,L202316,2023-07-16,230917.0,153175.0,Partial
R302317,L202317,2028-07-11,9274.0,4322.0,Partial
R302318,L202318,2025-09-16,34667.0,22729.0,Partial
R302319,L202319,2027-05-17,74483.0,46419.0,Partial
R302320,L202320,2023-11-09,49708.0,35090.0,Partial
R302321,L202321,2026-12-28,28194.0,20480.0,Partial
R302322,L202322,2025-09-08,118833.0,88180.0,Partial
R302323,L202323,2026-07-25,31917.0,21586.0,Partial
R302324,L202324,2026-11-14,39375.0,33861.0,Partial
R302325,L202325,2027-05-29,8700.0,7191.0,Partial
R302326,L202326,2026-01-20,22200.0,15247.0,Partial
R302327,L202327,2026-05-31,30458.0,21806.0,Partial
R302328,L202328,2026-07-05,213583.0,162469.0,Partial
R302329,L202329,2026-12-20,18917.0,15185.0,Partial
R302330,L202330,2026-06-03,6771.0,4364.0,Partial
R302331,L202331,2026-06-23,356250.0,237317.0,Partial
R302332,L202332,2026-08-07,14517.0,14250.0,Partial
R302333,L202333,2025-10-10,75188.0,56842.0,Partial
R302334,L202334,2024-03-21,203333.0,206390.0,Paid
R302335,L202335,2025-07-07,82806.0,75787.0,Partial
R302336,L202336,2029-05-31,41825.0,29232.0,Partial
R302337,L202337,2026-09-04,17417.0,16072.0,Partial
R302338,L202338,2027-02-22,17354.0,10933.0,Partial
R302339,L202339,2028-05-25,4683.0,4003.0,Partial
R302340,L202340,2025-09-25,13524.0,10529.0,Partial
R302341,L202341,2024-05-26,37458.0,33006.0,Partial
R302342,L202342,2023-10-02,18875.0,12814.0,Partial
R302343,L202343,2025-10-05,297250.0,253389.0,Partial
R302344,L202344,2024-07-04,51667.0,47597.0,Partial
R302345,L202345,2024-12-04,14458.0,12211.0,Partial
R302346,L202346,2023-11-08,84500.0,40646.0,Partial
R302347,L202347,2026-04-20,1017.0,717.0,Partial
R302348,L202348,2025-02-02,19028.0,14273.0,Partial
R302349,L202349,2026-08-19,99292.0,88345.0,Partial
R302350,L202350,2027-02-19,18556.0,16398.0,Partial
R302351,L202351,2024-12-21,17583.0,12847.0,Partial
R302352,L202352,2026-06-28,8958.0,8599.0,Partial
R302353,L202353,2024-03-08,2222.0,1778.0,Partial
R302354,L202354,2025-06-07,8944.0,8295.0,Partial
R302355,L202355,2028-03-08,5067.0,3350.0,Partial
R302356,L202356,2024-03-26,18667.0,12267.0,Partial
R302357,L202357,2025-10-16,52583.0,47135.0,Partial
R302358,L202358,2028-03-08,3242.0,2589.0,Partial
R302359,L202359,2028-05-14,34631.0,31144.0,Partial
R302360,L202360,2027-01-24,22222.0,20625.0,Partial
R302361,L202361,2026-01-05,17000.0,13948.0,Partial
R302362,L202362,2027-11-24,1190.0,738.0,Partial
R302363,L202363,2025-10-02,41183.0,26825.0,Partial
R302364,L202364,2029-02-19,46567.0,40786.0,Partial
R302365,L202365,2024-07-08,140500.0,123490.0,Partial
R302366,L202366,2028-10-14,6383.0,4324.0,Partial
R302367,L202367,2025-11-28,59125.0,49550.0,Partial
R302368,L202368,2025-12-20,53562.0,45990.0,Partial
R302369,L202369,2027-12-17,52512.0,26802.0,Partial
R302370,L202370,2024-06-13,23667.0,14300.0,Partial
R302371,L202371,2027-02-10,25083.0,15829.0,Partial
R302372,L202372,2028-12-22,1383.0,1135.0,Partial
R302373,L202373,2025-11-11,16479.0,11637.0,Partial
R302374,L202374,2028-06-04,3342.0,2724.0,Partial
R302375,L202375,2024-03-13,133750.0,106494.0,Partial
R302376,L202376,2027-11-03,4417.0,3248.0,Partial
R302377,L202377,2026-09-04,5858.0,5278.0,Partial
R302378,L202378,2027-01-20,6817.0,5039.0,Partial
R302379,L202379,2025-07-22,43417.0,31311.0,Partial
R302380,L202380,2024-06-19,70833.0,35520.0,Partial
R302381,L202381,2026-05-02,148625.0,126946.0,Partial
R302382,L202382,2025-07-31,51250.0,37517.0,Partial
R302383,L202383,2027-01-30,4845.0,4428.0,Partial
R302384,L202384,2026-06-21,86458.0,64156.0,Partial
R302385,L202385,2023-07-11,71250.0,47953.0,Partial
R302386,L202386,2024-12-29,3167.0,275.0,Partial
R302387,L202387,2025-09-19,42042.0,14238.0,Partial
R302388,L202388,2024-07-27,17944.0,13876.0,Partial
R302389,L202389,2026-12-27,1167.0,953.0,Partial
R302390,L202390,2026-02-05,18417.0,16302.0,Partial
R302391,L202391,2028-02-29,7845.0,5057.0,Partial
R302392,L202392,2025-04-17,3521.0,2644.0,Partial
R302393,L202393,2027-05-18,31700.0,29883.0,Partial
R302394,L202394,2026-02-05,14222.0,10887.0,Partial
R302395,L202395,2026-12-22,9619.0,6786.0,Partial
R302396,L202396,2025-04-08,157333.0,111680.0,Partial
R302397,L202397,2027-03-27,9000.0,7181.0,Partial
R302398,L202398,2026-06-29,37688.0,28942.0,Partial
R302399,L202399,2026-09-18,54607.0,40913.0,Partial
R302400,L202400,2027-04-02,13667.0,10610.0,Partial
R302401,L202401,2025-12-06,7958.0,7558.0,Partial
R302402,L202402,2025-07-21,20417.0,17073.0,Partial
R302403,L202403,2026-04-27,12750.0,8523.0,Partial
R302404,L202404,2027-03-11,8139.0,5681.0,Partial
R302405,L202405,2026-08-11,13812.0,11936.0,Partial
R302406,L202406,2026-06-30,11111.0,8865.0,Partial
R302407,L202407,2025-07-03,55833.0,57107.0,Paid
R302408,L202408,2028-02-10,10345.0,9810.0,Partial
R302409,L202409,2023-12-04,81750.0,61518.0,Partial
R302410,L202410,2027-12-08,9905.0,9094.0,Partial
R302411,L202411,2026-08-14,7458.0,5505.0,Partial
R302412,L202412,2025-05-17,810.0,753.0,Partial
R302413,L202413,2026-03-31,52250.0,12886.0,Partial
R302414,L202414,2026-04-19,13300.0,12617.0,Partial
R302415,L202415,2027-07-21,21283.0,13542.0,Partial
R302416,L202416,2026-08-19,5642.0,5319.0,Partial
R302417,L202417,2024-09-14,41875.0,32402.0,Partial
R302418,L202418,2026-11-09,35367.0,33363.0,Partial
R302419,L202419,2025-09-03,13333.0,8157.0,Partial
R302420,L202420,2023-07-11,62167.0,50347.0,Partial
R302421,L202421,2027-04-17,12283.0,7743.0,Partial
R302422,L202422,2024-06-03,24938.0,22826.0,Partial
R302423,L202423,2025-07-05,26708.0,16715.0,Partial
R302424,L202424,2027-08-16,28100.0,19398.0,Partial
R302425,L202425,2026-02-23,117875.0,82198.0,Partial
R302426,L202426,2029-04-19,5000.0,3288.0,Partial
R302427,L202427,2024-07-13,11139.0,7097.0,Partial
R302428,L202428,2026-05-13,14979.0,11092.0,Partial
R302429,L202429,2027-04-11,5700.0,5253.0,Partial
R302430,L202430,2025-03-02,73542.0,55098.0,Partial
R302431,L202431,2029-06-19,37850.0,32532.0,Partial
R302432,L202432,2027-01-14,2771.0,1930.0,Partial
R302433,L202433,2025-08-14,61417.0,44693.0,Partial
R302434,L202434,2027-02-26,11167.0,7000.0,Partial
R302435,L202435,2025-12-14,107771.0,96326.0,Partial
R302436,L202436,2024-06-29,74354.0,33421.0,Partial
R302437,L202437,2027-04-24,14729.0,11519.0,Partial
R302438,L202438,2023-12-31,230375.0,150708.0,Partial
R302439,L202439,2027-02-28,33500.0,26989.0,Partial
R302440,L202440,2026-12-17,17889.0,11332.0,Partial
R302441,L202441,2027-07-23,17283.0,13333.0,Partial
R302442,L202442,2026-08-12,21983.0,20089.0,Partial
R302443,L202443,2026-02-21,49750.0,46314.0,Partial
R302444,L202444,2026-08-30,18438.0,17061.0,Partial
R302445,L202445,2023-09-07,369083.0,339953.0,Partial
R302446,L202446,2027-02-13,8048.0,4312.0,Partial
R302447,L202447,2026-03-03,3607.0,2479.0,Partial
R302448,L202448,2027-12-31,4917.0,4320.0,Partial
R302449,L202449,2026-11-23,15617.0,9731.0,Partial
R302450,L202450,2025-08-15,9655.0,9085.0,Partial
R302451,L202451,2026-02-14,23833.0,20739.0,Partial
R302452,L202452,2026-05-19,64667.0,50346.0,Partial
R302453,L202453,2023-12-16,167417.0,157270.0,Partial
R302454,L202454,2025-08-20,203042.0,165054.0,Partial
R302455,L202455,2025-12-06,57396.0,35058.0,Partial
R302456,L202456,2028-05-08,57405.0,47498.0,Partial
R302457,L202457,2028-02-22,6192.0,5157.0,Partial
R302458,L202458,2026-03-23,99267.0,61330.0,Partial
R302459,L202459,2023-09-07,27208.0,20644.0,Partial
R302460,L202460,2026-12-25,155500.0,131167.0,Partial
R302461,L202461,2025-10-30,23750.0,21165.0,Partial
R302462,L202462,2025-11-26,8619.0,1385.0,Partial
R302463,L202463,2025-04-27,6464.0,6400.0,Partial
R302464,L202464,2025-04-24,7583.0,5097.0,Partial
R302465,L202465,2025-08-22,11167.0,8440.0,Partial
R302466,L202466,2028-06-01,3179.0,2209.0,Partial
R302467,L202467,2027-05-04,24667.0,20918.0,Partial
R302468,L202468,2024-08-22,2542.0,2105.0,Partial
R302469,L202469,2025-12-06,21810.0,16917.0,Partial
R302470,L202470,2025-06-02,7733.0,7227.0,Partial
R302471,L202471,2026-07-14,4883.0,2540.0,Partial
R302472,L202472,2024-06-13,2139.0,1582.0,Partial
R302473,L202473,2023-12-16,15333.0,10654.0,Partial
R302474,L202474,2026-04-26,10833.0,8947.0,Partial
R302475,L202475,2025-11-25,22542.0,18155.0,Partial
R302476,L202476,2027-11-12,17000.0,14252.0,Partial
R302477,L202477,2024-04-04,35750.0,23054.0,Partial
R302478,L202478,2026-12-12,20417.0,15359.0,Partial
R302479,L202479,2024-07-22,91917.0,85837.0,Partial
R302480,L202480,2024-06-20,50222.0,44438.0,Partial
R302481,L202481,2025-02-28,15050.0,13564.0,Partial
R302482,L202482,2025-01-16,33556.0,3224.0,Partial
R302483,L202483,2025-08-03,6012.0,2767.0,Partial
R302484,L202484,2026-05-05,10524.0,9325.0,Partial
R302485,L202485,2025-07-02,36000.0,23147.0,Partial
R302486,L202486,2028-07-01,5976.0,4072.0,Partial
R302487,L202487,2024-05-01,32917.0,25154.0,Partial
R302488,L202488,2025-07-28,19000.0,14261.0,Partial
R302489,L202489,2026-01-26,3226.0,2870.0,Partial
R302490,L202490,2025-10-01,86117.0,66697.0,Partial
R302491,L202491,2025-10-09,25875.0,15807.0,Partial
R302492,L202492,2024-08-21,4917.0,4323.0,Partial
R302493,L202493,2025-10-03,29021.0,22122.0,Partial
R302494,L202494,2024-09-14,23792.0,15774.0,Partial
R302495,L202495,2025-07-03,16250.0,1495.0,Partial
R302496,L202496,2025-12-30,92792.0,87375.0,Partial
R302497,L202497,2026-04-05,5714.0,5333.0,Partial
R302498,L202498,2025-06-18,6542.0,3312.0,Partial
R302499,L202499,2025-12-07,68917.0,59058.0,Partial
R302500,L202500,2026-01-13,11278.0,10289.0,Partial
R302501,L202501,2026-02-25,115083.0,116877.0,Paid
R302502,L202502,2025-07-13,33306.0,2334.0,Partial
R302503,L202503,2025-07-06,96194.0,70418.0,Partial
R302504,L202504,2023-09-29,19542.0,15009.0,Partial
R302505,L202505,2025-08-23,71167.0,30822.0,Partial
R302506,L202506,2026-11-25,5917.0,3991.0,Partial
R302507,L202507,2026-04-27,10150.0,8177.0,Partial
R302508,L202508,2027-09-05,34655.0,21233.0,Partial
R302509,L202509,2026-06-24,20646.0,19232.0,Partial
R302510,L202510,2024-11-27,15271.0,13875.0,Partial
R302511,L202511,2024-01-24,146250.0,95660.0,Partial
R302512,L202512,2025-06-18,8333.0,5209.0,Partial
R302513,L202513,2023-08-26,68167.0,58222.0,Partial
R302514,L202514,2027-07-12,4667.0,3559.0,Partial
R302515,L202515,2025-06-17,52646.0,45985.0,Partial
R302516,L202516,2027-04-13,42631.0,25901.0,Partial
R302517,L202517,2028-01-01,6992.0,5916.0,Partial
R302518,L202518,2026-11-03,41083.0,10574.0,Partial
R302519,L202519,2024-10-28,36208.0,33714.0,Partial
R302520,L202520,2027-08-08,10238.0,8816.0,Partial
R302521,L202521,2025-11-13,5012.0,4529.0,Partial
R302522,L202522,2024-05-24,52250.0,34504.0,Partial
R302523,L202523,2025-06-06,62310.0,57526.0,Partial
R302524,L202524,2024-03-01,125833.0,101358.0,Partial
R302525,L202525,2023-11-03,11875.0,8765.0,Partial
R302526,L202526,2026-03-13,15767.0,11358.0,Partial
R302527,L202527,2024-07-21,13542.0,12862.0,Partial
R302528,L202528,2024-09-30,31694.0,24419.0,Partial
R302529,L202529,2025-07-29,11028.0,8366.0,Partial
R302530,L202530,2025-11-30,12792.0,9672.0,Partial
R302531,L202531,2023-09-27,12667.0,11923.0,Partial
R302532,L202532,2028-08-19,11842.0,813.0,Partial
R302533,L202533,2027-12-29,48208.0,31374.0,Partial
R302534,L202534,2024-01-05,32111.0,30221.0,Partial
R302535,L202535,2026-08-09,10850.0,8155.0,Partial
R302536,L202536,2028-06-08,5679.0,4212.0,Partial
R302537,L202537,2027-10-06,46133.0,30284.0,Partial
R302538,L202538,2029-04-29,13267.0,8641.0,Partial
R302539,L202539,2026-05-03,69433.0,13044.0,Partial
R302540,L202540,2023-10-06,49083.0,32220.0,Partial
R302541,L202541,2027-09-11,18750.0,13400.0,Partial
R302542,L202542,2027-11-09,3442.0,2630.0,Partial
R302543,L202543,2027-07-12,13883.0,10082.0,Partial
R302544,L202544,2025-12-26,3024.0,2617.0,Partial
R302545,L202545,2027-09-29,18908.0,12702.0,Partial
R302546,L202546,2028-06-19,6798.0,4544.0,Partial
R302547,L202547,2024-05-16,63458.0,49135.0,Partial
R302548,L202548,2025-07-08,116583.0,104656.0,Partial
R302549,L202549,2024-10-01,12883.0,9788.0,Partial
R302550,L202550,2025-12-16,45917.0,41243.0,Partial
R302551,L202551,2027-07-28,65167.0,64297.0,Partial
R302552,L202552,2027-07-12,23396.0,19270.0,Partial
R302553,L202553,2026-12-24,29875.0,23669.0,Partial
R302554,L202554,2025-11-13,12417.0,11776.0,Partial
R302555,L202555,2025-11-25,17389.0,13320.0,Partial
R302556,L202556,2028-02-28,2940.0,2472.0,Partial
R302557,L202557,2024-09-03,84033.0,71825.0,Partial
R302558,L202558,2027-01-28,32375.0,28974.0,Partial
R302559,L202559,2025-06-12,2155.0,1803.0,Partial
R302560,L202560,2027-01-15,3708.0,3447.0,Partial
R302561,L202561,2024-05-22,27583.0,24677.0,Partial
R302562,L202562,2025-06-08,75500.0,22466.0,Partial
R302563,L202563,2026-08-02,4000.0,3748.0,Partial
R302564,L202564,2027-03-18,29625.0,6914.0,Partial
R302565,L202565,2026-04-13,109562.0,88703.0,Partial
R302566,L202566,2023-10-14,66750.0,42051.0,Partial
R302567,L202567,2023-12-25,51250.0,41511.0,Partial
R302568,L202568,2025-06-08,22167.0,14606.0,Partial
R302569,L202569,2028-04-19,12867.0,4750.0,Partial
R302570,L202570,2026-05-14,13292.0,9083.0,Partial
R302571,L202571,2025-07-17,1167.0,1076.0,Partial
R302572,L202572,2024-11-23,13417.0,13427.0,Paid
R302573,L202573,2024-06-13,24194.0,18573.0,Partial
R302574,L202574,2025-09-05,6875.0,5999.0,Partial
R302575,L202575,2027-08-05,17250.0,12839.0,Partial
R302576,L202576,2023-07-23,18833.0,14333.0,Partial
R302577,L202577,2026-04-26,4250.0,3787.0,Partial
R302578,L202578,2023-09-10,21667.0,16960.0,Partial
R302579,L202579,2027-02-04,2833.0,2370.0,Partial
R302580,L202580,2024-05-17,121250.0,80225.0,Partial
R302581,L202581,2028-01-04,12869.0,11876.0,Partial
R302582,L202582,2025-12-22,31833.0,26844.0,Partial
R302583,L202583,2025-08-20,5861.0,5518.0,Partial
R302584,L202584,2024-06-13,65771.0,58910.0,Partial
R302585,L202585,2028-02-28,3875.0,3517.0,Partial
R302586,L202586,2025-11-03,5850.0,4682.0,Partial
R302587,L202587,2027-05-23,4133.0,3428.0,Partial
R302588,L202588,2028-09-05,28333.0,13005.0,Partial
R302589,L202589,2029-06-08,9967.0,7770.0,Partial
R302590,L202590,2024-11-13,113875.0,88793.0,Partial
R302591,L202591,2025-01-17,11056.0,10004.0,Partial
R302592,L202592,2024-11-25,6167.0,4767.0,Partial
R302593,L202593,2028-01-05,10119.0,7255.0,Partial
R302594,L202594,2026-12-11,17143.0,13255.0,Partial
R302595,L202595,2024-06-07,117000.0,104015.0,Partial
R302596,L202596,2027-04-19,41333.0,34899.0,Partial
R302597,L202597,2027-07-28,8933.0,5463.0,Partial
R302598,L202598,2029-03-01,2533.0,2063.0,Partial
R302599,L202599,2026-01-31,15194.0,13118.0,Partial
R302600,L202600,2024-07-10,4375.0,3807.0,Partial
R302601,L202601,2025-08-09,21333.0,13540.0,Partial
R302602,L202602,2028-07-23,45433.0,38586.0,Partial
R302603,L202603,2026-12-29,8833.0,5665.0,Partial
R302604,L202604,2025-02-10,10667.0,7939.0,Partial
R302605,L202605,2025-05-07,16810.0,5189.0,Partial
R302606,L202606,2027-06-14,9875.0,9527.0,Partial
R302607,L202607,2026-11-03,37458.0,8583.0,Partial
R302608,L202608,2025-08-09,13750.0,10308.0,Partial
R302609,L202609,2026-07-25,10488.0,8642.0,Partial
R302610,L202610,2029-03-05,9658.0,9542.0,Partial
R302611,L202611,2024-09-12,231667.0,96310.0,Partial
R302612,L202612,2025-11-13,37667.0,35322.0,Partial
R302613,L202613,2026-05-09,25342.0,17428.0,Partial
R302614,L202614,2025-07-10,199625.0,140805.0,Partial
R302615,L202615,2023-05-29,4750.0,4258.0,Partial
R302616,L202616,2025-03-21,1450.0,1251.0,Partial
R302617,L202617,2025-10-10,24056.0,6385.0,Partial
R302618,L202618,2025-05-12,136500.0,97228.0,Partial
R302619,L202619,2024-09-14,31229.0,22116.0,Partial
R302620,L202620,2025-12-13,3208.0,2637.0,Partial
R302621,L202621,2025-12-23,85983.0,78709.0,Partial
R302622,L202622,2025-02-15,3958.0,3058.0,Partial
R302623,L202623,2028-12-12,35892.0,33770.0,Partial
R302624,L202624,2027-06-01,12375.0,4811.0,Partial
R302625,L202625,2023-07-29,192333.0,141066.0,Partial
R302626,L202626,2028-07-24,6202.0,5623.0,Partial
R302627,L202627,2024-02-26,51222.0,40869.0,Partial
R302628,L202628,2027-10-08,4883.0,3650.0,Partial
R302629,L202629,2026-08-31,2800.0,1688.0,Partial
R302630,L202630,2027-09-23,34643.0,7308.0,Partial
R302631,L202631,2024-06-15,30333.0,18285.0,Partial
R302632,L202632,2025-12-14,16083.0,15087.0,Partial
R302633,L202633,2028-03-25,6767.0,6493.0,Partial
R302634,L202634,2026-05-08,11024.0,9939.0,Partial
R302635,L202635,2024-12-24,33250.0,33181.0,Partial
R302636,L202636,2027-06-05,3354.0,2391.0,Partial
R302637,L202637,2025-08-27,3750.0,2892.0,Partial
R302638,L202638,2025-10-23,32208.0,22788.0,Partial
R302639,L202639,2026-05-29,1774.0,1642.0,Partial
R302640,L202640,2025-04-21,13317.0,8625.0,Partial
R302641,L202641,2026-11-15,6071.0,5787.0,Partial
R302642,L202642,2024-09-04,119250.0,89972.0,Partial
R302643,L202643,2026-09-07,24483.0,22490.0,Partial
R302644,L202644,2027-01-22,68771.0,45708.0,Partial
R302645,L202645,2025-09-09,30083.0,18188.0,Partial
R302646,L202646,2025-01-23,28250.0,23988.0,Partial
R302647,L202647,2027-06-21,42381.0,33496.0,Partial
R302648,L202648,2027-02-28,13650.0,9495.0,Partial
R302649,L202649,2026-03-04,4833.0,4397.0,Partial
R302650,L202650,2026-01-17,20917.0,8384.0,Partial
R302651,L202651,2025-07-06,5767.0,5751.0,Partial
R302652,L202652,2024-04-05,173417.0,104054.0,Partial
R302653,L202653,2028-08-10,4200.0,2566.0,Partial
R302654,L202654,2026-02-14,260083.0,204621.0,Partial
R302655,L202655,2026-05-07,24750.0,18242.0,Partial
R302656,L202656,2029-01-22,567.0,387.0,Partial
R302657,L202657,2025-09-19,156583.0,54173.0,Partial
R302658,L202658,2025-11-12,10095.0,6602.0,Partial
R302659,L202659,2025-05-09,35056.0,31644.0,Partial
R302660,L202660,2026-09-08,10058.0,6624.0,Partial
R302661,L202661,2025-06-05,25056.0,24592.0,Partial
R302662,L202662,2026-04-15,32458.0,20555.0,Partial
R302663,L202663,2028-07-02,16883.0,10760.0,Partial
R302664,L202664,2024-06-04,34083.0,32259.0,Partial
R302665,L202665,2025-12-11,22167.0,10152.0,Partial
R302666,L202666,2027-05-18,23408.0,14121.0,Partial
R302667,L202667,2025-12-10,98167.0,79930.0,Partial
R302668,L202668,2027-09-21,19983.0,17406.0,Partial
R302669,L202669,2024-12-08,21417.0,13517.0,Partial
R302670,L202670,2026-11-11,2417.0,1734.0,Partial
R302671,L202671,2027-06-29,87167.0,54201.0,Partial
R302672,L202672,2025-07-13,52556.0,36991.0,Partial
R302673,L202673,2024-09-29,24028.0,17669.0,Partial
R302674,L202674,2026-04-08,32310.0,30242.0,Partial
R302675,L202675,2024-11-12,68833.0,63069.0,Partial
R302676,L202676,2026-06-11,12679.0,3043.0,Partial
R302677,L202677,2026-04-21,238667.0,180981.0,Partial
R302678,L202678,2025-11-10,26217.0,24581.0,Partial
R302679,L202679,2025-07-15,11333.0,9564.0,Partial
R302680,L202680,2024-07-05,22708.0,15509.0,Partial
R302681,L202681,2025-12-23,26583.0,16775.0,Partial
R302682,L202682,2027-10-23,14702.0,12364.0,Partial
R302683,L202683,2028-02-21,23275.0,21600.0,Partial
R302684,L202684,2026-12-25,31438.0,10333.0,Partial
R302685,L202685,2024-03-25,74833.0,62659.0,Partial
R302686,L202686,2027-01-27,10488.0,9259.0,Partial
R302687,L202687,2025-09-22,157583.0,106961.0,Partial
R302688,L202688,2027-04-09,19188.0,18422.0,Partial
R302689,L202689,2027-05-12,1725.0,1279.0,Partial
R302690,L202690,2023-10-11,125250.0,108295.0,Partial
R302691,L202691,2026-07-23,13806.0,9976.0,Partial
R302692,L202692,2025-12-23,5375.0,4149.0,Partial
R302693,L202693,2023-11-03,57750.0,42295.0,Partial
R302694,L202694,2026-09-16,34639.0,27003.0,Partial
R302695,L202695,2025-08-16,66556.0,25881.0,Partial
R302696,L202696,2028-04-29,2367.0,1431.0,Partial
R302697,L202697,2024-07-04,392083.0,358979.0,Partial
R302698,L202698,2028-07-15,14976.0,9842.0,Partial
R302699,L202699,2026-09-18,3821.0,2465.0,Partial
R302700,L202700,2025-12-10,9389.0,8884.0,Partial
R302701,L202701,2027-01-23,23798.0,19007.0,Partial
R302702,L202702,2027-10-19,4933.0,3556.0,Partial
R302703,L202703,2028-04-18,12850.0,11387.0,Partial
R302704,L202704,2024-08-21,5062.0,3925.0,Partial
R302705,L202705,2026-06-22,182875.0,170218.0,Partial
R302706,L202706,2024-10-13,7650.0,7229.0,Partial
R302707,L202707,2026-01-15,2646.0,1827.0,Partial
R302708,L202708,2025-06-26,63812.0,64739.0,Paid
R302709,L202709,2025-03-28,26292.0,16377.0,Partial
R302710,L202710,2026-10-01,39583.0,32205.0,Partial
R302711,L202711,2024-09-02,17667.0,13420.0,Partial
R302712,L202712,2025-06-19,5143.0,4242.0,Partial
R302713,L202713,2029-04-01,1100.0,759.0,Partial
R302714,L202714,2027-02-11,1417.0,1284.0,Partial
R302715,L202715,2025-02-09,35333.0,27990.0,Partial
R302716,L202716,2026-07-26,157833.0,148610.0,Partial
R302717,L202717,2026-05-15,139944.0,116024.0,Partial
R302718,L202718,2025-06-08,176250.0,84985.0,Partial
R302719,L202719,2026-04-23,3042.0,2133.0,Partial
R302720,L202720,2025-08-09,10896.0,8441.0,Partial
R302721,L202721,2026-05-08,14967.0,11142.0,Partial
R302722,L202722,2025-07-22,3583.0,373.0,Partial
R302723,L202723,2025-10-13,24500.0,16233.0,Partial
R302724,L202724,2028-10-07,3942.0,2439.0,Partial
R302725,L202725,2027-06-30,3617.0,3350.0,Partial
R302726,L202726,2027-01-10,53139.0,3736.0,Partial
R302727,L202727,2027-09-17,32450.0,23316.0,Partial
R302728,L202728,2026-10-01,15354.0,10261.0,Partial
R302729,L202729,2024-09-09,27167.0,24451.0,Partial
R302730,L202730,2025-09-06,7702.0,6421.0,Partial
R302731,L202731,2027-08-04,6131.0,4431.0,Partial
R302732,L202732,2025-09-25,18417.0,14370.0,Partial
R302733,L202733,2028-08-22,2983.0,2274.0,Partial
R302734,L202734,2024-08-26,130333.0,79343.0,Partial
R302735,L202735,2024-02-28,2250.0,1676.0,Partial
R302736,L202736,2028-04-08,11679.0,9632.0,Partial
R302737,L202737,2027-06-24,30521.0,22539.0,Partial
R302738,L202738,2026-02-28,14583.0,13541.0,Partial
R302739,L202739,2024-09-20,30683.0,22691.0,Partial
R302740,L202740,2028-12-02,933.0,878.0,Partial
R302741,L202741,2027-04-05,61222.0,44511.0,Partial
R302742,L202742,2025-01-06,32292.0,20593.0,Partial
R302743,L202743,2024-12-24,170500.0,102633.0,Partial
R302744,L202744,2024-09-21,12517.0,10109.0,Partial
R302745,L202745,2026-04-16,30938.0,26259.0,Partial
R302746,L202746,2028-10-12,4000.0,3111.0,Partial
R302747,L202747,2024-04-26,50458.0,31650.0,Partial
R302748,L202748,2025-09-26,28292.0,17835.0,Partial
R302749,L202749,2026-02-27,6214.0,4900.0,Partial
R302750,L202750,2024-06-13,15750.0,14923.0,Partial
R302751,L202751,2024-05-22,18854.0,12188.0,Partial
R302752,L202752,2026-10-20,21917.0,14225.0,Partial
R302753,L202753,2025-05-04,4267.0,2846.0,Partial
R302754,L202754,2024-10-21,3667.0,3246.0,Partial
R302755,L202755,2026-06-28,60667.0,52733.0,Partial
R302756,L202756,2026-06-01,36528.0,9182.0,Partial
R302757,L202757,2025-06-27,12200.0,8315.0,Partial
R302758,L202758,2026-08-29,11979.0,2050.0,Partial
R302759,L202759,2026-04-14,71283.0,63334.0,Partial
R302760,L202760,2024-09-01,8817.0,5507.0,Partial
R302761,L202761,2024-03-20,71583.0,54112.0,Partial
R302762,L202762,2026-07-13,35889.0,34039.0,Partial
R302763,L202763,2025-09-09,61333.0,15993.0,Partial
R302764,L202764,2025-12-25,14917.0,9252.0,Partial
R302765,L202765,2027-03-24,17778.0,14996.0,Partial
R302766,L202766,2025-04-27,99375.0,93785.0,Partial
R302767,L202767,2024-09-07,6617.0,5062.0,Partial
R302768,L202768,2026-10-29,18833.0,17746.0,Partial
R302769,L202769,2023-09-25,55125.0,10601.0,Partial
R302770,L202770,2026-05-08,46500.0,28433.0,Partial
R302771,L202771,2024-03-26,23056.0,18460.0,Partial
R302772,L202772,2027-07-18,9908.0,7955.0,Partial
R302773,L202773,2023-11-02,90292.0,78460.0,Partial
R302774,L202774,2026-04-26,49361.0,46561.0,Partial
R302775,L202775,2025-04-28,13417.0,11541.0,Partial
R302776,L202776,2025-09-02,10889.0,6698.0,Partial
R302777,L202777,2025-12-03,7667.0,5238.0,Partial
R302778,L202778,2027-05-06,10700.0,6715.0,Partial
R302779,L202779,2024-11-05,44167.0,38658.0,Partial
R302780,L202780,2025-01-13,39778.0,32138.0,Partial
R302781,L202781,2025-05-17,26262.0,18494.0,Partial
R302782,L202782,2025-11-11,14250.0,9863.0,Partial
R302783,L202783,2025-09-17,37000.0,27828.0,Partial
R302784,L202784,2024-05-09,77417.0,72926.0,Partial
R302785,L202785,2025-08-28,21028.0,19473.0,Partial
R302786,L202786,2026-09-14,186500.0,126988.0,Partial
R302787,L202787,2026-07-04,5208.0,4896.0,Partial
R302788,L202788,2029-03-30,20683.0,8404.0,Partial
R302789,L202789,2028-03-31,33107.0,20593.0,Partial
R302790,L202790,2024-03-27,198083.0,149274.0,Partial
R302791,L202791,2026-10-23,6625.0,5257.0,Partial
R302792,L202792,2025-11-25,38389.0,23436.0,Partial
R302793,L202793,2026-01-04,195542.0,163052.0,Partial
R302794,L202794,2025-11-20,94367.0,64199.0,Partial
R302795,L202795,2027-01-19,10433.0,7894.0,Partial
R302796,L202796,2024-10-28,12354.0,9470.0,Partial
R302797,L202797,2027-12-17,4342.0,3382.0,Partial
R302798,L202798,2024-06-18,13396.0,2859.0,Partial
R302799,L202799,2026-07-25,20354.0,14378.0,Partial
R302800,L202800,2027-05-07,14617.0,12354.0,Partial
R302801,L202801,2029-01-03,15975.0,12744.0,Partial
R302802,L202802,2026-04-01,13548.0,8176.0,Partial
R302803,L202803,2024-12-20,46233.0,45831.0,Partial
R302804,L202804,2025-01-08,72917.0,54393.0,Partial
R302805,L202805,2026-02-02,35208.0,26341.0,Partial
R302806,L202806,2026-04-18,40083.0,37702.0,Partial
R302807,L202807,2024-05-19,30028.0,18041.0,Partial
R302808,L202808,2024-01-19,86528.0,58479.0,Partial
R302809,L202809,2023-10-17,6083.0,4813.0,Partial
R302810,L202810,2026-02-10,15708.0,10823.0,Partial
R302811,L202811,2024-03-15,168208.0,128833.0,Partial
R302812,L202812,2028-06-09,3536.0,910.0,Partial
R302813,L202813,2025-06-14,22375.0,19293.0,Partial
R302814,L202814,2025-12-27,6583.0,5556.0,Partial
R302815,L202815,2026-05-15,10143.0,2390.0,Partial
R302816,L202816,2025-05-13,31167.0,29221.0,Partial
R302817,L202817,2025-07-31,34345.0,12446.0,Partial
R302818,L202818,2024-08-24,1972.0,1222.0,Partial
R302819,L202819,2028-10-01,7925.0,5202.0,Partial
R302820,L202820,2026-10-26,19792.0,16170.0,Partial
R302821,L202821,2026-11-02,8933.0,5971.0,Partial
R302822,L202822,2024-07-29,38896.0,33584.0,Partial
R302823,L202823,2025-09-11,11050.0,6662.0,Partial
R302824,L202824,2025-08-17,29375.0,29804.0,Paid
R302825,L202825,2027-05-24,33812.0,22731.0,Partial
R302826,L202826,2024-06-04,14375.0,13006.0,Partial
R302827,L202827,2024-04-08,2500.0,1834.0,Partial
R302828,L202828,2028-01-22,9226.0,2388.0,Partial
R302829,L202829,2026-11-02,32000.0,28893.0,Partial
R302830,L202830,2026-07-19,5226.0,4511.0,Partial
R302831,L202831,2025-11-26,12050.0,9235.0,Partial
R302832,L202832,2025-01-07,25292.0,20622.0,Partial
R302833,L202833,2024-12-02,65500.0,39426.0,Partial
R302834,L202834,2027-04-03,52733.0,36300.0,Partial
R302835,L202835,2028-07-19,6233.0,3366.0,Partial
R302836,L202836,2024-08-08,55021.0,41684.0,Partial
R302837,L202837,2024-02-04,15625.0,14678.0,Partial
R302838,L202838,2026-08-14,2733.0,1772.0,Partial
R302839,L202839,2026-05-31,113000.0,44636.0,Partial
R302840,L202840,2029-06-13,5700.0,3682.0,Partial
R302841,L202841,2026-12-04,154278.0,139488.0,Partial
R302842,L202842,2026-10-12,10817.0,7709.0,Partial
R302843,L202843,2025-06-04,23067.0,16969.0,Partial
R302844,L202844,2026-07-22,5433.0,4634.0,Partial
R302845,L202845,2026-05-28,25111.0,17471.0,Partial
R302846,L202846,2027-04-20,8042.0,7573.0,Partial
R302847,L202847,2025-04-26,18944.0,12136.0,Partial
R302848,L202848,2023-10-02,433417.0,293715.0,Partial
R302849,L202849,2026-05-22,6556.0,4397.0,Partial
R302850,L202850,2024-11-13,10542.0,8002.0,Partial
R302851,L202851,2027-05-25,14798.0,12497.0,Partial
R302852,L202852,2025-03-29,3117.0,2303.0,Partial
R302853,L202853,2024-07-01,26667.0,16271.0,Partial
R302854,L202854,2026-05-11,6583.0,4168.0,Partial
R302855,L202855,2026-02-22,42000.0,26908.0,Partial
R302856,L202856,2025-03-08,25938.0,19145.0,Partial
R302857,L202857,2026-04-14,116125.0,86851.0,Partial
R302858,L202858,2026-02-27,31060.0,27517.0,Partial
R302859,L202859,2028-09-14,42767.0,38028.0,Partial
R302860,L202860,2026-01-01,15500.0,12963.0,Partial
R302861,L202861,2025-08-19,110417.0,84559.0,Partial
R302862,L202862,2026-03-29,48500.0,34331.0,Partial
R302863,L202863,2024-08-02,15604.0,11841.0,Partial
R302864,L202864,2025-11-27,54583.0,8357.0,Partial
R302865,L202865,2023-05-09,67917.0,63325.0,Partial
R302866,L202866,2028-01-07,3925.0,3562.0,Partial
R302867,L202867,2025-06-29,1143.0,830.0,Partial
R302868,L202868,2025-10-24,4944.0,4335.0,Partial
R302869,L202869,2023-09-08,62750.0,44817.0,Partial
R302870,L202870,2025-03-04,4150.0,2622.0,Partial
R302871,L202871,2027-07-21,35146.0,23521.0,Partial
R302872,L202872,2026-12-27,12833.0,11997.0,Partial
R302873,L202873,2024-10-17,126667.0,107976.0,Partial
R302874,L202874,2024-10-20,15625.0,13166.0,Partial
R302875,L202875,2025-12-10,170167.0,140958.0,Partial
R302876,L202876,2025-07-21,10958.0,9577.0,Partial
R302877,L202877,2025-02-20,34217.0,28188.0,Partial
R302878,L202878,2024-02-15,219833.0,140049.0,Partial
R302879,L202879,2028-04-24,3925.0,3507.0,Partial
R302880,L202880,2026-06-26,73417.0,57571.0,Partial
R302881,L202881,2026-10-14,35333.0,26922.0,Partial
R302882,L202882,2025-08-26,2542.0,1813.0,Partial
R302883,L202883,2028-11-11,1050.0,917.0,Partial
R302884,L202884,2024-03-09,8556.0,7456.0,Partial
R302885,L202885,2026-09-09,47367.0,40783.0,Partial
R302886,L202886,2024-04-16,73042.0,48624.0,Partial
R302887,L202887,2025-05-14,23583.0,16176.0,Partial
R302888,L202888,2027-11-12,4792.0,3919.0,Partial
R302889,L202889,2027-09-12,7917.0,5826.0,Partial
R302890,L202890,2023-12-12,182750.0,110492.0,Partial
R302891,L202891,2027-10-12,20133.0,12515.0,Partial
R302892,L202892,2028-04-10,7517.0,5394.0,Partial
R302893,L202893,2025-10-14,11967.0,8255.0,Partial
R302894,L202894,2024-12-30,15139.0,9690.0,Partial
R302895,L202895,2024-04-27,7389.0,7011.0,Partial
R302896,L202896,2026-06-13,3226.0,2015.0,Partial
R302897,L202897,2026-09-02,2892.0,2290.0,Partial
R302898,L202898,2028-11-13,5925.0,4398.0,Partial
R302899,L202899,2027-04-02,5700.0,5223.0,Partial
R302900,L202900,2026-05-14,69833.0,58827.0,Partial
R302901,L202901,2028-06-20,29548.0,18931.0,Partial
R302902,L202902,2024-09-07,17521.0,15835.0,Partial
R302903,L202903,2026-03-20,93583.0,68412.0,Partial
R302904,L202904,2025-11-12,7600.0,4678.0,Partial
R302905,L202905,2027-10-16,7560.0,5961.0,Partial
R302906,L202906,2029-03-25,4483.0,3268.0,Partial
R302907,L202907,2024-05-28,11000.0,7847.0,Partial
R302908,L202908,2026-02-09,70000.0,59614.0,Partial
R302909,L202909,2027-11-26,867.0,615.0,Partial
R302910,L202910,2026-10-23,7500.0,5783.0,Partial
R302911,L202911,2025-02-14,12400.0,3507.0,Partial
R302912,L202912,2027-02-01,7833.0,6228.0,Partial
R302913,L202913,2025-07-22,63983.0,56236.0,Partial
R302914,L202914,2025-08-07,9643.0,8387.0,Partial
R302915,L202915,2025-10-09,55833.0,45761.0,Partial
R302916,L202916,2023-09-24,47500.0,39517.0,Partial
R302917,L202917,2027-03-03,19440.0,18258.0,Partial
R302918,L202918,2024-09-14,8633.0,8158.0,Partial
R302919,L202919,2026-02-02,41958.0,38166.0,Partial
R302920,L202920,2024-05-25,24278.0,22972.0,Partial
R302921,L202921,2026-07-08,5979.0,4392.0,Partial
R302922,L202922,2028-01-03,1393.0,930.0,Partial
R302923,L202923,2024-08-19,13104.0,9203.0,Partial
R302924,L202924,2023-06-15,240083.0,226829.0,Partial
R302925,L202925,2028-03-08,18143.0,13593.0,Partial
R302926,L202926,2026-10-30,25024.0,15798.0,Partial
R302927,L202927,2024-12-27,137667.0,113329.0,Partial
R302928,L202928,2024-02-21,51250.0,34294.0,Partial
R302929,L202929,2024-11-21,60250.0,57019.0,Partial
R302930,L202930,2029-01-07,14792.0,12706.0,Partial
R302931,L202931,2029-01-21,20783.0,1932.0,Partial
R302932,L202932,2026-12-14,54833.0,47555.0,Partial
R302933,L202933,2024-12-08,6833.0,5102.0,Partial
R302934,L202934,2028-10-20,4667.0,3075.0,Partial
R302935,L202935,2025-02-18,62875.0,41480.0,Partial
R302936,L202936,2024-07-27,70333.0,51716.0,Partial
R302937,L202937,2026-05-16,8083.0,6296.0,Partial
R302938,L202938,2029-04-29,1983.0,1816.0,Partial
R302939,L202939,2025-11-13,8357.0,6048.0,Partial
R302940,L202940,2027-04-05,41646.0,36810.0,Partial
R302941,L202941,2029-04-13,27017.0,25715.0,Partial
R302942,L202942,2025-06-19,71500.0,62239.0,Partial
R302943,L202943,2026-05-16,1208.0,890.0,Partial
R302944,L202944,2028-04-19,6283.0,4450.0,Partial
R302945,L202945,2024-09-10,32521.0,25510.0,Partial
R302946,L202946,2024-10-06,53042.0,46358.0,Partial
R302947,L202947,2023-11-27,38833.0,29871.0,Partial
R302948,L202948,2026-01-28,13792.0,10330.0,Partial
R302949,L202949,2024-12-01,72917.0,64020.0,Partial
R302950,L202950,2026-05-31,56750.0,18054.0,Partial
R302951,L202951,2026-07-24,33938.0,27433.0,Partial
R302952,L202952,2025-05-09,123875.0,97336.0,Partial
R302953,L202953,2025-11-16,38083.0,25055.0,Partial
R302954,L202954,2025-08-01,21567.0,1829.0,Partial
R302955,L202955,2025-03-13,17062.0,10793.0,Partial
R302956,L202956,2024-11-07,7528.0,6888.0,Partial
R302957,L202957,2028-08-14,2175.0,1592.0,Partial
R302958,L202958,2027-11-15,15133.0,5281.0,Partial
R302959,L202959,2026-10-16,24889.0,6709.0,Partial
R302960,L202960,2027-01-28,11607.0,9919.0,Partial
R302961,L202961,2026-04-27,18608.0,17961.0,Partial
R302962,L202962,2027-06-30,13667.0,12150.0,Partial
R302963,L202963,2025-11-26,4433.0,3559.0,Partial
R302964,L202964,2028-04-24,2317.0,1450.0,Partial
R302965,L202965,2025-09-15,3521.0,3623.0,Paid
R302966,L202966,2024-04-17,24583.0,22538.0,Partial
R302967,L202967,2024-12-24,24944.0,7289.0,Partial
R302968,L202968,2027-03-24,17083.0,15984.0,Partial
R302969,L202969,2027-09-12,5675.0,5082.0,Partial
R302970,L202970,2025-10-23,30000.0,26347.0,Partial
R302971,L202971,2027-07-12,425.0,379.0,Partial
R302972,L202972,2025-10-14,54604.0,45334.0,Partial
R302973,L202973,2027-05-10,4833.0,3068.0,Partial
R302974,L202974,2024-10-13,22667.0,17804.0,Partial
R302975,L202975,2025-12-10,2571.0,2044.0,Partial
R302976,L202976,2026-03-17,10979.0,7343.0,Partial
R302977,L202977,2026-01-29,67750.0,62471.0,Partial
R302978,L202978,2024-12-05,49667.0,43139.0,Partial
R302979,L202979,2027-05-20,25369.0,21317.0,Partial
R302980,L202980,2024-10-28,201333.0,155609.0,Partial
R302981,L202981,2025-08-14,11067.0,10476.0,Partial
R302982,L202982,2027-03-12,53833.0,35973.0,Partial
R302983,L202983,2027-06-25,20042.0,2342.0,Partial
R302984,L202984,2025-03-27,7067.0,4879.0,Partial
R302985,L202985,2026-09-09,1817.0,1106.0,Partial
R302986,L202986,2028-05-01,5952.0,3597.0,Partial
R302987,L202987,2026-01-29,119542.0,8257.0,Partial
R302988,L202988,2025-06-05,64167.0,4079.0,Partial
R302989,L202989,2029-06-09,8450.0,7386.0,Partial
R302990,L202990,2028-05-08,5933.0,5209.0,Partial
R302991,L202991,2026-06-12,9208.0,9103.0,Partial
R302992,L202992,2024-08-28,9062.0,8005.0,Partial
R302993,L202993,2026-04-02,4625.0,3549.0,Partial
R302994,L202994,2025-02-13,40483.0,30204.0,Partial
R302995,L202995,2023-12-31,82667.0,75054.0,Partial
R302996,L202996,2026-01-24,28958.0,26288.0,Partial
R302997,L202997,2026-07-07,26417.0,22988.0,Partial
R302998,L202998,2028-04-04,5952.0,1798.0,Partial
R302999,L202999,2027-02-26,63850.0,46734.0,Partial
R303000,L203000,2026-05-07,4183.0,1596.0,Partial
R303001,L203001,2025-05-30,8000.0,7523.0,Partial
R303002,L203002,2024-03-17,19583.0,11757.0,Partial
R303003,L203003,2025-11-29,137333.0,120887.0,Partial
R303004,L203004,2026-12-07,107542.0,76918.0,Partial
R303005,L203005,2025-09-20,6524.0,4167.0,Partial
R303006,L203006,2027-01-01,12306.0,7574.0,Partial
R303007,L203007,2027-05-14,10208.0,6618.0,Partial
R303008,L203008,2028-06-27,33775.0,21408.0,Partial
R303009,L203009,2023-10-01,63500.0,52344.0,Partial
R303010,L203010,2026-11-20,1808.0,1582.0,Partial
R303011,L203011,2027-04-16,4548.0,2830.0,Partial
R303012,L203012,2025-12-30,9983.0,7415.0,Partial
R303013,L203013,2023-09-30,7375.0,4728.0,Partial
R303014,L203014,2027-01-27,22639.0,15574.0,Partial
R303015,L203015,2028-03-19,23512.0,19204.0,Partial
R303016,L203016,2024-12-10,18083.0,15889.0,Partial
R303017,L203017,2028-06-02,700.0,450.0,Partial
R303018,L203018,2024-03-20,72750.0,47542.0,Partial
R303019,L203019,2026-05-05,34222.0,20677.0,Partial
R303020,L203020,2027-08-10,11738.0,8262.0,Partial
R303021,L203021,2025-10-11,189417.0,171034.0,Partial
R303022,L203022,2026-02-05,30646.0,22911.0,Partial
R303023,L203023,2024-01-24,56472.0,54597.0,Partial
R303024,L203024,2024-12-26,62729.0,43485.0,Partial
R303025,L203025,2026-11-30,5417.0,3475.0,Partial
R303026,L203026,2025-05-09,118333.0,81395.0,Partial
R303027,L203027,2026-06-04,8155.0,4909.0,Partial
R303028,L203028,2026-05-29,74667.0,69055.0,Partial
R303029,L203029,2025-05-26,6333.0,5580.0,Partial
R303030,L203030,2026-06-20,150375.0,76676.0,Partial
R303031,L203031,2027-04-16,12867.0,4807.0,Partial
R303032,L203032,2024-05-02,25292.0,23689.0,Partial
R303033,L203033,2029-05-06,43258.0,32409.0,Partial
R303034,L203034,2027-03-13,29396.0,19460.0,Partial
R303035,L203035,2026-12-01,14375.0,13448.0,Partial
R303036,L203036,2027-05-12,1548.0,1532.0,Partial
R303037,L203037,2027-08-05,10190.0,1122.0,Partial
R303038,L203038,2026-03-06,61310.0,55739.0,Partial
R303039,L203039,2024-10-23,6500.0,4991.0,Partial
R303040,L203040,2024-12-13,17900.0,12993.0,Partial
R303041,L203041,2024-03-27,16792.0,11302.0,Partial
R303042,L203042,2026-07-09,129083.0,90989.0,Partial
R303043,L203043,2024-03-26,92417.0,64106.0,Partial
R303044,L203044,2024-05-29,6417.0,4765.0,Partial
R303045,L203045,2025-11-29,26042.0,24609.0,Partial
R303046,L203046,2026-11-22,13758.0,8855.0,Partial
R303047,L203047,2025-01-02,217667.0,202972.0,Partial
R303048,L203048,2026-07-09,114000.0,74244.0,Partial
R303049,L203049,2026-03-14,4771.0,3683.0,Partial
R303050,L203050,2026-10-21,107542.0,64676.0,Partial
R303051,L203051,2024-05-16,5938.0,3788.0,Partial
R303052,L203052,2024-03-15,138583.0,83717.0,Partial
R303053,L203053,2025-12-23,13517.0,8513.0,Partial
R303054,L203054,2026-01-29,35208.0,31047.0,Partial
R303055,L203055,2025-06-09,7708.0,5503.0,Partial
R303056,L203056,2027-02-27,12883.0,8792.0,Partial
R303057,L203057,2027-09-26,29452.0,22349.0,Partial
R303058,L203058,2028-12-03,8842.0,6105.0,Partial
R303059,L203059,2027-04-19,31167.0,26524.0,Partial
R303060,L203060,2027-10-11,14869.0,12306.0,Partial
R303061,L203061,2026-07-19,11625.0,7709.0,Partial
R303062,L203062,2025-05-29,786.0,540.0,Partial
R303063,L203063,2027-03-18,2733.0,2033.0,Partial
R303064,L203064,2028-03-25,6500.0,5891.0,Partial
R303065,L203065,2023-08-18,53917.0,40472.0,Partial
R303066,L203066,2026-06-29,9583.0,9125.0,Partial
R303067,L203067,2028-10-20,10450.0,2820.0,Partial
R303068,L203068,2025-09-24,17375.0,13153.0,Partial
R303069,L203069,2023-12-02,133333.0,126520.0,Partial
R303070,L203070,2024-01-25,83333.0,64657.0,Partial
R303071,L203071,2026-10-24,28100.0,23366.0,Partial
R303072,L203072,2027-03-29,6000.0,5401.0,Partial
R303073,L203073,2026-11-30,36833.0,10296.0,Partial
R303074,L203074,2024-11-06,16958.0,10238.0,Partial
R303075,L203075,2025-11-07,14792.0,10625.0,Partial
R303076,L203076,2026-02-11,10854.0,6893.0,Partial
R303077,L203077,2029-01-14,13475.0,689.0,Partial
R303078,L203078,2026-11-28,23967.0,17248.0,Partial
R303079,L203079,2026-08-07,55750.0,34693.0,Partial
R303080,L203080,2025-12-01,22125.0,15642.0,Partial
R303081,L203081,2025-08-10,50750.0,50629.0,Partial
R303082,L203082,2024-04-11,2611.0,2174.0,Partial
R303083,L203083,2024-01-18,127583.0,87099.0,Partial
R303084,L203084,2025-04-20,242500.0,149282.0,Partial
R303085,L203085,2026-01-12,39750.0,29419.0,Partial
R303086,L203086,2026-02-06,45000.0,35347.0,Partial
R303087,L203087,2027-11-04,3036.0,2994.0,Partial
R303088,L203088,2027-08-02,11092.0,11300.0,Paid
R303089,L203089,2024-12-16,82722.0,22015.0,Partial
R303090,L203090,2026-09-02,46292.0,43328.0,Partial
R303091,L203091,2026-04-05,12917.0,10469.0,Partial
R303092,L203092,2027-01-11,7298.0,6339.0,Partial
R303093,L203093,2025-10-26,45278.0,32426.0,Partial
R303094,L203094,2026-10-12,30062.0,24012.0,Partial
R303095,L203095,2025-05-02,2500.0,2360.0,Partial
R303096,L203096,2025-10-10,57771.0,48109.0,Partial
R303097,L203097,2024-06-15,13833.0,12654.0,Partial
R303098,L203098,2028-11-20,19550.0,16725.0,Partial
R303099,L203099,2024-12-21,15750.0,14670.0,Partial
R303100,L203100,2027-04-06,9312.0,7641.0,Partial
R303101,L203101,2025-08-14,6433.0,6109.0,Partial
R303102,L203102,2025-05-05,10500.0,9842.0,Partial
R303103,L203103,2024-06-29,10938.0,10332.0,Partial
R303104,L203104,2027-10-27,7133.0,6743.0,Partial
R303105,L203105,2026-06-05,7238.0,4684.0,Partial
R303106,L203106,2024-10-25,2771.0,2558.0,Partial
R303107,L203107,2026-08-27,11950.0,7868.0,Partial
R303108,L203108,2027-02-04,22646.0,21279.0,Partial
R303109,L203109,2024-09-05,34708.0,26292.0,Partial
R303110,L203110,2028-01-06,42467.0,14966.0,Partial
R303111,L203111,2025-07-17,77861.0,79361.0,Paid
R303112,L203112,2025-10-03,2107.0,1959.0,Partial
R303113,L203113,2024-07-25,26542.0,21458.0,Partial
R303114,L203114,2026-01-15,32778.0,30423.0,Partial
R303115,L203115,2026-11-28,22583.0,15128.0,Partial
R303116,L203116,2024-02-02,128333.0,9995.0,Partial
R303117,L203117,2026-01-21,1833.0,1539.0,Partial
R303118,L203118,2026-03-30,123083.0,85041.0,Partial
R303119,L203119,2027-02-16,17117.0,14571.0,Partial
R303120,L203120,2026-05-04,10833.0,6758.0,Partial
R303121,L203121,2027-08-27,11967.0,7189.0,Partial
R303122,L203122,2028-06-08,17383.0,10445.0,Partial
R303123,L203123,2026-05-30,9433.0,7870.0,Partial
R303124,L203124,2024-02-04,123500.0,102670.0,Partial
R303125,L203125,2026-01-01,12900.0,5653.0,Partial
R303126,L203126,2029-06-13,12950.0,9714.0,Partial
R303127,L203127,2025-05-01,84150.0,67634.0,Partial
R303128,L203128,2027-06-12,10367.0,7314.0,Partial
R303129,L203129,2027-05-21,2036.0,1701.0,Partial
R303130,L203130,2026-08-31,44562.0,35812.0,Partial
R303131,L203131,2024-12-26,5600.0,3641.0,Partial
R303132,L203132,2026-07-02,6095.0,4808.0,Partial
R303133,L203133,2026-03-02,10083.0,8947.0,Partial
R303134,L203134,2025-07-30,14389.0,12586.0,Partial
R303135,L203135,2028-03-07,11560.0,10779.0,Partial
R303136,L203136,2024-06-09,193917.0,182215.0,Partial
R303137,L203137,2027-07-01,79333.0,58490.0,Partial
R303138,L203138,2026-06-13,36708.0,26001.0,Partial
R303139,L203139,2025-06-09,28000.0,23626.0,Partial
R303140,L203140,2026-04-25,1881.0,1593.0,Partial
R303141,L203141,2025-08-16,34821.0,30543.0,Partial
R303142,L203142,2025-06-04,11283.0,8836.0,Partial
R303143,L203143,2025-04-28,23083.0,11920.0,Partial
R303144,L203144,2025-01-07,50896.0,40483.0,Partial
R303145,L203145,2027-04-12,35583.0,23770.0,Partial
R303146,L203146,2026-08-14,4488.0,2966.0,Partial
R303147,L203147,2027-03-19,5950.0,3650.0,Partial
R303148,L203148,2026-05-12,60438.0,49249.0,Partial
R303149,L203149,2025-02-26,24417.0,23682.0,Partial
R303150,L203150,2027-01-17,107271.0,29164.0,Partial
R303151,L203151,2028-02-03,4842.0,1823.0,Partial
R303152,L203152,2029-04-28,5383.0,3765.0,Partial
R303153,L203153,2028-02-09,5179.0,3665.0,Partial
R303154,L203154,2024-11-27,3450.0,2398.0,Partial
R303155,L203155,2027-04-07,3562.0,3322.0,Partial
R303156,L203156,2024-10-18,3883.0,2984.0,Partial
R303157,L203157,2026-08-04,3528.0,2629.0,Partial
R303158,L203158,2025-11-01,2667.0,2259.0,Partial
R303159,L203159,2024-06-17,36833.0,25084.0,Partial
R303160,L203160,2026-04-27,21167.0,17044.0,Partial
R303161,L203161,2026-03-15,17488.0,14193.0,Partial
R303162,L203162,2029-04-07,14133.0,11377.0,Partial
R303163,L203163,2023-10-16,23042.0,14170.0,Partial
R303164,L203164,2023-11-19,19083.0,4045.0,Partial
R303165,L203165,2025-02-28,85250.0,54401.0,Partial
R303166,L203166,2024-12-03,15222.0,13789.0,Partial
R303167,L203167,2029-02-22,6067.0,4743.0,Partial
R303168,L203168,2026-12-13,69778.0,65181.0,Partial
R303169,L203169,2027-09-02,4042.0,3840.0,Partial
R303170,L203170,2028-03-05,6883.0,5485.0,Partial
R303171,L203171,2024-06-10,5333.0,4655.0,Partial
R303172,L203172,2025-12-25,12467.0,10395.0,Partial
R303173,L203173,2024-10-05,228958.0,173571.0,Partial
R303174,L203174,2024-10-14,8250.0,5652.0,Partial
R303175,L203175,2026-04-08,18167.0,11720.0,Partial
R303176,L203176,2024-05-10,3417.0,733.0,Partial
R303177,L203177,2024-08-11,61750.0,45861.0,Partial
R303178,L203178,2023-09-08,238333.0,190579.0,Partial
R303179,L203179,2025-02-21,13875.0,13146.0,Partial
R303180,L203180,2025-07-17,53667.0,44832.0,Partial
R303181,L203181,2025-09-08,10111.0,8648.0,Partial
R303182,L203182,2026-01-09,76542.0,67298.0,Partial
R303183,L203183,2025-07-18,34667.0,28427.0,Partial
R303184,L203184,2025-07-07,49854.0,39286.0,Partial
R303185,L203185,2027-08-22,14617.0,1212.0,Partial
R303186,L203186,2025-12-23,45500.0,27907.0,Partial
R303187,L203187,2024-06-09,19042.0,13002.0,Partial
R303188,L203188,2026-10-19,22317.0,17086.0,Partial
R303189,L203189,2028-06-28,34867.0,25927.0,Partial
R303190,L203190,2023-09-23,37958.0,35589.0,Partial
R303191,L203191,2025-03-17,19767.0,14616.0,Partial
R303192,L203192,2025-08-17,16202.0,11728.0,Partial
R303193,L203193,2026-12-22,14500.0,3844.0,Partial
R303194,L203194,2025-08-25,27024.0,20666.0,Partial
R303195,L203195,2024-08-24,11444.0,9638.0,Partial
R303196,L203196,2026-11-22,72792.0,57276.0,Partial
R303197,L203197,2024-05-19,14639.0,11900.0,Partial
R303198,L203198,2024-06-07,48500.0,39191.0,Partial
R303199,L203199,2027-04-26,3583.0,3505.0,Partial
R303200,L203200,2025-01-30,11717.0,10923.0,Partial
R303201,L203201,2027-01-15,3917.0,3309.0,Partial
R303202,L203202,2028-11-24,2517.0,837.0,Partial
R303203,L203203,2024-04-25,16229.0,10588.0,Partial
R303204,L203204,2025-07-08,23667.0,16879.0,Partial
R303205,L203205,2024-03-03,62667.0,40423.0,Partial
R303206,L203206,2024-08-30,22222.0,19915.0,Partial
R303207,L203207,2025-04-10,46556.0,30675.0,Partial
R303208,L203208,2024-01-20,123250.0,78844.0,Partial
R303209,L203209,2025-11-14,30333.0,24547.0,Partial
R303210,L203210,2025-10-03,1810.0,1523.0,Partial
R303211,L203211,2024-08-22,133250.0,114410.0,Partial
R303212,L203212,2023-12-02,23417.0,16334.0,Partial
R303213,L203213,2024-12-27,8917.0,5599.0,Partial
R303214,L203214,2025-11-22,4667.0,4406.0,Partial
R303215,L203215,2026-02-16,10317.0,2021.0,Partial
R303216,L203216,2025-02-06,38000.0,15923.0,Partial
R303217,L203217,2024-11-16,11694.0,7771.0,Partial
R303218,L203218,2025-02-17,36833.0,36298.0,Partial
R303219,L203219,2028-03-07,3250.0,508.0,Partial
R303220,L203220,2026-08-03,117083.0,99481.0,Partial
R303221,L203221,2026-02-28,14300.0,13126.0,Partial
R303222,L203222,2025-05-12,33119.0,23979.0,Partial
R303223,L203223,2028-04-01,5179.0,4010.0,Partial
R303224,L203224,2024-09-28,57833.0,41920.0,Partial
R303225,L203225,2023-12-14,70083.0,64107.0,Partial
R303226,L203226,2025-01-22,3100.0,1970.0,Partial
R303227,L203227,2027-08-03,15979.0,15092.0,Partial
R303228,L203228,2026-05-18,4000.0,2714.0,Partial
R303229,L203229,2025-11-11,11383.0,7324.0,Partial
R303230,L203230,2027-02-09,12452.0,7659.0,Partial
R303231,L203231,2026-04-07,20607.0,18103.0,Partial
R303232,L203232,2024-03-02,112667.0,96218.0,Partial
R303233,L203233,2028-05-27,24458.0,21595.0,Partial
R303234,L203234,2024-11-13,13983.0,12494.0,Partial
R303235,L203235,2026-07-13,282583.0,230498.0,Partial
R303236,L203236,2027-11-10,22200.0,22350.0,Paid
R303237,L203237,2026-01-27,28083.0,17354.0,Partial
R303238,L203238,2028-01-27,10679.0,9909.0,Partial
R303239,L203239,2026-07-31,3111.0,2873.0,Partial
R303240,L203240,2027-11-18,6692.0,5380.0,Partial
R303241,L203241,2023-08-01,101333.0,28862.0,Partial
R303242,L203242,2026-07-19,1117.0,1023.0,Partial
R303243,L203243,2025-06-25,22583.0,14124.0,Partial
R303244,L203244,2024-04-30,13250.0,8406.0,Partial
R303245,L203245,2027-03-25,49542.0,44276.0,Partial
R303246,L203246,2025-02-14,76500.0,46676.0,Partial
R303247,L203247,2027-08-04,11438.0,7857.0,Partial
R303248,L203248,2026-03-23,18060.0,12295.0,Partial
R303249,L203249,2026-07-04,53750.0,52317.0,Partial
R303250,L203250,2026-05-30,16036.0,13336.0,Partial
R303251,L203251,2028-08-01,1619.0,1514.0,Partial
R303252,L203252,2024-12-21,104750.0,75873.0,Partial
R303253,L203253,2025-05-12,60143.0,38536.0,Partial
R303254,L203254,2029-05-19,10283.0,9772.0,Partial
R303255,L203255,2025-04-26,10383.0,7797.0,Partial
R303256,L203256,2026-08-18,8750.0,6426.0,Partial
R303257,L203257,2026-05-08,35417.0,23698.0,Partial
R303258,L203258,2026-12-16,6042.0,4332.0,Partial
R303259,L203259,2027-03-03,9095.0,7730.0,Partial
R303260,L203260,2025-11-28,33833.0,24440.0,Partial
R303261,L203261,2026-10-07,54625.0,46335.0,Partial
R303262,L203262,2025-12-09,65233.0,53200.0,Partial
R303263,L203263,2025-12-28,12683.0,8043.0,Partial
R303264,L203264,2028-12-18,467.0,429.0,Partial
R303265,L203265,2026-04-04,6933.0,6820.0,Partial
R303266,L203266,2026-09-02,1433.0,426.0,Partial
R303267,L203267,2024-05-13,10250.0,9721.0,Partial
R303268,L203268,2025-07-23,71000.0,54263.0,Partial
R303269,L203269,2024-10-02,2792.0,2636.0,Partial
R303270,L203270,2024-07-08,200500.0,81988.0,Partial
R303271,L203271,2029-03-31,3975.0,558.0,Partial
R303272,L203272,2026-12-26,4467.0,2886.0,Partial
R303273,L203273,2025-10-25,4250.0,3615.0,Partial
R303274,L203274,2027-02-27,3333.0,2858.0,Partial
R303275,L203275,2027-06-16,40550.0,24613.0,Partial
R303276,L203276,2027-05-02,33202.0,27008.0,Partial
R303277,L203277,2024-01-07,61667.0,40616.0,Partial
R303278,L203278,2026-06-10,14450.0,9654.0,Partial
R303279,L203279,2025-05-20,49000.0,41003.0,Partial
R303280,L203280,2024-03-02,45111.0,41151.0,Partial
R303281,L203281,2024-06-03,3250.0,2051.0,Partial
R303282,L203282,2024-11-20,53750.0,37646.0,Partial
R303283,L203283,2028-03-05,5150.0,3451.0,Partial
R303284,L203284,2024-10-23,24333.0,14793.0,Partial
R303285,L203285,2026-10-16,19167.0,16496.0,Partial
R303286,L203286,2024-11-13,13792.0,9967.0,Partial
R303287,L203287,2026-07-04,4625.0,2846.0,Partial
R303288,L203288,2025-03-21,61542.0,40290.0,Partial
R303289,L203289,2023-12-19,28167.0,18536.0,Partial
R303290,L203290,2027-08-15,24792.0,19759.0,Partial
R303291,L203291,2029-05-06,7242.0,6862.0,Partial
R303292,L203292,2024-06-21,1104.0,96.0,Partial
R303293,L203293,2027-08-13,4233.0,2730.0,Partial
R303294,L203294,2025-10-01,21226.0,15867.0,Partial
R303295,L203295,2028-04-06,17893.0,16440.0,Partial
R303296,L203296,2026-03-04,80483.0,34603.0,Partial
R303297,L203297,2026-01-17,74750.0,55615.0,Partial
R303298,L203298,2026-11-02,159708.0,148757.0,Partial
R303299,L203299,2024-06-24,66854.0,53801.0,Partial
R303300,L203300,2027-11-19,3725.0,3041.0,Partial
R303301,L203301,2023-07-20,64667.0,46956.0,Partial
R303302,L203302,2027-03-08,7450.0,6537.0,Partial
R303303,L203303,2026-03-30,54542.0,50357.0,Partial
R303304,L203304,2026-02-05,92983.0,80146.0,Partial
R303305,L203305,2025-08-07,16633.0,12243.0,Partial
R303306,L203306,2024-12-11,19833.0,12188.0,Partial
R303307,L203307,2027-08-24,9267.0,5898.0,Partial
R303308,L203308,2025-05-15,7952.0,2526.0,Partial
R303309,L203309,2024-01-30,38958.0,34658.0,Partial
R303310,L203310,2027-07-09,1150.0,1035.0,Partial
R303311,L203311,2025-08-08,27000.0,25496.0,Partial
R303312,L203312,2027-01-03,51389.0,31803.0,Partial
R303313,L203313,2027-04-23,16875.0,13431.0,Partial
R303314,L203314,2026-05-14,14190.0,11102.0,Partial
R303315,L203315,2024-06-04,22458.0,21242.0,Partial
R303316,L203316,2024-07-16,48917.0,36010.0,Partial
R303317,L203317,2026-03-09,19702.0,7297.0,Partial
R303318,L203318,2026-04-06,39389.0,18698.0,Partial
R303319,L203319,2028-11-28,25775.0,20038.0,Partial
R303320,L203320,2028-09-15,7292.0,6702.0,Partial
R303321,L203321,2025-12-20,34917.0,25507.0,Partial
R303322,L203322,2026-08-23,14767.0,10539.0,Partial
R303323,L203323,2026-07-29,9729.0,6056.0,Partial
R303324,L203324,2024-06-09,20250.0,13681.0,Partial
R303325,L203325,2027-04-05,7667.0,7112.0,Partial
R303326,L203326,2027-02-03,26361.0,17649.0,Partial
R303327,L203327,2024-10-31,11233.0,9892.0,Partial
R303328,L203328,2026-06-17,26381.0,21752.0,Partial
R303329,L203329,2025-12-07,72292.0,57571.0,Partial
R303330,L203330,2024-12-11,34444.0,30790.0,Partial
R303331,L203331,2025-09-02,7694.0,5768.0,Partial
R303332,L203332,2026-06-05,123792.0,93602.0,Partial
R303333,L203333,2029-03-12,9325.0,6888.0,Partial
R303334,L203334,2028-05-16,34274.0,26692.0,Partial
R303335,L203335,2025-06-18,102917.0,85707.0,Partial
R303336,L203336,2026-10-19,29708.0,19115.0,Partial
R303337,L203337,2025-10-16,230833.0,188561.0,Partial
R303338,L203338,2025-05-29,228125.0,148346.0,Partial
R303339,L203339,2024-04-25,8583.0,7775.0,Partial
R303340,L203340,2027-07-02,6550.0,5094.0,Partial
R303341,L203341,2026-02-23,12536.0,7916.0,Partial
R303342,L203342,2025-03-31,14500.0,10434.0,Partial
R303343,L203343,2027-02-26,11417.0,8728.0,Partial
R303344,L203344,2026-04-01,469583.0,302386.0,Partial
R303345,L203345,2026-07-15,38000.0,33117.0,Partial
R303346,L203346,2026-10-21,49271.0,33397.0,Partial
R303347,L203347,2027-10-19,2183.0,1674.0,Partial
R303348,L203348,2024-08-22,51250.0,44497.0,Partial
R303349,L203349,2025-08-25,8988.0,6469.0,Partial
R303350,L203350,2027-02-03,13983.0,1862.0,Partial
R303351,L203351,2025-03-02,12450.0,11746.0,Partial
R303352,L203352,2027-10-18,8762.0,6801.0,Partial
R303353,L203353,2026-09-09,4810.0,4805.0,Partial
R303354,L203354,2026-09-18,3905.0,2755.0,Partial
R303355,L203355,2027-05-05,6250.0,5189.0,Partial
R303356,L203356,2028-07-07,9452.0,6719.0,Partial
R303357,L203357,2023-10-22,264417.0,216451.0,Partial
R303358,L203358,2026-06-19,30583.0,29923.0,Partial
R303359,L203359,2026-05-31,32708.0,21328.0,Partial
R303360,L203360,2025-12-04,377417.0,246648.0,Partial
R303361,L203361,2027-06-08,14604.0,11386.0,Partial
R303362,L203362,2025-05-30,47521.0,9430.0,Partial
R303363,L203363,2026-12-19,26396.0,19650.0,Partial
R303364,L203364,2026-12-24,13183.0,9031.0,Partial
R303365,L203365,2026-02-24,32500.0,29370.0,Partial
R303366,L203366,2028-10-08,13750.0,11267.0,Partial
R303367,L203367,2025-11-07,22917.0,14873.0,Partial
R303368,L203368,2025-01-01,38375.0,34411.0,Partial
R303369,L203369,2029-04-30,4492.0,2781.0,Partial
R303370,L203370,2026-08-06,14883.0,13896.0,Partial
R303371,L203371,2026-11-25,13692.0,11293.0,Partial
R303372,L203372,2025-09-29,47750.0,33197.0,Partial
R303373,L203373,2025-10-30,18792.0,13132.0,Partial
R303374,L203374,2024-12-14,10833.0,9946.0,Partial
R303375,L203375,2025-01-01,146417.0,39976.0,Partial
R303376,L203376,2024-06-03,44833.0,27219.0,Partial
R303377,L203377,2023-05-03,311167.0,227154.0,Partial
R303378,L203378,2024-02-16,17861.0,14769.0,Partial
R303379,L203379,2027-07-30,79533.0,72868.0,Partial
R303380,L203380,2026-05-17,4393.0,3476.0,Partial
R303381,L203381,2026-04-20,93250.0,84823.0,Partial
R303382,L203382,2025-12-27,12312.0,11119.0,Partial
R303383,L203383,2024-12-26,14556.0,11031.0,Partial
R303384,L203384,2025-06-05,4821.0,4184.0,Partial
R303385,L203385,2024-01-05,153708.0,118123.0,Partial
R303386,L203386,2028-02-20,22167.0,14261.0,Partial
R303387,L203387,2025-09-05,238833.0,155301.0,Partial
R303388,L203388,2027-04-04,8562.0,7930.0,Partial
R303389,L203389,2025-12-08,69976.0,55924.0,Partial
R303390,L203390,2025-12-13,44111.0,36940.0,Partial
R303391,L203391,2025-07-31,9190.0,6894.0,Partial
R303392,L203392,2025-01-19,91000.0,68371.0,Partial
R303393,L203393,2026-11-12,3867.0,3611.0,Partial
R303394,L203394,2026-01-23,1464.0,666.0,Partial
R303395,L203395,2025-01-08,27917.0,24161.0,Partial
R303396,L203396,2027-09-24,2042.0,1632.0,Partial
R303397,L203397,2025-09-06,3786.0,2889.0,Partial
R303398,L203398,2025-08-18,29375.0,27624.0,Partial
R303399,L203399,2025-04-20,24333.0,14904.0,Partial
R303400,L203400,2029-02-16,31675.0,20280.0,Partial
R303401,L203401,2025-12-26,128639.0,109150.0,Partial
R303402,L203402,2029-03-08,1575.0,964.0,Partial
R303403,L203403,2023-09-18,19333.0,15553.0,Partial
R303404,L203404,2026-02-16,9883.0,6521.0,Partial
R303405,L203405,2026-06-02,21792.0,14946.0,Partial
R303406,L203406,2025-03-31,55117.0,35957.0,Partial
R303407,L203407,2026-01-10,31179.0,25807.0,Partial
R303408,L203408,2027-08-16,6393.0,4935.0,Partial
R303409,L203409,2024-01-17,2667.0,1680.0,Partial
R303410,L203410,2029-05-29,5542.0,3608.0,Partial
R303411,L203411,2027-01-30,33000.0,26044.0,Partial
R303412,L203412,2027-10-16,17350.0,12177.0,Partial
R303413,L203413,2028-11-05,1442.0,1090.0,Partial
R303414,L203414,2026-08-07,105417.0,75579.0,Partial
R303415,L203415,2027-11-04,45333.0,13192.0,Partial
R303416,L203416,2026-02-16,3821.0,3047.0,Partial
R303417,L203417,2024-06-29,32389.0,20785.0,Partial
R303418,L203418,2026-09-26,16000.0,15140.0,Partial
R303419,L203419,2026-10-17,3524.0,2543.0,Partial
R303420,L203420,2024-06-26,58542.0,36577.0,Partial
R303421,L203421,2024-10-17,89333.0,78701.0,Partial
R303422,L203422,2024-09-10,1000.0,310.0,Partial
R303423,L203423,2028-03-08,4392.0,3962.0,Partial
R303424,L203424,2026-03-14,33194.0,31257.0,Partial
R303425,L203425,2025-06-17,5786.0,4873.0,Partial
R303426,L203426,2023-09-21,39917.0,34542.0,Partial
R303427,L203427,2026-04-20,44333.0,22366.0,Partial
R303428,L203428,2025-08-04,29375.0,25600.0,Partial
R303429,L203429,2023-10-28,59375.0,54251.0,Partial
R303430,L203430,2024-05-09,8958.0,3484.0,Partial
R303431,L203431,2025-04-19,5472.0,4212.0,Partial
R303432,L203432,2026-07-28,11633.0,8342.0,Partial
R303433,L203433,2024-06-05,23861.0,3670.0,Partial
R303434,L203434,2024-01-06,20667.0,13497.0,Partial
R303435,L203435,2025-12-18,23458.0,19218.0,Partial
R303436,L203436,2028-02-09,2333.0,2215.0,Partial
R303437,L203437,2026-11-11,39125.0,24073.0,Partial
R303438,L203438,2025-05-28,18729.0,13697.0,Partial
R303439,L203439,2025-07-23,8476.0,6015.0,Partial
R303440,L203440,2025-07-05,158375.0,56766.0,Partial
R303441,L203441,2028-06-22,5667.0,5358.0,Partial
R303442,L203442,2026-02-12,4333.0,3734.0,Partial
R303443,L203443,2026-02-07,1024.0,726.0,Partial
R303444,L203444,2023-05-05,79833.0,57248.0,Partial
R303445,L203445,2024-04-01,20972.0,12922.0,Partial
R303446,L203446,2027-02-06,13729.0,8524.0,Partial
R303447,L203447,2025-04-09,36875.0,28928.0,Partial
R303448,L203448,2026-06-23,18992.0,12205.0,Partial
R303449,L203449,2025-02-05,12722.0,9400.0,Partial
R303450,L203450,2028-03-02,5286.0,4446.0,Partial
R303451,L203451,2027-09-04,12133.0,8619.0,Partial
R303452,L203452,2027-03-12,41444.0,38015.0,Partial
R303453,L203453,2026-12-13,4179.0,3338.0,Partial
R303454,L203454,2026-12-15,113528.0,69486.0,Partial
R303455,L203455,2024-12-22,21208.0,16661.0,Partial
R303456,L203456,2025-10-07,90806.0,67320.0,Partial
R303457,L203457,2025-07-20,14222.0,9844.0,Partial
R303458,L203458,2025-11-09,105583.0,65659.0,Partial
R303459,L203459,2025-09-28,25095.0,23506.0,Partial
R303460,L203460,2024-03-23,127917.0,88872.0,Partial
R303461,L203461,2026-01-12,8643.0,7545.0,Partial
R303462,L203462,2028-05-18,23345.0,16583.0,Partial
R303463,L203463,2029-03-26,4750.0,3838.0,Partial
R303464,L203464,2024-09-19,81317.0,74666.0,Partial
R303465,L203465,2025-01-15,58625.0,57922.0,Partial
R303466,L203466,2025-10-18,13750.0,10037.0,Partial
R303467,L203467,2028-03-25,3083.0,1447.0,Partial
R303468,L203468,2025-03-04,18083.0,16330.0,Partial
R303469,L203469,2027-11-02,9190.0,6986.0,Partial
R303470,L203470,2027-12-02,786.0,600.0,Partial
R303471,L203471,2026-04-29,14633.0,9076.0,Partial
R303472,L203472,2025-10-11,135583.0,59833.0,Partial
R303473,L203473,2024-07-18,10646.0,6896.0,Partial
R303474,L203474,2024-09-28,48417.0,38005.0,Partial
R303475,L203475,2029-02-02,12042.0,9479.0,Partial
R303476,L203476,2024-07-10,15889.0,9939.0,Partial
R303477,L203477,2025-12-28,16229.0,11405.0,Partial
R303478,L203478,2028-11-23,3217.0,2487.0,Partial
R303479,L203479,2025-01-09,109167.0,44667.0,Partial
R303480,L203480,2028-07-05,1452.0,1116.0,Partial
R303481,L203481,2026-06-18,38417.0,27457.0,Partial
R303482,L203482,2023-08-26,51583.0,38025.0,Partial
R303483,L203483,2025-05-25,79625.0,69609.0,Partial
R303484,L203484,2026-09-21,47083.0,44578.0,Partial
R303485,L203485,2026-02-12,107417.0,69747.0,Partial
R303486,L203486,2026-12-29,19143.0,17640.0,Partial
R303487,L203487,2024-08-24,71750.0,23474.0,Partial
R303488,L203488,2025-05-04,16250.0,15002.0,Partial
R303489,L203489,2024-06-30,241500.0,116168.0,Partial
R303490,L203490,2024-05-12,20667.0,18032.0,Partial
R303491,L203491,2028-02-15,35167.0,22736.0,Partial
R303492,L203492,2028-08-30,5875.0,5431.0,Partial
R303493,L203493,2026-03-30,8619.0,6169.0,Partial
R303494,L203494,2025-09-25,1036.0,932.0,Partial
R303495,L203495,2027-01-08,5798.0,4938.0,Partial
R303496,L203496,2027-02-09,54521.0,41680.0,Partial
R303497,L203497,2029-07-21,16792.0,12173.0,Partial
R303498,L203498,2024-07-11,35167.0,25629.0,Partial
R303499,L203499,2025-10-02,11479.0,7710.0,Partial
R303500,L203500,2025-08-08,16417.0,8806.0,Partial
R303501,L203501,2025-08-11,2375.0,1786.0,Partial
R303502,L203502,2024-08-04,11542.0,8045.0,Partial
R303503,L203503,2027-12-25,19036.0,15641.0,Partial
R303504,L203504,2026-12-13,23767.0,12807.0,Partial
R303505,L203505,2027-01-17,13667.0,9838.0,Partial
R303506,L203506,2024-09-12,90938.0,76045.0,Partial
R303507,L203507,2026-03-16,14972.0,11937.0,Partial
R303508,L203508,2025-10-08,80167.0,75308.0,Partial
R303509,L203509,2026-03-01,36792.0,25137.0,Partial
R303510,L203510,2025-04-30,29500.0,25929.0,Partial
R303511,L203511,2025-09-09,4556.0,3281.0,Partial
R303512,L203512,2026-03-28,9167.0,6749.0,Partial
R303513,L203513,2025-05-16,11767.0,9853.0,Partial
R303514,L203514,2026-07-19,11950.0,7908.0,Partial
R303515,L203515,2026-03-23,203167.0,139479.0,Partial
R303516,L203516,2026-07-19,6250.0,5267.0,Partial
R303517,L203517,2025-11-06,26476.0,20549.0,Partial
R303518,L203518,2023-10-08,46708.0,38337.0,Partial
R303519,L203519,2025-03-30,90958.0,68800.0,Partial
R303520,L203520,2024-06-08,27708.0,16675.0,Partial
R303521,L203521,2028-03-23,2383.0,1447.0,Partial
R303522,L203522,2026-05-30,5133.0,4760.0,Partial
R303523,L203523,2024-05-03,37083.0,24156.0,Partial
R303524,L203524,2024-01-20,44917.0,27489.0,Partial
R303525,L203525,2026-02-23,106000.0,87814.0,Partial
R303526,L203526,2024-07-05,13667.0,12579.0,Partial
R303527,L203527,2028-01-06,6125.0,5016.0,Partial
R303528,L203528,2028-01-07,32592.0,23977.0,Partial
R303529,L203529,2025-09-08,3383.0,2797.0,Partial
R303530,L203530,2024-08-28,33000.0,26399.0,Partial
R303531,L203531,2026-08-28,14125.0,9788.0,Partial
R303532,L203532,2026-01-03,14933.0,13549.0,Partial
R303533,L203533,2025-04-17,139250.0,110571.0,Partial
R303534,L203534,2026-03-09,174750.0,172404.0,Partial
R303535,L203535,2024-09-07,6750.0,5618.0,Partial
R303536,L203536,2027-11-02,11381.0,9565.0,Partial
R303537,L203537,2024-04-09,11500.0,6945.0,Partial
R303538,L203538,2028-02-18,13917.0,12232.0,Partial
R303539,L203539,2025-08-06,1881.0,1558.0,Partial
R303540,L203540,2024-05-31,104458.0,87139.0,Partial
R303541,L203541,2027-08-23,1317.0,1227.0,Partial
R303542,L203542,2028-01-19,13567.0,12764.0,Partial
R303543,L203543,2025-05-02,7688.0,6384.0,Partial
R303544,L203544,2024-02-28,6417.0,5842.0,Partial
R303545,L203545,2025-03-28,12617.0,9238.0,Partial
R303546,L203546,2027-03-03,10381.0,7159.0,Partial
R303547,L203547,2027-08-08,6708.0,5327.0,Partial
R303548,L203548,2029-04-09,4808.0,3169.0,Partial
R303549,L203549,2024-10-03,22833.0,17652.0,Partial
R303550,L203550,2027-04-08,15762.0,9480.0,Partial
R303551,L203551,2027-02-17,10972.0,9712.0,Partial
R303552,L203552,2026-06-02,56583.0,47668.0,Partial
R303553,L203553,2025-12-14,13417.0,8215.0,Partial
R303554,L203554,2025-04-30,24567.0,18390.0,Partial
R303555,L203555,2025-12-10,11000.0,10240.0,Partial
R303556,L203556,2024-03-17,435250.0,384390.0,Partial
R303557,L203557,2024-12-05,6750.0,4653.0,Partial
R303558,L203558,2023-10-26,192333.0,153001.0,Partial
R303559,L203559,2024-08-26,203417.0,179423.0,Partial
R303560,L203560,2023-08-02,76667.0,28203.0,Partial
R303561,L203561,2026-11-09,26333.0,24995.0,Partial
R303562,L203562,2023-09-10,12375.0,11137.0,Partial
R303563,L203563,2028-03-21,2679.0,2499.0,Partial
R303564,L203564,2027-05-13,16479.0,13751.0,Partial
R303565,L203565,2027-06-20,8312.0,7600.0,Partial
R303566,L203566,2026-10-14,8179.0,6524.0,Partial
R303567,L203567,2027-03-08,7217.0,6672.0,Partial
R303568,L203568,2026-09-28,21708.0,20447.0,Partial
R303569,L203569,2029-01-14,4575.0,3416.0,Partial
R303570,L203570,2026-03-02,23917.0,23735.0,Partial
R303571,L203571,2025-08-05,9306.0,6440.0,Partial
R303572,L203572,2026-06-06,8250.0,5758.0,Partial
R303573,L203573,2024-05-08,49208.0,38882.0,Partial
R303574,L203574,2027-01-01,19639.0,16866.0,Partial
R303575,L203575,2025-03-20,32625.0,15142.0,Partial
R303576,L203576,2025-03-07,37250.0,27642.0,Partial
R303577,L203577,2024-04-21,421333.0,271278.0,Partial
R303578,L203578,2027-02-16,37292.0,35135.0,Partial
R303579,L203579,2024-12-11,14083.0,4472.0,Partial
R303580,L203580,2028-07-08,9625.0,6938.0,Partial
R303581,L203581,2024-07-25,226417.0,185578.0,Partial
R303582,L203582,2025-08-17,30583.0,18968.0,Partial
R303583,L203583,2026-05-28,10683.0,7940.0,Partial
R303584,L203584,2026-05-07,31438.0,25149.0,Partial
R303585,L203585,2025-05-22,6000.0,4338.0,Partial
R303586,L203586,2028-04-11,31048.0,27819.0,Partial
R303587,L203587,2027-03-23,27604.0,18811.0,Partial
R303588,L203588,2027-05-14,3333.0,3141.0,Partial
R303589,L203589,2025-08-14,18306.0,12658.0,Partial
R303590,L203590,2023-11-29,108833.0,90282.0,Partial
R303591,L203591,2025-10-22,17806.0,13348.0,Partial
R303592,L203592,2024-04-01,35778.0,33197.0,Partial
R303593,L203593,2027-08-15,1167.0,957.0,Partial
R303594,L203594,2025-07-16,47867.0,38252.0,Partial
R303595,L203595,2024-04-22,86625.0,33977.0,Partial
R303596,L203596,2026-04-27,3708.0,2008.0,Partial
R303597,L203597,2026-10-23,23717.0,19081.0,Partial
R303598,L203598,2024-12-17,36983.0,25985.0,Partial
R303599,L203599,2026-11-08,23889.0,14780.0,Partial
R303600,L203600,2025-07-03,197750.0,179819.0,Partial
R303601,L203601,2025-03-14,12625.0,7699.0,Partial
R303602,L203602,2025-12-15,8617.0,7948.0,Partial
R303603,L203603,2025-02-28,27667.0,24361.0,Partial
R303604,L203604,2027-04-24,40250.0,28000.0,Partial
R303605,L203605,2028-02-08,483.0,305.0,Partial
R303606,L203606,2027-05-04,26800.0,25188.0,Partial
R303607,L203607,2025-05-28,28714.0,27017.0,Partial
R303608,L203608,2024-12-30,50167.0,35118.0,Partial
R303609,L203609,2026-07-26,5133.0,4624.0,Partial
R303610,L203610,2027-07-15,4625.0,3715.0,Partial
R303611,L203611,2026-06-14,10633.0,3926.0,Partial
R303612,L203612,2027-05-21,81483.0,62045.0,Partial
R303613,L203613,2024-07-27,25250.0,18035.0,Partial
R303614,L203614,2025-06-12,12083.0,3404.0,Partial
R303615,L203615,2027-06-10,8983.0,7306.0,Partial
R303616,L203616,2027-02-01,33238.0,32657.0,Partial
R303617,L203617,2026-01-17,231583.0,182657.0,Partial
R303618,L203618,2026-05-22,60917.0,51128.0,Partial
R303619,L203619,2024-06-20,20479.0,14953.0,Partial
R303620,L203620,2025-08-22,11875.0,9296.0,Partial
R303621,L203621,2026-07-14,8608.0,6536.0,Partial
R303622,L203622,2026-09-18,28792.0,20328.0,Partial
R303623,L203623,2025-02-07,8958.0,7549.0,Partial
R303624,L203624,2025-02-09,19417.0,12412.0,Partial
R303625,L203625,2026-11-29,1742.0,1069.0,Partial
R303626,L203626,2025-05-25,451333.0,426058.0,Partial
R303627,L203627,2026-02-05,35104.0,32372.0,Partial
R303628,L203628,2029-05-17,28858.0,11569.0,Partial
R303629,L203629,2023-12-31,9778.0,3647.0,Partial
R303630,L203630,2026-05-29,23222.0,16979.0,Partial
R303631,L203631,2027-10-14,38267.0,35361.0,Partial
R303632,L203632,2026-04-21,339417.0,250646.0,Partial
R303633,L203633,2026-05-14,8750.0,7459.0,Partial
R303634,L203634,2027-05-18,2650.0,2517.0,Partial
R303635,L203635,2024-02-15,28056.0,24932.0,Partial
R303636,L203636,2024-03-29,3333.0,2919.0,Partial
R303637,L203637,2025-12-13,20833.0,17296.0,Partial
R303638,L203638,2024-07-04,20708.0,17273.0,Partial
R303639,L203639,2026-04-26,30444.0,21852.0,Partial
R303640,L203640,2028-09-20,7025.0,4307.0,Partial
R303641,L203641,2025-11-07,17667.0,1718.0,Partial
R303642,L203642,2028-03-23,50167.0,30963.0,Partial
R303643,L203643,2024-09-12,13417.0,9502.0,Partial
R303644,L203644,2027-04-12,4283.0,3245.0,Partial
R303645,L203645,2027-12-07,9393.0,7655.0,Partial
R303646,L203646,2025-05-05,30500.0,18333.0,Partial
R303647,L203647,2026-12-14,5200.0,4878.0,Partial
R303648,L203648,2025-05-15,57167.0,50093.0,Partial
R303649,L203649,2027-07-24,3200.0,162.0,Partial
R303650,L203650,2026-06-27,6458.0,6074.0,Partial
R303651,L203651,2024-09-13,19375.0,15805.0,Partial
R303652,L203652,2025-06-03,7111.0,6549.0,Partial
R303653,L203653,2026-08-07,14060.0,9693.0,Partial
R303654,L203654,2026-03-31,25792.0,20445.0,Partial
R303655,L203655,2027-03-22,62869.0,45177.0,Partial
R303656,L203656,2027-03-24,16389.0,14794.0,Partial
R303657,L203657,2026-02-04,30250.0,15382.0,Partial
R303658,L203658,2026-02-07,18500.0,9214.0,Partial
R303659,L203659,2026-10-02,6775.0,3406.0,Partial
R303660,L203660,2024-12-14,9125.0,7881.0,Partial
R303661,L203661,2026-11-06,3383.0,490.0,Partial
R303662,L203662,2024-12-25,39917.0,21327.0,Partial
R303663,L203663,2025-02-23,66050.0,47624.0,Partial
R303664,L203664,2024-03-26,22333.0,13448.0,Partial
R303665,L203665,2023-10-28,54417.0,36074.0,Partial
R303666,L203666,2026-07-29,10354.0,1097.0,Partial
R303667,L203667,2025-07-27,35367.0,12776.0,Partial
R303668,L203668,2029-04-01,6342.0,4828.0,Partial
R303669,L203669,2025-12-08,6604.0,6261.0,Partial
R303670,L203670,2028-07-04,2583.0,1924.0,Partial
R303671,L203671,2026-05-19,5967.0,4017.0,Partial
R303672,L203672,2027-03-14,14625.0,2262.0,Partial
R303673,L203673,2024-01-29,111167.0,90380.0,Partial
R303674,L203674,2027-01-13,36650.0,30956.0,Partial
R303675,L203675,2028-03-08,5058.0,5130.0,Paid
R303676,L203676,2025-10-01,10396.0,8850.0,Partial
R303677,L203677,2026-12-09,5650.0,3442.0,Partial
R303678,L203678,2025-10-02,20556.0,15798.0,Partial
R303679,L203679,2028-05-06,2150.0,1935.0,Partial
R303680,L203680,2026-01-24,114042.0,116703.0,Paid
R303681,L203681,2024-05-19,86972.0,71739.0,Partial
R303682,L203682,2025-08-08,17646.0,14067.0,Partial
R303683,L203683,2027-10-31,1517.0,1328.0,Partial
R303684,L203684,2026-08-04,2917.0,1349.0,Partial
R303685,L203685,2025-01-26,21979.0,4953.0,Partial
R303686,L203686,2026-04-17,24250.0,14559.0,Partial
R303687,L203687,2024-06-23,32833.0,24224.0,Partial
R303688,L203688,2023-10-24,61375.0,40558.0,Partial
R303689,L203689,2026-03-04,66667.0,42907.0,Partial
R303690,L203690,2024-04-29,21625.0,17819.0,Partial
R303691,L203691,2026-01-09,20738.0,18188.0,Partial
R303692,L203692,2025-06-23,13639.0,12447.0,Partial
R303693,L203693,2029-01-23,4242.0,2715.0,Partial
R303694,L203694,2027-07-23,3646.0,3309.0,Partial
R303695,L203695,2024-03-10,130167.0,96953.0,Partial
R303696,L203696,2027-04-18,7150.0,5165.0,Partial
R303697,L203697,2026-05-05,7150.0,6778.0,Partial
R303698,L203698,2026-04-08,9708.0,6287.0,Partial
R303699,L203699,2025-07-11,34369.0,29508.0,Partial
R303700,L203700,2024-09-15,51167.0,37624.0,Partial
R303701,L203701,2023-09-02,164917.0,103981.0,Partial
R303702,L203702,2024-05-20,23000.0,15098.0,Partial
R303703,L203703,2026-09-15,29367.0,21242.0,Partial
R303704,L203704,2024-09-23,3017.0,1933.0,Partial
R303705,L203705,2026-10-26,10917.0,9631.0,Partial
R303706,L203706,2026-07-30,2625.0,2353.0,Partial
R303707,L203707,2028-01-02,9893.0,8924.0,Partial
R303708,L203708,2026-01-05,4967.0,4180.0,Partial
R303709,L203709,2025-03-07,12333.0,8209.0,Partial
R303710,L203710,2026-08-13,8226.0,6696.0,Partial
R303711,L203711,2024-07-15,218917.0,193239.0,Partial
R303712,L203712,2026-09-13,24817.0,21986.0,Partial
R303713,L203713,2024-09-12,108667.0,35302.0,Partial
R303714,L203714,2026-06-28,9650.0,8899.0,Partial
R303715,L203715,2026-04-28,13650.0,4100.0,Partial
R303716,L203716,2025-07-29,20000.0,13886.0,Partial
R303717,L203717,2025-01-13,3917.0,2387.0,Partial
R303718,L203718,2024-09-20,18600.0,15094.0,Partial
R303719,L203719,2026-08-12,10292.0,1682.0,Partial
R303720,L203720,2029-02-24,6742.0,4193.0,Partial
R303721,L203721,2027-12-01,3925.0,3153.0,Partial
R303722,L203722,2025-08-15,111875.0,83259.0,Partial
R303723,L203723,2026-05-06,244083.0,92120.0,Partial
R303724,L203724,2025-07-30,72667.0,56573.0,Partial
R303725,L203725,2024-05-27,4722.0,914.0,Partial
R303726,L203726,2028-08-14,2308.0,1793.0,Partial
R303727,L203727,2026-04-26,18750.0,13471.0,Partial
R303728,L203728,2025-03-12,9625.0,7457.0,Partial
R303729,L203729,2027-07-03,23310.0,17647.0,Partial
R303730,L203730,2025-09-28,7155.0,5273.0,Partial
R303731,L203731,2026-11-29,2208.0,537.0,Partial
R303732,L203732,2025-11-22,13278.0,9524.0,Partial
R303733,L203733,2027-03-21,4308.0,3750.0,Partial
R303734,L203734,2029-04-03,1383.0,957.0,Partial
R303735,L203735,2026-04-22,14383.0,13597.0,Partial
R303736,L203736,2028-03-26,29571.0,27549.0,Partial
R303737,L203737,2024-08-16,37188.0,26294.0,Partial
R303738,L203738,2025-08-27,9300.0,5746.0,Partial
R303739,L203739,2027-09-13,5283.0,3367.0,Partial
R303740,L203740,2026-03-05,4202.0,3718.0,Partial
R303741,L203741,2027-01-01,9238.0,3706.0,Partial
R303742,L203742,2026-06-18,9905.0,8847.0,Partial
R303743,L203743,2026-03-27,5500.0,4738.0,Partial
R303744,L203744,2026-02-08,20250.0,13130.0,Partial
R303745,L203745,2025-04-07,15533.0,11960.0,Partial
R303746,L203746,2027-06-26,12500.0,10486.0,Partial
R303747,L203747,2028-08-18,6767.0,5097.0,Partial
R303748,L203748,2024-10-03,3383.0,2451.0,Partial
R303749,L203749,2027-06-06,18350.0,17166.0,Partial
R303750,L203750,2026-11-30,1092.0,820.0,Partial
R303751,L203751,2026-07-24,65042.0,39915.0,Partial
R303752,L203752,2024-09-25,28117.0,1965.0,Partial
R303753,L203753,2024-03-07,60583.0,37081.0,Partial
R303754,L203754,2026-02-18,26917.0,21790.0,Partial
R303755,L203755,2024-01-27,100194.0,89998.0,Partial
R303756,L203756,2024-11-16,411750.0,318840.0,Partial
R303757,L203757,2025-08-16,42875.0,14112.0,Partial
R303758,L203758,2026-01-18,53714.0,16658.0,Partial
R303759,L203759,2024-05-17,78833.0,70087.0,Partial
R303760,L203760,2024-08-17,65500.0,52240.0,Partial
R303761,L203761,2027-06-28,14767.0,11157.0,Partial
R303762,L203762,2024-12-28,26983.0,14328.0,Partial
R303763,L203763,2025-09-04,140583.0,102805.0,Partial
R303764,L203764,2026-08-22,3583.0,3289.0,Partial
R303765,L203765,2025-07-27,23271.0,20710.0,Partial
R303766,L203766,2027-06-05,7812.0,4886.0,Partial
R303767,L203767,2026-07-09,1976.0,1656.0,Partial
R303768,L203768,2025-12-11,17625.0,15603.0,Partial
R303769,L203769,2025-03-05,47250.0,23990.0,Partial
R303770,L203770,2028-05-20,4700.0,3961.0,Partial
R303771,L203771,2025-11-24,70167.0,46822.0,Partial
R303772,L203772,2025-11-13,66438.0,47852.0,Partial
R303773,L203773,2025-10-22,14458.0,12655.0,Partial
R303774,L203774,2025-04-07,35792.0,21591.0,Partial
R303775,L203775,2027-04-26,1700.0,463.0,Partial
R303776,L203776,2026-07-10,115583.0,75104.0,Partial
R303777,L203777,2027-07-27,5125.0,4088.0,Partial
R303778,L203778,2025-06-21,10583.0,9346.0,Partial
R303779,L203779,2025-07-13,2250.0,1857.0,Partial
R303780,L203780,2026-11-01,13700.0,11225.0,Partial
R303781,L203781,2025-10-31,4750.0,3302.0,Partial
R303782,L203782,2026-02-14,16062.0,14906.0,Partial
R303783,L203783,2027-10-04,10758.0,9356.0,Partial
R303784,L203784,2024-05-03,56167.0,24690.0,Partial
R303785,L203785,2025-06-15,19000.0,17029.0,Partial
R303786,L203786,2024-09-10,22528.0,20898.0,Partial
R303787,L203787,2027-08-02,1083.0,1001.0,Partial
R303788,L203788,2027-06-23,14250.0,11215.0,Partial
R303789,L203789,2025-07-24,15250.0,12209.0,Partial
R303790,L203790,2026-09-19,236042.0,63639.0,Partial
R303791,L203791,2027-03-09,25567.0,4078.0,Partial
R303792,L203792,2026-08-07,5625.0,4576.0,Partial
R303793,L203793,2025-01-10,12625.0,10213.0,Partial
R303794,L203794,2023-11-20,67500.0,48204.0,Partial
R303795,L203795,2026-01-06,22917.0,23309.0,Paid
R303796,L203796,2025-11-06,132708.0,106015.0,Partial
R303797,L203797,2025-01-11,15458.0,11332.0,Partial
R303798,L203798,2025-11-14,104667.0,105623.0,Paid
R303799,L203799,2025-08-08,33900.0,24602.0,Partial
R303800,L203800,2025-04-09,204500.0,184998.0,Partial
R303801,L203801,2024-09-06,27542.0,25895.0,Partial
R303802,L203802,2027-01-12,131917.0,116698.0,Partial
R303803,L203803,2026-11-24,1467.0,1040.0,Partial
R303804,L203804,2027-03-08,77708.0,47060.0,Partial
R303805,L203805,2029-01-24,7458.0,5801.0,Partial
R303806,L203806,2026-09-13,22675.0,22880.0,Paid
R303807,L203807,2025-09-01,7905.0,5488.0,Partial
R303808,L203808,2024-06-14,62306.0,19932.0,Partial
R303809,L203809,2028-01-22,8833.0,6878.0,Partial
R303810,L203810,2023-12-10,124417.0,99655.0,Partial
R303811,L203811,2027-04-23,14690.0,9327.0,Partial
R303812,L203812,2026-07-14,9917.0,7287.0,Partial
R303813,L203813,2025-04-12,12583.0,9837.0,Partial
R303814,L203814,2025-02-28,20250.0,16198.0,Partial
R303815,L203815,2024-07-30,16583.0,13831.0,Partial
R303816,L203816,2026-10-01,15125.0,9707.0,Partial
R303817,L203817,2027-04-13,6274.0,5262.0,Partial
R303818,L203818,2026-05-20,2361.0,1885.0,Partial
R303819,L203819,2027-02-10,5833.0,3925.0,Partial
R303820,L203820,2026-01-23,154333.0,110150.0,Partial
R303821,L203821,2027-05-11,29000.0,17400.0,Partial
R303822,L203822,2023-09-28,25750.0,22922.0,Partial
R303823,L203823,2026-03-09,56417.0,49563.0,Partial
R303824,L203824,2026-08-24,1533.0,1276.0,Partial
R303825,L203825,2025-11-10,144792.0,148035.0,Paid
R303826,L203826,2026-05-22,44667.0,10563.0,Partial
R303827,L203827,2027-06-22,9167.0,5582.0,Partial
R303828,L203828,2026-11-20,3500.0,3106.0,Partial
R303829,L203829,2026-07-26,9542.0,6669.0,Partial
R303830,L203830,2026-12-03,20792.0,14608.0,Partial
R303831,L203831,2026-02-20,5567.0,4867.0,Partial
R303832,L203832,2025-05-17,10417.0,5012.0,Partial
R303833,L203833,2024-04-10,12708.0,8983.0,Partial
R303834,L203834,2025-05-15,16417.0,12183.0,Partial
R303835,L203835,2025-03-30,1917.0,1159.0,Partial
R303836,L203836,2025-03-18,122500.0,108207.0,Partial
R303837,L203837,2028-06-02,5369.0,3450.0,Partial
R303838,L203838,2024-03-17,55750.0,34191.0,Partial
R303839,L203839,2024-04-16,132833.0,116999.0,Partial
R303840,L203840,2026-05-07,1883.0,1368.0,Partial
R303841,L203841,2027-09-03,5952.0,3589.0,Partial
R303842,L203842,2029-04-28,4383.0,3937.0,Partial
R303843,L203843,2028-02-29,38929.0,34266.0,Partial
R303844,L203844,2025-10-21,28354.0,24285.0,Partial
R303845,L203845,2025-10-20,4861.0,4453.0,Partial
R303846,L203846,2026-03-13,10317.0,8915.0,Partial
R303847,L203847,2024-01-01,9375.0,8071.0,Partial
R303848,L203848,2026-08-14,15458.0,13495.0,Partial
R303849,L203849,2026-09-06,11806.0,8829.0,Partial
R303850,L203850,2028-11-06,11992.0,10096.0,Partial
R303851,L203851,2024-11-03,11167.0,10278.0,Partial
R303852,L203852,2027-01-13,43833.0,35142.0,Partial
R303853,L203853,2024-05-17,26958.0,17278.0,Partial
R303854,L203854,2025-02-21,80042.0,73120.0,Partial
R303855,L203855,2025-06-19,12350.0,7947.0,Partial
R303856,L203856,2026-02-06,10467.0,5560.0,Partial
R303857,L203857,2028-05-04,9393.0,7973.0,Partial
R303858,L203858,2027-11-04,7733.0,5272.0,Partial
R303859,L203859,2028-10-07,4183.0,3425.0,Partial
R303860,L203860,2028-06-25,51357.0,39924.0,Partial
R303861,L203861,2023-11-01,21167.0,15984.0,Partial
R303862,L203862,2028-05-09,25476.0,18688.0,Partial
R303863,L203863,2026-08-29,40208.0,15820.0,Partial
R303864,L203864,2025-05-17,57083.0,44656.0,Partial
R303865,L203865,2026-10-13,2952.0,2534.0,Partial
R303866,L203866,2025-04-01,15854.0,11514.0,Partial
R303867,L203867,2026-01-31,43722.0,40717.0,Partial
R303868,L203868,2027-04-10,12667.0,5817.0,Partial
R303869,L203869,2024-07-17,47333.0,41214.0,Partial
R303870,L203870,2026-11-06,7608.0,7119.0,Partial
R303871,L203871,2027-12-15,2750.0,2544.0,Partial
R303872,L203872,2024-01-04,8708.0,6909.0,Partial
R303873,L203873,2027-04-30,6433.0,4035.0,Partial
R303874,L203874,2025-09-04,15562.0,11183.0,Partial
R303875,L203875,2027-09-15,5567.0,4277.0,Partial
R303876,L203876,2027-07-21,35345.0,32126.0,Partial
R303877,L203877,2026-02-28,2583.0,2454.0,Partial
R303878,L203878,2023-07-03,487500.0,316004.0,Partial
R303879,L203879,2026-02-09,10444.0,3434.0,Partial
R303880,L203880,2027-04-25,2692.0,1639.0,Partial
R303881,L203881,2024-01-06,20250.0,12216.0,Partial
R303882,L203882,2027-03-21,19567.0,13247.0,Partial
R303883,L203883,2025-05-23,64583.0,40013.0,Partial
R303884,L203884,2025-06-30,42583.0,32973.0,Partial
R303885,L203885,2026-02-19,26611.0,21095.0,Partial
R303886,L203886,2024-12-02,20233.0,15224.0,Partial
R303887,L203887,2029-01-07,14750.0,11017.0,Partial
R303888,L203888,2025-04-22,76250.0,53185.0,Partial
R303889,L203889,2026-10-10,11958.0,10866.0,Partial
R303890,L203890,2025-09-17,376167.0,286983.0,Partial
R303891,L203891,2026-09-09,28675.0,24679.0,Partial
R303892,L203892,2026-09-01,16667.0,14088.0,Partial
R303893,L203893,2027-02-06,16062.0,9973.0,Partial
R303894,L203894,2024-05-06,13771.0,12639.0,Partial
R303895,L203895,2026-01-07,70214.0,51949.0,Partial
R303896,L203896,2027-07-30,2625.0,2255.0,Partial
R303897,L203897,2023-09-10,43167.0,33725.0,Partial
R303898,L203898,2026-08-29,15083.0,9116.0,Partial
R303899,L203899,2024-11-11,39625.0,36807.0,Partial
R303900,L203900,2025-01-24,49667.0,31948.0,Partial
R303901,L203901,2024-01-30,3958.0,3456.0,Partial
R303902,L203902,2026-08-09,5050.0,4702.0,Partial
R303903,L203903,2024-10-02,13792.0,11792.0,Partial
R303904,L203904,2026-03-10,46028.0,36215.0,Partial
R303905,L203905,2027-11-24,34440.0,24042.0,Partial
R303906,L203906,2027-11-30,3075.0,2514.0,Partial
R303907,L203907,2024-01-19,9694.0,4964.0,Partial
R303908,L203908,2028-06-12,23067.0,11378.0,Partial
R303909,L203909,2025-08-14,71639.0,56717.0,Partial
R303910,L203910,2027-08-18,61179.0,41566.0,Partial
R303911,L203911,2025-12-02,323083.0,262518.0,Partial
R303912,L203912,2024-03-31,6042.0,4921.0,Partial
R303913,L203913,2024-05-07,135556.0,102341.0,Partial
R303914,L203914,2025-09-15,11167.0,9756.0,Partial
R303915,L203915,2027-04-12,35354.0,29225.0,Partial
R303916,L203916,2027-04-15,2625.0,2424.0,Partial
R303917,L203917,2024-09-30,52167.0,36431.0,Partial
R303918,L203918,2026-08-09,29028.0,5829.0,Partial
R303919,L203919,2026-08-23,6583.0,4409.0,Partial
R303920,L203920,2026-07-07,44472.0,26802.0,Partial
R303921,L203921,2027-05-26,10396.0,6709.0,Partial
R303922,L203922,2026-04-27,125667.0,112719.0,Partial
R303923,L203923,2024-11-01,90896.0,77620.0,Partial
R303924,L203924,2024-10-06,78500.0,52033.0,Partial
R303925,L203925,2026-03-20,15042.0,14149.0,Partial
R303926,L203926,2025-03-21,288250.0,229980.0,Partial
R303927,L203927,2025-02-13,2033.0,1961.0,Partial
R303928,L203928,2025-12-22,28792.0,20970.0,Partial
R303929,L203929,2026-11-08,18583.0,15462.0,Partial
R303930,L203930,2025-01-16,40111.0,37983.0,Partial
R303931,L203931,2026-11-10,26375.0,23581.0,Partial
R303932,L203932,2027-07-12,17854.0,10886.0,Partial
R303933,L203933,2023-05-28,187500.0,167866.0,Partial
R303934,L203934,2025-07-23,5542.0,5067.0,Partial
R303935,L203935,2025-05-11,87896.0,55044.0,Partial
R303936,L203936,2025-10-01,6556.0,6031.0,Partial
R303937,L203937,2028-01-12,70262.0,64345.0,Partial
R303938,L203938,2029-01-01,1958.0,1743.0,Partial
R303939,L203939,2025-09-30,4190.0,222.0,Partial
R303940,L203940,2027-10-03,28452.0,19656.0,Partial
R303941,L203941,2024-02-02,95722.0,63080.0,Partial
R303942,L203942,2025-08-19,46333.0,30621.0,Partial
R303943,L203943,2025-03-12,96083.0,90459.0,Partial
R303944,L203944,2025-08-27,30146.0,15307.0,Partial
R303945,L203945,2029-03-04,3008.0,2397.0,Partial
R303946,L203946,2028-05-18,4450.0,2761.0,Partial
R303947,L203947,2026-07-14,48750.0,35588.0,Partial
R303948,L203948,2025-02-01,34875.0,28344.0,Partial
R303949,L203949,2027-08-14,18667.0,17075.0,Partial
R303950,L203950,2025-12-06,7639.0,6118.0,Partial
R303951,L203951,2025-06-07,7500.0,2790.0,Partial
R303952,L203952,2027-04-09,2250.0,331.0,Partial
R303953,L203953,2024-12-24,61500.0,38779.0,Partial
R303954,L203954,2024-09-18,31875.0,24480.0,Partial
R303955,L203955,2026-11-06,34690.0,15326.0,Partial
R303956,L203956,2026-08-09,4271.0,4286.0,Paid
R303957,L203957,2028-01-20,6767.0,4187.0,Partial
R303958,L203958,2023-07-04,200000.0,13180.0,Partial
R303959,L203959,2023-05-20,65000.0,43317.0,Partial
R303960,L203960,2026-09-22,55146.0,49312.0,Partial
R303961,L203961,2027-12-02,2900.0,375.0,Partial
R303962,L203962,2026-12-21,6067.0,2908.0,Partial
R303963,L203963,2029-06-15,1683.0,1435.0,Partial
R303964,L203964,2027-11-28,10042.0,7447.0,Partial
R303965,L203965,2024-10-10,43688.0,41361.0,Partial
R303966,L203966,2025-07-09,14883.0,10675.0,Partial
R303967,L203967,2026-10-29,19250.0,11819.0,Partial
R303968,L203968,2027-05-06,18700.0,11468.0,Partial
R303969,L203969,2028-01-21,34500.0,25271.0,Partial
R303970,L203970,2027-05-14,6845.0,6232.0,Partial
R303971,L203971,2027-04-18,9967.0,6296.0,Partial
R303972,L203972,2025-01-27,32750.0,26224.0,Partial
R303973,L203973,2025-01-08,24600.0,18978.0,Partial
R303974,L203974,2026-03-31,77333.0,64206.0,Partial
R303975,L203975,2027-02-03,33222.0,29862.0,Partial
R303976,L203976,2029-07-26,3908.0,3258.0,Partial
R303977,L203977,2025-05-01,9583.0,6124.0,Partial
R303978,L203978,2025-01-15,3850.0,2805.0,Partial
R303979,L203979,2026-12-28,4908.0,3922.0,Partial
R303980,L203980,2026-07-25,1917.0,411.0,Partial
R303981,L203981,2028-07-08,20417.0,18091.0,Partial
R303982,L203982,2026-05-21,97817.0,71348.0,Partial
R303983,L203983,2024-12-15,209917.0,146495.0,Partial
R303984,L203984,2026-01-01,70917.0,66569.0,Partial
R303985,L203985,2025-11-19,6179.0,5850.0,Partial
R303986,L203986,2024-04-03,33417.0,27743.0,Partial
R303987,L203987,2027-02-06,13517.0,8936.0,Partial
R303988,L203988,2026-08-05,21000.0,16530.0,Partial
R303989,L203989,2025-08-11,92250.0,79760.0,Partial
R303990,L203990,2026-09-07,100222.0,19374.0,Partial
R303991,L203991,2027-09-26,20964.0,19302.0,Partial
R303992,L203992,2026-01-21,8479.0,7797.0,Partial
R303993,L203993,2024-11-11,4250.0,3752.0,Partial
R303994,L203994,2026-10-19,51556.0,34310.0,Partial
R303995,L203995,2023-12-10,76125.0,75113.0,Partial
R303996,L203996,2023-11-14,215583.0,188362.0,Partial
R303997,L203997,2024-05-13,42542.0,26915.0,Partial
R303998,L203998,2024-12-05,33694.0,21800.0,Partial
R303999,L203999,2027-04-02,21933.0,16566.0,Partial
R304000,L204000,2026-02-23,54542.0,45299.0,Partial
R304001,L204001,2027-05-08,20229.0,3820.0,Partial
R304002,L204002,2024-05-21,19028.0,12471.0,Partial
R304003,L204003,2027-11-09,24133.0,20292.0,Partial
R304004,L204004,2027-11-14,4683.0,3711.0,Partial
R304005,L204005,2027-04-07,3619.0,3274.0,Partial
R304006,L204006,2026-05-06,21167.0,14922.0,Partial
R304007,L204007,2026-09-16,10042.0,6628.0,Partial
R304008,L204008,2024-12-26,189833.0,138267.0,Partial
R304009,L204009,2026-02-12,24083.0,20640.0,Partial
R304010,L204010,2026-09-06,182208.0,129508.0,Partial
R304011,L204011,2025-01-11,4792.0,4153.0,Partial
R304012,L204012,2026-06-11,8833.0,6204.0,Partial
R304013,L204013,2025-07-27,53278.0,41457.0,Partial
R304014,L204014,2025-09-09,25283.0,17588.0,Partial
R304015,L204015,2026-04-23,22583.0,15084.0,Partial
R304016,L204016,2024-04-29,65229.0,44704.0,Partial
R304017,L204017,2026-07-22,75896.0,70267.0,Partial
R304018,L204018,2026-04-29,34083.0,31996.0,Partial
R304019,L204019,2024-05-05,13250.0,10707.0,Partial
R304020,L204020,2026-07-04,9867.0,3033.0,Partial
R304021,L204021,2026-11-22,29583.0,18867.0,Partial
R304022,L204022,2025-11-22,9361.0,6707.0,Partial
R304023,L204023,2027-05-13,6250.0,5727.0,Partial
R304024,L204024,2026-12-29,121833.0,80019.0,Partial
R304025,L204025,2025-07-19,4917.0,3671.0,Partial
R304026,L204026,2026-08-05,15167.0,11610.0,Partial
R304027,L204027,2025-07-14,115167.0,104671.0,Partial
R304028,L204028,2024-09-16,145583.0,132975.0,Partial
R304029,L204029,2025-12-06,44183.0,29813.0,Partial
R304030,L204030,2029-01-30,16800.0,10983.0,Partial
R304031,L204031,2025-01-04,9333.0,6107.0,Partial
R304032,L204032,2024-12-10,102333.0,30800.0,Partial
R304033,L204033,2027-07-13,1775.0,1403.0,Partial
R304034,L204034,2026-09-24,77042.0,54683.0,Partial
R304035,L204035,2026-07-24,158750.0,141264.0,Partial
R304036,L204036,2029-04-05,5000.0,2182.0,Partial
R304037,L204037,2024-06-27,10583.0,9163.0,Partial
R304038,L204038,2027-07-31,3800.0,2291.0,Partial
R304039,L204039,2025-09-14,35202.0,25578.0,Partial
R304040,L204040,2028-03-21,7405.0,6424.0,Partial
R304041,L204041,2027-04-13,16325.0,11735.0,Partial
R304042,L204042,2025-09-19,11083.0,3220.0,Partial
R304043,L204043,2024-07-27,166750.0,114192.0,Partial
R304044,L204044,2027-05-15,48812.0,39538.0,Partial
R304045,L204045,2026-12-01,65625.0,51334.0,Partial
R304046,L204046,2024-08-29,45500.0,27969.0,Partial
R304047,L204047,2025-06-15,43750.0,38163.0,Partial
R304048,L204048,2025-01-31,22688.0,14176.0,Partial
R304049,L204049,2026-02-25,57567.0,34797.0,Partial
R304050,L204050,2026-05-09,109444.0,99040.0,Partial
R304051,L204051,2026-04-19,4817.0,4476.0,Partial
R304052,L204052,2029-04-25,2358.0,2174.0,Partial
R304053,L204053,2025-08-29,17111.0,11384.0,Partial
R304054,L204054,2025-11-07,42750.0,38631.0,Partial
R304055,L204055,2026-02-28,11850.0,7404.0,Partial
R304056,L204056,2027-01-28,6350.0,3929.0,Partial
R304057,L204057,2026-01-12,31500.0,28981.0,Partial
R304058,L204058,2028-06-30,9000.0,7584.0,Partial
R304059,L204059,2025-10-02,3650.0,2682.0,Partial
R304060,L204060,2025-02-27,47417.0,39489.0,Partial
R304061,L204061,2026-12-21,16400.0,7130.0,Partial
R304062,L204062,2027-07-24,7350.0,6621.0,Partial
R304063,L204063,2023-08-30,161917.0,122528.0,Partial
R304064,L204064,2024-06-08,41792.0,36523.0,Partial
R304065,L204065,2024-08-04,37062.0,31399.0,Partial
R304066,L204066,2023-10-06,62750.0,42266.0,Partial
R304067,L204067,2024-11-21,20861.0,19446.0,Partial
R304068,L204068,2025-07-14,7233.0,5119.0,Partial
R304069,L204069,2024-12-24,32667.0,27150.0,Partial
R304070,L204070,2027-02-04,43667.0,11115.0,Partial
R304071,L204071,2027-04-23,14617.0,11303.0,Partial
R304072,L204072,2024-12-17,15542.0,14510.0,Partial
R304073,L204073,2024-08-19,66833.0,62731.0,Partial
R304074,L204074,2024-08-02,48250.0,38817.0,Partial
R304075,L204075,2027-06-05,12483.0,11277.0,Partial
R304076,L204076,2024-02-07,68944.0,47566.0,Partial
R304077,L204077,2028-02-12,63607.0,50584.0,Partial
R304078,L204078,2023-08-02,34917.0,29875.0,Partial
R304079,L204079,2027-01-11,6393.0,5393.0,Partial
R304080,L204080,2027-03-20,8869.0,7145.0,Partial
R304081,L204081,2025-12-27,3631.0,3686.0,Paid
R304082,L204082,2025-08-15,39190.0,37328.0,Partial
R304083,L204083,2024-09-26,101917.0,90052.0,Partial
R304084,L204084,2026-08-12,49167.0,40840.0,Partial
R304085,L204085,2025-07-07,25083.0,21308.0,Partial
R304086,L204086,2026-03-28,44917.0,39883.0,Partial
R304087,L204087,2026-06-13,1202.0,739.0,Partial
R304088,L204088,2028-04-30,5967.0,3703.0,Partial
R304089,L204089,2028-02-29,33821.0,15781.0,Partial
R304090,L204090,2025-08-13,47833.0,37794.0,Partial
R304091,L204091,2029-07-08,3008.0,2624.0,Partial
R304092,L204092,2028-03-20,6940.0,5273.0,Partial
R304093,L204093,2026-08-09,6683.0,5158.0,Partial
R304094,L204094,2025-04-05,35500.0,22297.0,Partial
R304095,L204095,2025-11-07,53417.0,53578.0,Paid
R304096,L204096,2024-04-13,25292.0,17700.0,Partial
R304097,L204097,2027-07-16,71500.0,70908.0,Partial
R304098,L204098,2025-02-13,29389.0,25735.0,Partial
R304099,L204099,2027-09-05,5583.0,3608.0,Partial
R304100,L204100,2026-06-29,18310.0,17008.0,Partial
R304101,L204101,2025-06-25,15850.0,12580.0,Partial
R304102,L204102,2026-03-21,6688.0,5475.0,Partial
R304103,L204103,2024-04-28,102667.0,73213.0,Partial
R304104,L204104,2026-08-14,7512.0,5474.0,Partial
R304105,L204105,2026-03-03,14683.0,10978.0,Partial
R304106,L204106,2026-01-06,30167.0,19944.0,Partial
R304107,L204107,2027-01-24,13688.0,11467.0,Partial
R304108,L204108,2026-05-16,5125.0,3813.0,Partial
R304109,L204109,2026-06-04,17667.0,13512.0,Partial
R304110,L204110,2024-10-24,7611.0,6148.0,Partial
R304111,L204111,2025-06-24,55000.0,45543.0,Partial
R304112,L204112,2024-12-23,10958.0,7713.0,Partial
R304113,L204113,2026-09-07,10381.0,9312.0,Partial
R304114,L204114,2026-05-12,42944.0,29578.0,Partial
R304115,L204115,2024-06-04,309833.0,239468.0,Partial
R304116,L204116,2025-02-09,23875.0,15189.0,Partial
R304117,L204117,2025-11-19,11792.0,8060.0,Partial
R304118,L204118,2024-04-14,68194.0,58885.0,Partial
R304119,L204119,2025-03-07,254083.0,199375.0,Partial
R304120,L204120,2028-08-15,883.0,621.0,Partial
R304121,L204121,2023-11-01,22917.0,14493.0,Partial
R304122,L204122,2025-04-27,42028.0,36465.0,Partial
R304123,L204123,2025-07-22,21233.0,16097.0,Partial
R304124,L204124,2026-09-11,2200.0,588.0,Partial
R304125,L204125,2025-01-27,48483.0,37903.0,Partial
R304126,L204126,2026-03-21,59350.0,41501.0,Partial
R304127,L204127,2026-02-10,16854.0,12549.0,Partial
R304128,L204128,2027-02-21,19500.0,16977.0,Partial
R304129,L204129,2024-07-12,42000.0,28889.0,Partial
R304130,L204130,2024-09-22,1983.0,1498.0,Partial
R304131,L204131,2024-05-19,15417.0,12882.0,Partial
R304132,L204132,2027-11-25,7548.0,7070.0,Partial
R304133,L204133,2025-06-12,70250.0,66359.0,Partial
R304134,L204134,2025-04-09,42583.0,41831.0,Partial
R304135,L204135,2025-05-27,7143.0,5052.0,Partial
R304136,L204136,2023-05-31,44167.0,40200.0,Partial
R304137,L204137,2025-12-07,28000.0,28049.0,Paid
R304138,L204138,2027-06-23,13500.0,13011.0,Partial
R304139,L204139,2023-09-11,13917.0,8895.0,Partial
R304140,L204140,2025-07-31,115458.0,99311.0,Partial
R304141,L204141,2025-11-12,38639.0,28645.0,Partial
R304142,L204142,2027-06-24,1562.0,1484.0,Partial
R304143,L204143,2025-04-17,7500.0,5949.0,Partial
R304144,L204144,2024-07-31,12958.0,769.0,Partial
R304145,L204145,2025-12-19,28722.0,21100.0,Partial
R304146,L204146,2025-12-31,14767.0,11770.0,Partial
R304147,L204147,2026-11-06,5567.0,4393.0,Partial
R304148,L204148,2027-06-24,7452.0,5276.0,Partial
R304149,L204149,2029-06-10,6842.0,6349.0,Partial
R304150,L204150,2027-04-26,122417.0,110163.0,Partial
R304151,L204151,2023-08-30,23417.0,14749.0,Partial
R304152,L204152,2026-08-02,79028.0,11044.0,Partial
R304153,L204153,2028-08-02,5275.0,3353.0,Partial
R304154,L204154,2026-10-03,14167.0,10881.0,Partial
R304155,L204155,2025-03-08,4917.0,4330.0,Partial
R304156,L204156,2027-11-30,64333.0,56589.0,Partial
R304157,L204157,2025-11-10,129889.0,115299.0,Partial
R304158,L204158,2024-04-18,3028.0,2080.0,Partial
R304159,L204159,2023-10-03,166417.0,154244.0,Partial
R304160,L204160,2025-09-16,58917.0,54770.0,Partial
R304161,L204161,2025-08-25,18146.0,12749.0,Partial
R304162,L204162,2026-07-18,50800.0,37723.0,Partial
R304163,L204163,2026-04-21,5583.0,1305.0,Partial
R304164,L204164,2025-03-20,8021.0,5836.0,Partial
R304165,L204165,2026-12-02,8028.0,5781.0,Partial
R304166,L204166,2025-02-05,10729.0,8640.0,Partial
R304167,L204167,2027-10-04,4442.0,3964.0,Partial
R304168,L204168,2025-04-05,7104.0,4732.0,Partial
R304169,L204169,2026-12-09,14333.0,12736.0,Partial
R304170,L204170,2025-01-17,14350.0,12637.0,Partial
R304171,L204171,2026-05-25,3476.0,3222.0,Partial
R304172,L204172,2027-03-08,34733.0,22974.0,Partial
R304173,L204173,2027-09-02,52440.0,44017.0,Partial
R304174,L204174,2023-11-22,24417.0,20883.0,Partial
R304175,L204175,2025-10-10,92000.0,42713.0,Partial
R304176,L204176,2025-11-13,43500.0,30490.0,Partial
R304177,L204177,2027-09-08,2940.0,2685.0,Partial
R304178,L204178,2027-12-20,21367.0,14297.0,Partial
R304179,L204179,2025-06-15,44500.0,41439.0,Partial
R304180,L204180,2026-09-15,4142.0,3190.0,Partial
R304181,L204181,2026-06-17,87450.0,55410.0,Partial
R304182,L204182,2026-08-09,7729.0,6172.0,Partial
R304183,L204183,2026-02-11,23190.0,16154.0,Partial
R304184,L204184,2024-11-24,16917.0,14792.0,Partial
R304185,L204185,2024-12-19,5111.0,3201.0,Partial
R304186,L204186,2025-12-09,8417.0,5660.0,Partial
R304187,L204187,2024-06-21,102708.0,95037.0,Partial
R304188,L204188,2027-05-04,29833.0,18043.0,Partial
R304189,L204189,2027-06-12,8917.0,7276.0,Partial
R304190,L204190,2027-10-20,23929.0,19916.0,Partial
R304191,L204191,2028-02-02,7690.0,6422.0,Partial
R304192,L204192,2026-03-26,14771.0,3382.0,Partial
R304193,L204193,2028-10-26,7475.0,5186.0,Partial
R304194,L204194,2027-03-22,2774.0,2557.0,Partial
R304195,L204195,2026-07-09,28194.0,25665.0,Partial
R304196,L204196,2025-07-06,9893.0,3785.0,Partial
R304197,L204197,2026-09-11,18056.0,17090.0,Partial
R304198,L204198,2025-05-22,16806.0,11637.0,Partial
R304199,L204199,2025-11-18,4458.0,3519.0,Partial
R304200,L204200,2025-08-26,83167.0,76705.0,Partial
R304201,L204201,2024-12-21,17667.0,12003.0,Partial
R304202,L204202,2025-11-15,29333.0,21781.0,Partial
R304203,L204203,2026-07-09,56643.0,50570.0,Partial
R304204,L204204,2029-05-30,22758.0,21231.0,Partial
R304205,L204205,2025-09-01,21528.0,12924.0,Partial
R304206,L204206,2026-11-24,61062.0,59180.0,Partial
R304207,L204207,2029-06-06,14700.0,8966.0,Partial
R304208,L204208,2027-04-21,17810.0,14275.0,Partial
R304209,L204209,2025-10-01,15883.0,10532.0,Partial
R304210,L204210,2025-08-23,93333.0,76849.0,Partial
R304211,L204211,2025-05-03,63738.0,54916.0,Partial
R304212,L204212,2027-01-16,63350.0,42819.0,Partial
R304213,L204213,2024-05-05,27833.0,21967.0,Partial
R304214,L204214,2024-10-29,97167.0,60920.0,Partial
R304215,L204215,2025-07-20,82800.0,77307.0,Partial
R304216,L204216,2027-06-28,46867.0,39265.0,Partial
R304217,L204217,2025-10-10,34542.0,28475.0,Partial
R304218,L204218,2026-01-05,2333.0,2061.0,Partial
R304219,L204219,2028-06-08,12700.0,5704.0,Partial
R304220,L204220,2027-01-25,9517.0,6526.0,Partial
R304221,L204221,2024-11-02,9417.0,7521.0,Partial
R304222,L204222,2024-05-08,11667.0,8226.0,Partial
R304223,L204223,2027-05-19,3792.0,3096.0,Partial
R304224,L204224,2027-01-25,16060.0,11289.0,Partial
R304225,L204225,2025-07-12,291167.0,15414.0,Partial
R304226,L204226,2024-07-11,345583.0,296659.0,Partial
R304227,L204227,2026-06-12,133458.0,91066.0,Partial
R304228,L204228,2023-11-03,104792.0,92771.0,Partial
R304229,L204229,2024-10-10,95250.0,20187.0,Partial
R304230,L204230,2026-02-09,38472.0,28161.0,Partial
R304231,L204231,2024-11-07,59917.0,37388.0,Partial
R304232,L204232,2027-01-14,40250.0,28046.0,Partial
R304233,L204233,2023-05-11,216083.0,82330.0,Partial
R304234,L204234,2025-09-26,18500.0,11715.0,Partial
R304235,L204235,2027-07-16,8383.0,5251.0,Partial
R304236,L204236,2024-07-29,14250.0,9606.0,Partial
R304237,L204237,2028-05-23,5508.0,5134.0,Partial
R304238,L204238,2024-10-30,99050.0,101658.0,Paid
R304239,L204239,2026-01-14,9139.0,8563.0,Partial
R304240,L204240,2026-06-08,1214.0,933.0,Partial
R304241,L204241,2028-01-13,14762.0,10634.0,Partial
R304242,L204242,2024-06-10,21500.0,20586.0,Partial
R304243,L204243,2025-07-17,106667.0,98894.0,Partial
R304244,L204244,2023-10-01,5500.0,5175.0,Partial
R304245,L204245,2028-09-14,3858.0,2516.0,Partial
R304246,L204246,2024-06-12,13083.0,9189.0,Partial
R304247,L204247,2025-07-13,35917.0,29303.0,Partial
R304248,L204248,2026-06-08,17917.0,11142.0,Partial
R304249,L204249,2029-05-17,4892.0,4491.0,Partial
R304250,L204250,2024-06-04,4806.0,3416.0,Partial
R304251,L204251,2026-05-30,6521.0,5626.0,Partial
R304252,L204252,2025-12-09,1321.0,583.0,Partial
R304253,L204253,2023-06-23,5333.0,3471.0,Partial
R304254,L204254,2029-02-21,667.0,556.0,Partial
R304255,L204255,2026-03-25,56167.0,44351.0,Partial
R304256,L204256,2026-12-03,58417.0,50099.0,Partial
R304257,L204257,2024-08-07,6861.0,5051.0,Partial
R304258,L204258,2027-04-15,31283.0,26315.0,Partial
R304259,L204259,2026-11-29,5762.0,5354.0,Partial
R304260,L204260,2024-06-03,74583.0,45201.0,Partial
R304261,L204261,2025-04-12,18472.0,16916.0,Partial
R304262,L204262,2025-11-17,1643.0,1543.0,Partial
R304263,L204263,2026-01-04,11472.0,9836.0,Partial
R304264,L204264,2025-11-20,28611.0,20678.0,Partial
R304265,L204265,2024-07-20,6583.0,5485.0,Partial
R304266,L204266,2027-03-21,7883.0,6194.0,Partial
R304267,L204267,2027-02-26,15714.0,12426.0,Partial
R304268,L204268,2028-06-11,33700.0,25848.0,Partial
R304269,L204269,2025-09-28,9381.0,8187.0,Partial
R304270,L204270,2026-04-19,20875.0,16055.0,Partial
R304271,L204271,2025-03-08,7028.0,5936.0,Partial
R304272,L204272,2026-03-30,79067.0,48408.0,Partial
R304273,L204273,2024-07-01,35889.0,22855.0,Partial
R304274,L204274,2027-07-24,16458.0,14642.0,Partial
R304275,L204275,2025-09-07,142000.0,126519.0,Partial
R304276,L204276,2027-03-25,4050.0,3425.0,Partial
R304277,L204277,2026-08-26,950.0,698.0,Partial
R304278,L204278,2023-07-01,17917.0,16487.0,Partial
R304279,L204279,2028-07-28,6275.0,4420.0,Partial
R304280,L204280,2024-07-10,206000.0,62848.0,Partial
R304281,L204281,2025-12-15,21444.0,15874.0,Partial
R304282,L204282,2027-02-20,1345.0,825.0,Partial
R304283,L204283,2025-11-27,24333.0,16484.0,Partial
R304284,L204284,2024-09-21,122917.0,76920.0,Partial
R304285,L204285,2027-10-30,11783.0,2559.0,Partial
R304286,L204286,2025-12-20,28633.0,5674.0,Partial
R304287,L204287,2028-08-25,14708.0,11863.0,Partial
R304288,L204288,2026-09-17,11733.0,9772.0,Partial
R304289,L204289,2026-07-02,22250.0,19735.0,Partial
R304290,L204290,2025-06-21,208750.0,196890.0,Partial
R304291,L204291,2028-04-18,7617.0,4906.0,Partial
R304292,L204292,2026-10-25,34472.0,22470.0,Partial
R304293,L204293,2024-07-25,31750.0,28435.0,Partial
R304294,L204294,2024-03-11,66083.0,52808.0,Partial
R304295,L204295,2029-07-13,883.0,825.0,Partial
R304296,L204296,2026-05-10,425250.0,314616.0,Partial
R304297,L204297,2024-12-14,129083.0,110746.0,Partial
R304298,L204298,2027-05-06,29167.0,20966.0,Partial
R304299,L204299,2027-02-06,10650.0,8921.0,Partial
R304300,L204300,2027-09-01,9150.0,7482.0,Partial
R304301,L204301,2026-06-11,55167.0,43710.0,Partial
R304302,L204302,2024-10-19,30833.0,21643.0,Partial
R304303,L204303,2026-01-01,1179.0,527.0,Partial
R304304,L204304,2025-12-25,16083.0,10291.0,Partial
R304305,L204305,2023-12-01,39250.0,35357.0,Partial
R304306,L204306,2027-09-15,4967.0,3431.0,Partial
R304307,L204307,2024-06-26,226333.0,199099.0,Partial
R304308,L204308,2024-03-28,42583.0,39820.0,Partial
R304309,L204309,2026-11-07,26042.0,16320.0,Partial
R304310,L204310,2026-10-10,82500.0,63607.0,Partial
R304311,L204311,2027-05-30,17271.0,16212.0,Partial
R304312,L204312,2026-04-16,28633.0,17375.0,Partial
R304313,L204313,2028-11-21,10425.0,6333.0,Partial
R304314,L204314,2025-05-13,23611.0,18126.0,Partial
R304315,L204315,2024-03-20,21250.0,16643.0,Partial
R304316,L204316,2026-03-02,9500.0,7807.0,Partial
R304317,L204317,2024-07-29,48229.0,40910.0,Partial
R304318,L204318,2024-12-19,42875.0,28187.0,Partial
R304319,L204319,2024-08-18,28917.0,19541.0,Partial
R304320,L204320,2027-06-19,21929.0,13623.0,Partial
R304321,L204321,2026-11-14,9042.0,5528.0,Partial
R304322,L204322,2025-11-17,7786.0,5702.0,Partial
R304323,L204323,2025-09-28,48917.0,44157.0,Partial
R304324,L204324,2026-12-24,9367.0,7512.0,Partial
R304325,L204325,2028-03-31,11017.0,8188.0,Partial
R304326,L204326,2027-04-22,44167.0,6641.0,Partial
R304327,L204327,2025-04-21,39222.0,33596.0,Partial
R304328,L204328,2023-10-15,25333.0,23152.0,Partial
R304329,L204329,2026-09-22,3583.0,307.0,Partial
R304330,L204330,2023-12-27,7375.0,6196.0,Partial
R304331,L204331,2025-11-21,5667.0,4671.0,Partial
R304332,L204332,2027-04-18,33083.0,30326.0,Partial
R304333,L204333,2024-10-14,11438.0,9018.0,Partial
R304334,L204334,2024-01-21,115833.0,74969.0,Partial
R304335,L204335,2027-08-01,6560.0,4994.0,Partial
R304336,L204336,2025-09-17,23500.0,22029.0,Partial
R304337,L204337,2029-05-07,5008.0,4113.0,Partial
R304338,L204338,2026-08-11,246833.0,155598.0,Partial
R304339,L204339,2026-07-29,34917.0,27118.0,Partial
R304340,L204340,2024-09-19,29542.0,8086.0,Partial
R304341,L204341,2025-03-09,146917.0,97066.0,Partial
R304342,L204342,2025-11-14,2271.0,2012.0,Partial
R304343,L204343,2026-09-28,7542.0,4650.0,Partial
R304344,L204344,2026-09-11,49208.0,42087.0,Partial
R304345,L204345,2026-09-20,19556.0,14869.0,Partial
R304346,L204346,2027-01-24,20806.0,7869.0,Partial
R304347,L204347,2026-05-07,558.0,424.0,Partial
R304348,L204348,2026-05-20,3217.0,2141.0,Partial
R304349,L204349,2025-08-31,23500.0,18330.0,Partial
R304350,L204350,2026-04-24,176583.0,106897.0,Partial
R304351,L204351,2025-05-21,16521.0,15531.0,Partial
R304352,L204352,2024-10-08,147861.0,100020.0,Partial
R304353,L204353,2024-02-11,201250.0,169094.0,Partial
R304354,L204354,2026-06-09,12139.0,9445.0,Partial
R304355,L204355,2026-07-28,21528.0,22081.0,Paid
R304356,L204356,2025-06-25,6188.0,4381.0,Partial
R304357,L204357,2025-06-27,5024.0,3401.0,Partial
R304358,L204358,2026-01-14,3274.0,2970.0,Partial
R304359,L204359,2027-03-28,21942.0,14395.0,Partial
R304360,L204360,2027-10-31,3308.0,2062.0,Partial
R304361,L204361,2024-12-01,118250.0,95835.0,Partial
R304362,L204362,2024-07-25,100028.0,72379.0,Partial
R304363,L204363,2026-11-25,7000.0,5249.0,Partial
R304364,L204364,2025-05-19,3000.0,2299.0,Partial
R304365,L204365,2026-01-11,10214.0,9582.0,Partial
R304366,L204366,2025-12-09,10217.0,1328.0,Partial
R304367,L204367,2027-09-30,35619.0,21867.0,Partial
R304368,L204368,2029-06-13,22900.0,20493.0,Partial
R304369,L204369,2027-10-01,11542.0,9814.0,Partial
R304370,L204370,2025-02-09,84833.0,56380.0,Partial
R304371,L204371,2024-12-22,12889.0,10068.0,Partial
R304372,L204372,2028-07-29,525.0,328.0,Partial
R304373,L204373,2026-03-29,14639.0,11957.0,Partial
R304374,L204374,2025-11-15,18107.0,14745.0,Partial
R304375,L204375,2026-02-12,66875.0,55290.0,Partial
R304376,L204376,2027-08-04,7208.0,5036.0,Partial
R304377,L204377,2024-10-02,8139.0,6441.0,Partial
R304378,L204378,2026-04-12,22850.0,18523.0,Partial
R304379,L204379,2025-07-14,140417.0,138331.0,Partial
R304380,L204380,2026-07-14,4583.0,4289.0,Partial
R304381,L204381,2027-01-05,16548.0,14832.0,Partial
R304382,L204382,2025-08-29,15125.0,13759.0,Partial
R304383,L204383,2026-06-07,6083.0,5271.0,Partial
R304384,L204384,2027-05-01,2092.0,1835.0,Partial
R304385,L204385,2025-12-22,94917.0,72509.0,Partial
R304386,L204386,2024-08-15,49250.0,38038.0,Partial
R304387,L204387,2025-12-28,59438.0,53216.0,Partial
R304388,L204388,2027-04-30,1350.0,852.0,Partial
R304389,L204389,2026-02-16,487750.0,324944.0,Partial
R304390,L204390,2024-10-22,456167.0,332459.0,Partial
R304391,L204391,2025-04-02,162639.0,122258.0,Partial
R304392,L204392,2025-08-02,51733.0,46170.0,Partial
R304393,L204393,2026-05-28,54867.0,51766.0,Partial
R304394,L204394,2025-11-20,22417.0,2324.0,Partial
R304395,L204395,2026-05-13,5271.0,3345.0,Partial
R304396,L204396,2024-11-25,3646.0,2885.0,Partial
R304397,L204397,2024-05-18,4958.0,4221.0,Partial
R304398,L204398,2023-10-18,227583.0,180803.0,Partial
R304399,L204399,2027-03-30,32208.0,24326.0,Partial
R304400,L204400,2023-09-03,57833.0,43313.0,Partial
R304401,L204401,2024-11-24,10333.0,8462.0,Partial
R304402,L204402,2026-08-25,6917.0,5687.0,Partial
R304403,L204403,2023-12-10,64417.0,45574.0,Partial
R304404,L204404,2026-08-28,22083.0,16469.0,Partial
R304405,L204405,2025-04-04,5450.0,3562.0,Partial
R304406,L204406,2024-09-22,12133.0,11032.0,Partial
R304407,L204407,2026-01-03,1333.0,661.0,Partial
R304408,L204408,2026-04-08,1821.0,926.0,Partial
R304409,L204409,2024-08-09,77375.0,72822.0,Partial
R304410,L204410,2026-11-17,14292.0,11014.0,Partial
R304411,L204411,2027-04-30,75542.0,68571.0,Partial
R304412,L204412,2024-09-05,13167.0,11330.0,Partial
R304413,L204413,2028-04-12,25964.0,17191.0,Partial
R304414,L204414,2024-07-10,93354.0,84346.0,Partial
R304415,L204415,2025-04-04,201167.0,132562.0,Partial
R304416,L204416,2027-03-20,7738.0,6326.0,Partial
R304417,L204417,2027-05-02,8226.0,5433.0,Partial
R304418,L204418,2025-12-13,6771.0,6323.0,Partial
R304419,L204419,2025-07-09,26417.0,21979.0,Partial
R304420,L204420,2026-08-18,12583.0,5176.0,Partial
R304421,L204421,2026-02-13,46833.0,29891.0,Partial
R304422,L204422,2029-03-23,3125.0,2084.0,Partial
R304423,L204423,2025-03-04,109583.0,86609.0,Partial
R304424,L204424,2026-03-15,13222.0,8168.0,Partial
R304425,L204425,2023-11-16,9542.0,8850.0,Partial
R304426,L204426,2026-12-04,4345.0,2912.0,Partial
R304427,L204427,2024-04-24,13778.0,10664.0,Partial
R304428,L204428,2028-01-27,18925.0,16018.0,Partial
R304429,L204429,2025-02-10,6222.0,5363.0,Partial
R304430,L204430,2026-08-08,11778.0,9134.0,Partial
R304431,L204431,2027-03-23,8367.0,3440.0,Partial
R304432,L204432,2025-08-15,7821.0,5205.0,Partial
R304433,L204433,2025-03-18,28306.0,25717.0,Partial
R304434,L204434,2026-05-24,7000.0,4292.0,Partial
R304435,L204435,2026-05-02,5675.0,4212.0,Partial
R304436,L204436,2024-05-10,22694.0,17069.0,Partial
R304437,L204437,2026-05-26,12750.0,11962.0,Partial
R304438,L204438,2026-02-24,2667.0,2354.0,Partial
R304439,L204439,2027-05-02,11774.0,10062.0,Partial
R304440,L204440,2024-10-19,16694.0,12849.0,Partial
R304441,L204441,2025-01-09,34542.0,28901.0,Partial
R304442,L204442,2028-06-21,7275.0,4995.0,Partial
R304443,L204443,2027-04-22,48633.0,33107.0,Partial
R304444,L204444,2027-05-27,41983.0,35317.0,Partial
R304445,L204445,2026-09-12,87292.0,63763.0,Partial
R304446,L204446,2026-05-05,62062.0,48293.0,Partial
R304447,L204447,2025-07-04,3133.0,2184.0,Partial
R304448,L204448,2027-01-08,975.0,632.0,Partial
R304449,L204449,2026-05-13,21092.0,15932.0,Partial
R304450,L204450,2027-11-11,19262.0,18227.0,Partial
R304451,L204451,2027-08-04,25783.0,16370.0,Partial
R304452,L204452,2026-10-03,42375.0,42912.0,Paid
R304453,L204453,2026-07-16,228333.0,160416.0,Partial
R304454,L204454,2025-10-30,10429.0,7769.0,Partial
R304455,L204455,2025-08-16,4667.0,3757.0,Partial
R304456,L204456,2025-02-23,10438.0,2317.0,Partial
R304457,L204457,2024-11-20,15583.0,10134.0,Partial
R304458,L204458,2025-05-25,63125.0,63735.0,Paid
R304459,L204459,2025-11-17,36333.0,28728.0,Partial
R304460,L204460,2028-09-18,11225.0,9641.0,Partial
R304461,L204461,2026-12-01,24250.0,16174.0,Partial
R304462,L204462,2024-05-27,12639.0,12744.0,Paid
R304463,L204463,2025-07-10,30952.0,28142.0,Partial
R304464,L204464,2023-06-30,16167.0,15792.0,Partial
R304465,L204465,2026-03-06,203833.0,144433.0,Partial
R304466,L204466,2028-02-24,11525.0,7815.0,Partial
R304467,L204467,2026-06-04,6060.0,5410.0,Partial
R304468,L204468,2025-12-12,67417.0,8878.0,Partial
R304469,L204469,2024-10-29,104583.0,95697.0,Partial
R304470,L204470,2025-04-17,6708.0,4911.0,Partial
R304471,L204471,2026-08-21,17944.0,15302.0,Partial
R304472,L204472,2026-03-25,39604.0,27383.0,Partial
R304473,L204473,2027-07-11,10083.0,8131.0,Partial
R304474,L204474,2027-12-10,17845.0,14669.0,Partial
R304475,L204475,2026-04-30,44226.0,38029.0,Partial
R304476,L204476,2023-06-04,86083.0,81291.0,Partial
R304477,L204477,2026-06-30,39146.0,33806.0,Partial
R304478,L204478,2026-05-28,27155.0,16305.0,Partial
R304479,L204479,2027-10-31,7200.0,5449.0,Partial
R304480,L204480,2025-08-21,68617.0,58578.0,Partial
R304481,L204481,2027-12-02,3940.0,3616.0,Partial
R304482,L204482,2026-05-12,22583.0,14881.0,Partial
R304483,L204483,2027-08-17,1202.0,762.0,Partial
R304484,L204484,2027-06-28,7226.0,5294.0,Partial
R304485,L204485,2023-11-26,48000.0,48039.0,Paid
R304486,L204486,2026-05-17,15625.0,12797.0,Partial
R304487,L204487,2024-11-13,29944.0,20411.0,Partial
R304488,L204488,2028-02-02,4725.0,3493.0,Partial
R304489,L204489,2025-02-27,53812.0,45539.0,Partial
R304490,L204490,2027-01-13,1767.0,1421.0,Partial
R304491,L204491,2025-03-27,6889.0,5990.0,Partial
R304492,L204492,2026-01-24,97433.0,62346.0,Partial
R304493,L204493,2029-04-09,6792.0,6420.0,Partial
R304494,L204494,2025-04-15,27861.0,7573.0,Partial
R304495,L204495,2028-05-30,20310.0,12188.0,Partial
R304496,L204496,2026-03-07,63056.0,53649.0,Partial
R304497,L204497,2028-05-17,5408.0,3350.0,Partial
R304498,L204498,2028-06-07,4024.0,2695.0,Partial
R304499,L204499,2028-07-24,3060.0,2524.0,Partial
R304500,L204500,2025-02-28,13333.0,9493.0,Partial
R304501,L204501,2027-08-04,9117.0,8205.0,Partial
R304502,L204502,2026-01-31,69417.0,63230.0,Partial
R304503,L204503,2024-08-28,3500.0,2947.0,Partial
R304504,L204504,2024-11-24,23792.0,21847.0,Partial
R304505,L204505,2025-09-02,7217.0,4448.0,Partial
R304506,L204506,2027-03-10,2440.0,674.0,Partial
R304507,L204507,2029-07-25,2942.0,2265.0,Partial
R304508,L204508,2026-01-19,36625.0,26264.0,Partial
R304509,L204509,2026-04-24,3869.0,2721.0,Partial
R304510,L204510,2025-11-02,189333.0,131582.0,Partial
R304511,L204511,2026-01-04,36396.0,29396.0,Partial
R304512,L204512,2029-06-26,4917.0,3750.0,Partial
R304513,L204513,2027-04-26,7119.0,6270.0,Partial
R304514,L204514,2029-07-13,8242.0,6299.0,Partial
R304515,L204515,2025-11-19,499750.0,327111.0,Partial
R304516,L204516,2026-01-03,4354.0,3756.0,Partial
R304517,L204517,2025-11-25,57833.0,36070.0,Partial
R304518,L204518,2027-06-21,75283.0,58097.0,Partial
R304519,L204519,2024-05-04,16250.0,8656.0,Partial
R304520,L204520,2026-01-29,156292.0,128495.0,Partial
R304521,L204521,2027-03-30,43806.0,12149.0,Partial
R304522,L204522,2028-01-04,800.0,560.0,Partial
R304523,L204523,2025-06-23,141361.0,122239.0,Partial
R304524,L204524,2026-05-21,40608.0,28829.0,Partial
R304525,L204525,2027-01-26,23733.0,20136.0,Partial
R304526,L204526,2026-11-13,17083.0,10749.0,Partial
R304527,L204527,2025-09-05,22833.0,20294.0,Partial
R304528,L204528,2028-06-21,4583.0,4216.0,Partial
R304529,L204529,2025-09-30,23750.0,14427.0,Partial
R304530,L204530,2025-05-11,35250.0,32784.0,Partial
R304531,L204531,2026-11-11,34438.0,24267.0,Partial
R304532,L204532,2025-06-12,16750.0,12584.0,Partial
R304533,L204533,2027-01-24,36979.0,28683.0,Partial
R304534,L204534,2024-05-09,15694.0,13866.0,Partial
R304535,L204535,2029-02-11,6475.0,4544.0,Partial
R304536,L204536,2026-06-20,7667.0,6078.0,Partial
R304537,L204537,2024-04-14,48194.0,17370.0,Partial
R304538,L204538,2026-12-15,6812.0,3233.0,Partial
R304539,L204539,2029-06-20,11742.0,9802.0,Partial
R304540,L204540,2026-08-24,1798.0,1386.0,Partial
R304541,L204541,2025-01-14,17500.0,16460.0,Partial
R304542,L204542,2026-06-29,83867.0,45310.0,Partial
R304543,L204543,2026-03-27,30762.0,14939.0,Partial
R304544,L204544,2025-04-21,17792.0,16190.0,Partial
R304545,L204545,2026-04-17,6142.0,4932.0,Partial
R304546,L204546,2026-08-29,3450.0,3158.0,Partial
R304547,L204547,2024-07-04,40000.0,36442.0,Partial
R304548,L204548,2025-10-27,75917.0,66865.0,Partial
R304549,L204549,2025-12-25,1405.0,881.0,Partial
R304550,L204550,2027-04-01,32521.0,29015.0,Partial
R304551,L204551,2026-11-22,12633.0,11998.0,Partial
R304552,L204552,2025-04-15,16083.0,13216.0,Partial
R304553,L204553,2027-09-03,2325.0,2207.0,Partial
R304554,L204554,2026-04-15,4119.0,665.0,Partial
R304555,L204555,2023-07-23,63083.0,38750.0,Partial
R304556,L204556,2026-07-16,9717.0,1207.0,Partial
R304557,L204557,2025-11-08,23667.0,16437.0,Partial
R304558,L204558,2028-02-08,1881.0,1180.0,Partial
R304559,L204559,2028-07-25,592.0,431.0,Partial
R304560,L204560,2029-02-02,16900.0,10843.0,Partial
R304561,L204561,2028-09-17,6150.0,4867.0,Partial
R304562,L204562,2024-10-26,249667.0,209454.0,Partial
R304563,L204563,2027-05-21,9771.0,6047.0,Partial
R304564,L204564,2024-05-03,103000.0,81076.0,Partial
R304565,L204565,2026-03-14,18381.0,15591.0,Partial
R304566,L204566,2026-11-09,73083.0,12248.0,Partial
R304567,L204567,2024-02-09,1472.0,1373.0,Partial
R304568,L204568,2025-10-24,15667.0,4324.0,Partial
R304569,L204569,2027-04-13,6000.0,5377.0,Partial
R304570,L204570,2026-09-08,114292.0,95852.0,Partial
R304571,L204571,2027-01-27,10833.0,3085.0,Partial
R304572,L204572,2024-11-16,45067.0,33705.0,Partial
R304573,L204573,2025-09-21,59983.0,54670.0,Partial
R304574,L204574,2026-11-22,46792.0,35124.0,Partial
R304575,L204575,2026-09-19,17625.0,12652.0,Partial
R304576,L204576,2025-10-10,30944.0,24211.0,Partial
R304577,L204577,2027-09-08,23475.0,18306.0,Partial
R304578,L204578,2027-04-20,8940.0,7837.0,Partial
R304579,L204579,2028-09-07,26000.0,19135.0,Partial
R304580,L204580,2024-02-19,14472.0,10271.0,Partial
R304581,L204581,2025-01-10,16333.0,12441.0,Partial
R304582,L204582,2024-09-06,88833.0,78515.0,Partial
R304583,L204583,2024-12-28,51083.0,47048.0,Partial
R304584,L204584,2026-09-13,5775.0,4320.0,Partial
R304585,L204585,2028-03-31,17857.0,13909.0,Partial
R304586,L204586,2026-08-02,8750.0,7644.0,Partial
R304587,L204587,2028-03-16,2833.0,2004.0,Partial
R304588,L204588,2028-05-27,33393.0,22368.0,Partial
R304589,L204589,2025-03-17,20688.0,17687.0,Partial
R304590,L204590,2026-05-18,149694.0,112477.0,Partial
R304591,L204591,2026-06-11,11483.0,8052.0,Partial
R304592,L204592,2026-12-10,33875.0,23222.0,Partial
R304593,L204593,2028-10-08,49900.0,39053.0,Partial
R304594,L204594,2027-07-14,1929.0,1440.0,Partial
R304595,L204595,2027-03-17,10821.0,10223.0,Partial
R304596,L204596,2024-08-22,10833.0,9706.0,Partial
R304597,L204597,2026-02-27,13810.0,12532.0,Partial
R304598,L204598,2026-12-04,12767.0,11863.0,Partial
R304599,L204599,2026-01-01,10536.0,6384.0,Partial
R304600,L204600,2026-02-03,138944.0,105731.0,Partial
R304601,L204601,2028-01-12,798.0,520.0,Partial
R304602,L204602,2026-07-27,10792.0,9140.0,Partial
R304603,L204603,2026-07-02,12783.0,3394.0,Partial
R304604,L204604,2026-02-07,6583.0,4182.0,Partial
R304605,L204605,2026-09-18,5700.0,4459.0,Partial
R304606,L204606,2024-02-19,311917.0,259221.0,Partial
R304607,L204607,2026-11-17,12861.0,10150.0,Partial
R304608,L204608,2026-09-21,13875.0,4331.0,Partial
R304609,L204609,2028-07-03,2233.0,2163.0,Partial
R304610,L204610,2026-02-18,116667.0,100667.0,Partial
R304611,L204611,2024-09-14,59250.0,39914.0,Partial
R304612,L204612,2025-05-07,85417.0,56973.0,Partial
R304613,L204613,2026-01-20,4571.0,3638.0,Partial
R304614,L204614,2024-08-16,36021.0,32054.0,Partial
R304615,L204615,2026-08-30,96500.0,82882.0,Partial
R304616,L204616,2026-01-01,1717.0,1440.0,Partial
R304617,L204617,2025-04-23,10100.0,9101.0,Partial
R304618,L204618,2028-01-22,11798.0,9597.0,Partial
R304619,L204619,2026-04-22,106500.0,80259.0,Partial
R304620,L204620,2024-08-27,30250.0,29172.0,Partial
R304621,L204621,2027-05-01,18600.0,15303.0,Partial
R304622,L204622,2027-01-17,5617.0,4637.0,Partial
R304623,L204623,2024-07-14,14917.0,13648.0,Partial
R304624,L204624,2025-06-23,6150.0,5794.0,Partial
R304625,L204625,2025-03-16,16200.0,12993.0,Partial
R304626,L204626,2024-09-26,60042.0,49657.0,Partial
R304627,L204627,2027-03-25,1617.0,1088.0,Partial
R304628,L204628,2024-06-08,50083.0,43558.0,Partial
R304629,L204629,2025-04-20,8683.0,5646.0,Partial
R304630,L204630,2025-02-01,81200.0,62844.0,Partial
R304631,L204631,2026-04-27,13861.0,4666.0,Partial
R304632,L204632,2025-06-20,16062.0,12722.0,Partial
R304633,L204633,2024-04-26,26083.0,20555.0,Partial
R304634,L204634,2028-08-30,6908.0,5427.0,Partial
R304635,L204635,2025-01-25,72979.0,49109.0,Partial
R304636,L204636,2025-12-17,11450.0,9046.0,Partial
R304637,L204637,2026-10-02,45250.0,39506.0,Partial
R304638,L204638,2024-08-22,33292.0,23045.0,Partial
R304639,L204639,2024-04-05,10333.0,8046.0,Partial
R304640,L204640,2027-08-08,41393.0,34840.0,Partial
R304641,L204641,2026-07-19,35583.0,31217.0,Partial
R304642,L204642,2025-01-08,54667.0,44983.0,Partial
R304643,L204643,2026-01-07,22500.0,19630.0,Partial
R304644,L204644,2026-01-28,9800.0,6823.0,Partial
R304645,L204645,2024-03-05,19958.0,14104.0,Partial
R304646,L204646,2027-12-01,18012.0,13004.0,Partial
R304647,L204647,2027-09-10,1083.0,986.0,Partial
R304648,L204648,2024-11-29,229833.0,33248.0,Partial
R304649,L204649,2023-10-29,76500.0,71145.0,Partial
R304650,L204650,2025-06-12,64667.0,47060.0,Partial
R304651,L204651,2025-11-20,141500.0,106033.0,Partial
R304652,L204652,2023-06-08,101083.0,83697.0,Partial
R304653,L204653,2027-11-22,7008.0,6553.0,Partial
R304654,L204654,2024-10-09,59292.0,17839.0,Partial
R304655,L204655,2025-07-02,14354.0,10192.0,Partial
R304656,L204656,2024-06-08,30458.0,21013.0,Partial
R304657,L204657,2025-10-17,177583.0,128665.0,Partial
R304658,L204658,2026-07-26,16583.0,14046.0,Partial
R304659,L204659,2023-12-20,53500.0,49982.0,Partial
R304660,L204660,2024-05-20,8083.0,7614.0,Partial
R304661,L204661,2025-12-07,25200.0,21044.0,Partial
R304662,L204662,2028-08-02,8733.0,7817.0,Partial
R304663,L204663,2024-11-23,26450.0,21237.0,Partial
R304664,L204664,2025-10-24,226917.0,203902.0,Partial
R304665,L204665,2026-01-12,67750.0,47912.0,Partial
R304666,L204666,2025-01-29,42306.0,29465.0,Partial
R304667,L204667,2025-09-23,5783.0,5572.0,Partial
R304668,L204668,2024-07-02,63125.0,49561.0,Partial
R304669,L204669,2026-08-25,49104.0,32537.0,Partial
R304670,L204670,2025-11-03,30631.0,26842.0,Partial
R304671,L204671,2024-06-04,445750.0,33434.0,Partial
R304672,L204672,2027-03-13,6842.0,4169.0,Partial
R304673,L204673,2025-11-15,21283.0,13412.0,Partial
R304674,L204674,2027-04-26,16854.0,15799.0,Partial
R304675,L204675,2023-09-27,32333.0,19515.0,Partial
R304676,L204676,2026-06-06,8367.0,6977.0,Partial
R304677,L204677,2025-05-01,2972.0,2397.0,Partial
R304678,L204678,2027-10-15,933.0,859.0,Partial
R304679,L204679,2029-07-21,6800.0,4656.0,Partial
R304680,L204680,2024-11-08,43750.0,26855.0,Partial
R304681,L204681,2025-03-02,16333.0,14824.0,Partial
R304682,L204682,2025-08-13,126917.0,117234.0,Partial
R304683,L204683,2026-12-08,20767.0,18321.0,Partial
R304684,L204684,2027-05-20,12467.0,8195.0,Partial
R304685,L204685,2028-02-04,14262.0,11002.0,Partial
R304686,L204686,2026-06-09,7500.0,5113.0,Partial
R304687,L204687,2027-09-16,3417.0,1842.0,Partial
R304688,L204688,2025-06-28,33821.0,27567.0,Partial
R304689,L204689,2026-12-06,33167.0,29846.0,Partial
R304690,L204690,2027-04-22,1250.0,902.0,Partial
R304691,L204691,2024-10-16,39806.0,20548.0,Partial
R304692,L204692,2025-05-15,97583.0,86257.0,Partial
R304693,L204693,2027-01-23,38875.0,23943.0,Partial
R304694,L204694,2024-03-18,66944.0,32261.0,Partial
R304695,L204695,2027-07-07,2321.0,1823.0,Partial
R304696,L204696,2026-10-14,29188.0,13608.0,Partial
R304697,L204697,2026-10-02,1033.0,914.0,Partial
R304698,L204698,2027-03-17,6833.0,5569.0,Partial
R304699,L204699,2024-05-24,24083.0,17011.0,Partial
R304700,L204700,2024-11-04,14667.0,10455.0,Partial
R304701,L204701,2026-05-25,18542.0,12141.0,Partial
R304702,L204702,2028-07-07,14381.0,9450.0,Partial
R304703,L204703,2024-11-01,25367.0,22616.0,Partial
R304704,L204704,2026-01-16,5167.0,887.0,Partial
R304705,L204705,2026-05-16,32393.0,30304.0,Partial
R304706,L204706,2029-01-22,7283.0,5252.0,Partial
R304707,L204707,2027-10-24,1167.0,891.0,Partial
R304708,L204708,2028-01-30,8476.0,8028.0,Partial
R304709,L204709,2026-10-06,85750.0,68928.0,Partial
R304710,L204710,2027-12-31,8333.0,6245.0,Partial
R304711,L204711,2026-08-13,13762.0,12991.0,Partial
R304712,L204712,2025-02-07,36333.0,23224.0,Partial
R304713,L204713,2023-08-31,54917.0,42904.0,Partial
R304714,L204714,2026-08-27,8208.0,7265.0,Partial
R304715,L204715,2026-07-08,800.0,731.0,Partial
R304716,L204716,2025-09-26,6393.0,4099.0,Partial
R304717,L204717,2026-05-20,50940.0,40828.0,Partial
R304718,L204718,2025-09-14,11688.0,8784.0,Partial
R304719,L204719,2027-11-22,29500.0,22349.0,Partial
R304720,L204720,2027-01-01,8972.0,1511.0,Partial
R304721,L204721,2027-03-06,12233.0,10553.0,Partial
R304722,L204722,2024-05-12,49750.0,38234.0,Partial
R304723,L204723,2026-01-18,9167.0,5597.0,Partial
R304724,L204724,2024-11-21,45500.0,31672.0,Partial
R304725,L204725,2025-09-17,26292.0,23788.0,Partial
R304726,L204726,2024-03-13,20167.0,16841.0,Partial
R304727,L204727,2024-11-05,1917.0,1639.0,Partial
R304728,L204728,2024-12-20,68611.0,60278.0,Partial
R304729,L204729,2024-04-01,29944.0,20808.0,Partial
R304730,L204730,2026-07-10,8940.0,5922.0,Partial
R304731,L204731,2026-07-30,18155.0,12553.0,Partial
R304732,L204732,2026-10-27,32333.0,20027.0,Partial
R304733,L204733,2025-11-16,40208.0,37454.0,Partial
R304734,L204734,2024-04-16,33458.0,15300.0,Partial
R304735,L204735,2025-08-03,137792.0,108462.0,Partial
R304736,L204736,2023-12-27,58417.0,53861.0,Partial
R304737,L204737,2029-06-25,4708.0,3525.0,Partial
R304738,L204738,2026-06-18,29242.0,21122.0,Partial
R304739,L204739,2025-01-20,32042.0,19905.0,Partial
R304740,L204740,2025-05-16,36708.0,33470.0,Partial
R304741,L204741,2028-07-16,7400.0,6604.0,Partial
R304742,L204742,2026-01-08,25167.0,15837.0,Partial
R304743,L204743,2026-09-27,171417.0,106806.0,Partial
R304744,L204744,2024-08-18,16806.0,13121.0,Partial
R304745,L204745,2027-04-09,2389.0,482.0,Partial
R304746,L204746,2025-02-16,43688.0,27219.0,Partial
R304747,L204747,2026-05-22,149917.0,142738.0,Partial
R304748,L204748,2024-05-17,52083.0,41774.0,Partial
R304749,L204749,2025-11-25,33958.0,29449.0,Partial
R304750,L204750,2026-04-26,10617.0,9818.0,Partial
R304751,L204751,2028-08-25,15258.0,10106.0,Partial
R304752,L204752,2026-09-02,120972.0,105610.0,Partial
R304753,L204753,2026-06-02,17321.0,11899.0,Partial
R304754,L204754,2026-03-13,26333.0,23721.0,Partial
R304755,L204755,2025-09-26,28250.0,20903.0,Partial
R304756,L204756,2025-01-14,70361.0,64850.0,Partial
R304757,L204757,2027-03-20,18893.0,15363.0,Partial
R304758,L204758,2028-03-04,4592.0,2836.0,Partial
R304759,L204759,2027-05-30,16725.0,15077.0,Partial
R304760,L204760,2025-01-23,24972.0,18847.0,Partial
R304761,L204761,2026-02-09,5167.0,1118.0,Partial
R304762,L204762,2024-05-27,19708.0,18465.0,Partial
R304763,L204763,2027-03-11,8881.0,568.0,Partial
R304764,L204764,2028-03-22,783.0,576.0,Partial
R304765,L204765,2028-01-21,7242.0,6747.0,Partial
R304766,L204766,2028-08-27,1408.0,963.0,Partial
R304767,L204767,2025-04-12,121333.0,89927.0,Partial
R304768,L204768,2027-05-20,23725.0,20527.0,Partial
R304769,L204769,2026-04-19,18042.0,14481.0,Partial
R304770,L204770,2024-02-14,23583.0,16626.0,Partial
R304771,L204771,2025-05-01,2500.0,1870.0,Partial
R304772,L204772,2025-03-08,8021.0,7610.0,Partial
R304773,L204773,2027-08-27,1381.0,1190.0,Partial
R304774,L204774,2025-10-15,14850.0,13930.0,Partial
R304775,L204775,2024-07-15,23278.0,14708.0,Partial
R304776,L204776,2026-11-02,21952.0,13700.0,Partial
R304777,L204777,2025-04-09,99183.0,60814.0,Partial
R304778,L204778,2026-10-17,87792.0,80477.0,Partial
R304779,L204779,2024-08-26,5812.0,4869.0,Partial
R304780,L204780,2024-12-19,91583.0,87697.0,Partial
R304781,L204781,2026-03-24,7833.0,8026.0,Paid
R304782,L204782,2026-04-22,6056.0,4063.0,Partial
R304783,L204783,2024-02-19,96500.0,78286.0,Partial
R304784,L204784,2028-06-20,2643.0,1874.0,Partial
R304785,L204785,2024-11-07,1017.0,836.0,Partial
R304786,L204786,2025-03-27,7017.0,4537.0,Partial
R304787,L204787,2024-09-25,40806.0,28112.0,Partial
R304788,L204788,2027-12-15,758.0,460.0,Partial
R304789,L204789,2026-12-24,4310.0,3827.0,Partial
R304790,L204790,2025-10-30,12667.0,11161.0,Partial
R304791,L204791,2025-05-30,15217.0,10933.0,Partial
R304792,L204792,2028-04-04,7500.0,4934.0,Partial
R304793,L204793,2024-08-25,11417.0,7090.0,Partial
R304794,L204794,2029-03-07,42142.0,35516.0,Partial
R304795,L204795,2024-07-24,49979.0,32480.0,Partial
R304796,L204796,2026-03-29,329000.0,233657.0,Partial
R304797,L204797,2026-09-04,13611.0,12196.0,Partial
R304798,L204798,2024-10-13,44000.0,27059.0,Partial
R304799,L204799,2026-12-10,13067.0,9089.0,Partial
R304800,L204800,2028-10-09,3000.0,2815.0,Partial
R304801,L204801,2027-07-20,23133.0,14829.0,Partial
R304802,L204802,2026-04-28,3983.0,2553.0,Partial
R304803,L204803,2023-08-06,29333.0,26876.0,Partial
R304804,L204804,2026-03-12,21125.0,19340.0,Partial
R304805,L204805,2024-02-29,27167.0,26110.0,Partial
R304806,L204806,2027-03-22,103750.0,87466.0,Partial
R304807,L204807,2027-12-30,25405.0,20935.0,Partial
R304808,L204808,2026-08-27,20333.0,6853.0,Partial
R304809,L204809,2024-10-19,17250.0,13797.0,Partial
R304810,L204810,2023-07-12,251333.0,232766.0,Partial
R304811,L204811,2024-09-28,406083.0,322607.0,Partial
R304812,L204812,2027-02-03,3067.0,1223.0,Partial
R304813,L204813,2026-11-08,33083.0,26124.0,Partial
R304814,L204814,2026-07-26,21722.0,16435.0,Partial
R304815,L204815,2024-12-05,2438.0,1964.0,Partial
R304816,L204816,2024-05-18,56812.0,42854.0,Partial
R304817,L204817,2028-04-28,5262.0,3914.0,Partial
R304818,L204818,2027-12-27,31308.0,18921.0,Partial
R304819,L204819,2026-01-15,236958.0,187255.0,Partial
R304820,L204820,2028-04-16,10350.0,8721.0,Partial
R304821,L204821,2025-01-04,19833.0,5590.0,Partial
R304822,L204822,2026-05-08,81458.0,58793.0,Partial
R304823,L204823,2025-01-13,101125.0,91047.0,Partial
R304824,L204824,2026-04-22,48792.0,33663.0,Partial
R304825,L204825,2027-03-03,19472.0,13640.0,Partial
R304826,L204826,2023-07-27,15333.0,12974.0,Partial
R304827,L204827,2027-11-15,4571.0,3035.0,Partial
R304828,L204828,2025-11-21,13292.0,7990.0,Partial
R304829,L204829,2028-10-21,6758.0,5818.0,Partial
R304830,L204830,2026-08-01,59417.0,38918.0,Partial
R304831,L204831,2026-09-24,50375.0,37849.0,Partial
R304832,L204832,2025-08-24,3202.0,2461.0,Partial
R304833,L204833,2025-04-21,9896.0,10096.0,Paid
R304834,L204834,2025-04-02,13583.0,10216.0,Partial
R304835,L204835,2026-11-25,23833.0,16213.0,Partial
R304836,L204836,2025-10-16,24333.0,21195.0,Partial
R304837,L204837,2026-08-21,92550.0,63881.0,Partial
R304838,L204838,2025-02-09,31806.0,24225.0,Partial
R304839,L204839,2023-09-26,49667.0,30607.0,Partial
R304840,L204840,2024-07-18,54917.0,36410.0,Partial
R304841,L204841,2027-11-08,5767.0,3731.0,Partial
R304842,L204842,2023-12-30,6875.0,924.0,Partial
R304843,L204843,2025-10-29,4512.0,3356.0,Partial
R304844,L204844,2026-11-10,59667.0,39240.0,Partial
R304845,L204845,2025-06-13,7133.0,6388.0,Partial
R304846,L204846,2025-02-03,4688.0,3626.0,Partial
R304847,L204847,2024-04-28,45944.0,40230.0,Partial
R304848,L204848,2026-01-26,5617.0,4548.0,Partial
R304849,L204849,2023-06-22,131000.0,25456.0,Partial
R304850,L204850,2025-09-06,35278.0,28723.0,Partial
R304851,L204851,2023-07-26,75833.0,51390.0,Partial
R304852,L204852,2024-08-07,19125.0,13781.0,Partial
R304853,L204853,2027-07-09,58104.0,52479.0,Partial
R304854,L204854,2027-09-14,28233.0,8974.0,Partial
R304855,L204855,2024-04-16,44167.0,34768.0,Partial
R304856,L204856,2025-10-19,6917.0,4495.0,Partial
R304857,L204857,2026-02-12,14817.0,9317.0,Partial
R304858,L204858,2025-05-29,11533.0,11688.0,Paid
R304859,L204859,2027-01-08,40742.0,29560.0,Partial
R304860,L204860,2026-06-21,59286.0,52002.0,Partial
R304861,L204861,2024-06-04,81750.0,52896.0,Partial
R304862,L204862,2025-08-05,24222.0,17481.0,Partial
R304863,L204863,2026-08-23,10179.0,8394.0,Partial
R304864,L204864,2027-09-18,12583.0,11907.0,Partial
R304865,L204865,2026-07-22,74500.0,47609.0,Partial
R304866,L204866,2024-11-16,6583.0,5922.0,Partial
R304867,L204867,2024-07-16,6375.0,5585.0,Partial
R304868,L204868,2025-10-17,3583.0,634.0,Partial
R304869,L204869,2024-12-01,12250.0,4847.0,Partial
R304870,L204870,2025-06-06,5345.0,4148.0,Partial
R304871,L204871,2025-06-23,13433.0,11143.0,Partial
R304872,L204872,2024-02-25,62750.0,39256.0,Partial
R304873,L204873,2028-04-20,19667.0,17189.0,Partial
R304874,L204874,2023-08-11,135333.0,126937.0,Partial
R304875,L204875,2025-04-17,26958.0,26110.0,Partial
R304876,L204876,2025-03-11,26567.0,19628.0,Partial
R304877,L204877,2027-11-06,16367.0,14066.0,Partial
R304878,L204878,2026-04-17,2450.0,1860.0,Partial
R304879,L204879,2025-01-20,23222.0,18613.0,Partial
R304880,L204880,2029-05-01,23983.0,14570.0,Partial
R304881,L204881,2026-10-05,9750.0,7370.0,Partial
R304882,L204882,2024-12-14,122333.0,115889.0,Partial
R304883,L204883,2027-08-22,12976.0,8520.0,Partial
R304884,L204884,2026-01-21,219500.0,194886.0,Partial
R304885,L204885,2025-08-27,2167.0,1584.0,Partial
R304886,L204886,2024-06-16,16375.0,11408.0,Partial
R304887,L204887,2025-10-04,336583.0,311732.0,Partial
R304888,L204888,2025-02-02,15361.0,11694.0,Partial
R304889,L204889,2025-08-24,3429.0,3254.0,Partial
R304890,L204890,2025-12-17,3167.0,2518.0,Partial
R304891,L204891,2027-11-29,21750.0,16390.0,Partial
R304892,L204892,2024-12-31,11000.0,7662.0,Partial
R304893,L204893,2024-01-17,207917.0,127111.0,Partial
R304894,L204894,2025-10-01,13750.0,11960.0,Partial
R304895,L204895,2026-03-10,7944.0,2569.0,Partial
R304896,L204896,2024-06-18,165250.0,142676.0,Partial
R304897,L204897,2027-02-01,13400.0,12277.0,Partial
R304898,L204898,2027-04-10,45433.0,31954.0,Partial
R304899,L204899,2026-07-31,4233.0,3014.0,Partial
R304900,L204900,2028-03-24,13375.0,12685.0,Partial
R304901,L204901,2026-01-05,29417.0,21790.0,Partial
R304902,L204902,2026-06-03,24444.0,21641.0,Partial
R304903,L204903,2024-06-06,16771.0,13755.0,Partial
R304904,L204904,2025-11-03,3869.0,2384.0,Partial
R304905,L204905,2027-12-31,6774.0,4451.0,Partial
R304906,L204906,2025-01-10,19000.0,15732.0,Partial
R304907,L204907,2024-07-26,92250.0,85108.0,Partial
R304908,L204908,2026-04-21,15306.0,9329.0,Partial
R304909,L204909,2025-11-09,10333.0,6345.0,Partial
R304910,L204910,2026-02-18,14817.0,10216.0,Partial
R304911,L204911,2024-10-31,82500.0,60143.0,Partial
R304912,L204912,2028-05-12,6108.0,5747.0,Partial
R304913,L204913,2025-02-05,35250.0,24066.0,Partial
R304914,L204914,2025-05-06,5056.0,3259.0,Partial
R304915,L204915,2026-06-14,15714.0,11228.0,Partial
R304916,L204916,2026-07-10,8104.0,6190.0,Partial
R304917,L204917,2026-03-17,5222.0,4744.0,Partial
R304918,L204918,2025-06-08,113667.0,84610.0,Partial
R304919,L204919,2027-04-29,5738.0,5311.0,Partial
R304920,L204920,2025-08-17,14483.0,11633.0,Partial
R304921,L204921,2024-06-21,221750.0,184148.0,Partial
R304922,L204922,2026-11-19,24611.0,22679.0,Partial
R304923,L204923,2026-04-27,9444.0,6137.0,Partial
R304924,L204924,2025-09-25,203250.0,159576.0,Partial
R304925,L204925,2028-02-27,4071.0,2881.0,Partial
R304926,L204926,2024-11-12,76517.0,71534.0,Partial
R304927,L204927,2023-08-31,68750.0,63037.0,Partial
R304928,L204928,2024-10-07,23633.0,18760.0,Partial
R304929,L204929,2025-12-15,21896.0,16552.0,Partial
R304930,L204930,2025-09-06,35417.0,24822.0,Partial
R304931,L204931,2027-10-07,44467.0,34538.0,Partial
R304932,L204932,2026-09-20,20767.0,17335.0,Partial
R304933,L204933,2026-01-25,6583.0,5216.0,Partial
R304934,L204934,2028-05-03,5821.0,5202.0,Partial
R304935,L204935,2025-11-10,2643.0,1902.0,Partial
R304936,L204936,2026-07-14,11875.0,12165.0,Paid
R304937,L204937,2027-06-27,13488.0,12180.0,Partial
R304938,L204938,2025-12-25,17000.0,12055.0,Partial
R304939,L204939,2025-11-07,27875.0,23798.0,Partial
R304940,L204940,2024-06-14,14562.0,9157.0,Partial
R304941,L204941,2025-07-25,3528.0,3062.0,Partial
R304942,L204942,2025-05-28,53250.0,31991.0,Partial
R304943,L204943,2025-07-21,17917.0,3517.0,Partial
R304944,L204944,2025-04-15,25333.0,16324.0,Partial
R304945,L204945,2025-05-30,35167.0,27205.0,Partial
R304946,L204946,2026-09-26,58667.0,39043.0,Partial
R304947,L204947,2024-08-16,65167.0,4817.0,Partial
R304948,L204948,2026-12-21,8550.0,6879.0,Partial
R304949,L204949,2025-02-05,4000.0,2558.0,Partial
R304950,L204950,2026-12-11,14444.0,11480.0,Partial
R304951,L204951,2025-11-01,40500.0,30785.0,Partial
R304952,L204952,2026-10-19,31000.0,27827.0,Partial
R304953,L204953,2024-08-11,39833.0,39358.0,Partial
R304954,L204954,2027-06-21,68048.0,44407.0,Partial
R304955,L204955,2024-02-29,341417.0,283552.0,Partial
R304956,L204956,2025-03-06,127667.0,117196.0,Partial
R304957,L204957,2024-04-17,9917.0,8126.0,Partial
R304958,L204958,2025-03-27,10333.0,9198.0,Partial
R304959,L204959,2023-12-01,38000.0,23327.0,Partial
R304960,L204960,2026-12-19,7202.0,3124.0,Partial
R304961,L204961,2026-03-26,7017.0,6142.0,Partial
R304962,L204962,2026-01-31,53417.0,33611.0,Partial
R304963,L204963,2024-12-26,14567.0,9119.0,Partial
R304964,L204964,2024-06-05,33792.0,30580.0,Partial
R304965,L204965,2025-08-30,6750.0,6141.0,Partial
R304966,L204966,2027-04-28,9042.0,8171.0,Partial
R304967,L204967,2027-12-14,2071.0,1901.0,Partial
R304968,L204968,2028-02-15,10233.0,7182.0,Partial
R304969,L204969,2024-03-16,55417.0,41542.0,Partial
R304970,L204970,2025-10-01,5521.0,4165.0,Partial
R304971,L204971,2027-02-16,15833.0,5731.0,Partial
R304972,L204972,2024-01-09,128667.0,83322.0,Partial
R304973,L204973,2027-11-18,37050.0,29724.0,Partial
R304974,L204974,2025-07-20,4500.0,3476.0,Partial
R304975,L204975,2024-11-30,100250.0,89309.0,Partial
R304976,L204976,2025-11-26,92833.0,64719.0,Partial
R304977,L204977,2027-04-04,4450.0,3143.0,Partial
R304978,L204978,2023-10-30,212917.0,174010.0,Partial
R304979,L204979,2024-05-07,58083.0,42003.0,Partial
R304980,L204980,2024-04-28,65500.0,53212.0,Partial
R304981,L204981,2028-05-18,6250.0,4891.0,Partial
R304982,L204982,2025-06-30,21900.0,20803.0,Partial
R304983,L204983,2026-02-05,19900.0,15182.0,Partial
R304984,L204984,2027-04-14,28508.0,24332.0,Partial
R304985,L204985,2023-12-27,61333.0,46959.0,Partial
R304986,L204986,2028-05-23,3393.0,1826.0,Partial
R304987,L204987,2027-05-30,22083.0,14233.0,Partial
R304988,L204988,2027-03-19,9131.0,7838.0,Partial
R304989,L204989,2024-10-09,47667.0,40998.0,Partial
R304990,L204990,2027-08-14,15967.0,10465.0,Partial
R304991,L204991,2025-02-17,49062.0,42120.0,Partial
R304992,L204992,2027-03-20,90639.0,56002.0,Partial
R304993,L204993,2025-08-21,16542.0,11218.0,Partial
R304994,L204994,2025-07-09,10833.0,6785.0,Partial
R304995,L204995,2025-06-24,41292.0,24953.0,Partial
R304996,L204996,2029-06-07,2208.0,1491.0,Partial
R304997,L204997,2025-09-11,176458.0,129034.0,Partial
R304998,L204998,2027-05-29,14062.0,12361.0,Partial
R304999,L204999,2025-07-05,47250.0,30673.0,Partial
R305000,L205000,2025-08-05,28250.0,21542.0,Partial
R305001,L205001,2026-07-12,8155.0,6377.0,Partial
R305002,L205002,2028-01-05,1292.0,1277.0,Partial
R305003,L205003,2025-12-21,13861.0,9003.0,Partial
R305004,L205004,2026-09-08,12639.0,10167.0,Partial
R305005,L205005,2027-01-30,13617.0,9145.0,Partial
R305006,L205006,2024-09-20,11708.0,9420.0,Partial
R305007,L205007,2025-01-25,3750.0,2338.0,Partial
R305008,L205008,2025-11-07,3767.0,2265.0,Partial
R305009,L205009,2027-07-21,13271.0,9936.0,Partial
R305010,L205010,2024-08-31,76222.0,65820.0,Partial
R305011,L205011,2025-07-25,9042.0,7328.0,Partial
R305012,L205012,2024-10-28,31083.0,24248.0,Partial
R305013,L205013,2025-09-24,11690.0,11004.0,Partial
R305014,L205014,2024-02-08,34750.0,5229.0,Partial
R305015,L205015,2023-09-22,16292.0,11292.0,Partial
R305016,L205016,2026-02-14,95333.0,70773.0,Partial
R305017,L205017,2026-05-25,16250.0,9942.0,Partial
R305018,L205018,2023-05-02,63667.0,54001.0,Partial
R305019,L205019,2025-07-10,8833.0,6720.0,Partial
R305020,L205020,2025-01-19,7792.0,6682.0,Partial
R305021,L205021,2025-02-24,1050.0,985.0,Partial
R305022,L205022,2025-03-08,7750.0,4880.0,Partial
R305023,L205023,2028-05-03,16548.0,8813.0,Partial
R305024,L205024,2026-07-29,8143.0,5659.0,Partial
R305025,L205025,2024-12-31,20083.0,19367.0,Partial
R305026,L205026,2026-06-06,55708.0,48839.0,Partial
R305027,L205027,2025-04-22,13774.0,10948.0,Partial
R305028,L205028,2027-05-05,2950.0,2322.0,Partial
R305029,L205029,2024-10-27,40250.0,33493.0,Partial
R305030,L205030,2028-06-19,35200.0,22296.0,Partial
R305031,L205031,2028-06-13,10143.0,9464.0,Partial
R305032,L205032,2026-04-01,22806.0,19197.0,Partial
R305033,L205033,2025-04-21,5875.0,5000.0,Partial
R305034,L205034,2028-12-04,11283.0,10560.0,Partial
R305035,L205035,2027-01-26,6425.0,5210.0,Partial
R305036,L205036,2025-11-28,12267.0,11103.0,Partial
R305037,L205037,2026-10-08,39350.0,36472.0,Partial
R305038,L205038,2027-10-07,7308.0,6532.0,Partial
R305039,L205039,2026-06-17,72208.0,47335.0,Partial
R305040,L205040,2024-10-15,26250.0,18033.0,Partial
R305041,L205041,2026-09-30,12450.0,10210.0,Partial
R305042,L205042,2025-06-04,4367.0,3471.0,Partial
R305043,L205043,2025-12-06,81306.0,12025.0,Partial
R305044,L205044,2026-09-23,7542.0,5305.0,Partial
R305045,L205045,2027-11-02,29217.0,13745.0,Partial
R305046,L205046,2028-10-13,6192.0,5833.0,Partial
R305047,L205047,2025-05-31,98500.0,38983.0,Partial
R305048,L205048,2025-06-22,78000.0,66620.0,Partial
R305049,L205049,2026-05-02,18214.0,15657.0,Partial
R305050,L205050,2023-10-14,224208.0,137645.0,Partial
R305051,L205051,2026-12-20,13238.0,8758.0,Partial
R305052,L205052,2026-10-03,16854.0,13398.0,Partial
R305053,L205053,2026-01-27,69750.0,13754.0,Partial
R305054,L205054,2026-10-10,130500.0,88746.0,Partial
R305055,L205055,2023-12-05,406333.0,25364.0,Partial
R305056,L205056,2026-09-14,24917.0,21321.0,Partial
R305057,L205057,2024-07-27,22542.0,14013.0,Partial
R305058,L205058,2026-05-01,43861.0,34904.0,Partial
R305059,L205059,2026-10-06,7396.0,5782.0,Partial
R305060,L205060,2025-10-14,57417.0,37603.0,Partial
R305061,L205061,2027-08-31,41917.0,16070.0,Partial
R305062,L205062,2023-09-23,176083.0,178480.0,Paid
R305063,L205063,2026-12-11,1952.0,1844.0,Partial
R305064,L205064,2024-04-07,156139.0,95069.0,Partial
R305065,L205065,2025-09-19,36125.0,30039.0,Partial
R305066,L205066,2024-07-12,53125.0,37637.0,Partial
R305067,L205067,2025-12-08,5381.0,4207.0,Partial
R305068,L205068,2026-06-30,83667.0,59147.0,Partial
R305069,L205069,2026-02-12,5750.0,4609.0,Partial
R305070,L205070,2026-04-30,108333.0,72119.0,Partial
R305071,L205071,2026-08-12,6858.0,5531.0,Partial
R305072,L205072,2027-07-04,26617.0,25106.0,Partial
R305073,L205073,2025-11-13,34500.0,22758.0,Partial
R305074,L205074,2025-04-27,4583.0,4006.0,Partial
R305075,L205075,2027-03-03,10012.0,7980.0,Partial
R305076,L205076,2025-07-08,30562.0,22627.0,Partial
R305077,L205077,2025-06-05,12250.0,1546.0,Partial
R305078,L205078,2025-05-02,9708.0,7941.0,Partial
R305079,L205079,2024-06-13,300833.0,257997.0,Partial
R305080,L205080,2026-01-21,18021.0,17859.0,Partial
R305081,L205081,2027-03-16,5810.0,5014.0,Partial
R305082,L205082,2026-12-21,11729.0,9562.0,Partial
R305083,L205083,2028-02-29,18667.0,16738.0,Partial
R305084,L205084,2026-11-20,59271.0,41410.0,Partial
R305085,L205085,2027-09-01,23267.0,20108.0,Partial
R305086,L205086,2026-11-24,28278.0,19452.0,Partial
R305087,L205087,2024-09-01,70167.0,58053.0,Partial
R305088,L205088,2025-09-13,4500.0,3662.0,Partial
R305089,L205089,2027-12-13,66071.0,45359.0,Partial
R305090,L205090,2025-06-28,197667.0,186154.0,Partial
R305091,L205091,2024-02-01,41833.0,39636.0,Partial
R305092,L205092,2027-02-13,18917.0,18857.0,Partial
R305093,L205093,2028-10-21,10358.0,9481.0,Partial
R305094,L205094,2026-07-14,9479.0,8280.0,Partial
R305095,L205095,2026-07-31,11167.0,1615.0,Partial
R305096,L205096,2025-11-06,29714.0,20810.0,Partial
R305097,L205097,2027-03-23,21979.0,20846.0,Partial
R305098,L205098,2025-05-22,10438.0,8536.0,Partial
R305099,L205099,2026-04-30,36625.0,30679.0,Partial
R305100,L205100,2025-07-19,12774.0,9100.0,Partial
R305101,L205101,2028-02-11,6467.0,2079.0,Partial
R305102,L205102,2025-08-30,21190.0,15203.0,Partial
R305103,L205103,2026-06-12,15583.0,13314.0,Partial
R305104,L205104,2025-08-08,23917.0,22101.0,Partial
R305105,L205105,2028-02-09,2083.0,511.0,Partial
R305106,L205106,2026-09-28,13688.0,7264.0,Partial
R305107,L205107,2026-03-25,56400.0,51897.0,Partial
R305108,L205108,2024-08-09,41056.0,27496.0,Partial
R305109,L205109,2025-11-07,13688.0,12172.0,Partial
R305110,L205110,2024-05-19,113250.0,94207.0,Partial
R305111,L205111,2024-10-26,14944.0,11731.0,Partial
R305112,L205112,2026-05-28,4095.0,3365.0,Partial
R305113,L205113,2027-01-15,7400.0,4746.0,Partial
R305114,L205114,2028-01-23,8202.0,7394.0,Partial
R305115,L205115,2028-04-14,8476.0,6010.0,Partial
R305116,L205116,2023-12-07,83750.0,60184.0,Partial
R305117,L205117,2024-05-09,68667.0,55928.0,Partial
R305118,L205118,2024-10-02,8983.0,5912.0,Partial
R305119,L205119,2025-01-12,87833.0,82140.0,Partial
R305120,L205120,2027-05-08,8024.0,5597.0,Partial
R305121,L205121,2025-07-05,97717.0,69760.0,Partial
R305122,L205122,2025-01-22,460917.0,376133.0,Partial
R305123,L205123,2025-06-01,9896.0,7395.0,Partial
R305124,L205124,2023-12-30,42111.0,34345.0,Partial
R305125,L205125,2027-01-25,6708.0,5826.0,Partial
R305126,L205126,2026-03-03,60958.0,40474.0,Partial
R305127,L205127,2029-03-09,18317.0,15749.0,Partial
R305128,L205128,2025-09-15,43000.0,29737.0,Partial
R305129,L205129,2025-07-25,24208.0,17426.0,Partial
R305130,L205130,2025-06-16,76667.0,66079.0,Partial
R305131,L205131,2024-08-26,116833.0,8416.0,Partial
R305132,L205132,2025-07-13,13500.0,13383.0,Partial
R305133,L205133,2024-08-31,25500.0,18374.0,Partial
R305134,L205134,2023-07-01,71333.0,54051.0,Partial
R305135,L205135,2027-07-21,8333.0,7030.0,Partial
R305136,L205136,2026-11-08,3100.0,2637.0,Partial
R305137,L205137,2026-11-14,10119.0,9387.0,Partial
R305138,L205138,2024-11-06,23333.0,19439.0,Partial
R305139,L205139,2024-11-12,12917.0,10912.0,Partial
R305140,L205140,2024-03-22,61750.0,47940.0,Partial
R305141,L205141,2027-10-03,21467.0,16837.0,Partial
R305142,L205142,2025-01-09,8950.0,7770.0,Partial
R305143,L205143,2025-04-11,15292.0,13530.0,Partial
R305144,L205144,2025-09-16,7717.0,5156.0,Partial
R305145,L205145,2027-10-13,33625.0,31982.0,Partial
R305146,L205146,2024-09-23,146500.0,136135.0,Partial
R305147,L205147,2026-11-25,25333.0,15852.0,Partial
R305148,L205148,2027-02-08,14646.0,12668.0,Partial
R305149,L205149,2024-03-01,6528.0,5851.0,Partial
R305150,L205150,2026-04-08,11000.0,7941.0,Partial
R305151,L205151,2025-01-08,48000.0,32242.0,Partial
R305152,L205152,2026-09-17,46667.0,28450.0,Partial
R305153,L205153,2024-10-11,108958.0,96364.0,Partial
R305154,L205154,2026-10-20,1238.0,950.0,Partial
R305155,L205155,2028-05-08,2714.0,1848.0,Partial
R305156,L205156,2027-11-02,38067.0,15010.0,Partial
R305157,L205157,2028-04-11,1700.0,1286.0,Partial
R305158,L205158,2025-01-03,2778.0,1918.0,Partial
R305159,L205159,2027-03-20,6083.0,4248.0,Partial
R305160,L205160,2023-12-04,36208.0,27954.0,Partial
R305161,L205161,2028-07-04,17381.0,14275.0,Partial
R305162,L205162,2024-07-20,93278.0,9823.0,Partial
R305163,L205163,2026-03-17,42146.0,30849.0,Partial
R305164,L205164,2026-07-05,21525.0,17799.0,Partial
R305165,L205165,2024-12-16,8900.0,6830.0,Partial
R305166,L205166,2027-08-12,9250.0,8264.0,Partial
R305167,L205167,2025-11-29,216583.0,203241.0,Partial
R305168,L205168,2026-06-12,27143.0,16484.0,Partial
R305169,L205169,2024-07-01,19458.0,12205.0,Partial
R305170,L205170,2026-05-22,23433.0,11844.0,Partial
R305171,L205171,2027-01-21,82278.0,20201.0,Partial
R305172,L205172,2026-02-16,26083.0,18311.0,Partial
R305173,L205173,2025-11-29,10933.0,10295.0,Partial
R305174,L205174,2027-02-14,11467.0,10029.0,Partial
R305175,L205175,2025-08-20,22500.0,14442.0,Partial
R305176,L205176,2029-03-22,5675.0,5293.0,Partial
R305177,L205177,2026-10-21,4983.0,4306.0,Partial
R305178,L205178,2027-05-07,58883.0,38790.0,Partial
R305179,L205179,2028-02-04,51369.0,47307.0,Partial
R305180,L205180,2024-12-25,95500.0,76117.0,Partial
R305181,L205181,2028-09-09,10258.0,9734.0,Partial
R305182,L205182,2027-01-22,10950.0,10167.0,Partial
R305183,L205183,2026-01-12,9298.0,1196.0,Partial
R305184,L205184,2026-08-04,139833.0,128717.0,Partial
R305185,L205185,2025-09-19,92250.0,43518.0,Partial
R305186,L205186,2026-05-08,39125.0,27005.0,Partial
R305187,L205187,2024-06-18,41583.0,39309.0,Partial
R305188,L205188,2026-05-16,58750.0,36253.0,Partial
R305189,L205189,2027-03-14,2417.0,2176.0,Partial
R305190,L205190,2024-01-16,22056.0,8705.0,Partial
R305191,L205191,2024-11-06,27083.0,21773.0,Partial
R305192,L205192,2027-04-07,16762.0,13369.0,Partial
R305193,L205193,2025-11-27,11583.0,7017.0,Partial
R305194,L205194,2024-11-10,37611.0,23025.0,Partial
R305195,L205195,2027-01-13,36458.0,28025.0,Partial
R305196,L205196,2025-07-18,14125.0,10246.0,Partial
R305197,L205197,2028-08-02,5217.0,2559.0,Partial
R305198,L205198,2024-04-14,32472.0,27703.0,Partial
R305199,L205199,2026-03-14,64833.0,44111.0,Partial
R305200,L205200,2025-10-15,41667.0,29108.0,Partial
R305201,L205201,2025-03-13,8917.0,7885.0,Partial
R305202,L205202,2025-01-20,75583.0,71443.0,Partial
R305203,L205203,2028-09-30,13417.0,10150.0,Partial
R305204,L205204,2025-12-06,149500.0,102015.0,Partial
R305205,L205205,2026-01-09,18567.0,18944.0,Paid
R305206,L205206,2025-09-06,4167.0,2644.0,Partial
R305207,L205207,2023-07-11,40417.0,33700.0,Partial
R305208,L205208,2026-08-09,71167.0,32880.0,Partial
R305209,L205209,2026-08-23,40492.0,37913.0,Partial
R305210,L205210,2025-02-17,22778.0,13952.0,Partial
R305211,L205211,2026-06-21,99042.0,75018.0,Partial
R305212,L205212,2027-06-10,60896.0,49106.0,Partial
R305213,L205213,2025-03-17,33167.0,29260.0,Partial
R305214,L205214,2026-07-15,37104.0,24446.0,Partial
R305215,L205215,2025-09-01,11000.0,8974.0,Partial
R305216,L205216,2024-12-31,38233.0,25528.0,Partial
R305217,L205217,2024-12-10,217417.0,152615.0,Partial
R305218,L205218,2026-11-19,9750.0,8041.0,Partial
R305219,L205219,2026-05-16,7812.0,4778.0,Partial
R305220,L205220,2026-02-26,24167.0,16414.0,Partial
R305221,L205221,2026-05-24,22458.0,14447.0,Partial
R305222,L205222,2025-04-06,23383.0,14879.0,Partial
R305223,L205223,2025-11-07,82194.0,75336.0,Partial
R305224,L205224,2024-08-07,45361.0,38805.0,Partial
R305225,L205225,2023-11-11,118458.0,36730.0,Partial
R305226,L205226,2027-06-12,5521.0,5130.0,Partial
R305227,L205227,2026-11-14,10021.0,7799.0,Partial
R305228,L205228,2027-08-06,2312.0,1959.0,Partial
R305229,L205229,2025-06-29,10250.0,8101.0,Partial
R305230,L205230,2025-11-17,24528.0,23018.0,Partial
R305231,L205231,2024-11-04,14550.0,10565.0,Partial
R305232,L205232,2026-11-25,2758.0,1731.0,Partial
R305233,L205233,2024-12-02,10467.0,9050.0,Partial
R305234,L205234,2027-05-28,13000.0,11012.0,Partial
R305235,L205235,2025-08-26,99750.0,63154.0,Partial
R305236,L205236,2025-05-04,8667.0,5601.0,Partial
R305237,L205237,2026-07-17,42000.0,38375.0,Partial
R305238,L205238,2027-04-18,18381.0,11379.0,Partial
R305239,L205239,2025-09-28,17125.0,12446.0,Partial
R305240,L205240,2027-08-08,3117.0,2645.0,Partial
R305241,L205241,2025-11-05,8056.0,4419.0,Partial
R305242,L205242,2025-03-24,6139.0,3929.0,Partial
R305243,L205243,2026-11-08,124229.0,85689.0,Partial
R305244,L205244,2026-12-12,3812.0,3566.0,Partial
R305245,L205245,2023-12-07,66000.0,51825.0,Partial
R305246,L205246,2027-02-25,2583.0,2097.0,Partial
R305247,L205247,2025-10-25,4750.0,3806.0,Partial
R305248,L205248,2026-12-07,7142.0,4606.0,Partial
R305249,L205249,2027-06-09,1700.0,1216.0,Partial
R305250,L205250,2026-01-02,22183.0,20184.0,Partial
R305251,L205251,2024-06-22,11556.0,9405.0,Partial
R305252,L205252,2026-01-28,54854.0,37596.0,Partial
R305253,L205253,2027-08-19,5817.0,4355.0,Partial
R305254,L205254,2025-02-14,8042.0,958.0,Partial
R305255,L205255,2027-09-09,6595.0,5449.0,Partial
R305256,L205256,2025-12-18,10517.0,6930.0,Partial
R305257,L205257,2027-01-13,14202.0,6333.0,Partial
R305258,L205258,2024-03-02,4361.0,3522.0,Partial
R305259,L205259,2025-07-11,38708.0,32342.0,Partial
R305260,L205260,2024-06-13,17833.0,11220.0,Partial
R305261,L205261,2024-08-01,48750.0,34268.0,Partial
R305262,L205262,2026-03-29,12917.0,11877.0,Partial
R305263,L205263,2027-09-07,3450.0,3184.0,Partial
R305264,L205264,2024-10-08,58167.0,52859.0,Partial
R305265,L205265,2025-12-14,23167.0,21213.0,Partial
R305266,L205266,2025-12-24,33542.0,13018.0,Partial
R305267,L205267,2027-11-14,18214.0,13869.0,Partial
R305268,L205268,2023-12-06,11708.0,11018.0,Partial
R305269,L205269,2025-04-16,14938.0,11090.0,Partial
R305270,L205270,2026-07-08,74250.0,52663.0,Partial
R305271,L205271,2024-04-19,241250.0,210429.0,Partial
R305272,L205272,2025-06-23,120167.0,97427.0,Partial
R305273,L205273,2028-04-01,10893.0,7427.0,Partial
R305274,L205274,2026-09-07,24528.0,19319.0,Partial
R305275,L205275,2027-11-23,41817.0,30496.0,Partial
R305276,L205276,2024-12-26,7146.0,4873.0,Partial
R305277,L205277,2025-01-13,18972.0,17331.0,Partial
R305278,L205278,2025-06-20,2625.0,2054.0,Partial
R305279,L205279,2025-10-11,104083.0,54901.0,Partial
R305280,L205280,2026-12-12,10944.0,8331.0,Partial
R305281,L205281,2026-06-07,69958.0,7085.0,Partial
R305282,L205282,2025-01-13,11083.0,9892.0,Partial
R305283,L205283,2023-09-11,11333.0,5580.0,Partial
R305284,L205284,2026-09-11,4508.0,3000.0,Partial
R305285,L205285,2025-01-13,83021.0,52827.0,Partial
R305286,L205286,2025-02-12,14972.0,11851.0,Partial
R305287,L205287,2023-06-19,52500.0,40968.0,Partial
R305288,L205288,2026-07-02,16167.0,10395.0,Partial
R305289,L205289,2024-10-18,35417.0,28660.0,Partial
R305290,L205290,2025-02-27,7517.0,6834.0,Partial
R305291,L205291,2025-01-28,105250.0,93052.0,Partial
R305292,L205292,2026-09-05,3350.0,2904.0,Partial
R305293,L205293,2026-02-16,19833.0,17818.0,Partial
R305294,L205294,2029-07-25,3617.0,3592.0,Partial
R305295,L205295,2026-12-27,100250.0,74905.0,Partial
R305296,L205296,2025-08-09,14604.0,9782.0,Partial
R305297,L205297,2027-05-23,8964.0,8024.0,Partial
R305298,L205298,2024-02-24,30000.0,19411.0,Partial
R305299,L205299,2023-10-22,32542.0,29639.0,Partial
R305300,L205300,2026-06-24,39633.0,37337.0,Partial
R305301,L205301,2026-10-07,55875.0,44909.0,Partial
R305302,L205302,2025-05-06,7821.0,6665.0,Partial
R305303,L205303,2027-07-31,11104.0,6919.0,Partial
R305304,L205304,2025-09-17,60188.0,42149.0,Partial
R305305,L205305,2026-01-06,12667.0,11248.0,Partial
R305306,L205306,2024-02-08,49833.0,13488.0,Partial
R305307,L205307,2029-03-13,7075.0,5816.0,Partial
R305308,L205308,2025-11-04,75306.0,69593.0,Partial
R305309,L205309,2027-11-11,10967.0,6714.0,Partial
R305310,L205310,2026-05-14,5125.0,4630.0,Partial
R305311,L205311,2027-05-19,32567.0,30574.0,Partial
R305312,L205312,2023-09-02,28250.0,24523.0,Partial
R305313,L205313,2024-02-24,49639.0,45174.0,Partial
R305314,L205314,2025-09-02,46472.0,34402.0,Partial
R305315,L205315,2027-11-12,2762.0,2390.0,Partial
R305316,L205316,2028-05-27,8619.0,6144.0,Partial
R305317,L205317,2024-08-14,8646.0,6875.0,Partial
R305318,L205318,2025-08-15,3167.0,2724.0,Partial
R305319,L205319,2025-11-22,54083.0,34525.0,Partial
R305320,L205320,2026-10-17,21625.0,15377.0,Partial
R305321,L205321,2027-02-15,5100.0,3330.0,Partial
R305322,L205322,2027-10-23,2033.0,1643.0,Partial
R305323,L205323,2027-12-13,27917.0,24062.0,Partial
R305324,L205324,2024-10-10,22056.0,14338.0,Partial
R305325,L205325,2027-04-28,13017.0,10487.0,Partial
R305326,L205326,2025-07-21,26917.0,16635.0,Partial
R305327,L205327,2028-01-28,6726.0,4540.0,Partial
R305328,L205328,2026-01-21,69667.0,64104.0,Partial
R305329,L205329,2026-12-13,2617.0,1777.0,Partial
R305330,L205330,2028-08-12,16158.0,14169.0,Partial
R305331,L205331,2026-02-23,47533.0,36354.0,Partial
R305332,L205332,2026-10-24,11354.0,4774.0,Partial
R305333,L205333,2025-10-01,1940.0,1679.0,Partial
R305334,L205334,2024-03-09,70500.0,47901.0,Partial
R305335,L205335,2024-05-30,206833.0,125325.0,Partial
R305336,L205336,2027-05-01,15021.0,13781.0,Partial
R305337,L205337,2024-07-14,31250.0,21965.0,Partial
R305338,L205338,2024-06-06,15542.0,12855.0,Partial
R305339,L205339,2026-09-23,14833.0,10143.0,Partial
R305340,L205340,2025-10-10,14458.0,9559.0,Partial
R305341,L205341,2026-01-28,55778.0,46096.0,Partial
R305342,L205342,2029-03-11,6650.0,5309.0,Partial
R305343,L205343,2027-08-14,8167.0,5914.0,Partial
R305344,L205344,2027-06-20,3233.0,3077.0,Partial
R305345,L205345,2026-10-25,20958.0,16158.0,Partial
R305346,L205346,2027-02-11,5440.0,5116.0,Partial
R305347,L205347,2029-03-16,38283.0,26978.0,Partial
R305348,L205348,2025-12-04,10542.0,8900.0,Partial
R305349,L205349,2023-08-05,47667.0,15683.0,Partial
R305350,L205350,2026-05-19,76167.0,76190.0,Paid
R305351,L205351,2028-03-08,1400.0,965.0,Partial
R305352,L205352,2024-10-19,12833.0,4792.0,Partial
R305353,L205353,2025-06-08,11354.0,7302.0,Partial
R305354,L205354,2025-04-23,111750.0,103006.0,Partial
R305355,L205355,2027-01-05,15222.0,10055.0,Partial
R305356,L205356,2026-10-02,875.0,590.0,Partial
R305357,L205357,2024-05-24,185750.0,173082.0,Partial
R305358,L205358,2023-11-15,9583.0,5767.0,Partial
R305359,L205359,2023-12-23,96917.0,85787.0,Partial
R305360,L205360,2025-05-15,2524.0,1725.0,Partial
R305361,L205361,2024-05-07,14500.0,9657.0,Partial
R305362,L205362,2025-07-20,13167.0,8416.0,Partial
R305363,L205363,2028-01-08,15726.0,1001.0,Partial
R305364,L205364,2027-02-03,1690.0,919.0,Partial
R305365,L205365,2025-01-20,7354.0,5000.0,Partial
R305366,L205366,2025-08-01,57321.0,38609.0,Partial
R305367,L205367,2027-07-22,12133.0,8957.0,Partial
R305368,L205368,2024-04-02,150542.0,154498.0,Paid
R305369,L205369,2026-03-06,174125.0,162787.0,Partial
R305370,L205370,2024-11-10,24167.0,15367.0,Partial
R305371,L205371,2025-05-26,50000.0,34885.0,Partial
R305372,L205372,2027-03-30,14125.0,9002.0,Partial
R305373,L205373,2026-04-28,435583.0,26755.0,Partial
R305374,L205374,2023-08-28,227500.0,203819.0,Partial
R305375,L205375,2025-05-03,5542.0,3345.0,Partial
R305376,L205376,2024-12-08,26500.0,5514.0,Partial
R305377,L205377,2026-07-19,20000.0,12447.0,Partial
R305378,L205378,2027-11-22,12155.0,11277.0,Partial
R305379,L205379,2026-10-05,1983.0,1332.0,Partial
R305380,L205380,2027-03-05,23646.0,19468.0,Partial
R305381,L205381,2025-07-04,36625.0,26715.0,Partial
R305382,L205382,2026-08-04,5000.0,3692.0,Partial
R305383,L205383,2025-03-25,90700.0,22830.0,Partial
R305384,L205384,2025-07-07,19750.0,14556.0,Partial
R305385,L205385,2024-03-22,12389.0,9602.0,Partial
R305386,L205386,2024-05-20,165417.0,38373.0,Partial
R305387,L205387,2027-09-15,81717.0,71876.0,Partial
R305388,L205388,2025-10-26,10048.0,8388.0,Partial
R305389,L205389,2025-09-15,82458.0,69137.0,Partial
R305390,L205390,2025-11-10,49917.0,23549.0,Partial
R305391,L205391,2023-08-01,27917.0,20273.0,Partial
R305392,L205392,2024-04-20,33250.0,31029.0,Partial
R305393,L205393,2025-07-25,62889.0,49078.0,Partial
R305394,L205394,2027-05-25,1883.0,1290.0,Partial
R305395,L205395,2027-07-15,16033.0,9915.0,Partial
R305396,L205396,2026-11-11,2675.0,2414.0,Partial
R305397,L205397,2028-08-31,13658.0,10286.0,Partial
R305398,L205398,2024-10-03,349500.0,271618.0,Partial
R305399,L205399,2024-12-06,159000.0,106352.0,Partial
R305400,L205400,2025-05-31,12958.0,10365.0,Partial
R305401,L205401,2028-07-04,12217.0,9038.0,Partial
R305402,L205402,2026-06-22,3131.0,2235.0,Partial
R305403,L205403,2026-05-18,16375.0,5320.0,Partial
R305404,L205404,2023-10-08,20250.0,15120.0,Partial
R305405,L205405,2024-07-23,74708.0,61562.0,Partial
R305406,L205406,2024-11-06,85917.0,65240.0,Partial
R305407,L205407,2025-05-13,41633.0,22889.0,Partial
R305408,L205408,2025-01-04,95983.0,78092.0,Partial
R305409,L205409,2025-01-14,16521.0,12448.0,Partial
R305410,L205410,2027-01-22,20071.0,14086.0,Partial
R305411,L205411,2028-06-11,49774.0,37472.0,Partial
R305412,L205412,2027-07-02,7512.0,7119.0,Partial
R305413,L205413,2026-04-20,63083.0,45373.0,Partial
R305414,L205414,2025-06-14,5125.0,3120.0,Partial
R305415,L205415,2026-05-21,9758.0,5920.0,Partial
R305416,L205416,2024-10-17,6333.0,5195.0,Partial
R305417,L205417,2025-10-28,180333.0,55433.0,Partial
R305418,L205418,2025-09-06,29792.0,14257.0,Partial
R305419,L205419,2029-01-18,42158.0,35241.0,Partial
R305420,L205420,2025-12-31,25817.0,9795.0,Partial
R305421,L205421,2027-05-19,36396.0,31070.0,Partial
R305422,L205422,2025-06-30,29229.0,26992.0,Partial
R305423,L205423,2027-05-28,1283.0,984.0,Partial
R305424,L205424,2024-10-20,8083.0,7376.0,Partial
R305425,L205425,2026-02-15,9983.0,8031.0,Partial
R305426,L205426,2027-04-03,48139.0,43706.0,Partial
R305427,L205427,2025-12-10,54750.0,51813.0,Partial
R305428,L205428,2025-08-09,10292.0,7009.0,Partial
R305429,L205429,2027-08-05,7000.0,5980.0,Partial
R305430,L205430,2025-10-24,113542.0,103167.0,Partial
R305431,L205431,2029-05-21,17092.0,10422.0,Partial
R305432,L205432,2023-12-20,11375.0,6879.0,Partial
R305433,L205433,2028-01-07,7310.0,4930.0,Partial
R305434,L205434,2025-07-19,30500.0,20050.0,Partial
R305435,L205435,2024-07-26,36667.0,27815.0,Partial
R305436,L205436,2025-07-28,14367.0,13155.0,Partial
R305437,L205437,2026-12-31,32646.0,29770.0,Partial
R305438,L205438,2026-02-02,21458.0,10524.0,Partial
R305439,L205439,2024-12-09,37229.0,33577.0,Partial
R305440,L205440,2024-07-14,20667.0,13520.0,Partial
R305441,L205441,2024-05-15,87583.0,63244.0,Partial
R305442,L205442,2024-04-21,36583.0,29771.0,Partial
R305443,L205443,2025-09-17,77583.0,54150.0,Partial
R305444,L205444,2026-02-08,91292.0,63893.0,Partial
R305445,L205445,2025-03-22,13396.0,9401.0,Partial
R305446,L205446,2024-08-18,32167.0,24353.0,Partial
R305447,L205447,2024-08-06,49639.0,30581.0,Partial
R305448,L205448,2024-02-06,12972.0,10561.0,Partial
R305449,L205449,2027-08-24,4817.0,3526.0,Partial
R305450,L205450,2027-11-23,9107.0,7432.0,Partial
R305451,L205451,2027-11-23,1548.0,1006.0,Partial
R305452,L205452,2027-10-25,13433.0,11456.0,Partial
R305453,L205453,2024-06-12,9458.0,7264.0,Partial
R305454,L205454,2024-11-22,4875.0,3104.0,Partial
R305455,L205455,2027-01-31,10383.0,8636.0,Partial
R305456,L205456,2025-05-15,44333.0,36345.0,Partial
R305457,L205457,2026-07-26,17778.0,15707.0,Partial
R305458,L205458,2024-07-21,40583.0,37196.0,Partial
R305459,L205459,2023-12-17,30583.0,25076.0,Partial
R305460,L205460,2027-02-14,8583.0,6399.0,Partial
R305461,L205461,2025-10-04,130833.0,114006.0,Partial
R305462,L205462,2026-01-31,19792.0,17133.0,Partial
R305463,L205463,2023-11-27,127083.0,115944.0,Partial
R305464,L205464,2028-05-13,5708.0,4954.0,Partial
R305465,L205465,2028-05-12,3817.0,3790.0,Partial
R305466,L205466,2025-05-07,77146.0,61675.0,Partial
R305467,L205467,2024-07-06,17667.0,14164.0,Partial
R305468,L205468,2026-12-05,7908.0,6056.0,Partial
R305469,L205469,2023-09-09,94000.0,79103.0,Partial
R305470,L205470,2025-06-12,113417.0,102497.0,Partial
R305471,L205471,2025-05-07,5021.0,3385.0,Partial
R305472,L205472,2028-06-14,3442.0,2812.0,Partial
R305473,L205473,2025-08-04,56458.0,46504.0,Partial
R305474,L205474,2028-03-04,16250.0,14043.0,Partial
R305475,L205475,2026-10-28,36417.0,29751.0,Partial
R305476,L205476,2024-01-29,53625.0,37910.0,Partial
R305477,L205477,2026-05-29,5150.0,3206.0,Partial
R305478,L205478,2027-06-15,808.0,582.0,Partial
R305479,L205479,2023-05-30,30750.0,22222.0,Partial
R305480,L205480,2026-06-07,20167.0,16288.0,Partial
R305481,L205481,2025-03-16,113694.0,96919.0,Partial
R305482,L205482,2024-02-21,50167.0,45485.0,Partial
R305483,L205483,2026-07-23,6117.0,4301.0,Partial
R305484,L205484,2026-11-21,87639.0,73254.0,Partial
R305485,L205485,2026-07-15,34750.0,23295.0,Partial
R305486,L205486,2024-11-10,140750.0,85210.0,Partial
R305487,L205487,2024-07-16,16056.0,6364.0,Partial
R305488,L205488,2027-03-30,4717.0,3757.0,Partial
R305489,L205489,2026-01-30,23292.0,21338.0,Partial
R305490,L205490,2025-10-05,10017.0,8155.0,Partial
R305491,L205491,2027-02-09,22729.0,20444.0,Partial
R305492,L205492,2025-03-02,31028.0,29414.0,Partial
R305493,L205493,2026-12-15,18472.0,13896.0,Partial
R305494,L205494,2027-03-01,8806.0,2578.0,Partial
R305495,L205495,2025-03-06,73583.0,46376.0,Partial
R305496,L205496,2025-03-11,157417.0,153713.0,Partial
R305497,L205497,2027-01-25,16646.0,15587.0,Partial
R305498,L205498,2024-12-23,4517.0,2365.0,Partial
R305499,L205499,2027-11-08,4458.0,3195.0,Partial
R305500,L205500,2026-10-21,125083.0,119530.0,Partial
R305501,L205501,2024-12-22,7688.0,3157.0,Partial
R305502,L205502,2025-07-18,56729.0,44651.0,Partial
R305503,L205503,2027-06-10,12133.0,8152.0,Partial
R305504,L205504,2026-08-25,21708.0,7405.0,Partial
R305505,L205505,2025-12-03,20833.0,11263.0,Partial
R305506,L205506,2025-09-21,8976.0,5880.0,Partial
R305507,L205507,2023-12-04,19583.0,14906.0,Partial
R305508,L205508,2027-06-15,77767.0,55045.0,Partial
R305509,L205509,2025-05-01,25708.0,20587.0,Partial
R305510,L205510,2029-06-08,18258.0,14071.0,Partial
R305511,L205511,2024-12-22,7283.0,5789.0,Partial
R305512,L205512,2025-11-25,7083.0,6733.0,Partial
R305513,L205513,2026-08-05,6892.0,4253.0,Partial
R305514,L205514,2024-06-17,21667.0,15658.0,Partial
R305515,L205515,2023-05-13,36500.0,29339.0,Partial
R305516,L205516,2028-02-13,708.0,519.0,Partial
R305517,L205517,2027-01-23,1425.0,930.0,Partial
R305518,L205518,2024-11-05,15104.0,10872.0,Partial
R305519,L205519,2027-03-17,9792.0,6355.0,Partial
R305520,L205520,2025-02-09,31583.0,29805.0,Partial
R305521,L205521,2025-06-07,12250.0,9404.0,Partial
R305522,L205522,2026-05-12,9104.0,8363.0,Partial
R305523,L205523,2025-01-30,196167.0,128416.0,Partial
R305524,L205524,2023-10-15,8667.0,6471.0,Partial
R305525,L205525,2025-04-07,90208.0,68759.0,Partial
R305526,L205526,2027-02-06,11889.0,11629.0,Partial
R305527,L205527,2025-11-29,35417.0,25038.0,Partial
R305528,L205528,2025-08-24,20083.0,16452.0,Partial
R305529,L205529,2025-11-08,6444.0,5998.0,Partial
R305530,L205530,2024-07-07,140500.0,44709.0,Partial
R305531,L205531,2026-11-02,17679.0,14875.0,Partial
R305532,L205532,2025-01-08,129208.0,104772.0,Partial
R305533,L205533,2025-03-29,24250.0,17686.0,Partial
R305534,L205534,2027-06-06,5517.0,4389.0,Partial
R305535,L205535,2024-01-13,8556.0,7759.0,Partial
R305536,L205536,2025-11-17,7833.0,7210.0,Partial
R305537,L205537,2025-07-08,5183.0,4010.0,Partial
R305538,L205538,2027-07-23,6917.0,5839.0,Partial
R305539,L205539,2023-10-23,10500.0,8379.0,Partial
R305540,L205540,2024-07-08,57938.0,3277.0,Partial
R305541,L205541,2026-08-16,25938.0,21529.0,Partial
R305542,L205542,2024-07-19,31958.0,20451.0,Partial
R305543,L205543,2026-01-07,9655.0,6250.0,Partial
R305544,L205544,2026-05-07,8283.0,6178.0,Partial
R305545,L205545,2027-09-11,3433.0,3037.0,Partial
R305546,L205546,2024-10-05,16792.0,15617.0,Partial
R305547,L205547,2026-05-31,33183.0,27338.0,Partial
R305548,L205548,2024-07-01,17250.0,11339.0,Partial
R305549,L205549,2023-12-10,319667.0,299527.0,Partial
R305550,L205550,2026-01-08,27646.0,17466.0,Partial
R305551,L205551,2028-06-17,13012.0,8730.0,Partial
R305552,L205552,2024-03-09,180167.0,138130.0,Partial
R305553,L205553,2025-05-12,47000.0,44614.0,Partial
R305554,L205554,2025-03-08,14717.0,9179.0,Partial
R305555,L205555,2028-04-25,3558.0,2648.0,Partial
R305556,L205556,2024-07-16,2583.0,2122.0,Partial
R305557,L205557,2027-03-31,10476.0,4799.0,Partial
R305558,L205558,2023-08-08,172167.0,77782.0,Partial
R305559,L205559,2027-08-11,58012.0,37075.0,Partial
R305560,L205560,2024-04-20,63958.0,48552.0,Partial
R305561,L205561,2024-08-07,123271.0,124833.0,Paid
R305562,L205562,2024-07-07,9562.0,8412.0,Partial
R305563,L205563,2028-11-21,34467.0,26991.0,Partial
R305564,L205564,2027-10-10,8333.0,6760.0,Partial
R305565,L205565,2025-09-07,42833.0,30599.0,Partial
R305566,L205566,2024-07-07,9750.0,1789.0,Partial
R305567,L205567,2028-12-29,2358.0,1952.0,Partial
R305568,L205568,2023-12-28,1500.0,1038.0,Partial
R305569,L205569,2026-05-08,11202.0,7136.0,Partial
R305570,L205570,2027-06-17,11333.0,7309.0,Partial
R305571,L205571,2024-12-10,24958.0,18447.0,Partial
R305572,L205572,2028-10-11,1300.0,1134.0,Partial
R305573,L205573,2024-07-06,495333.0,460875.0,Partial
R305574,L205574,2026-03-06,4167.0,3944.0,Partial
R305575,L205575,2026-05-07,21250.0,13325.0,Partial
R305576,L205576,2029-03-04,2992.0,1970.0,Partial
R305577,L205577,2027-10-05,7033.0,4443.0,Partial
R305578,L205578,2028-02-29,3893.0,2840.0,Partial
R305579,L205579,2026-08-02,15750.0,10188.0,Partial
R305580,L205580,2026-10-01,107750.0,95607.0,Partial
R305581,L205581,2026-04-11,11798.0,8161.0,Partial
R305582,L205582,2026-08-03,11900.0,7610.0,Partial
R305583,L205583,2025-07-14,16583.0,11545.0,Partial
R305584,L205584,2026-03-27,21562.0,20315.0,Partial
R305585,L205585,2025-12-22,31333.0,26848.0,Partial
R305586,L205586,2029-06-20,1408.0,1240.0,Partial
R305587,L205587,2026-03-25,25000.0,16023.0,Partial
R305588,L205588,2026-10-30,10381.0,9308.0,Partial
R305589,L205589,2026-03-07,111333.0,110470.0,Partial
R305590,L205590,2026-12-21,2250.0,1491.0,Partial
R305591,L205591,2027-03-28,7883.0,6219.0,Partial
R305592,L205592,2025-01-04,5200.0,4255.0,Partial
R305593,L205593,2026-09-04,33107.0,25221.0,Partial
R305594,L205594,2028-08-02,2975.0,1883.0,Partial
R305595,L205595,2025-06-11,12233.0,9333.0,Partial
R305596,L205596,2026-11-28,116417.0,90667.0,Partial
R305597,L205597,2027-10-31,8067.0,6962.0,Partial
R305598,L205598,2026-04-26,14258.0,10930.0,Partial
R305599,L205599,2025-12-15,26650.0,20497.0,Partial
R305600,L205600,2024-10-31,27667.0,19671.0,Partial
R305601,L205601,2026-07-07,32625.0,29020.0,Partial
R305602,L205602,2026-07-25,16111.0,11702.0,Partial
R305603,L205603,2027-07-04,16179.0,13190.0,Partial
R305604,L205604,2026-01-25,3750.0,1548.0,Partial
R305605,L205605,2026-04-12,32250.0,9782.0,Partial
R305606,L205606,2026-05-26,146861.0,141659.0,Partial
R305607,L205607,2025-11-08,70375.0,55703.0,Partial
R305608,L205608,2027-07-17,95771.0,87778.0,Partial
R305609,L205609,2026-06-12,29600.0,25564.0,Partial
R305610,L205610,2023-12-22,67958.0,46417.0,Partial
R305611,L205611,2026-09-12,11964.0,10884.0,Partial
R305612,L205612,2025-11-16,9458.0,6683.0,Partial
R305613,L205613,2028-03-04,1333.0,800.0,Partial
R305614,L205614,2026-02-03,11722.0,5552.0,Partial
R305615,L205615,2025-07-25,8483.0,7757.0,Partial
R305616,L205616,2024-01-02,72333.0,53188.0,Partial
R305617,L205617,2026-06-01,21583.0,13788.0,Partial
R305618,L205618,2025-05-05,10883.0,6767.0,Partial
R305619,L205619,2023-06-02,474167.0,309176.0,Partial
R305620,L205620,2025-10-17,10458.0,8327.0,Partial
R305621,L205621,2027-01-04,16464.0,10208.0,Partial
R305622,L205622,2028-06-08,4842.0,3482.0,Partial
R305623,L205623,2026-10-25,5750.0,1503.0,Partial
R305624,L205624,2025-12-16,153111.0,138256.0,Partial
R305625,L205625,2025-10-17,5667.0,4179.0,Partial
R305626,L205626,2025-10-31,23750.0,19155.0,Partial
R305627,L205627,2023-11-19,20750.0,16022.0,Partial
R305628,L205628,2028-07-17,3950.0,2730.0,Partial
R305629,L205629,2027-03-31,6417.0,5620.0,Partial
R305630,L205630,2024-05-21,141833.0,111806.0,Partial
R305631,L205631,2025-03-16,52583.0,32950.0,Partial
R305632,L205632,2025-06-01,11333.0,7462.0,Partial
R305633,L205633,2026-05-26,40861.0,30585.0,Partial
R305634,L205634,2026-04-09,34750.0,24789.0,Partial
R305635,L205635,2026-06-18,4292.0,3535.0,Partial
R305636,L205636,2026-09-02,12517.0,10548.0,Partial
R305637,L205637,2028-01-23,5274.0,3883.0,Partial
R305638,L205638,2028-12-14,12083.0,8132.0,Partial
R305639,L205639,2024-07-22,4792.0,4499.0,Partial
R305640,L205640,2024-09-11,177583.0,152275.0,Partial
R305641,L205641,2025-10-11,22944.0,14927.0,Partial
R305642,L205642,2027-02-25,46450.0,42741.0,Partial
R305643,L205643,2024-02-12,57806.0,44919.0,Partial
R305644,L205644,2027-08-29,62350.0,41540.0,Partial
R305645,L205645,2024-09-10,44458.0,41705.0,Partial
R305646,L205646,2025-09-17,3521.0,2410.0,Partial
R305647,L205647,2024-03-12,51250.0,46082.0,Partial
R305648,L205648,2025-06-10,10417.0,8718.0,Partial
R305649,L205649,2027-03-07,2567.0,543.0,Partial
R305650,L205650,2026-08-25,18667.0,16607.0,Partial
R305651,L205651,2025-01-11,24111.0,21675.0,Partial
R305652,L205652,2024-12-21,25056.0,22913.0,Partial
R305653,L205653,2024-09-15,10967.0,6684.0,Partial
R305654,L205654,2027-01-07,3150.0,2648.0,Partial
R305655,L205655,2027-04-29,65979.0,57341.0,Partial
R305656,L205656,2026-03-18,4958.0,4080.0,Partial
R305657,L205657,2028-04-14,15036.0,13458.0,Partial
R305658,L205658,2024-09-08,73500.0,11358.0,Partial
R305659,L205659,2025-12-07,41833.0,34275.0,Partial
R305660,L205660,2026-03-03,47583.0,38324.0,Partial
R305661,L205661,2026-06-01,158306.0,34674.0,Partial
R305662,L205662,2024-07-02,14889.0,9070.0,Partial
R305663,L205663,2026-07-08,265583.0,193880.0,Partial
R305664,L205664,2023-06-12,11333.0,7757.0,Partial
R305665,L205665,2024-09-12,17042.0,12395.0,Partial
R305666,L205666,2024-01-04,94917.0,81716.0,Partial
R305667,L205667,2027-09-01,7940.0,7524.0,Partial
R305668,L205668,2027-07-10,4767.0,4146.0,Partial
R305669,L205669,2026-06-01,15633.0,10603.0,Partial
R305670,L205670,2025-06-11,13167.0,8497.0,Partial
R305671,L205671,2027-10-18,18483.0,12257.0,Partial
R305672,L205672,2026-11-21,20317.0,13551.0,Partial
R305673,L205673,2026-12-31,47767.0,41286.0,Partial
R305674,L205674,2024-09-29,9111.0,5528.0,Partial
R305675,L205675,2025-04-11,18188.0,15574.0,Partial
R305676,L205676,2024-12-10,53417.0,33725.0,Partial
R305677,L205677,2026-09-24,25208.0,19136.0,Partial
R305678,L205678,2025-01-17,58500.0,5510.0,Partial
R305679,L205679,2024-04-19,88556.0,78720.0,Partial
R305680,L205680,2024-02-19,61750.0,58158.0,Partial
R305681,L205681,2023-10-21,9833.0,6851.0,Partial
R305682,L205682,2027-07-23,12125.0,8992.0,Partial
R305683,L205683,2026-12-18,24810.0,21478.0,Partial
R305684,L205684,2027-02-23,1858.0,1623.0,Partial
R305685,L205685,2026-06-07,13400.0,11717.0,Partial
R305686,L205686,2023-12-27,198500.0,156479.0,Partial
R305687,L205687,2025-12-04,3333.0,3064.0,Partial
R305688,L205688,2027-09-14,717.0,561.0,Partial
R305689,L205689,2028-06-26,69964.0,49491.0,Partial
R305690,L205690,2025-07-05,23875.0,15137.0,Partial
R305691,L205691,2024-12-27,18361.0,17101.0,Partial
R305692,L205692,2024-12-09,8850.0,8973.0,Paid
R305693,L205693,2026-09-25,17292.0,15751.0,Partial
R305694,L205694,2025-02-28,17639.0,14472.0,Partial
R305695,L205695,2025-12-11,20972.0,14506.0,Partial
R305696,L205696,2026-03-01,20750.0,17974.0,Partial
R305697,L205697,2026-07-22,6233.0,2259.0,Partial
R305698,L205698,2028-05-13,17310.0,15995.0,Partial
R305699,L205699,2025-09-09,1655.0,1107.0,Partial
R305700,L205700,2028-04-16,3925.0,2938.0,Partial
R305701,L205701,2023-10-20,46583.0,45535.0,Partial
R305702,L205702,2029-05-19,4225.0,3457.0,Partial
R305703,L205703,2024-12-01,64972.0,57385.0,Partial
R305704,L205704,2025-05-19,57250.0,9080.0,Partial
R305705,L205705,2026-07-17,3000.0,2404.0,Partial
R305706,L205706,2027-12-09,7690.0,5389.0,Partial
R305707,L205707,2024-01-25,126833.0,44917.0,Partial
R305708,L205708,2024-04-20,11917.0,12086.0,Paid
R305709,L205709,2025-07-28,4950.0,4302.0,Partial
R305710,L205710,2025-07-06,13958.0,11034.0,Partial
R305711,L205711,2024-09-24,171083.0,134172.0,Partial
R305712,L205712,2025-02-22,21972.0,13382.0,Partial
R305713,L205713,2024-03-26,11944.0,10894.0,Partial
R305714,L205714,2026-05-19,77111.0,41762.0,Partial
R305715,L205715,2026-06-05,13417.0,9842.0,Partial
R305716,L205716,2027-03-14,16208.0,3246.0,Partial
R305717,L205717,2025-08-19,6583.0,6096.0,Partial
R305718,L205718,2026-12-25,14667.0,13842.0,Partial
R305719,L205719,2027-04-27,5308.0,1237.0,Partial
R305720,L205720,2024-04-10,148361.0,106330.0,Partial
R305721,L205721,2026-06-01,97771.0,60233.0,Partial
R305722,L205722,2027-05-05,12917.0,8210.0,Partial
R305723,L205723,2026-11-14,17250.0,13971.0,Partial
R305724,L205724,2025-10-09,37417.0,22956.0,Partial
R305725,L205725,2026-09-18,5733.0,5176.0,Partial
R305726,L205726,2026-05-20,29875.0,20720.0,Partial
R305727,L205727,2027-05-11,5783.0,956.0,Partial
R305728,L205728,2025-11-09,14214.0,12625.0,Partial
R305729,L205729,2026-01-22,63292.0,52174.0,Partial
R305730,L205730,2026-03-22,20500.0,14029.0,Partial
R305731,L205731,2026-08-18,42861.0,40960.0,Partial
R305732,L205732,2025-09-04,22933.0,15376.0,Partial
R305733,L205733,2025-04-16,64667.0,9478.0,Partial
R305734,L205734,2024-07-08,18604.0,11639.0,Partial
R305735,L205735,2024-07-01,21917.0,14827.0,Partial
R305736,L205736,2026-04-02,131583.0,121990.0,Partial
R305737,L205737,2024-08-24,4500.0,3050.0,Partial
R305738,L205738,2029-05-31,14542.0,13047.0,Partial
R305739,L205739,2023-07-01,23417.0,20655.0,Partial
R305740,L205740,2025-03-19,31833.0,20389.0,Partial
R305741,L205741,2025-07-22,13917.0,12710.0,Partial
R305742,L205742,2028-07-24,54881.0,41253.0,Partial
R305743,L205743,2025-02-10,138500.0,20944.0,Partial
R305744,L205744,2028-02-11,6571.0,5003.0,Partial
R305745,L205745,2028-02-03,30988.0,7784.0,Partial
R305746,L205746,2027-02-16,28274.0,26739.0,Partial
R305747,L205747,2027-01-07,50133.0,32768.0,Partial
R305748,L205748,2025-10-13,17583.0,11175.0,Partial
R305749,L205749,2024-12-25,298583.0,187077.0,Partial
R305750,L205750,2028-05-17,7798.0,6780.0,Partial
R305751,L205751,2026-09-18,6202.0,4174.0,Partial
R305752,L205752,2026-09-14,5604.0,3546.0,Partial
R305753,L205753,2025-02-21,46278.0,32561.0,Partial
R305754,L205754,2027-05-24,7792.0,7270.0,Partial
R305755,L205755,2026-06-26,3167.0,2345.0,Partial
R305756,L205756,2024-08-14,120528.0,99586.0,Partial
R305757,L205757,2026-04-26,14625.0,7740.0,Partial
R305758,L205758,2026-01-23,1417.0,1040.0,Partial
R305759,L205759,2028-06-28,2533.0,926.0,Partial
R305760,L205760,2024-08-07,5083.0,3352.0,Partial
R305761,L205761,2025-11-28,59042.0,47168.0,Partial
R305762,L205762,2025-05-15,5655.0,5201.0,Partial
R305763,L205763,2025-06-16,38167.0,20853.0,Partial
R305764,L205764,2027-10-14,24433.0,21997.0,Partial
R305765,L205765,2024-05-19,22694.0,17200.0,Partial
R305766,L205766,2025-01-25,76500.0,66623.0,Partial
R305767,L205767,2026-06-03,12933.0,10010.0,Partial
R305768,L205768,2024-04-19,16194.0,11391.0,Partial
R305769,L205769,2026-04-30,26958.0,18057.0,Partial
R305770,L205770,2028-02-29,8464.0,5226.0,Partial
R305771,L205771,2027-05-11,2683.0,1229.0,Partial
R305772,L205772,2024-09-19,10021.0,8636.0,Partial
R305773,L205773,2025-04-01,70917.0,52044.0,Partial
R305774,L205774,2025-09-23,17792.0,12931.0,Partial
R305775,L205775,2025-10-11,5167.0,4269.0,Partial
R305776,L205776,2028-02-27,5283.0,4632.0,Partial
R305777,L205777,2024-03-21,210833.0,131603.0,Partial
R305778,L205778,2026-07-18,183250.0,36037.0,Partial
R305779,L205779,2024-02-21,58500.0,38484.0,Partial
R305780,L205780,2027-02-13,24692.0,16198.0,Partial
R305781,L205781,2026-11-01,26417.0,22755.0,Partial
R305782,L205782,2024-02-07,8250.0,7613.0,Partial
R305783,L205783,2027-08-09,12183.0,3192.0,Partial
R305784,L205784,2026-09-14,39367.0,30694.0,Partial
R305785,L205785,2026-08-17,48667.0,33708.0,Partial
R305786,L205786,2025-10-26,51944.0,36271.0,Partial
R305787,L205787,2027-02-25,8444.0,6411.0,Partial
R305788,L205788,2027-04-24,3817.0,2890.0,Partial
R305789,L205789,2026-12-18,103500.0,62951.0,Partial
R305790,L205790,2025-03-18,95833.0,59231.0,Partial
R305791,L205791,2027-04-12,95500.0,73946.0,Partial
R305792,L205792,2024-12-21,17250.0,12559.0,Partial
R305793,L205793,2026-01-23,10417.0,8881.0,Partial
R305794,L205794,2024-01-02,18278.0,12800.0,Partial
R305795,L205795,2024-07-06,15188.0,11805.0,Partial
R305796,L205796,2027-09-02,6810.0,4920.0,Partial
R305797,L205797,2025-07-07,11893.0,7716.0,Partial
R305798,L205798,2024-05-25,42083.0,33081.0,Partial
R305799,L205799,2027-10-23,3092.0,1090.0,Partial
R305800,L205800,2024-10-05,21278.0,19470.0,Partial
R305801,L205801,2027-09-23,38726.0,32538.0,Partial
R305802,L205802,2025-08-23,119208.0,71687.0,Partial
R305803,L205803,2028-06-08,37758.0,25758.0,Partial
R305804,L205804,2025-02-21,10167.0,6986.0,Partial
R305805,L205805,2024-09-18,24417.0,22034.0,Partial
R305806,L205806,2023-11-05,106125.0,94433.0,Partial
R305807,L205807,2027-02-09,642.0,541.0,Partial
R305808,L205808,2025-06-02,48400.0,32138.0,Partial
R305809,L205809,2025-09-03,15250.0,14191.0,Partial
R305810,L205810,2028-02-03,23238.0,20784.0,Partial
R305811,L205811,2024-08-02,108833.0,93767.0,Partial
R305812,L205812,2025-12-10,10833.0,5029.0,Partial
R305813,L205813,2026-09-03,60542.0,60593.0,Paid
R305814,L205814,2025-11-11,10438.0,3963.0,Partial
R305815,L205815,2025-12-22,9821.0,6627.0,Partial
R305816,L205816,2025-12-05,20000.0,15715.0,Partial
R305817,L205817,2024-11-07,24583.0,22274.0,Partial
R305818,L205818,2026-12-07,23417.0,16512.0,Partial
R305819,L205819,2028-04-19,4560.0,3838.0,Partial
R305820,L205820,2025-05-27,8798.0,5972.0,Partial
R305821,L205821,2027-02-27,4833.0,3175.0,Partial
R305822,L205822,2024-07-07,81694.0,52905.0,Partial
R305823,L205823,2026-07-14,17917.0,1736.0,Partial
R305824,L205824,2027-06-27,56867.0,48961.0,Partial
R305825,L205825,2024-06-14,73750.0,62583.0,Partial
R305826,L205826,2028-01-16,3058.0,2126.0,Partial
R305827,L205827,2026-02-11,36972.0,27559.0,Partial
R305828,L205828,2027-11-30,13850.0,12534.0,Partial
R305829,L205829,2026-05-11,53167.0,32143.0,Partial
R305830,L205830,2026-03-26,35417.0,25472.0,Partial
R305831,L205831,2025-10-22,44354.0,40904.0,Partial
R305832,L205832,2026-09-10,22396.0,18908.0,Partial
R305833,L205833,2026-10-04,2267.0,1744.0,Partial
R305834,L205834,2028-03-10,617.0,110.0,Partial
R305835,L205835,2025-12-30,3929.0,2136.0,Partial
R305836,L205836,2024-09-12,12000.0,7518.0,Partial
R305837,L205837,2025-01-11,134833.0,90134.0,Partial
R305838,L205838,2027-04-19,6250.0,3389.0,Partial
R305839,L205839,2026-08-06,16250.0,10410.0,Partial
R305840,L205840,2025-09-14,14389.0,9728.0,Partial
R305841,L205841,2029-06-18,5208.0,4722.0,Partial
R305842,L205842,2025-04-30,6964.0,5209.0,Partial
R305843,L205843,2026-05-11,71958.0,49516.0,Partial
R305844,L205844,2024-05-06,74625.0,75202.0,Paid
R305845,L205845,2024-10-30,13583.0,11144.0,Partial
R305846,L205846,2026-06-14,23179.0,14220.0,Partial
R305847,L205847,2024-09-21,32972.0,27155.0,Partial
R305848,L205848,2025-04-03,34062.0,20553.0,Partial
R305849,L205849,2026-02-09,19708.0,12148.0,Partial
R305850,L205850,2023-06-03,11667.0,7267.0,Partial
R305851,L205851,2025-05-09,2217.0,1383.0,Partial
R305852,L205852,2026-03-22,6393.0,4323.0,Partial
R305853,L205853,2024-08-07,21667.0,13626.0,Partial
R305854,L205854,2027-08-03,6283.0,711.0,Partial
R305855,L205855,2026-09-27,5024.0,4255.0,Partial
R305856,L205856,2026-07-30,9783.0,6530.0,Partial
R305857,L205857,2025-11-24,11361.0,10757.0,Partial
R305858,L205858,2025-09-19,8583.0,7990.0,Partial
R305859,L205859,2025-03-14,11146.0,8259.0,Partial
R305860,L205860,2026-07-29,30800.0,28894.0,Partial
R305861,L205861,2028-12-25,40717.0,28355.0,Partial
R305862,L205862,2026-10-13,42021.0,32395.0,Partial
R305863,L205863,2028-06-09,22567.0,21386.0,Partial
R305864,L205864,2027-08-30,7107.0,7067.0,Partial
R305865,L205865,2026-08-20,13944.0,12873.0,Partial
R305866,L205866,2024-04-27,34771.0,27066.0,Partial
R305867,L205867,2026-11-06,12367.0,8460.0,Partial
R305868,L205868,2028-07-25,9690.0,7000.0,Partial
R305869,L205869,2026-05-18,6917.0,3331.0,Partial
R305870,L205870,2026-03-04,643.0,403.0,Partial
R305871,L205871,2028-03-22,47175.0,39564.0,Partial
R305872,L205872,2027-02-23,4683.0,4385.0,Partial
R305873,L205873,2023-10-03,65917.0,60283.0,Partial
R305874,L205874,2025-08-19,16367.0,14710.0,Partial
R305875,L205875,2025-06-13,1354.0,863.0,Partial
R305876,L205876,2027-02-23,13361.0,12500.0,Partial
R305877,L205877,2026-03-07,66800.0,40854.0,Partial
R305878,L205878,2029-01-18,9842.0,6971.0,Partial
R305879,L205879,2026-06-19,336333.0,131944.0,Partial
R305880,L205880,2026-09-26,23950.0,20795.0,Partial
R305881,L205881,2025-04-10,13292.0,12444.0,Partial
R305882,L205882,2026-04-08,7867.0,5381.0,Partial
R305883,L205883,2027-11-18,30012.0,25566.0,Partial
R305884,L205884,2026-05-17,1429.0,1239.0,Partial
R305885,L205885,2024-10-27,88917.0,85413.0,Partial
R305886,L205886,2025-06-01,9521.0,8346.0,Partial
R305887,L205887,2025-06-29,8783.0,6810.0,Partial
R305888,L205888,2025-09-17,46200.0,27972.0,Partial
R305889,L205889,2024-04-23,19222.0,15408.0,Partial
R305890,L205890,2029-02-13,5992.0,5340.0,Partial
R305891,L205891,2026-07-07,35208.0,26305.0,Partial
R305892,L205892,2027-07-16,1512.0,1076.0,Partial
R305893,L205893,2026-02-18,4792.0,4759.0,Partial
R305894,L205894,2026-08-21,67774.0,56117.0,Partial
R305895,L205895,2025-09-20,18556.0,13788.0,Partial
R305896,L205896,2027-11-28,33867.0,25765.0,Partial
R305897,L205897,2023-07-07,95750.0,82232.0,Partial
R305898,L205898,2025-03-23,26400.0,21204.0,Partial
R305899,L205899,2027-05-10,11717.0,9455.0,Partial
R305900,L205900,2024-11-23,4950.0,4178.0,Partial
R305901,L205901,2028-11-02,1725.0,1570.0,Partial
R305902,L205902,2027-06-30,7075.0,5387.0,Partial
R305903,L205903,2026-08-22,5438.0,3521.0,Partial
R305904,L205904,2027-11-14,89883.0,80671.0,Partial
R305905,L205905,2025-03-20,55250.0,41946.0,Partial
R305906,L205906,2023-05-29,110083.0,96799.0,Partial
R305907,L205907,2025-09-18,30056.0,26105.0,Partial
R305908,L205908,2023-12-04,20417.0,14591.0,Partial
R305909,L205909,2027-05-30,18167.0,13693.0,Partial
R305910,L205910,2024-10-11,25458.0,24067.0,Partial
R305911,L205911,2027-02-16,55944.0,44439.0,Partial
R305912,L205912,2027-11-20,14817.0,13811.0,Partial
R305913,L205913,2025-01-14,49139.0,46476.0,Partial
R305914,L205914,2024-10-14,25333.0,22157.0,Partial
R305915,L205915,2027-03-04,37271.0,22836.0,Partial
R305916,L205916,2028-07-06,8125.0,5777.0,Partial
R305917,L205917,2026-12-14,4440.0,1016.0,Partial
R305918,L205918,2026-06-30,15333.0,6010.0,Partial
R305919,L205919,2026-02-22,3202.0,2791.0,Partial
R305920,L205920,2027-07-03,16417.0,16504.0,Paid
R305921,L205921,2025-10-13,34033.0,27989.0,Partial
R305922,L205922,2026-07-31,21775.0,19898.0,Partial
R305923,L205923,2025-10-22,36900.0,30806.0,Partial
R305924,L205924,2026-10-10,11533.0,9709.0,Partial
R305925,L205925,2026-08-05,98917.0,66365.0,Partial
R305926,L205926,2024-03-06,4417.0,3125.0,Partial
R305927,L205927,2027-01-18,12000.0,8436.0,Partial
R305928,L205928,2026-12-06,25979.0,21101.0,Partial
R305929,L205929,2025-07-11,17375.0,11464.0,Partial
R305930,L205930,2027-12-08,9083.0,6012.0,Partial
R305931,L205931,2025-06-19,4095.0,3424.0,Partial
R305932,L205932,2026-11-05,5600.0,3464.0,Partial
R305933,L205933,2026-08-14,33861.0,22774.0,Partial
R305934,L205934,2025-07-23,44583.0,28832.0,Partial
R305935,L205935,2025-02-22,8200.0,7144.0,Partial
R305936,L205936,2024-02-12,29292.0,19702.0,Partial
R305937,L205937,2026-12-16,37896.0,30414.0,Partial
R305938,L205938,2025-07-16,105111.0,71087.0,Partial
R305939,L205939,2025-06-09,74722.0,60252.0,Partial
R305940,L205940,2025-03-08,66944.0,49159.0,Partial
R305941,L205941,2024-08-16,44438.0,33983.0,Partial
R305942,L205942,2028-07-23,48143.0,35931.0,Partial
R305943,L205943,2024-01-16,143167.0,108711.0,Partial
R305944,L205944,2027-07-25,28758.0,20204.0,Partial
R305945,L205945,2026-05-15,107333.0,100624.0,Partial
R305946,L205946,2024-06-24,18062.0,13895.0,Partial
R305947,L205947,2027-03-25,7714.0,3827.0,Partial
R305948,L205948,2027-12-30,5233.0,3327.0,Partial
R305949,L205949,2025-09-11,62583.0,41284.0,Partial
R305950,L205950,2027-08-16,2150.0,294.0,Partial
R305951,L205951,2024-08-21,27938.0,1615.0,Partial
R305952,L205952,2025-07-12,3729.0,2362.0,Partial
R305953,L205953,2025-07-05,1667.0,1041.0,Partial
R305954,L205954,2026-01-07,460917.0,428471.0,Partial
R305955,L205955,2024-10-25,66833.0,54079.0,Partial
R305956,L205956,2025-09-07,6583.0,5704.0,Partial
R305957,L205957,2026-03-11,1512.0,1125.0,Partial
R305958,L205958,2025-11-08,101611.0,85340.0,Partial
R305959,L205959,2027-05-05,4560.0,4312.0,Partial
R305960,L205960,2024-12-23,88583.0,75777.0,Partial
R305961,L205961,2026-08-31,10433.0,6368.0,Partial
R305962,L205962,2029-02-26,4017.0,230.0,Partial
R305963,L205963,2026-02-28,18750.0,11552.0,Partial
R305964,L205964,2025-03-12,71500.0,63363.0,Partial
R305965,L205965,2027-10-04,18750.0,14775.0,Partial
R305966,L205966,2027-07-13,24658.0,14926.0,Partial
R305967,L205967,2024-09-18,29200.0,23748.0,Partial
R305968,L205968,2025-11-06,173667.0,126655.0,Partial
R305969,L205969,2026-03-08,33583.0,28348.0,Partial
R305970,L205970,2023-10-28,44458.0,32791.0,Partial
R305971,L205971,2024-05-30,40167.0,33163.0,Partial
R305972,L205972,2025-07-16,3517.0,2301.0,Partial
R305973,L205973,2025-05-21,120833.0,73284.0,Partial
R305974,L205974,2027-03-24,1742.0,1602.0,Partial
R305975,L205975,2026-02-06,27792.0,24015.0,Partial
R305976,L205976,2025-03-13,326750.0,210900.0,Partial
R305977,L205977,2028-02-25,16476.0,12421.0,Partial
R305978,L205978,2026-05-26,33500.0,20477.0,Partial
R305979,L205979,2026-04-14,9655.0,2381.0,Partial
R305980,L205980,2026-06-18,16733.0,15008.0,Partial
R305981,L205981,2027-04-30,34655.0,26421.0,Partial
R305982,L205982,2027-10-16,4017.0,2422.0,Partial
R305983,L205983,2026-06-29,66417.0,57779.0,Partial
R305984,L205984,2024-03-14,24306.0,16096.0,Partial
R305985,L205985,2026-05-04,63167.0,51878.0,Partial
R305986,L205986,2027-10-31,2083.0,721.0,Partial
R305987,L205987,2027-06-28,5608.0,4390.0,Partial
R305988,L205988,2024-12-15,20611.0,15229.0,Partial
R305989,L205989,2024-06-12,10438.0,9076.0,Partial
R305990,L205990,2023-10-03,46333.0,38276.0,Partial
R305991,L205991,2024-02-05,29083.0,5637.0,Partial
R305992,L205992,2026-01-24,8833.0,7117.0,Partial
R305993,L205993,2026-07-11,30083.0,22516.0,Partial
R305994,L205994,2027-07-27,21200.0,15472.0,Partial
R305995,L205995,2024-05-15,133167.0,96596.0,Partial
R305996,L205996,2027-04-08,6308.0,4750.0,Partial
R305997,L205997,2027-05-03,43417.0,30248.0,Partial
R305998,L205998,2025-06-17,38792.0,2643.0,Partial
R305999,L205999,2024-07-03,32062.0,22310.0,Partial
R306000,L206000,2027-03-21,31017.0,10195.0,Partial
R306001,L206001,2026-08-08,2708.0,1706.0,Partial
R306002,L206002,2025-05-16,68179.0,56409.0,Partial
R306003,L206003,2028-05-04,4036.0,3242.0,Partial
R306004,L206004,2027-03-25,23639.0,7487.0,Partial
R306005,L206005,2025-08-27,31750.0,15384.0,Partial
R306006,L206006,2025-01-18,16056.0,14950.0,Partial
R306007,L206007,2026-10-29,5808.0,4799.0,Partial
R306008,L206008,2027-11-11,6300.0,5862.0,Partial
R306009,L206009,2026-01-07,22146.0,13712.0,Partial
R306010,L206010,2024-02-25,65861.0,56423.0,Partial
R306011,L206011,2026-10-26,29550.0,22426.0,Partial
R306012,L206012,2023-10-24,76625.0,54984.0,Partial
R306013,L206013,2024-12-11,372083.0,323676.0,Partial
R306014,L206014,2023-09-11,119417.0,74859.0,Partial
R306015,L206015,2026-06-12,7842.0,6454.0,Partial
R306016,L206016,2025-09-12,10250.0,9603.0,Partial
R306017,L206017,2027-03-27,20798.0,13372.0,Partial
R306018,L206018,2027-05-05,13271.0,10995.0,Partial
R306019,L206019,2024-03-03,43361.0,35958.0,Partial
R306020,L206020,2027-12-24,6683.0,4915.0,Partial
R306021,L206021,2028-10-16,40500.0,34336.0,Partial
R306022,L206022,2025-09-17,10667.0,8033.0,Partial
R306023,L206023,2028-12-07,11450.0,8263.0,Partial
R306024,L206024,2025-02-20,16708.0,14963.0,Partial
R306025,L206025,2023-05-09,23583.0,16424.0,Partial
R306026,L206026,2024-03-14,6667.0,6003.0,Partial
R306027,L206027,2025-05-10,22583.0,17567.0,Partial
R306028,L206028,2028-05-02,4333.0,4170.0,Partial
R306029,L206029,2023-10-28,45750.0,33696.0,Partial
R306030,L206030,2026-12-19,26155.0,16045.0,Partial
R306031,L206031,2026-03-30,3250.0,2208.0,Partial
R306032,L206032,2025-11-20,2167.0,1905.0,Partial
R306033,L206033,2025-12-11,3488.0,2455.0,Partial
R306034,L206034,2026-07-27,15792.0,12282.0,Partial
R306035,L206035,2026-05-27,18604.0,15461.0,Partial
R306036,L206036,2024-08-13,12000.0,10427.0,Partial
R306037,L206037,2028-12-31,4983.0,3001.0,Partial
R306038,L206038,2027-04-17,28467.0,10998.0,Partial
R306039,L206039,2024-08-26,99271.0,72613.0,Partial
R306040,L206040,2025-04-18,69833.0,51428.0,Partial
R306041,L206041,2025-05-25,37250.0,34066.0,Partial
R306042,L206042,2025-12-18,4095.0,3808.0,Partial
R306043,L206043,2026-11-20,6192.0,4438.0,Partial
R306044,L206044,2026-10-27,42683.0,30439.0,Partial
R306045,L206045,2025-05-23,9688.0,6429.0,Partial
R306046,L206046,2027-02-16,3033.0,2642.0,Partial
R306047,L206047,2026-12-16,7367.0,4629.0,Partial
R306048,L206048,2026-05-06,244583.0,223236.0,Partial
R306049,L206049,2025-10-28,8104.0,6399.0,Partial
R306050,L206050,2027-01-08,3562.0,3439.0,Partial
R306051,L206051,2026-04-25,12233.0,10941.0,Partial
R306052,L206052,2027-11-02,13850.0,10353.0,Partial
R306053,L206053,2025-04-03,46750.0,29176.0,Partial
R306054,L206054,2026-10-05,47042.0,41376.0,Partial
R306055,L206055,2026-02-07,51917.0,33246.0,Partial
R306056,L206056,2027-08-25,24250.0,22971.0,Partial
R306057,L206057,2025-08-13,17562.0,12785.0,Partial
R306058,L206058,2025-06-25,6333.0,4848.0,Partial
R306059,L206059,2026-05-02,4442.0,3754.0,Partial
R306060,L206060,2025-05-13,174083.0,137147.0,Partial
R306061,L206061,2025-10-27,6028.0,4465.0,Partial
R306062,L206062,2024-12-10,12625.0,12638.0,Paid
R306063,L206063,2025-01-10,67583.0,62709.0,Partial
R306064,L206064,2027-06-26,13917.0,4071.0,Partial
R306065,L206065,2027-04-09,23250.0,20256.0,Partial
R306066,L206066,2028-07-29,7893.0,6549.0,Partial
R306067,L206067,2024-10-22,41333.0,25607.0,Partial
R306068,L206068,2025-10-11,31750.0,19513.0,Partial
R306069,L206069,2029-01-04,5425.0,4091.0,Partial
R306070,L206070,2026-07-21,151528.0,124912.0,Partial
R306071,L206071,2027-06-14,40892.0,35862.0,Partial
R306072,L206072,2026-07-21,5000.0,4027.0,Partial
R306073,L206073,2026-06-23,5500.0,3685.0,Partial
R306074,L206074,2026-08-07,10883.0,8209.0,Partial
R306075,L206075,2023-11-12,133000.0,84655.0,Partial
R306076,L206076,2025-07-27,26667.0,18014.0,Partial
R306077,L206077,2027-09-26,6133.0,4649.0,Partial
R306078,L206078,2026-09-20,10417.0,7707.0,Partial
R306079,L206079,2026-02-08,23694.0,21856.0,Partial
R306080,L206080,2027-04-16,12655.0,7681.0,Partial
R306081,L206081,2027-01-03,24222.0,15342.0,Partial
R306082,L206082,2025-02-07,65167.0,60590.0,Partial
R306083,L206083,2025-08-26,17438.0,12437.0,Partial
R306084,L206084,2024-12-03,21125.0,14795.0,Partial
R306085,L206085,2025-01-17,95333.0,89972.0,Partial
R306086,L206086,2027-01-04,7500.0,5190.0,Partial
R306087,L206087,2026-06-24,28917.0,19634.0,Partial
R306088,L206088,2027-09-03,13167.0,8714.0,Partial
R306089,L206089,2025-07-28,14333.0,13510.0,Partial
R306090,L206090,2026-09-22,12292.0,9957.0,Partial
R306091,L206091,2027-03-09,6650.0,4790.0,Partial
R306092,L206092,2026-08-29,28083.0,21568.0,Partial
R306093,L206093,2024-01-09,22375.0,18973.0,Partial
R306094,L206094,2024-12-03,13850.0,10642.0,Partial
R306095,L206095,2026-01-03,88042.0,77576.0,Partial
R306096,L206096,2024-01-10,38500.0,27566.0,Partial
R306097,L206097,2028-12-24,19525.0,11818.0,Partial
R306098,L206098,2027-09-15,6017.0,3909.0,Partial
R306099,L206099,2026-04-19,20417.0,4116.0,Partial
R306100,L206100,2024-05-25,15000.0,3818.0,Partial
R306101,L206101,2025-08-09,19896.0,18405.0,Partial
R306102,L206102,2024-06-22,23056.0,15436.0,Partial
R306103,L206103,2025-08-04,35583.0,23215.0,Partial
R306104,L206104,2023-08-06,57667.0,46764.0,Partial
R306105,L206105,2026-03-16,2452.0,2153.0,Partial
R306106,L206106,2025-04-12,15542.0,6917.0,Partial
R306107,L206107,2025-05-01,29375.0,21318.0,Partial
R306108,L206108,2024-09-05,11633.0,8609.0,Partial
R306109,L206109,2024-05-10,33083.0,25209.0,Partial
R306110,L206110,2026-09-20,36646.0,34108.0,Partial
R306111,L206111,2026-08-23,5750.0,2940.0,Partial
R306112,L206112,2027-04-09,44357.0,28310.0,Partial
R306113,L206113,2027-06-20,18900.0,14919.0,Partial
R306114,L206114,2025-08-27,10833.0,8787.0,Partial
R306115,L206115,2029-03-03,10900.0,9623.0,Partial
R306116,L206116,2027-11-20,30300.0,26745.0,Partial
R306117,L206117,2026-05-18,37300.0,26855.0,Partial
R306118,L206118,2025-03-29,114625.0,97348.0,Partial
R306119,L206119,2024-09-11,34792.0,28213.0,Partial
R306120,L206120,2029-02-21,44675.0,42026.0,Partial
R306121,L206121,2027-11-14,65262.0,46315.0,Partial
R306122,L206122,2025-12-03,22548.0,21373.0,Partial
R306123,L206123,2025-10-18,49125.0,35507.0,Partial
R306124,L206124,2024-07-11,27583.0,20863.0,Partial
R306125,L206125,2027-07-26,96604.0,60952.0,Partial
R306126,L206126,2024-05-29,195500.0,147060.0,Partial
R306127,L206127,2024-08-04,25417.0,2396.0,Partial
R306128,L206128,2026-11-29,10875.0,8252.0,Partial
R306129,L206129,2027-04-19,8060.0,5167.0,Partial
R306130,L206130,2026-08-22,13792.0,10018.0,Partial
R306131,L206131,2026-04-05,132417.0,14305.0,Partial
R306132,L206132,2026-02-12,46350.0,42069.0,Partial
R306133,L206133,2026-02-03,6483.0,5905.0,Partial
R306134,L206134,2026-02-07,26250.0,15760.0,Partial
R306135,L206135,2025-11-21,23000.0,22848.0,Partial
R306136,L206136,2024-06-03,104917.0,80012.0,Partial
R306137,L206137,2028-02-23,13108.0,11816.0,Partial
R306138,L206138,2025-12-07,16333.0,13509.0,Partial
R306139,L206139,2026-05-11,25292.0,19437.0,Partial
R306140,L206140,2023-11-11,73500.0,54240.0,Partial
R306141,L206141,2024-12-04,413667.0,332392.0,Partial
R306142,L206142,2025-07-19,23042.0,17628.0,Partial
R306143,L206143,2027-02-21,72000.0,54704.0,Partial
R306144,L206144,2026-01-11,15607.0,6474.0,Partial
R306145,L206145,2026-05-09,10438.0,9287.0,Partial
R306146,L206146,2027-03-23,35095.0,22561.0,Partial
R306147,L206147,2027-02-13,46611.0,33898.0,Partial
R306148,L206148,2025-09-21,11729.0,10780.0,Partial
R306149,L206149,2026-11-18,1925.0,1801.0,Partial
R306150,L206150,2026-06-24,12067.0,10403.0,Partial
R306151,L206151,2029-02-04,4408.0,2883.0,Partial
R306152,L206152,2025-10-30,21060.0,12742.0,Partial
R306153,L206153,2025-09-06,15333.0,5540.0,Partial
R306154,L206154,2024-12-28,245583.0,28095.0,Partial
R306155,L206155,2025-12-10,53750.0,47661.0,Partial
R306156,L206156,2026-05-04,29679.0,27624.0,Partial
R306157,L206157,2028-02-08,10762.0,9959.0,Partial
R306158,L206158,2025-10-09,6679.0,6319.0,Partial
R306159,L206159,2027-01-15,8060.0,5615.0,Partial
R306160,L206160,2026-12-11,12988.0,11901.0,Partial
R306161,L206161,2024-03-31,169833.0,117713.0,Partial
R306162,L206162,2024-06-10,76861.0,65110.0,Partial
R306163,L206163,2029-05-21,3783.0,3015.0,Partial
R306164,L206164,2025-09-19,53917.0,37571.0,Partial
R306165,L206165,2026-05-18,222083.0,134376.0,Partial
R306166,L206166,2024-09-19,39792.0,28040.0,Partial
R306167,L206167,2026-02-05,60750.0,50114.0,Partial
R306168,L206168,2027-01-31,6429.0,5053.0,Partial
R306169,L206169,2026-08-16,5988.0,5138.0,Partial
R306170,L206170,2026-11-21,4119.0,3229.0,Partial
R306171,L206171,2025-06-24,10250.0,7641.0,Partial
R306172,L206172,2025-01-31,8817.0,7969.0,Partial
R306173,L206173,2026-07-06,17479.0,15600.0,Partial
R306174,L206174,2026-03-20,10369.0,7780.0,Partial
R306175,L206175,2026-05-21,16200.0,13934.0,Partial
R306176,L206176,2025-02-27,52167.0,42378.0,Partial
R306177,L206177,2029-07-24,17942.0,17975.0,Paid
R306178,L206178,2027-01-20,18208.0,13358.0,Partial
R306179,L206179,2024-04-07,16375.0,14295.0,Partial
R306180,L206180,2024-03-07,17444.0,13686.0,Partial
R306181,L206181,2028-06-23,1310.0,1219.0,Partial
R306182,L206182,2024-12-10,10783.0,7039.0,Partial
R306183,L206183,2028-08-19,20125.0,9996.0,Partial
R306184,L206184,2025-12-12,214417.0,198412.0,Partial
R306185,L206185,2027-02-28,42500.0,36573.0,Partial
R306186,L206186,2024-10-09,8958.0,8104.0,Partial
R306187,L206187,2026-06-12,7488.0,4876.0,Partial
R306188,L206188,2024-03-04,34417.0,27639.0,Partial
R306189,L206189,2023-11-19,13083.0,12653.0,Partial
R306190,L206190,2025-01-25,3021.0,2525.0,Partial
R306191,L206191,2026-12-13,467.0,442.0,Partial
R306192,L206192,2029-06-22,6642.0,6045.0,Partial
R306193,L206193,2025-07-31,17278.0,16296.0,Partial
R306194,L206194,2025-01-02,70583.0,61487.0,Partial
R306195,L206195,2025-09-18,30250.0,18545.0,Partial
R306196,L206196,2026-10-25,3825.0,2616.0,Partial
R306197,L206197,2027-11-21,14000.0,5102.0,Partial
R306198,L206198,2025-12-23,23033.0,16885.0,Partial
R306199,L206199,2025-04-29,55167.0,46504.0,Partial
R306200,L206200,2027-02-21,6875.0,6281.0,Partial
R306201,L206201,2025-08-16,4933.0,2996.0,Partial
R306202,L206202,2025-11-08,20381.0,13016.0,Partial
R306203,L206203,2025-08-22,23583.0,16118.0,Partial
R306204,L206204,2027-03-15,7972.0,5005.0,Partial
R306205,L206205,2023-05-23,124667.0,85126.0,Partial
R306206,L206206,2025-10-11,10938.0,7289.0,Partial
R306207,L206207,2026-08-01,26583.0,22483.0,Partial
R306208,L206208,2025-08-07,54167.0,37026.0,Partial
R306209,L206209,2028-09-19,4358.0,3504.0,Partial
R306210,L206210,2027-04-08,74396.0,64958.0,Partial
R306211,L206211,2026-02-20,3202.0,2244.0,Partial
R306212,L206212,2024-12-27,93854.0,88929.0,Partial
R306213,L206213,2026-03-21,1333.0,908.0,Partial
R306214,L206214,2025-09-20,8262.0,6082.0,Partial
R306215,L206215,2026-03-24,9683.0,8124.0,Partial
R306216,L206216,2025-03-03,12375.0,8140.0,Partial
R306217,L206217,2024-09-08,72083.0,51452.0,Partial
R306218,L206218,2025-12-31,19542.0,16119.0,Partial
R306219,L206219,2025-10-16,6345.0,5564.0,Partial
R306220,L206220,2024-11-29,14333.0,12991.0,Partial
R306221,L206221,2026-11-12,24783.0,17137.0,Partial
R306222,L206222,2026-11-27,988.0,622.0,Partial
R306223,L206223,2027-06-16,8017.0,7085.0,Partial
R306224,L206224,2024-05-19,26875.0,21934.0,Partial
R306225,L206225,2025-04-29,11722.0,10081.0,Partial
R306226,L206226,2023-05-06,83833.0,51420.0,Partial
R306227,L206227,2023-11-11,18000.0,6982.0,Partial
R306228,L206228,2026-08-21,18536.0,2980.0,Partial
R306229,L206229,2024-02-26,124250.0,115534.0,Partial
R306230,L206230,2024-06-24,23750.0,15837.0,Partial
R306231,L206231,2029-06-09,3333.0,3147.0,Partial
R306232,L206232,2026-04-04,69583.0,50604.0,Partial
R306233,L206233,2025-05-31,38806.0,33392.0,Partial
R306234,L206234,2026-06-15,162083.0,137429.0,Partial
R306235,L206235,2024-08-04,5000.0,3523.0,Partial
R306236,L206236,2026-09-12,32083.0,27221.0,Partial
R306237,L206237,2027-07-10,11300.0,9733.0,Partial
R306238,L206238,2024-11-09,4750.0,1298.0,Partial
R306239,L206239,2026-04-29,22972.0,15369.0,Partial
R306240,L206240,2026-03-30,7643.0,3489.0,Partial
R306241,L206241,2027-06-27,18854.0,16410.0,Partial
R306242,L206242,2026-03-26,26750.0,12784.0,Partial
R306243,L206243,2024-09-12,135139.0,111484.0,Partial
R306244,L206244,2026-08-17,6333.0,5121.0,Partial
R306245,L206245,2027-08-05,5500.0,3669.0,Partial
R306246,L206246,2026-10-04,8417.0,7926.0,Partial
R306247,L206247,2028-07-22,5500.0,4949.0,Partial
R306248,L206248,2026-03-11,7861.0,5746.0,Partial
R306249,L206249,2026-07-29,13806.0,12394.0,Partial
R306250,L206250,2025-08-01,10100.0,7718.0,Partial
R306251,L206251,2025-06-04,14479.0,10479.0,Partial
R306252,L206252,2026-10-23,42562.0,26274.0,Partial
R306253,L206253,2026-10-09,21933.0,18308.0,Partial
R306254,L206254,2025-02-13,16542.0,13569.0,Partial
R306255,L206255,2023-11-07,39750.0,36219.0,Partial
R306256,L206256,2025-10-18,63333.0,46250.0,Partial
R306257,L206257,2027-06-21,16267.0,12510.0,Partial
R306258,L206258,2024-08-25,41833.0,31265.0,Partial
R306259,L206259,2028-01-12,23369.0,18910.0,Partial
R306260,L206260,2028-02-20,6488.0,5134.0,Partial
R306261,L206261,2026-12-11,8267.0,6290.0,Partial
R306262,L206262,2027-11-23,86233.0,62718.0,Partial
R306263,L206263,2027-03-10,13250.0,9586.0,Partial
R306264,L206264,2024-05-19,43167.0,29598.0,Partial
R306265,L206265,2028-04-03,56143.0,40581.0,Partial
R306266,L206266,2027-02-10,7524.0,6327.0,Partial
R306267,L206267,2025-11-25,9083.0,7248.0,Partial
R306268,L206268,2026-01-30,4131.0,2623.0,Partial
R306269,L206269,2025-08-06,81667.0,76985.0,Partial
R306270,L206270,2026-04-15,125417.0,105057.0,Partial
R306271,L206271,2024-04-28,13417.0,4857.0,Partial
R306272,L206272,2025-12-06,22062.0,13822.0,Partial
R306273,L206273,2027-07-28,23150.0,21154.0,Partial
R306274,L206274,2026-11-21,13583.0,11500.0,Partial
R306275,L206275,2025-10-04,7771.0,6835.0,Partial
R306276,L206276,2028-03-19,8095.0,5496.0,Partial
R306277,L206277,2026-10-17,10500.0,6819.0,Partial
R306278,L206278,2024-07-21,118458.0,104452.0,Partial
R306279,L206279,2027-10-12,3983.0,2742.0,Partial
R306280,L206280,2025-09-10,6905.0,4729.0,Partial
R306281,L206281,2026-04-21,2775.0,2220.0,Partial
R306282,L206282,2026-09-05,93967.0,76924.0,Partial
R306283,L206283,2024-08-26,7033.0,5710.0,Partial
R306284,L206284,2024-09-13,236875.0,213034.0,Partial
R306285,L206285,2025-03-21,14000.0,12445.0,Partial
R306286,L206286,2027-02-13,6517.0,1370.0,Partial
R306287,L206287,2025-06-08,6083.0,4980.0,Partial
R306288,L206288,2027-02-03,3857.0,2975.0,Partial
R306289,L206289,2025-11-14,94000.0,64247.0,Partial
R306290,L206290,2026-05-30,9217.0,7447.0,Partial
R306291,L206291,2025-10-25,119417.0,90423.0,Partial
R306292,L206292,2026-01-30,28521.0,17368.0,Partial
R306293,L206293,2025-08-04,116500.0,74312.0,Partial
R306294,L206294,2025-08-11,9450.0,7002.0,Partial
R306295,L206295,2025-05-23,10833.0,1941.0,Partial
R306296,L206296,2025-02-25,14300.0,10897.0,Partial
R306297,L206297,2026-05-09,3017.0,1937.0,Partial
R306298,L206298,2023-12-07,188083.0,81153.0,Partial
R306299,L206299,2028-05-04,6233.0,5605.0,Partial
R306300,L206300,2026-05-09,14417.0,12572.0,Partial
R306301,L206301,2026-03-27,198083.0,170693.0,Partial
R306302,L206302,2027-10-28,5358.0,4943.0,Partial
R306303,L206303,2028-07-23,35250.0,28711.0,Partial
R306304,L206304,2026-11-04,23107.0,17056.0,Partial
R306305,L206305,2027-08-24,9143.0,8410.0,Partial
R306306,L206306,2026-07-16,16917.0,7651.0,Partial
R306307,L206307,2025-09-22,9833.0,7264.0,Partial
R306308,L206308,2029-04-20,975.0,838.0,Partial
R306309,L206309,2025-03-22,79167.0,66428.0,Partial
R306310,L206310,2023-07-17,194500.0,123128.0,Partial
R306311,L206311,2024-12-14,41083.0,7495.0,Partial
R306312,L206312,2027-04-07,8833.0,7733.0,Partial
R306313,L206313,2027-06-07,33238.0,12162.0,Partial
R306314,L206314,2024-10-19,159444.0,108517.0,Partial
R306315,L206315,2027-03-25,14175.0,11979.0,Partial
R306316,L206316,2026-01-11,15333.0,9471.0,Partial
R306317,L206317,2026-08-11,14861.0,12018.0,Partial
R306318,L206318,2024-11-19,57083.0,42565.0,Partial
R306319,L206319,2025-06-24,42806.0,37294.0,Partial
R306320,L206320,2023-10-22,125167.0,114371.0,Partial
R306321,L206321,2025-08-11,26750.0,20278.0,Partial
R306322,L206322,2029-05-16,8483.0,5165.0,Partial
R306323,L206323,2024-01-31,1750.0,661.0,Partial
R306324,L206324,2028-02-13,2175.0,1673.0,Partial
R306325,L206325,2026-10-13,45167.0,3636.0,Partial
R306326,L206326,2024-10-21,46625.0,42282.0,Partial
R306327,L206327,2029-03-27,14183.0,10897.0,Partial
R306328,L206328,2029-03-19,13633.0,9650.0,Partial
R306329,L206329,2024-09-17,34167.0,25185.0,Partial
R306330,L206330,2027-03-28,3017.0,1944.0,Partial
R306331,L206331,2024-10-05,17778.0,13207.0,Partial
R306332,L206332,2023-07-16,84083.0,53431.0,Partial
R306333,L206333,2025-04-24,23125.0,17094.0,Partial
R306334,L206334,2024-08-16,58417.0,48956.0,Partial
R306335,L206335,2027-08-06,27650.0,6622.0,Partial
R306336,L206336,2026-08-21,10500.0,7907.0,Partial
R306337,L206337,2027-07-05,16396.0,14189.0,Partial
R306338,L206338,2026-02-28,73000.0,47566.0,Partial
R306339,L206339,2026-05-06,6354.0,5761.0,Partial
R306340,L206340,2025-11-14,8458.0,908.0,Partial
R306341,L206341,2025-08-21,5542.0,4946.0,Partial
R306342,L206342,2025-12-28,4125.0,3800.0,Partial
R306343,L206343,2024-07-13,10292.0,9176.0,Partial
R306344,L206344,2027-01-15,762.0,610.0,Partial
R306345,L206345,2024-07-28,31750.0,20786.0,Partial
R306346,L206346,2025-11-15,9917.0,9199.0,Partial
R306347,L206347,2026-03-07,65667.0,40802.0,Partial
R306348,L206348,2024-08-02,18708.0,13582.0,Partial
R306349,L206349,2027-05-01,14450.0,13425.0,Partial
R306350,L206350,2024-10-31,28938.0,25730.0,Partial
R306351,L206351,2027-07-13,14875.0,11434.0,Partial
R306352,L206352,2028-08-31,5842.0,3921.0,Partial
R306353,L206353,2029-04-14,10108.0,8620.0,Partial
R306354,L206354,2026-08-25,21167.0,19357.0,Partial
R306355,L206355,2028-09-02,17275.0,8869.0,Partial
R306356,L206356,2024-12-15,65833.0,63443.0,Partial
R306357,L206357,2025-03-04,44167.0,13157.0,Partial
R306358,L206358,2025-01-25,58778.0,44060.0,Partial
R306359,L206359,2026-05-25,42625.0,34508.0,Partial
R306360,L206360,2027-04-19,26155.0,18660.0,Partial
R306361,L206361,2025-07-06,4357.0,3174.0,Partial
R306362,L206362,2024-01-22,12167.0,9484.0,Partial
R306363,L206363,2025-01-15,32483.0,28971.0,Partial
R306364,L206364,2026-07-07,16483.0,14855.0,Partial
R306365,L206365,2029-07-05,4217.0,2982.0,Partial
R306366,L206366,2025-07-11,11278.0,9006.0,Partial
R306367,L206367,2024-06-19,17375.0,17750.0,Paid
R306368,L206368,2025-06-09,8444.0,7342.0,Partial
R306369,L206369,2025-08-27,466750.0,293306.0,Partial
R306370,L206370,2025-04-21,19952.0,12928.0,Partial
R306371,L206371,2028-06-11,6592.0,6488.0,Partial
R306372,L206372,2026-10-03,17208.0,10464.0,Partial
R306373,L206373,2029-05-09,3400.0,2664.0,Partial
R306374,L206374,2025-03-19,11367.0,9316.0,Partial
R306375,L206375,2027-11-13,48900.0,32330.0,Partial
R306376,L206376,2024-09-07,22042.0,20918.0,Partial
R306377,L206377,2025-03-15,167042.0,53628.0,Partial
R306378,L206378,2026-07-27,9964.0,9978.0,Paid
R306379,L206379,2025-11-09,27542.0,24543.0,Partial
R306380,L206380,2028-11-04,20800.0,17314.0,Partial
R306381,L206381,2027-04-21,13179.0,9496.0,Partial
R306382,L206382,2026-03-03,5792.0,3909.0,Partial
R306383,L206383,2027-07-17,9583.0,5979.0,Partial
R306384,L206384,2025-05-04,70292.0,58428.0,Partial
R306385,L206385,2027-03-13,17833.0,14627.0,Partial
R306386,L206386,2025-02-18,20417.0,7772.0,Partial
R306387,L206387,2024-07-15,15167.0,11766.0,Partial
R306388,L206388,2027-10-13,3392.0,3371.0,Partial
R306389,L206389,2026-06-25,9633.0,8398.0,Partial
R306390,L206390,2024-09-22,4967.0,3374.0,Partial
R306391,L206391,2024-08-14,91583.0,84288.0,Partial
R306392,L206392,2027-03-14,3225.0,2164.0,Partial
R306393,L206393,2025-11-05,151958.0,136359.0,Partial
R306394,L206394,2027-07-25,26692.0,23083.0,Partial
R306395,L206395,2024-10-05,7729.0,5036.0,Partial
R306396,L206396,2028-02-09,45333.0,38670.0,Partial
R306397,L206397,2025-10-30,18083.0,11303.0,Partial
R306398,L206398,2025-10-27,50708.0,41289.0,Partial
R306399,L206399,2025-10-08,4417.0,3345.0,Partial
R306400,L206400,2027-07-24,46938.0,41632.0,Partial
R306401,L206401,2026-09-03,23850.0,21841.0,Partial
R306402,L206402,2025-04-28,29208.0,1876.0,Partial
R306403,L206403,2024-11-27,23306.0,21667.0,Partial
R306404,L206404,2026-07-10,10458.0,9378.0,Partial
R306405,L206405,2024-09-06,17417.0,15216.0,Partial
R306406,L206406,2027-02-21,46222.0,29653.0,Partial
R306407,L206407,2026-03-28,80111.0,60851.0,Partial
R306408,L206408,2027-03-15,27025.0,26439.0,Partial
R306409,L206409,2027-01-26,28694.0,21515.0,Partial
R306410,L206410,2026-02-18,19983.0,17971.0,Partial
R306411,L206411,2027-05-04,17893.0,16403.0,Partial
R306412,L206412,2027-09-02,50821.0,41377.0,Partial
R306413,L206413,2026-06-18,35229.0,21591.0,Partial
R306414,L206414,2027-02-27,14786.0,11279.0,Partial
R306415,L206415,2026-09-21,97979.0,67528.0,Partial
R306416,L206416,2027-04-01,5104.0,4003.0,Partial
R306417,L206417,2024-11-07,13354.0,10358.0,Partial
R306418,L206418,2025-11-05,29472.0,25821.0,Partial
R306419,L206419,2025-12-24,54806.0,33806.0,Partial
R306420,L206420,2028-04-30,4083.0,2466.0,Partial
R306421,L206421,2025-03-22,213167.0,116205.0,Partial
R306422,L206422,2024-06-22,9056.0,8312.0,Partial
R306423,L206423,2026-10-27,49396.0,33546.0,Partial
R306424,L206424,2026-12-15,71708.0,51661.0,Partial
R306425,L206425,2026-05-31,10125.0,8791.0,Partial
R306426,L206426,2024-05-10,21750.0,16920.0,Partial
R306427,L206427,2025-02-19,16983.0,13813.0,Partial
R306428,L206428,2024-10-20,13500.0,8234.0,Partial
R306429,L206429,2025-01-23,42667.0,38654.0,Partial
R306430,L206430,2024-09-05,17083.0,11200.0,Partial
R306431,L206431,2027-02-27,9667.0,8293.0,Partial
R306432,L206432,2028-03-11,20508.0,12772.0,Partial
R306433,L206433,2024-05-13,61500.0,58324.0,Partial
R306434,L206434,2024-12-10,17611.0,16133.0,Partial
R306435,L206435,2026-10-11,46774.0,42678.0,Partial
R306436,L206436,2024-06-16,5222.0,3183.0,Partial
R306437,L206437,2024-09-11,196250.0,135218.0,Partial
R306438,L206438,2025-05-24,135500.0,128163.0,Partial
R306439,L206439,2026-02-27,59850.0,49075.0,Partial
R306440,L206440,2025-12-01,29438.0,19108.0,Partial
R306441,L206441,2026-05-18,23458.0,18646.0,Partial
R306442,L206442,2026-07-20,2655.0,2456.0,Partial
R306443,L206443,2024-01-25,27708.0,25614.0,Partial
R306444,L206444,2026-05-27,37433.0,25240.0,Partial
R306445,L206445,2026-11-09,9158.0,6823.0,Partial
R306446,L206446,2026-02-27,40833.0,28805.0,Partial
R306447,L206447,2024-10-29,22667.0,14023.0,Partial
R306448,L206448,2026-05-14,10667.0,9915.0,Partial
R306449,L206449,2026-10-14,26857.0,22525.0,Partial
R306450,L206450,2025-08-12,32833.0,28052.0,Partial
R306451,L206451,2028-03-18,34214.0,21984.0,Partial
R306452,L206452,2027-05-07,14700.0,10398.0,Partial
R306453,L206453,2025-11-11,5655.0,4474.0,Partial
R306454,L206454,2028-02-19,7750.0,5707.0,Partial
R306455,L206455,2025-09-12,82717.0,76897.0,Partial
R306456,L206456,2027-07-10,17608.0,15330.0,Partial
R306457,L206457,2028-01-10,9500.0,6972.0,Partial
R306458,L206458,2024-02-24,78708.0,78077.0,Partial
R306459,L206459,2024-09-05,298083.0,245032.0,Partial
R306460,L206460,2024-01-14,8208.0,7615.0,Partial
R306461,L206461,2026-03-03,77562.0,58344.0,Partial
R306462,L206462,2026-01-31,41806.0,34624.0,Partial
R306463,L206463,2027-03-19,22988.0,21206.0,Partial
R306464,L206464,2027-09-20,8450.0,7694.0,Partial
R306465,L206465,2025-12-28,50333.0,42206.0,Partial
R306466,L206466,2025-06-05,34476.0,31856.0,Partial
R306467,L206467,2025-04-28,8400.0,6906.0,Partial
R306468,L206468,2026-12-07,12881.0,8641.0,Partial
R306469,L206469,2025-10-25,24292.0,15195.0,Partial
R306470,L206470,2024-08-16,16722.0,10678.0,Partial
R306471,L206471,2025-05-23,35250.0,23406.0,Partial
R306472,L206472,2027-01-17,2167.0,1815.0,Partial
R306473,L206473,2025-02-24,162417.0,110945.0,Partial
R306474,L206474,2027-06-16,13233.0,8177.0,Partial
R306475,L206475,2025-07-25,9833.0,6229.0,Partial
R306476,L206476,2025-11-30,378500.0,166300.0,Partial
R306477,L206477,2026-08-11,22083.0,17530.0,Partial
R306478,L206478,2029-06-23,3733.0,2689.0,Partial
R306479,L206479,2026-01-28,9861.0,4055.0,Partial
R306480,L206480,2025-04-01,36167.0,15695.0,Partial
R306481,L206481,2024-04-26,13875.0,12423.0,Partial
R306482,L206482,2025-07-05,80833.0,75775.0,Partial
R306483,L206483,2025-09-20,21750.0,19063.0,Partial
R306484,L206484,2027-04-08,117938.0,110651.0,Partial
R306485,L206485,2025-12-11,82222.0,40835.0,Partial
R306486,L206486,2026-08-10,2604.0,2384.0,Partial
R306487,L206487,2027-04-24,9271.0,5919.0,Partial
R306488,L206488,2027-06-26,25833.0,19174.0,Partial
R306489,L206489,2024-09-16,37111.0,7586.0,Partial
R306490,L206490,2026-02-08,39583.0,33307.0,Partial
R306491,L206491,2026-07-24,22778.0,15493.0,Partial
R306492,L206492,2023-10-09,40083.0,39201.0,Partial
R306493,L206493,2027-05-03,16650.0,11785.0,Partial
R306494,L206494,2025-10-15,42131.0,3763.0,Partial
R306495,L206495,2024-07-11,119500.0,109106.0,Partial
R306496,L206496,2027-02-11,73333.0,67978.0,Partial
R306497,L206497,2023-10-13,29250.0,20146.0,Partial
R306498,L206498,2023-07-03,58583.0,49284.0,Partial
R306499,L206499,2027-10-17,49869.0,42184.0,Partial
R306500,L206500,2028-12-11,22517.0,15258.0,Partial
R306501,L206501,2025-10-22,78750.0,31625.0,Partial
R306502,L206502,2027-10-23,2042.0,1912.0,Partial
R306503,L206503,2026-03-02,59750.0,41262.0,Partial
R306504,L206504,2026-04-04,41583.0,36549.0,Partial
R306505,L206505,2025-07-22,72125.0,69883.0,Partial
R306506,L206506,2026-10-06,11729.0,10305.0,Partial
R306507,L206507,2024-04-16,29500.0,21368.0,Partial
R306508,L206508,2025-01-19,8375.0,5606.0,Partial
R306509,L206509,2027-01-12,1188.0,791.0,Partial
R306510,L206510,2024-10-17,5688.0,2738.0,Partial
R306511,L206511,2025-09-11,31167.0,28203.0,Partial
R306512,L206512,2025-09-07,119042.0,81753.0,Partial
R306513,L206513,2025-08-15,34458.0,26256.0,Partial
R306514,L206514,2027-02-16,17639.0,15091.0,Partial
R306515,L206515,2026-02-27,16056.0,14387.0,Partial
R306516,L206516,2023-09-28,6458.0,5938.0,Partial
R306517,L206517,2026-12-05,99250.0,89751.0,Partial
R306518,L206518,2025-01-22,15812.0,14195.0,Partial
R306519,L206519,2028-03-28,9350.0,6635.0,Partial
R306520,L206520,2026-03-15,72583.0,68500.0,Partial
R306521,L206521,2025-04-28,167500.0,125649.0,Partial
R306522,L206522,2024-07-17,40771.0,34713.0,Partial
R306523,L206523,2026-06-15,62845.0,40480.0,Partial
R306524,L206524,2023-09-10,34542.0,20954.0,Partial
R306525,L206525,2025-05-15,14250.0,9324.0,Partial
R306526,L206526,2026-07-17,63083.0,63360.0,Paid
R306527,L206527,2026-02-23,21976.0,13618.0,Partial
R306528,L206528,2026-07-05,78528.0,66067.0,Partial
R306529,L206529,2024-02-16,11778.0,9597.0,Partial
R306530,L206530,2026-02-18,52845.0,39984.0,Partial
R306531,L206531,2025-03-18,47500.0,35103.0,Partial
R306532,L206532,2027-02-28,4222.0,3483.0,Partial
R306533,L206533,2026-01-07,140111.0,85604.0,Partial
R306534,L206534,2027-08-22,12488.0,7929.0,Partial
R306535,L206535,2026-03-12,26792.0,16480.0,Partial
R306536,L206536,2026-09-04,1500.0,1413.0,Partial
R306537,L206537,2027-02-20,1861.0,1753.0,Partial
R306538,L206538,2027-10-19,15083.0,10746.0,Partial
R306539,L206539,2024-09-02,76625.0,49852.0,Partial
R306540,L206540,2026-07-02,87042.0,70372.0,Partial
R306541,L206541,2024-12-09,188833.0,153980.0,Partial
R306542,L206542,2028-06-24,28183.0,24080.0,Partial
R306543,L206543,2025-11-09,8233.0,6120.0,Partial
R306544,L206544,2028-03-17,9400.0,7570.0,Partial
R306545,L206545,2023-10-31,161083.0,115199.0,Partial
R306546,L206546,2024-09-12,275500.0,168760.0,Partial
R306547,L206547,2025-10-19,10938.0,7227.0,Partial
R306548,L206548,2027-02-06,37758.0,23149.0,Partial
R306549,L206549,2026-12-25,58611.0,36979.0,Partial
R306550,L206550,2028-04-20,3633.0,2420.0,Partial
R306551,L206551,2028-02-28,4131.0,2714.0,Partial
R306552,L206552,2025-10-21,5988.0,3975.0,Partial
R306553,L206553,2027-09-05,23425.0,20138.0,Partial
R306554,L206554,2027-04-21,14333.0,7308.0,Partial
R306555,L206555,2025-03-06,36967.0,34719.0,Partial
R306556,L206556,2026-12-22,5342.0,627.0,Partial
R306557,L206557,2027-01-08,1500.0,1355.0,Partial
R306558,L206558,2024-01-20,15958.0,13994.0,Partial
R306559,L206559,2025-10-26,4458.0,3239.0,Partial
R306560,L206560,2025-07-15,32857.0,28047.0,Partial
R306561,L206561,2024-10-09,19542.0,12111.0,Partial
R306562,L206562,2028-12-17,3183.0,2090.0,Partial
R306563,L206563,2027-06-25,14600.0,9457.0,Partial
R306564,L206564,2025-11-07,9875.0,6708.0,Partial
R306565,L206565,2029-04-18,16675.0,4856.0,Partial
R306566,L206566,2025-04-18,12361.0,9820.0,Partial
R306567,L206567,2027-04-10,7310.0,5537.0,Partial
R306568,L206568,2026-01-10,4604.0,3539.0,Partial
R306569,L206569,2027-08-30,13107.0,5658.0,Partial
R306570,L206570,2028-03-19,3742.0,2445.0,Partial
R306571,L206571,2026-01-22,44083.0,37147.0,Partial
R306572,L206572,2028-03-11,2464.0,1625.0,Partial
R306573,L206573,2027-03-25,44083.0,16492.0,Partial
R306574,L206574,2025-06-11,21042.0,13982.0,Partial
R306575,L206575,2025-11-19,9095.0,7086.0,Partial
R306576,L206576,2023-12-11,59667.0,32447.0,Partial
R306577,L206577,2027-11-21,15417.0,12819.0,Partial
R306578,L206578,2027-07-01,31517.0,24541.0,Partial
R306579,L206579,2025-02-08,9396.0,8994.0,Partial
R306580,L206580,2025-03-27,69208.0,42668.0,Partial
R306581,L206581,2024-01-19,30889.0,25720.0,Partial
R306582,L206582,2028-03-10,11833.0,7752.0,Partial
R306583,L206583,2028-08-03,11683.0,8185.0,Partial
R306584,L206584,2024-10-31,32958.0,29764.0,Partial
R306585,L206585,2028-05-05,18845.0,16424.0,Partial
R306586,L206586,2027-06-23,24450.0,19901.0,Partial
R306587,L206587,2027-10-16,6017.0,6178.0,Paid
R306588,L206588,2029-05-15,3425.0,2755.0,Partial
R306589,L206589,2023-08-08,57667.0,26846.0,Partial
R306590,L206590,2026-10-09,47905.0,37103.0,Partial
R306591,L206591,2025-01-20,17625.0,11267.0,Partial
R306592,L206592,2024-05-19,20938.0,19696.0,Partial
R306593,L206593,2027-05-22,30542.0,28846.0,Partial
R306594,L206594,2024-05-27,14854.0,11383.0,Partial
R306595,L206595,2027-08-02,33964.0,34107.0,Paid
R306596,L206596,2027-04-12,5025.0,4727.0,Partial
R306597,L206597,2025-08-14,36583.0,25838.0,Partial
R306598,L206598,2027-11-26,3958.0,3056.0,Partial
R306599,L206599,2024-09-16,153556.0,103859.0,Partial
R306600,L206600,2025-09-26,4229.0,3878.0,Partial
R306601,L206601,2026-08-22,44625.0,38826.0,Partial
R306602,L206602,2025-11-08,73278.0,55415.0,Partial
R306603,L206603,2024-09-21,65194.0,17057.0,Partial
R306604,L206604,2026-02-22,4571.0,3782.0,Partial
R306605,L206605,2025-08-13,323333.0,202085.0,Partial
R306606,L206606,2024-05-06,59292.0,58340.0,Partial
R306607,L206607,2026-04-09,7250.0,5245.0,Partial
R306608,L206608,2027-03-09,21861.0,15371.0,Partial
R306609,L206609,2026-07-14,35817.0,30833.0,Partial
R306610,L206610,2024-04-01,38583.0,35162.0,Partial
R306611,L206611,2026-03-09,16889.0,12818.0,Partial
R306612,L206612,2028-05-29,8333.0,6757.0,Partial
R306613,L206613,2025-10-15,146875.0,141341.0,Partial
R306614,L206614,2025-03-16,91083.0,58107.0,Partial
R306615,L206615,2025-09-03,13375.0,10524.0,Partial
R306616,L206616,2024-07-17,11500.0,8621.0,Partial
R306617,L206617,2024-09-20,8633.0,6076.0,Partial
R306618,L206618,2028-03-29,14333.0,11952.0,Partial
R306619,L206619,2027-11-09,3400.0,2167.0,Partial
R306620,L206620,2027-03-23,80667.0,7472.0,Partial
R306621,L206621,2024-11-23,35333.0,32519.0,Partial
R306622,L206622,2028-01-22,3821.0,777.0,Partial
R306623,L206623,2028-06-13,1342.0,1333.0,Partial
R306624,L206624,2024-04-29,465500.0,383602.0,Partial
R306625,L206625,2029-02-13,24850.0,22953.0,Partial
R306626,L206626,2023-08-23,18333.0,12258.0,Partial
R306627,L206627,2026-12-06,14467.0,10370.0,Partial
R306628,L206628,2025-03-03,236167.0,206373.0,Partial
R306629,L206629,2027-09-04,2917.0,2023.0,Partial
R306630,L206630,2025-08-16,10036.0,9136.0,Partial
R306631,L206631,2025-12-18,3821.0,3591.0,Partial
R306632,L206632,2025-08-15,7900.0,7029.0,Partial
R306633,L206633,2026-03-04,37708.0,33990.0,Partial
R306634,L206634,2028-04-25,7905.0,7228.0,Partial
R306635,L206635,2029-04-08,40575.0,32816.0,Partial
R306636,L206636,2025-10-21,22917.0,17158.0,Partial
R306637,L206637,2024-01-12,219917.0,145983.0,Partial
R306638,L206638,2026-03-26,20125.0,19941.0,Partial
R306639,L206639,2027-06-08,7300.0,6442.0,Partial
R306640,L206640,2026-02-02,14167.0,9594.0,Partial
R306641,L206641,2024-07-13,17750.0,12922.0,Partial
R306642,L206642,2023-11-18,69500.0,21191.0,Partial
R306643,L206643,2026-04-23,23917.0,15671.0,Partial
R306644,L206644,2024-10-22,76292.0,8564.0,Partial
R306645,L206645,2025-02-05,48611.0,45883.0,Partial
R306646,L206646,2028-10-19,825.0,740.0,Partial
R306647,L206647,2024-10-24,16792.0,10570.0,Partial
R306648,L206648,2026-01-20,13433.0,9951.0,Partial
R306649,L206649,2028-07-14,6117.0,5618.0,Partial
R306650,L206650,2025-12-15,48354.0,30841.0,Partial
R306651,L206651,2026-03-18,142417.0,85868.0,Partial
R306652,L206652,2024-03-30,12000.0,10009.0,Partial
R306653,L206653,2025-07-15,16542.0,14169.0,Partial
R306654,L206654,2025-07-03,19562.0,16271.0,Partial
R306655,L206655,2025-03-02,233250.0,201807.0,Partial
R306656,L206656,2024-09-30,89521.0,69809.0,Partial
R306657,L206657,2027-07-23,68131.0,47378.0,Partial
R306658,L206658,2024-12-26,66875.0,46955.0,Partial
R306659,L206659,2027-12-16,3155.0,2204.0,Partial
R306660,L206660,2027-03-27,12521.0,9252.0,Partial
R306661,L206661,2027-05-28,3475.0,2358.0,Partial
R306662,L206662,2028-08-22,6533.0,4674.0,Partial
R306663,L206663,2026-06-09,6933.0,1403.0,Partial
R306664,L206664,2026-06-16,25167.0,21300.0,Partial
R306665,L206665,2028-05-05,61750.0,42434.0,Partial
R306666,L206666,2026-11-10,25583.0,23657.0,Partial
R306667,L206667,2027-02-20,3092.0,2909.0,Partial
R306668,L206668,2025-08-05,98083.0,88354.0,Partial
R306669,L206669,2024-12-12,9500.0,7444.0,Partial
R306670,L206670,2024-12-26,6083.0,4713.0,Partial
R306671,L206671,2025-11-01,25183.0,17898.0,Partial
R306672,L206672,2024-12-12,156417.0,124986.0,Partial
R306673,L206673,2029-01-07,43942.0,31032.0,Partial
R306674,L206674,2024-01-18,16194.0,12681.0,Partial
R306675,L206675,2025-04-11,177875.0,176992.0,Partial
R306676,L206676,2026-09-02,7778.0,7062.0,Partial
R306677,L206677,2024-09-28,37472.0,19658.0,Partial
R306678,L206678,2027-12-09,27976.0,2686.0,Partial
R306679,L206679,2024-03-28,14861.0,13838.0,Partial
R306680,L206680,2027-12-15,49175.0,41022.0,Partial
R306681,L206681,2026-11-24,26417.0,22379.0,Partial
R306682,L206682,2025-07-22,18688.0,17510.0,Partial
R306683,L206683,2027-05-28,7774.0,6173.0,Partial
R306684,L206684,2025-11-13,15762.0,10087.0,Partial
R306685,L206685,2026-09-08,12179.0,8847.0,Partial
R306686,L206686,2024-03-26,76083.0,48742.0,Partial
R306687,L206687,2026-08-31,1000.0,813.0,Partial
R306688,L206688,2024-09-21,41208.0,27904.0,Partial
R306689,L206689,2028-07-10,35357.0,30165.0,Partial
R306690,L206690,2026-09-26,24000.0,22912.0,Partial
R306691,L206691,2024-07-04,5792.0,3840.0,Partial
R306692,L206692,2024-03-18,21417.0,14979.0,Partial
R306693,L206693,2027-07-24,60952.0,48626.0,Partial
R306694,L206694,2028-06-01,26952.0,20657.0,Partial
R306695,L206695,2024-12-28,194500.0,183370.0,Partial
R306696,L206696,2026-05-19,3567.0,2160.0,Partial
R306697,L206697,2028-04-05,14400.0,13498.0,Partial
R306698,L206698,2025-02-08,100083.0,65777.0,Partial
R306699,L206699,2027-09-30,4405.0,2947.0,Partial
R306700,L206700,2025-09-14,5571.0,282.0,Partial
R306701,L206701,2023-07-11,319083.0,244786.0,Partial
R306702,L206702,2023-07-25,368667.0,307706.0,Partial
R306703,L206703,2024-09-19,8194.0,5407.0,Partial
R306704,L206704,2025-06-12,12083.0,8386.0,Partial
R306705,L206705,2024-11-06,73833.0,65082.0,Partial
R306706,L206706,2025-08-16,10958.0,3635.0,Partial
R306707,L206707,2025-05-12,24000.0,15670.0,Partial
R306708,L206708,2026-01-25,3117.0,1911.0,Partial
R306709,L206709,2024-02-21,76208.0,67884.0,Partial
R306710,L206710,2024-08-07,31167.0,19423.0,Partial
R306711,L206711,2026-10-07,22850.0,14406.0,Partial
R306712,L206712,2026-04-30,2150.0,1762.0,Partial
R306713,L206713,2028-10-25,44275.0,36243.0,Partial
R306714,L206714,2024-03-16,68417.0,63738.0,Partial
R306715,L206715,2027-06-22,7083.0,7067.0,Partial
R306716,L206716,2028-08-19,1942.0,1603.0,Partial
R306717,L206717,2029-04-04,700.0,427.0,Partial
R306718,L206718,2025-04-27,34917.0,18073.0,Partial
R306719,L206719,2024-09-03,139000.0,112009.0,Partial
R306720,L206720,2026-10-21,7267.0,5612.0,Partial
R306721,L206721,2023-11-24,10458.0,6791.0,Partial
R306722,L206722,2025-12-08,58917.0,38782.0,Partial
R306723,L206723,2025-10-10,123500.0,36008.0,Partial
R306724,L206724,2023-10-26,14917.0,11871.0,Partial
R306725,L206725,2024-04-19,15639.0,10126.0,Partial
R306726,L206726,2026-04-09,97042.0,65248.0,Partial
R306727,L206727,2023-07-11,51750.0,48491.0,Partial
R306728,L206728,2025-09-02,49944.0,32571.0,Partial
R306729,L206729,2025-01-19,23361.0,18607.0,Partial
R306730,L206730,2027-08-28,20607.0,19748.0,Partial
R306731,L206731,2023-11-06,24792.0,14895.0,Partial
R306732,L206732,2026-07-23,5817.0,4752.0,Partial
R306733,L206733,2023-10-15,29083.0,12891.0,Partial
R306734,L206734,2026-06-03,5944.0,3910.0,Partial
R306735,L206735,2028-08-16,2508.0,1791.0,Partial
R306736,L206736,2026-01-10,48042.0,19394.0,Partial
R306737,L206737,2027-03-11,31667.0,20234.0,Partial
R306738,L206738,2024-03-26,14792.0,9466.0,Partial
R306739,L206739,2024-01-28,194667.0,173075.0,Partial
R306740,L206740,2026-09-27,36233.0,32894.0,Partial
R306741,L206741,2025-09-17,8357.0,5605.0,Partial
R306742,L206742,2025-10-15,15333.0,12804.0,Partial
R306743,L206743,2025-10-25,4104.0,3375.0,Partial
R306744,L206744,2025-09-06,34500.0,30853.0,Partial
R306745,L206745,2025-02-15,22700.0,17104.0,Partial
R306746,L206746,2025-10-14,32292.0,25300.0,Partial
R306747,L206747,2026-09-19,71833.0,49797.0,Partial
R306748,L206748,2024-01-06,22222.0,19407.0,Partial
R306749,L206749,2028-05-12,12464.0,11747.0,Partial
R306750,L206750,2024-04-05,43292.0,30958.0,Partial
R306751,L206751,2026-08-26,14250.0,6220.0,Partial
R306752,L206752,2027-10-02,11440.0,8648.0,Partial
R306753,L206753,2026-08-01,16125.0,9713.0,Partial
R306754,L206754,2024-04-23,201208.0,170922.0,Partial
R306755,L206755,2025-11-02,66833.0,54558.0,Partial
R306756,L206756,2026-07-20,2792.0,1940.0,Partial
R306757,L206757,2025-06-16,1639.0,1424.0,Partial
R306758,L206758,2025-03-21,2233.0,2186.0,Partial
R306759,L206759,2024-03-21,39556.0,30367.0,Partial
R306760,L206760,2026-09-20,24000.0,18539.0,Partial
R306761,L206761,2028-10-08,925.0,758.0,Partial
R306762,L206762,2024-06-19,27250.0,25300.0,Partial
R306763,L206763,2024-09-09,214250.0,135149.0,Partial
R306764,L206764,2025-05-26,29250.0,26146.0,Partial
R306765,L206765,2025-08-26,26792.0,18985.0,Partial
R306766,L206766,2026-03-18,18562.0,14763.0,Partial
R306767,L206767,2024-08-29,118625.0,88796.0,Partial
R306768,L206768,2026-07-11,4857.0,2915.0,Partial
R306769,L206769,2027-11-23,13717.0,9962.0,Partial
R306770,L206770,2024-04-17,121667.0,113224.0,Partial
R306771,L206771,2025-08-23,4771.0,3257.0,Partial
R306772,L206772,2024-10-30,22556.0,19316.0,Partial
R306773,L206773,2025-02-11,51083.0,12125.0,Partial
R306774,L206774,2026-10-21,3425.0,2336.0,Partial
R306775,L206775,2023-12-25,166583.0,129033.0,Partial
R306776,L206776,2026-12-22,21500.0,16568.0,Partial
R306777,L206777,2026-11-05,15583.0,14804.0,Partial
R306778,L206778,2026-02-02,36250.0,13464.0,Partial
R306779,L206779,2027-09-10,8050.0,6458.0,Partial
R306780,L206780,2026-05-12,26875.0,26136.0,Partial
R306781,L206781,2025-09-21,5131.0,4845.0,Partial
R306782,L206782,2027-12-20,5524.0,4122.0,Partial
R306783,L206783,2027-04-19,49833.0,42524.0,Partial
R306784,L206784,2024-04-27,17229.0,13444.0,Partial
R306785,L206785,2027-07-13,2067.0,1963.0,Partial
R306786,L206786,2027-10-05,55167.0,37775.0,Partial
R306787,L206787,2027-07-31,61958.0,54729.0,Partial
R306788,L206788,2026-03-24,3800.0,2903.0,Partial
R306789,L206789,2026-06-04,24056.0,12009.0,Partial
R306790,L206790,2026-03-15,34625.0,31042.0,Partial
R306791,L206791,2025-07-08,144417.0,94794.0,Partial
R306792,L206792,2026-10-23,10792.0,8839.0,Partial
R306793,L206793,2024-06-15,71889.0,44812.0,Partial
R306794,L206794,2024-07-03,22250.0,14404.0,Partial
R306795,L206795,2026-08-08,12717.0,8137.0,Partial
R306796,L206796,2025-04-25,92917.0,79024.0,Partial
R306797,L206797,2024-01-25,11278.0,1621.0,Partial
R306798,L206798,2025-08-23,56700.0,53738.0,Partial
R306799,L206799,2026-02-01,147625.0,91618.0,Partial
R306800,L206800,2028-03-27,28750.0,17323.0,Partial
R306801,L206801,2025-05-16,85083.0,75340.0,Partial
R306802,L206802,2025-06-23,12333.0,9625.0,Partial
R306803,L206803,2025-05-21,19917.0,17094.0,Partial
R306804,L206804,2027-06-10,30758.0,27223.0,Partial
R306805,L206805,2026-08-16,14396.0,12500.0,Partial
R306806,L206806,2029-03-15,14225.0,12243.0,Partial
R306807,L206807,2027-09-01,15908.0,14876.0,Partial
R306808,L206808,2026-08-14,21333.0,17402.0,Partial
R306809,L206809,2027-05-05,4033.0,3120.0,Partial
R306810,L206810,2026-12-03,6798.0,6399.0,Partial
R306811,L206811,2028-04-11,2083.0,1359.0,Partial
R306812,L206812,2026-03-23,45688.0,10598.0,Partial
R306813,L206813,2026-04-15,103292.0,77981.0,Partial
R306814,L206814,2025-11-20,6056.0,4015.0,Partial
R306815,L206815,2024-12-25,71417.0,59842.0,Partial
R306816,L206816,2023-09-22,53000.0,32656.0,Partial
R306817,L206817,2027-05-23,14604.0,11728.0,Partial
R306818,L206818,2026-06-01,4242.0,3469.0,Partial
R306819,L206819,2027-05-14,31525.0,14001.0,Partial
R306820,L206820,2025-01-09,3792.0,2524.0,Partial
R306821,L206821,2026-11-29,8306.0,6026.0,Partial
R306822,L206822,2025-02-23,62542.0,40814.0,Partial
R306823,L206823,2025-09-02,64083.0,45785.0,Partial
R306824,L206824,2026-06-05,479417.0,452922.0,Partial
R306825,L206825,2024-07-11,71000.0,55904.0,Partial
R306826,L206826,2026-02-20,30542.0,20472.0,Partial
R306827,L206827,2025-05-28,4155.0,2557.0,Partial
R306828,L206828,2027-04-08,798.0,595.0,Partial
R306829,L206829,2027-09-11,11238.0,10039.0,Partial
R306830,L206830,2026-12-23,15808.0,10559.0,Partial
R306831,L206831,2025-10-28,99667.0,68796.0,Partial
R306832,L206832,2026-08-14,86458.0,65804.0,Partial
R306833,L206833,2024-06-28,2646.0,1611.0,Partial
R306834,L206834,2025-12-08,4071.0,3357.0,Partial
R306835,L206835,2023-10-21,143250.0,116291.0,Partial
R306836,L206836,2027-10-03,4800.0,3660.0,Partial
R306837,L206837,2024-08-12,78417.0,51378.0,Partial
R306838,L206838,2027-02-04,30917.0,22825.0,Partial
R306839,L206839,2025-11-21,9567.0,8889.0,Partial
R306840,L206840,2027-03-14,24222.0,15306.0,Partial
R306841,L206841,2027-02-23,10560.0,8320.0,Partial
R306842,L206842,2024-11-30,12583.0,10248.0,Partial
R306843,L206843,2027-12-16,5833.0,4397.0,Partial
R306844,L206844,2024-02-09,9500.0,7329.0,Partial
R306845,L206845,2024-04-24,10292.0,9130.0,Partial
R306846,L206846,2026-09-16,79617.0,59205.0,Partial
R306847,L206847,2028-10-04,4983.0,3081.0,Partial
R306848,L206848,2024-09-19,6417.0,5604.0,Partial
R306849,L206849,2027-06-14,10050.0,6213.0,Partial
R306850,L206850,2027-07-25,4375.0,3389.0,Partial
R306851,L206851,2026-07-13,6155.0,4995.0,Partial
R306852,L206852,2027-02-16,9714.0,5891.0,Partial
R306853,L206853,2025-08-10,7396.0,4795.0,Partial
R306854,L206854,2026-04-02,2583.0,1775.0,Partial
R306855,L206855,2027-08-10,5750.0,5459.0,Partial
R306856,L206856,2025-05-28,21688.0,14191.0,Partial
R306857,L206857,2025-08-03,16528.0,15096.0,Partial
R306858,L206858,2025-02-01,36139.0,17362.0,Partial
R306859,L206859,2025-04-08,206500.0,48737.0,Partial
R306860,L206860,2028-04-16,7017.0,3655.0,Partial
R306861,L206861,2025-02-20,22833.0,16065.0,Partial
R306862,L206862,2024-07-19,81271.0,65505.0,Partial
R306863,L206863,2027-05-11,94812.0,84962.0,Partial
R306864,L206864,2028-08-01,46283.0,42404.0,Partial
R306865,L206865,2026-09-07,25812.0,20265.0,Partial
R306866,L206866,2027-12-04,5345.0,4555.0,Partial
R306867,L206867,2024-05-26,18021.0,16384.0,Partial
R306868,L206868,2028-03-10,3345.0,2756.0,Partial
R306869,L206869,2024-04-08,14972.0,11624.0,Partial
R306870,L206870,2027-02-13,19983.0,13522.0,Partial
R306871,L206871,2029-06-03,28250.0,24772.0,Partial
R306872,L206872,2026-04-23,4583.0,4333.0,Partial
R306873,L206873,2026-05-03,33917.0,31671.0,Partial
R306874,L206874,2026-11-09,29389.0,19695.0,Partial
R306875,L206875,2026-03-05,96625.0,84900.0,Partial
R306876,L206876,2024-12-10,309833.0,206729.0,Partial
R306877,L206877,2026-04-24,42958.0,38881.0,Partial
R306878,L206878,2026-11-25,10021.0,1244.0,Partial
R306879,L206879,2023-12-06,24708.0,22539.0,Partial
R306880,L206880,2025-07-05,9393.0,5638.0,Partial
R306881,L206881,2026-04-30,36694.0,25878.0,Partial
R306882,L206882,2025-08-28,170833.0,156047.0,Partial
R306883,L206883,2026-12-26,21833.0,15101.0,Partial
R306884,L206884,2024-08-03,11667.0,8237.0,Partial
R306885,L206885,2024-03-03,106250.0,72621.0,Partial
R306886,L206886,2023-10-01,17375.0,12447.0,Partial
R306887,L206887,2025-03-30,4375.0,3684.0,Partial
R306888,L206888,2025-12-18,7479.0,4039.0,Partial
R306889,L206889,2026-06-27,25345.0,21119.0,Partial
R306890,L206890,2024-01-19,41458.0,36171.0,Partial
R306891,L206891,2027-02-13,10702.0,3793.0,Partial
R306892,L206892,2025-09-17,4583.0,3842.0,Partial
R306893,L206893,2024-04-09,62833.0,46506.0,Partial
R306894,L206894,2027-03-10,2450.0,1686.0,Partial
R306895,L206895,2025-05-12,8833.0,7655.0,Partial
R306896,L206896,2026-02-14,7750.0,5776.0,Partial
R306897,L206897,2024-07-14,28833.0,24000.0,Partial
R306898,L206898,2026-01-25,18625.0,13439.0,Partial
R306899,L206899,2028-01-26,11717.0,10017.0,Partial
R306900,L206900,2026-03-26,24208.0,19261.0,Partial
R306901,L206901,2027-04-11,6350.0,2722.0,Partial
R306902,L206902,2025-03-27,27500.0,17293.0,Partial
R306903,L206903,2025-01-24,206500.0,173472.0,Partial
R306904,L206904,2029-07-10,3417.0,2690.0,Partial
R306905,L206905,2024-12-22,77633.0,64541.0,Partial
R306906,L206906,2024-04-27,48125.0,44405.0,Partial
R306907,L206907,2027-07-02,31458.0,6717.0,Partial
R306908,L206908,2024-04-06,30972.0,27096.0,Partial
R306909,L206909,2026-03-19,9952.0,3161.0,Partial
R306910,L206910,2025-05-12,3562.0,2912.0,Partial
R306911,L206911,2025-11-30,53000.0,40007.0,Partial
R306912,L206912,2027-02-24,20733.0,17262.0,Partial
R306913,L206913,2028-02-25,53667.0,39610.0,Partial
R306914,L206914,2025-08-13,9155.0,7255.0,Partial
R306915,L206915,2024-05-13,13625.0,6678.0,Partial
R306916,L206916,2025-07-09,56500.0,40613.0,Partial
R306917,L206917,2025-09-23,89583.0,70898.0,Partial
R306918,L206918,2026-03-11,13896.0,10224.0,Partial
R306919,L206919,2025-09-13,24972.0,19820.0,Partial
R306920,L206920,2028-12-09,7108.0,4498.0,Partial
R306921,L206921,2024-04-22,144792.0,112397.0,Partial
R306922,L206922,2026-02-09,117667.0,90459.0,Partial
R306923,L206923,2027-06-19,8048.0,6086.0,Partial
R306924,L206924,2025-02-05,5938.0,4760.0,Partial
R306925,L206925,2026-01-30,2050.0,1006.0,Partial
R306926,L206926,2024-07-22,9500.0,9003.0,Partial
R306927,L206927,2027-04-20,15725.0,7128.0,Partial
R306928,L206928,2025-07-29,23417.0,21846.0,Partial
R306929,L206929,2024-12-26,18528.0,17373.0,Partial
R306930,L206930,2026-06-25,69917.0,42593.0,Partial
R306931,L206931,2025-08-15,43310.0,38589.0,Partial
R306932,L206932,2024-03-18,32000.0,23090.0,Partial
R306933,L206933,2027-04-25,58375.0,43906.0,Partial
R306934,L206934,2026-09-09,2417.0,1658.0,Partial
R306935,L206935,2025-02-06,30500.0,28639.0,Partial
R306936,L206936,2026-01-30,21643.0,1859.0,Partial
R306937,L206937,2024-06-29,40542.0,36356.0,Partial
R306938,L206938,2026-11-17,46608.0,31850.0,Partial
R306939,L206939,2027-08-04,29000.0,21017.0,Partial
R306940,L206940,2027-05-25,20592.0,16149.0,Partial
R306941,L206941,2026-05-29,417750.0,372978.0,Partial
R306942,L206942,2028-11-23,7025.0,5920.0,Partial
R306943,L206943,2027-06-19,5250.0,4423.0,Partial
R306944,L206944,2026-10-03,101667.0,67400.0,Partial
R306945,L206945,2027-11-08,583.0,414.0,Partial
R306946,L206946,2025-07-23,77750.0,57570.0,Partial
R306947,L206947,2026-11-04,116396.0,21511.0,Partial
R306948,L206948,2026-08-30,12583.0,10980.0,Partial
R306949,L206949,2025-05-12,35583.0,33339.0,Partial
R306950,L206950,2027-08-15,11200.0,8993.0,Partial
R306951,L206951,2026-09-23,6125.0,3754.0,Partial
R306952,L206952,2025-05-02,51300.0,45573.0,Partial
R306953,L206953,2026-08-28,6542.0,6108.0,Partial
R306954,L206954,2028-01-26,55905.0,46980.0,Partial
R306955,L206955,2026-04-15,7000.0,4973.0,Partial
R306956,L206956,2023-07-04,148417.0,112477.0,Partial
R306957,L206957,2028-02-05,12048.0,1308.0,Partial
R306958,L206958,2029-03-31,6158.0,4334.0,Partial
R306959,L206959,2028-05-26,5608.0,4323.0,Partial
R306960,L206960,2026-11-27,37438.0,25065.0,Partial
R306961,L206961,2024-02-19,2417.0,1628.0,Partial
R306962,L206962,2027-01-08,15233.0,1986.0,Partial
R306963,L206963,2027-12-11,1917.0,1378.0,Partial
R306964,L206964,2027-03-03,34345.0,30023.0,Partial
R306965,L206965,2026-01-13,17104.0,14378.0,Partial
R306966,L206966,2025-12-28,51000.0,51197.0,Paid
R306967,L206967,2025-10-31,74417.0,45800.0,Partial
R306968,L206968,2023-06-03,17167.0,12795.0,Partial
R306969,L206969,2024-12-02,5542.0,4293.0,Partial
R306970,L206970,2028-03-24,3208.0,1971.0,Partial
R306971,L206971,2026-08-19,17750.0,14735.0,Partial
R306972,L206972,2024-07-07,155667.0,111277.0,Partial
R306973,L206973,2023-10-14,103667.0,80983.0,Partial
R306974,L206974,2025-06-06,67250.0,41887.0,Partial
R306975,L206975,2025-01-01,12444.0,10292.0,Partial
R306976,L206976,2028-07-02,21567.0,17095.0,Partial
R306977,L206977,2025-07-01,21500.0,19190.0,Partial
R306978,L206978,2024-09-09,14972.0,15287.0,Paid
R306979,L206979,2026-07-04,20194.0,14130.0,Partial
R306980,L206980,2025-10-22,23024.0,21029.0,Partial
R306981,L206981,2025-12-15,38800.0,25115.0,Partial
R306982,L206982,2028-03-19,2250.0,1485.0,Partial
R306983,L206983,2028-03-18,2452.0,1520.0,Partial
R306984,L206984,2026-09-30,131292.0,84610.0,Partial
R306985,L206985,2026-12-03,66683.0,62645.0,Partial
R306986,L206986,2025-07-05,135417.0,100856.0,Partial
R306987,L206987,2026-04-15,12667.0,12894.0,Paid
R306988,L206988,2024-12-01,14583.0,9914.0,Partial
R306989,L206989,2026-06-22,13633.0,8386.0,Partial
R306990,L206990,2026-09-24,48208.0,32567.0,Partial
R306991,L206991,2026-10-13,38550.0,28054.0,Partial
R306992,L206992,2026-05-07,140000.0,8325.0,Partial
R306993,L206993,2025-06-21,66125.0,42404.0,Partial
R306994,L206994,2028-09-10,42808.0,26195.0,Partial
R306995,L206995,2027-06-09,6350.0,2222.0,Partial
R306996,L206996,2027-09-21,6825.0,4698.0,Partial
R306997,L206997,2027-06-03,6179.0,1422.0,Partial
R306998,L206998,2025-12-05,11375.0,1029.0,Partial
R306999,L206999,2025-08-31,29278.0,21587.0,Partial
R307000,L207000,2024-11-08,51500.0,39742.0,Partial
R307001,L207001,2027-01-24,19083.0,12010.0,Partial
R307002,L207002,2026-09-02,26667.0,24939.0,Partial
R307003,L207003,2026-05-10,69083.0,51630.0,Partial
R307004,L207004,2026-03-27,9417.0,7089.0,Partial
R307005,L207005,2026-12-09,36250.0,22139.0,Partial
R307006,L207006,2025-12-20,68875.0,63613.0,Partial
R307007,L207007,2024-10-11,14083.0,11927.0,Partial
R307008,L207008,2026-07-13,231875.0,236112.0,Paid
R307009,L207009,2026-06-24,72267.0,58537.0,Partial
R307010,L207010,2025-06-21,62417.0,50643.0,Partial
R307011,L207011,2025-10-25,49917.0,38724.0,Partial
R307012,L207012,2025-02-26,5383.0,3974.0,Partial
R307013,L207013,2025-11-04,51500.0,36261.0,Partial
R307014,L207014,2024-09-21,4933.0,4133.0,Partial
R307015,L207015,2025-01-21,46958.0,39862.0,Partial
R307016,L207016,2028-06-30,14617.0,8872.0,Partial
R307017,L207017,2026-07-29,45417.0,39951.0,Partial
R307018,L207018,2024-01-25,12167.0,9820.0,Partial
R307019,L207019,2026-11-11,10639.0,9172.0,Partial
R307020,L207020,2024-02-11,16222.0,11898.0,Partial
R307021,L207021,2026-05-01,1642.0,1273.0,Partial
R307022,L207022,2025-02-10,19778.0,5250.0,Partial
R307023,L207023,2025-08-05,83483.0,72236.0,Partial
R307024,L207024,2025-03-29,39417.0,28160.0,Partial
R307025,L207025,2025-04-12,7433.0,5335.0,Partial
R307026,L207026,2027-02-10,6024.0,4997.0,Partial
R307027,L207027,2028-07-18,43893.0,35690.0,Partial
R307028,L207028,2024-07-14,24583.0,18477.0,Partial
R307029,L207029,2025-09-24,7688.0,6593.0,Partial
R307030,L207030,2026-08-17,20350.0,18311.0,Partial
R307031,L207031,2025-09-22,6479.0,4669.0,Partial
R307032,L207032,2025-08-30,12104.0,8420.0,Partial
R307033,L207033,2026-05-30,6875.0,5038.0,Partial
R307034,L207034,2025-07-22,41722.0,30137.0,Partial
R307035,L207035,2029-05-01,11375.0,9850.0,Partial
R307036,L207036,2026-03-15,13583.0,10359.0,Partial
R307037,L207037,2026-12-09,35917.0,2524.0,Partial
R307038,L207038,2026-07-18,15317.0,14659.0,Partial
R307039,L207039,2024-01-26,20875.0,13608.0,Partial
R307040,L207040,2025-01-23,6583.0,4634.0,Partial
R307041,L207041,2025-08-14,13433.0,10954.0,Partial
R307042,L207042,2025-03-19,2517.0,1832.0,Partial
R307043,L207043,2024-12-02,30479.0,22682.0,Partial
R307044,L207044,2026-11-20,2975.0,2413.0,Partial
R307045,L207045,2024-04-15,20139.0,16883.0,Partial
R307046,L207046,2025-12-28,12889.0,10128.0,Partial
R307047,L207047,2025-05-06,46861.0,42672.0,Partial
R307048,L207048,2026-07-07,9917.0,7045.0,Partial
R307049,L207049,2025-05-07,5667.0,2668.0,Partial
R307050,L207050,2027-04-17,11548.0,9117.0,Partial
R307051,L207051,2024-08-04,26444.0,17868.0,Partial
R307052,L207052,2026-09-10,36125.0,29003.0,Partial
R307053,L207053,2025-03-17,14200.0,9583.0,Partial
R307054,L207054,2026-04-08,86000.0,57169.0,Partial
R307055,L207055,2025-11-28,186917.0,114693.0,Partial
R307056,L207056,2023-12-25,44000.0,30468.0,Partial
R307057,L207057,2023-12-15,28458.0,26402.0,Partial
R307058,L207058,2025-06-02,154917.0,101134.0,Partial
R307059,L207059,2024-10-13,9817.0,7327.0,Partial
R307060,L207060,2025-09-11,17042.0,6260.0,Partial
R307061,L207061,2025-07-23,69500.0,48779.0,Partial
R307062,L207062,2026-10-07,5867.0,5144.0,Partial
R307063,L207063,2029-06-29,9175.0,6717.0,Partial
R307064,L207064,2024-09-26,5583.0,4249.0,Partial
R307065,L207065,2025-04-21,95833.0,82742.0,Partial
R307066,L207066,2028-05-31,8440.0,7843.0,Partial
R307067,L207067,2028-02-16,6298.0,4768.0,Partial
R307068,L207068,2025-07-05,79306.0,63651.0,Partial
R307069,L207069,2025-09-14,9979.0,7213.0,Partial
R307070,L207070,2026-11-28,48792.0,24467.0,Partial
R307071,L207071,2026-03-04,23688.0,15025.0,Partial
R307072,L207072,2025-07-26,150694.0,130713.0,Partial
R307073,L207073,2027-12-24,6988.0,6258.0,Partial
R307074,L207074,2027-03-25,28617.0,27837.0,Partial
R307075,L207075,2025-09-04,16833.0,14894.0,Partial
R307076,L207076,2026-08-07,2214.0,1553.0,Partial
R307077,L207077,2025-11-08,50917.0,47091.0,Partial
R307078,L207078,2023-05-01,67000.0,53069.0,Partial
R307079,L207079,2026-07-22,30556.0,25169.0,Partial
R307080,L207080,2027-12-05,4575.0,3892.0,Partial
R307081,L207081,2028-03-04,14964.0,8216.0,Partial
R307082,L207082,2026-06-11,29617.0,20523.0,Partial
R307083,L207083,2025-08-03,64708.0,44919.0,Partial
R307084,L207084,2025-01-08,5450.0,4386.0,Partial
R307085,L207085,2026-04-16,3708.0,2972.0,Partial
R307086,L207086,2026-07-02,15729.0,13697.0,Partial
R307087,L207087,2024-08-21,32250.0,30752.0,Partial
R307088,L207088,2026-02-18,26167.0,21930.0,Partial
R307089,L207089,2024-12-14,41583.0,25018.0,Partial
R307090,L207090,2027-03-03,14167.0,10125.0,Partial
R307091,L207091,2026-03-04,1517.0,960.0,Partial
R307092,L207092,2024-11-23,14792.0,13837.0,Partial
R307093,L207093,2024-02-13,6417.0,4182.0,Partial
R307094,L207094,2025-08-30,25229.0,15906.0,Partial
R307095,L207095,2026-05-09,14042.0,13889.0,Partial
R307096,L207096,2029-02-08,7467.0,4684.0,Partial
R307097,L207097,2027-11-09,4092.0,3761.0,Partial
R307098,L207098,2027-08-05,13042.0,11662.0,Partial
R307099,L207099,2025-06-02,2262.0,1439.0,Partial
R307100,L207100,2023-10-31,36083.0,37091.0,Paid
R307101,L207101,2023-07-13,248167.0,191829.0,Partial
R307102,L207102,2024-07-08,34854.0,22279.0,Partial
R307103,L207103,2025-04-25,13619.0,8458.0,Partial
R307104,L207104,2024-03-01,31056.0,4782.0,Partial
R307105,L207105,2026-04-11,63083.0,52071.0,Partial
R307106,L207106,2027-10-21,7200.0,5174.0,Partial
R307107,L207107,2026-11-18,16146.0,11483.0,Partial
R307108,L207108,2026-07-25,29806.0,21036.0,Partial
R307109,L207109,2025-12-05,30375.0,11856.0,Partial
R307110,L207110,2025-08-10,2167.0,1849.0,Partial
R307111,L207111,2024-01-22,59333.0,37230.0,Partial
R307112,L207112,2026-07-30,23146.0,14507.0,Partial
R307113,L207113,2026-06-19,23500.0,18079.0,Partial
R307114,L207114,2024-03-21,192417.0,140195.0,Partial
R307115,L207115,2028-05-15,6142.0,5014.0,Partial
R307116,L207116,2024-10-01,14083.0,9806.0,Partial
R307117,L207117,2024-04-23,223042.0,192075.0,Partial
R307118,L207118,2025-04-14,22583.0,18654.0,Partial
R307119,L207119,2026-02-18,64972.0,60705.0,Partial
R307120,L207120,2027-04-02,4238.0,1856.0,Partial
R307121,L207121,2026-02-16,2367.0,1441.0,Partial
R307122,L207122,2027-03-20,24133.0,14598.0,Partial
R307123,L207123,2027-12-05,1131.0,724.0,Partial
R307124,L207124,2025-05-16,4458.0,2886.0,Partial
R307125,L207125,2028-08-16,1725.0,1340.0,Partial
R307126,L207126,2024-10-26,28375.0,19081.0,Partial
R307127,L207127,2025-05-10,53833.0,45024.0,Partial
R307128,L207128,2026-09-17,38625.0,35297.0,Partial
R307129,L207129,2025-12-12,17967.0,13112.0,Partial
R307130,L207130,2028-02-23,4083.0,2617.0,Partial
R307131,L207131,2024-11-03,19267.0,12691.0,Partial
R307132,L207132,2025-05-23,175333.0,160954.0,Partial
R307133,L207133,2026-12-25,11250.0,9617.0,Partial
R307134,L207134,2027-06-25,43896.0,33368.0,Partial
R307135,L207135,2027-02-26,14142.0,11657.0,Partial
R307136,L207136,2028-03-13,633.0,511.0,Partial
R307137,L207137,2025-04-04,74333.0,52668.0,Partial
R307138,L207138,2025-08-19,10155.0,6492.0,Partial
R307139,L207139,2026-08-06,30833.0,21507.0,Partial
R307140,L207140,2024-12-05,175000.0,141979.0,Partial
R307141,L207141,2025-02-02,23167.0,18211.0,Partial
R307142,L207142,2027-08-01,59683.0,29437.0,Partial
R307143,L207143,2026-07-05,3633.0,2353.0,Partial
R307144,L207144,2025-07-04,16500.0,11497.0,Partial
R307145,L207145,2026-05-08,8683.0,6425.0,Partial
R307146,L207146,2027-02-12,7167.0,4495.0,Partial
R307147,L207147,2026-04-27,37042.0,17460.0,Partial
R307148,L207148,2025-09-24,21111.0,13588.0,Partial
R307149,L207149,2024-08-13,62917.0,40787.0,Partial
R307150,L207150,2027-04-24,4021.0,3319.0,Partial
R307151,L207151,2025-06-13,26600.0,21212.0,Partial
R307152,L207152,2027-02-28,12333.0,9675.0,Partial
R307153,L207153,2026-01-01,6833.0,5265.0,Partial
R307154,L207154,2028-12-27,5692.0,5024.0,Partial
R307155,L207155,2026-10-09,12167.0,7461.0,Partial
R307156,L207156,2026-11-30,97000.0,20165.0,Partial
R307157,L207157,2025-08-23,30333.0,24648.0,Partial
R307158,L207158,2025-08-20,10317.0,7611.0,Partial
R307159,L207159,2027-07-23,18700.0,12089.0,Partial
R307160,L207160,2025-09-20,66000.0,43035.0,Partial
R307161,L207161,2026-12-15,57900.0,12868.0,Partial
R307162,L207162,2024-10-29,117639.0,95539.0,Partial
R307163,L207163,2025-01-26,70833.0,67158.0,Partial
R307164,L207164,2028-02-08,30548.0,21544.0,Partial
R307165,L207165,2025-03-11,19083.0,17563.0,Partial
R307166,L207166,2025-04-03,191500.0,152732.0,Partial
R307167,L207167,2026-12-18,3075.0,1061.0,Partial
R307168,L207168,2023-11-28,66167.0,59468.0,Partial
R307169,L207169,2026-03-11,108792.0,56461.0,Partial
R307170,L207170,2025-05-15,16000.0,14741.0,Partial
R307171,L207171,2024-12-27,32958.0,21009.0,Partial
R307172,L207172,2024-11-29,15938.0,5309.0,Partial
R307173,L207173,2024-05-24,15250.0,5765.0,Partial
R307174,L207174,2025-06-28,14944.0,10167.0,Partial
R307175,L207175,2026-04-27,7690.0,5044.0,Partial
R307176,L207176,2024-11-24,63917.0,50815.0,Partial
R307177,L207177,2025-11-23,91062.0,62481.0,Partial
R307178,L207178,2028-06-21,8393.0,5187.0,Partial
R307179,L207179,2027-07-13,5208.0,3814.0,Partial
R307180,L207180,2026-08-08,7567.0,5305.0,Partial
R307181,L207181,2026-07-17,22417.0,15993.0,Partial
R307182,L207182,2028-07-21,2964.0,983.0,Partial
R307183,L207183,2026-06-22,5639.0,4948.0,Partial
R307184,L207184,2024-11-19,2042.0,1384.0,Partial
R307185,L207185,2025-05-21,43083.0,27472.0,Partial
R307186,L207186,2025-07-30,15042.0,10780.0,Partial
R307187,L207187,2023-10-22,41417.0,35621.0,Partial
R307188,L207188,2026-05-22,63250.0,52858.0,Partial
R307189,L207189,2025-12-02,44667.0,32713.0,Partial
R307190,L207190,2028-07-23,5258.0,5313.0,Paid
R307191,L207191,2027-03-31,44617.0,34418.0,Partial
R307192,L207192,2024-11-15,14517.0,12544.0,Partial
R307193,L207193,2026-05-04,20131.0,5166.0,Partial
R307194,L207194,2026-07-23,36208.0,32676.0,Partial
R307195,L207195,2026-12-14,20725.0,17200.0,Partial
R307196,L207196,2025-04-06,7217.0,5458.0,Partial
R307197,L207197,2026-01-04,18111.0,13636.0,Partial
R307198,L207198,2025-03-05,44125.0,37200.0,Partial
R307199,L207199,2026-09-19,125639.0,80239.0,Partial
R307200,L207200,2026-05-23,14472.0,9483.0,Partial
